"tech_id","study_id"
"10-100-ethernet","dct-why-aberdeen-follows-pc-deals-2002"
"100vg","aberdeen-1996-hp-networking-vision-workgroups"
"10base-t","aberdeen-1996-hp-networking-vision-workgroups"
"15-inch-lcd","dct-pitch-2002-11-08-christmas"
"16pf-instrument","psk-personality-profile-2000-8be0a6"
"300mm-wafer","topic-semiconductor-practice-definition-2002"
"32-bit-minicomputer","stratus-corporate-overview-1982-11-a7e367"
"32-bit-minicomputer","volume-1-ch10-the-long-view-1966-2026"
"3270-terminal-emulation","aberdeen-1995-digital-multia"
"32bit-fault-tolerant-server","ee-times-stratus-tandem-fault-tolerant-1-42f6c7"
"32nm-process","2010-intel-vpro-daily-globe-6f615e"
"3com-accessbuilder","aberdeen-1997-3com-accelerates-remote-access-market"
"3com-impact-isdn","aberdeen-1997-3com-accelerates-remote-access-market"
"3d-vr-interface","1997-ca-s-unicenter-tng-framework-pk-apr-50d15f"
"3g-cellular","dct-webinar-nov-2002"
"3g-wireless","2003-aberdeen-group-free-research-aberdeen-insights-1-968e18"
"3g-wireless","dct-webinar-announcement-2002-11"
"3gio-pci","intel-infiband-wp--edit-psk-5-22f-a2c551"
"3space-viewer","aberdeen-1996-digitals-personal-workstation-new-markets-channels"
"450mm-wafer","topic-semiconductor-practice-definition-2002"
"4gl","nti-2-open-systems-1dd3af"
"4gl","nti-5-development-toolsets-0e71c5"
"4gl","psk-misc-speech-agendas-5965a3"
"4gl","volume-1-appendix-career-timeline"
"5-year-tco","tandem-tr-85-2-debitcredit-1985-ca207a"
"5-year-tco","volume-1-ch09-expert-witness-technology-on-trial-1992-2015"
"56k-modem","1997-bay-networks--concentrating-on-remo-06bdd8"
"56k-modem","dct-why-aberdeen-follows-pc-deals-2002"
"64-bit-computing","amd-industry-analyst-visionaries-64bit-2-7a191f"
"64-bit-computing","usatoday-kessler-itanium-mckinley-kastne-77362b"
"64-bit-unix","aberdeen-1996-risc-unix-market"
"8-inch-semiconductor-fab","2003-sars-electronics-supply-chain-ec0375"
"802-11a","2002-802-11a-b-wireless-comes-of-age-6a071d"
"802-11a","dct-webinar-nov-2002"
"802-11b","2002-802-11a-b-wireless-comes-of-age-6a071d"
"90nm-process","power-macs-won-t-hit-3ghz-this-year-anal-73ad0f"
"90nm-process","year-in-macs-part-one-macworld-dalrymple-dd247c"
"96-column-card","management-skills-learned-1969-3e75d0"
"AMSOFTWARE-SCP","aberdeen-1996-advanced-planning-engines-white-paper"
"APET","aberdeen-1996-advanced-planning-engines-white-paper"
"APP-SERVER","aberdeen-1996-3com-reconciling-clientserver-development-internet"
"as400","aberdeen-1996-as400-year-2000-ibm-leading-users"
"cgi","aberdeen-1996-3com-reconciling-clientserver-development-internet"
"client-server","aberdeen-1996-3com-reconciling-clientserver-development-internet"
"CLIENT-SERVER-APET","aberdeen-1996-advanced-planning-engines-white-paper"
"CS6400","aberdeen-1995-rdbms-cray-research-inc"
"DATE-WINDOWING","aberdeen-1996-as400-year-2000-ibm-leading-users"
"DISTRIBUTED-CSS","aberdeen-1996-app-dun-bradstreet-software-smartstrtogether-better"
"edi","aberdeen-1996-3com-reconciling-clientserver-development-internet"
"ENSYNC","aberdeen-1996-advanced-planning-engines-white-paper"
"ERP-CSS","aberdeen-1996-app-dun-bradstreet-software-smartstrtogether-better"
"intranet","aberdeen-1996-3com-reconciling-clientserver-development-internet"
"JAVA","aberdeen-1996-3com-reconciling-clientserver-development-internet"
"MANU-SUITE","aberdeen-1996-advanced-planning-engines-white-paper"
"MILLENNIUM-SERIES","aberdeen-1996-app-dun-bradstreet-software-smartstrtogether-better"
"mrp","aberdeen-1996-advanced-planning-engines-white-paper"
"MS-SQL-65","aberdeen-1996-app-dun-bradstreet-software-smartstrtogether-better"
"NUMETRIX-SOL","aberdeen-1996-advanced-planning-engines-white-paper"
"object-oriented","aberdeen-1996-advanced-planning-engines-white-paper"
"oltp","aberdeen-1996-3com-reconciling-clientserver-development-internet"
"OS400V3","aberdeen-1996-as400-year-2000-ibm-leading-users"
"powerbuilder","aberdeen-1996-app-dun-bradstreet-software-smartstrtogether-better"
"RESPONSEAGENT","aberdeen-1996-advanced-planning-engines-white-paper"
"RHYTHM-I2","aberdeen-1996-advanced-planning-engines-white-paper"
"SMARTSTREAM-DE","aberdeen-1996-app-dun-bradstreet-software-smartstrtogether-better"
"smp","aberdeen-1995-rdbms-cray-research-inc"
"SOLARIS-CX","aberdeen-1995-rdbms-cray-research-inc"
"supply-chain-mgmt","aberdeen-1996-advanced-planning-engines-white-paper"
"SYBASE-REPSERVER","aberdeen-1996-app-dun-bradstreet-software-smartstrtogether-better"
"SYBASE-SQL11","aberdeen-1996-app-dun-bradstreet-software-smartstrtogether-better"
"system3x","aberdeen-1996-as400-year-2000-ibm-leading-users"
"T3D","aberdeen-1995-rdbms-cray-research-inc"
"tech-015","1998-pc-impact-and-metadata-e2a169"
"tech-016","1998-pc-impact-and-metadata-e2a169"
"TECH-ATM-001","1997-nortel--transforming-business-by-po-3edae6"
"TECH-BO-001","1997-dev-expanding-universes-for-busines-c42c71"
"TECH-BO-002","1997-dev-expanding-universes-for-busines-c42c71"
"TECH-BO-003","1997-dev-expanding-universes-for-busines-c42c71"
"TECH-BO-004","1997-dev-expanding-universes-for-busines-c42c71"
"TECH-BO-005","1997-dev-expanding-universes-for-busines-c42c71"
"TECH-BO-007","1997-dev-expanding-universes-for-busines-c42c71"
"TECH-BO-008","1997-dev-expanding-universes-for-busines-c42c71"
"TECH-CADE","aberdeen-1995-progress-software-profile"
"TECH-CTI-001","1997-nortel--transforming-business-by-po-3edae6"
"TECH-DAS-001","1997-network-storage--obtaining-the-payo-3bdc3d"
"TECH-DATABLADE","aberdeen-1995-universal-servers-rdbms-technology-next-decade"
"TECH-DBLIB-001","1997-migrating-from-sybase-sql-server-4.-d7b1d0"
"TECH-DOT-001","1997-distributed-object-technology--dead-3cf2d1"
"TECH-DOT-002","1997-distributed-object-technology--dead-3cf2d1"
"TECH-DOT-003","1997-distributed-object-technology--dead-3cf2d1"
"TECH-DOT-005","1997-distributed-object-technology--dead-3cf2d1"
"TECH-DR-001","1997-datareach--finding-business-value-i-34f0a6"
"TECH-DR-002","1997-datareach--finding-business-value-i-34f0a6"
"TECH-DR-003","1997-datareach--finding-business-value-i-34f0a6"
"TECH-DYF-001","1997-dynaflo-systems----e-mail-for-the-b-854582"
"TECH-DYF-003","1997-dynaflo-systems----e-mail-for-the-b-854582"
"TECH-DYS-001","1997-dynasoft's-boks-family--a-pragmatic-e6df7d"
"TECH-DYS-002","1997-dynasoft's-boks-family--a-pragmatic-e6df7d"
"TECH-DYS-003","1997-dynasoft's-boks-family--a-pragmatic-e6df7d"
"TECH-DYS-004","1997-dynasoft's-boks-family--a-pragmatic-e6df7d"
"TECH-DYS-007","1997-dynasoft's-boks-family--a-pragmatic-e6df7d"
"TECH-DYS-009","1997-dynasoft's-boks-family--a-pragmatic-e6df7d"
"TECH-DYS-011","1997-dynasoft's-boks-family--a-pragmatic-e6df7d"
"TECH-DYS-012","1997-dynasoft's-boks-family--a-pragmatic-e6df7d"
"TECH-EC-001","1997-electronic-commerce-to-internet-com-b26a35"
"TECH-EC-002","1997-electronic-commerce-to-internet-com-b26a35"
"TECH-EC-003","1997-electronic-commerce-to-internet-com-b26a35"
"TECH-EC-004","1997-electronic-commerce-to-internet-com-b26a35"
"TECH-EC-005","1997-electronic-commerce-to-internet-com-b26a35"
"TECH-FULL-TEXT","aberdeen-1995-universal-servers-rdbms-technology-next-decade"
"TECH-GROUPWISE","aberdeen-1995-novell-predicament"
"TECH-HA-CLUSTER","aberdeen-1995-sun-microsystems-computer-company"
"TECH-HP-001","1997-desktop-and-systems-management-the--169a9b"
"TECH-HP-002","1997-desktop-and-systems-management-the--169a9b"
"TECH-HP-003","1997-desktop-and-systems-management-the--169a9b"
"TECH-HP-004","1997-desktop-and-systems-management-the--169a9b"
"TECH-HP-005","1997-desktop-and-systems-management-the--169a9b"
"TECH-HP-006","1997-desktop-and-systems-management-the--169a9b"
"TECH-HP-007","1997-desktop-and-systems-management-the--169a9b"
"TECH-HP-010","1997-desktop-and-systems-management-the--169a9b"
"TECH-I2O-001","1997-intelligent-i-o-initiative--scaling-aae222"
"TECH-I2O-002","1997-intelligent-i-o-initiative--scaling-aae222"
"TECH-I2O-003","1997-intelligent-i-o-initiative--scaling-aae222"
"TECH-I2O-004","1997-intelligent-i-o-initiative--scaling-aae222"
"TECH-I2O-005","1997-intelligent-i-o-initiative--scaling-aae222"
"TECH-I2O-006","1997-intelligent-i-o-initiative--scaling-aae222"
"TECH-I2O-007","1997-intelligent-i-o-initiative--scaling-aae222"
"TECH-IMI-001","1997-object-technology-meets-demand-mana-551c84"
"TECH-IMI-002","1997-object-technology-meets-demand-mana-551c84"
"TECH-IMI-003","1997-object-technology-meets-demand-mana-551c84"
"TECH-IMI-004","1997-object-technology-meets-demand-mana-551c84"
"TECH-IMI-005","1997-object-technology-meets-demand-mana-551c84"
"TECH-IMI-006","1997-object-technology-meets-demand-mana-551c84"
"TECH-INF-OL-001","1997-migrating-from-sybase-sql-server-4.-d7b1d0"
"TECH-INF-US-001","1997-migrating-from-sybase-sql-server-4.-d7b1d0"
"TECH-INF-XPS-001","1997-migrating-from-sybase-sql-server-4.-d7b1d0"
"TECH-INS-001","1997-insession---accessing-and-leveragin-cb2e40"
"TECH-INS-002","1997-insession---accessing-and-leveragin-cb2e40"
"TECH-INS-003","1997-insession---accessing-and-leveragin-cb2e40"
"TECH-INS-004","1997-insession---accessing-and-leveragin-cb2e40"
"TECH-INS-005","1997-insession---accessing-and-leveragin-cb2e40"
"TECH-INTRANET","aberdeen-1995-universal-servers-rdbms-technology-next-decade"
"TECH-IRP-001","1997-infinite-resource-planning-wp-893815"
"TECH-IRP-002","1997-infinite-resource-planning-wp-893815"
"TECH-IRP-004","1997-infinite-resource-planning-wp-893815"
"TECH-IRP-005","1997-infinite-resource-planning-wp-893815"
"TECH-IRP-006","1997-infinite-resource-planning-wp-893815"
"TECH-IRP-007","1997-infinite-resource-planning-wp-893815"
"TECH-IRP-008","1997-infinite-resource-planning-wp-893815"
"TECH-IRP-009","1997-infinite-resource-planning-wp-893815"
"TECH-IRP-010","1997-infinite-resource-planning-wp-893815"
"TECH-KD1-001","1997-knowledge-discovery-one's-retail-di-f6b834"
"TECH-KD1-002","1997-knowledge-discovery-one's-retail-di-f6b834"
"TECH-KD1-003","1997-knowledge-discovery-one's-retail-di-f6b834"
"TECH-KD1-004","1997-knowledge-discovery-one's-retail-di-f6b834"
"TECH-KOD-001","1997-kodak-completes-wang-software-acqui-e78bb4"
"TECH-KOD-003","1997-kodak-completes-wang-software-acqui-e78bb4"
"TECH-KOD-004","1997-kodak-completes-wang-software-acqui-e78bb4"
"TECH-KOD-006","1997-kodak-completes-wang-software-acqui-e78bb4"
"TECH-KOD-007","1997-kodak-completes-wang-software-acqui-e78bb4"
"TECH-KOD-008","1997-kodak-completes-wang-software-acqui-e78bb4"
"TECH-LAP-001","1997-laplink-solutions-offer-telecommuti-292aa8"
"TECH-LAP-002","1997-laplink-solutions-offer-telecommuti-292aa8"
"TECH-LAP-003","1997-laplink-solutions-offer-telecommuti-292aa8"
"TECH-LAP-004","1997-laplink-solutions-offer-telecommuti-292aa8"
"TECH-LAP-005","1997-laplink-solutions-offer-telecommuti-292aa8"
"TECH-LAP-006","1997-laplink-solutions-offer-telecommuti-292aa8"
"TECH-LAP-007","1997-laplink-solutions-offer-telecommuti-292aa8"
"TECH-LDAP","aberdeen-1995-novell-predicament"
"TECH-LUC-001","1997-lucent-delivers-internet-telephony--888598"
"TECH-LUC-002","1997-lucent-delivers-internet-telephony--888598"
"TECH-LUC-003","1997-lucent-delivers-internet-telephony--888598"
"TECH-LUC-005","1997-lucent-delivers-internet-telephony--888598"
"TECH-LUC-006","1997-lucent-delivers-internet-telephony--888598"
"TECH-MAG-ATM","1997-nortel--transforming-business-by-po-3edae6"
"TECH-MANAGEWISE","aberdeen-1995-novell-predicament"
"TECH-MATE","aberdeen-1995-upgrading-isv-methodology-enterprise-application-development"
"TECH-MC-001","1997-informix-metacube-4.0--relational-o-23491d"
"TECH-MC-002","1997-informix-metacube-4.0--relational-o-23491d"
"TECH-MC-003","1997-informix-metacube-4.0--relational-o-23491d"
"TECH-MC-004","1997-informix-metacube-4.0--relational-o-23491d"
"TECH-MC-005","1997-informix-metacube-4.0--relational-o-23491d"
"TECH-MC-006","1997-informix-metacube-4.0--relational-o-23491d"
"TECH-MC-007","1997-informix-metacube-4.0--relational-o-23491d"
"TECH-NAS-001","1997-network-storage--obtaining-the-payo-3bdc3d"
"TECH-NDS","aberdeen-1995-novell-predicament"
"TECH-NETWARE","aberdeen-1995-novell-predicament"
"TECH-NOV-001","1997-novell-directory-to-the-network-str-048b05"
"TECH-NOV-002","1997-novell-directory-to-the-network-str-048b05"
"TECH-NOV-003","1997-novell-directory-to-the-network-str-048b05"
"TECH-NOV-005","1997-novell-directory-to-the-network-str-048b05"
"TECH-NOV-006","1997-novell-directory-to-the-network-str-048b05"
"TECH-NOV-009","1997-novell-directory-to-the-network-str-048b05"
"TECH-NOV-010","1997-novell-directory-to-the-network-str-048b05"
"TECH-NTSQL-001","1997-nt-case-41-56aa2e"
"TECH-O2-001","1997-object-databases-such-as-o2-odmg--t-c98c72"
"TECH-O2-002","1997-object-databases-such-as-o2-odmg--t-c98c72"
"TECH-O2-003","1997-object-databases-such-as-o2-odmg--t-c98c72"
"TECH-O2-004","1997-object-databases-such-as-o2-odmg--t-c98c72"
"TECH-OBJ-001","1997-objective-communications--vidmodem--f3351f"
"TECH-OBJ-002","1997-objective-communications--vidmodem--f3351f"
"TECH-OBJ-003","1997-objective-communications--vidmodem--f3351f"
"TECH-OBJ-004","1997-objective-communications--vidmodem--f3351f"
"TECH-OBJ-005","1997-objective-communications--vidmodem--f3351f"
"TECH-OBJ-006","1997-objective-communications--vidmodem--f3351f"
"TECH-OBJ-008","1997-objective-communications--vidmodem--f3351f"
"TECH-OLE-DIR","aberdeen-1995-novell-predicament"
"TECH-OODBMS","aberdeen-1995-universal-servers-rdbms-technology-next-decade"
"TECH-OOP-DEV","aberdeen-1995-upgrading-isv-methodology-enterprise-application-development"
"TECH-OS2-001","1997-nt-case-41-56aa2e"
"TECH-PROGRESS-4GL","aberdeen-1995-progress-software-profile"
"TECH-PS-001","1997-dw-competitive-advantage-through-pr-b307c7"
"TECH-PS-002","1997-dw-competitive-advantage-through-pr-b307c7"
"TECH-PS-003","1997-dw-competitive-advantage-through-pr-b307c7"
"TECH-PS-004","1997-dw-competitive-advantage-through-pr-b307c7"
"TECH-PS-005","1997-dw-competitive-advantage-through-pr-b307c7"
"TECH-PS-006","1997-dw-competitive-advantage-through-pr-b307c7"
"TECH-PS-007","1997-dw-competitive-advantage-through-pr-b307c7"
"TECH-PS-008","1997-dw-competitive-advantage-through-pr-b307c7"
"TECH-PS-009","1997-dw-competitive-advantage-through-pr-b307c7"
"TECH-PS-011","1997-dw-competitive-advantage-through-pr-b307c7"
"TECH-PS-012","1997-dw-competitive-advantage-through-pr-b307c7"
"TECH-PS-013","1997-dw-competitive-advantage-through-pr-b307c7"
"TECH-RAD","aberdeen-1995-progress-software-profile"
"tech-rdbms","aberdeen-1995-universal-servers-rdbms-technology-next-decade"
"TECH-RDBMS-COMM","aberdeen-1995-sun-microsystems-computer-company"
"TECH-ROLAP","aberdeen-1995-universal-servers-rdbms-technology-next-decade"
"TECH-ROW-001","1997-migrating-from-sybase-sql-server-4.-d7b1d0"
"TECH-S1-001","1997-dialogic-ct-media-sets-the-pace-for-440d5e"
"TECH-S1-001","1997-ibm-s-enterprise-communications-fam-14559a"
"TECH-S1-002","1997-dialogic-ct-media-sets-the-pace-for-440d5e"
"TECH-S1-002","1997-ibm-s-enterprise-communications-fam-14559a"
"TECH-S1-003","1997-dialogic-ct-media-sets-the-pace-for-440d5e"
"TECH-S1-003","1997-ibm-s-enterprise-communications-fam-14559a"
"TECH-S1-004","1997-ibm-s-enterprise-communications-fam-14559a"
"TECH-S1-005","1997-ibm-s-enterprise-communications-fam-14559a"
"TECH-S1-008","1997-dialogic-ct-media-sets-the-pace-for-440d5e"
"TECH-S1-009","1997-dialogic-ct-media-sets-the-pace-for-440d5e"
"TECH-S2-001","1997-digital-&-oracle-s-nci--partners-in-2d680c"
"TECH-S2-001","1997-ibm-s-solution-centric-global-healt-7a073f"
"TECH-S2-002","1997-digital-&-oracle-s-nci--partners-in-2d680c"
"TECH-S2-002","1997-ibm-s-solution-centric-global-healt-7a073f"
"TECH-S2-003","1997-ibm-s-solution-centric-global-healt-7a073f"
"TECH-S2-004","1997-digital-&-oracle-s-nci--partners-in-2d680c"
"TECH-S2-004","1997-ibm-s-solution-centric-global-healt-7a073f"
"TECH-S2-005","1997-digital-&-oracle-s-nci--partners-in-2d680c"
"TECH-S2-006","1997-digital-&-oracle-s-nci--partners-in-2d680c"
"TECH-S2-006","1997-ibm-s-solution-centric-global-healt-7a073f"
"TECH-S2-007","1997-ibm-s-solution-centric-global-healt-7a073f"
"TECH-S2-008","1997-ibm-s-solution-centric-global-healt-7a073f"
"TECH-S3-001","1997-digital-equipment-corporation-pr-c375a8"
"TECH-S3-001","1997-ibm’s-nt-strategy-strat-pr-b93817"
"TECH-S3-002","1997-digital-equipment-corporation-pr-c375a8"
"TECH-S3-003","1997-digital-equipment-corporation-pr-c375a8"
"TECH-S3-003","1997-ibm’s-nt-strategy-strat-pr-b93817"
"TECH-S3-004","1997-digital-equipment-corporation-pr-c375a8"
"TECH-S3-005","1997-digital-equipment-corporation-pr-c375a8"
"TECH-S3-006","1997-digital-equipment-corporation-pr-c375a8"
"TECH-S3-006","1997-ibm’s-nt-strategy-strat-pr-b93817"
"TECH-S3-007","1997-ibm’s-nt-strategy-strat-pr-b93817"
"TECH-S3-011","1997-ibm’s-nt-strategy-strat-pr-b93817"
"TECH-S4-001","1997-digital-ramps-up-for-the-leadership-fb5854"
"TECH-S4-001","1997-ibm’s-network-computing-solution----e74e8a"
"TECH-S4-002","1997-digital-ramps-up-for-the-leadership-fb5854"
"TECH-S4-002","1997-ibm’s-network-computing-solution----e74e8a"
"TECH-S4-003","1997-digital-ramps-up-for-the-leadership-fb5854"
"TECH-S4-003","1997-ibm’s-network-computing-solution----e74e8a"
"TECH-S4-004","1997-digital-ramps-up-for-the-leadership-fb5854"
"TECH-S4-004","1997-ibm’s-network-computing-solution----e74e8a"
"TECH-S4-005","1997-digital-ramps-up-for-the-leadership-fb5854"
"TECH-S4-005","1997-ibm’s-network-computing-solution----e74e8a"
"TECH-S4-007","1997-ibm’s-network-computing-solution----e74e8a"
"TECH-S4-008","1997-ibm’s-network-computing-solution----e74e8a"
"TECH-S4-009","1997-ibm’s-network-computing-solution----e74e8a"
"TECH-S4-011","1997-digital-ramps-up-for-the-leadership-fb5854"
"TECH-S4-012","1997-digital-ramps-up-for-the-leadership-fb5854"
"TECH-S5-001","1997-digital-s-terabyte-hour-nonstop-vld-ce92ca"
"TECH-S5-001","1997-industry-matematik-international-co-c398bc"
"TECH-S5-002","1997-digital-s-terabyte-hour-nonstop-vld-ce92ca"
"TECH-S5-004","1997-digital-s-terabyte-hour-nonstop-vld-ce92ca"
"TECH-S5-004","1997-industry-matematik-international-co-c398bc"
"TECH-S5-006","1997-industry-matematik-international-co-c398bc"
"TECH-S5-008","1997-industry-matematik-international-co-c398bc"
"TECH-S5-009","1997-industry-matematik-international-co-c398bc"
"TECH-SB-001","1997-crm-siebel-systems-pr-569e52"
"TECH-SB-002","1997-crm-siebel-systems-pr-569e52"
"TECH-SB-004","1997-crm-siebel-systems-pr-569e52"
"TECH-SB-005","1997-crm-siebel-systems-pr-569e52"
"TECH-SB-006","1997-crm-siebel-systems-pr-569e52"
"TECH-SB-007","1997-crm-siebel-systems-pr-569e52"
"TECH-SB-008","1997-crm-siebel-systems-pr-569e52"
"TECH-SB-009","1997-crm-siebel-systems-pr-569e52"
"TECH-SB-010","1997-crm-siebel-systems-pr-569e52"
"TECH-SCRUM","aberdeen-1995-upgrading-isv-methodology-enterprise-application-development"
"TECH-SGI-001","1997-informix-and-silicon-graphics-reach-98e6ea"
"TECH-SGI-002","1997-informix-and-silicon-graphics-reach-98e6ea"
"TECH-SGI-004","1997-informix-and-silicon-graphics-reach-98e6ea"
"TECH-SGI-005","1997-informix-and-silicon-graphics-reach-98e6ea"
"TECH-SGI-006","1997-informix-and-silicon-graphics-reach-98e6ea"
"TECH-SMARTOBJECT","aberdeen-1995-progress-software-profile"
"TECH-SMP","aberdeen-1995-sun-microsystems-computer-company"
"TECH-SMP-001","1997-migrating-from-sybase-sql-server-4.-d7b1d0"
"tech-solaris","aberdeen-1995-sun-microsystems-computer-company"
"TECH-SPARC","aberdeen-1995-sun-microsystems-computer-company"
"TECH-SPATIAL-DB","aberdeen-1995-universal-servers-rdbms-technology-next-decade"
"TECH-SPRINT","aberdeen-1995-upgrading-isv-methodology-enterprise-application-development"
"TECH-SYB11-001","1997-migrating-from-sybase-sql-server-4.-d7b1d0"
"TECH-SYB49-001","1997-migrating-from-sybase-sql-server-4.-d7b1d0"
"tech-tpc","aberdeen-1995-sun-microsystems-computer-company"
"TECH-UDT","aberdeen-1995-universal-servers-rdbms-technology-next-decade"
"TECH-UNIVERSAL-SERVER","aberdeen-1995-universal-servers-rdbms-technology-next-decade"
"TECH-UNIX","aberdeen-1995-sun-microsystems-computer-company"
"TECH-VBX","aberdeen-1995-progress-software-profile"
"TECH-VPN-001","1997-nortel--transforming-business-by-po-3edae6"
"TECH-WAN-001","1997-nortel--transforming-business-by-po-3edae6"
"TECH-WATERFALL","aberdeen-1995-upgrading-isv-methodology-enterprise-application-development"
"TECH-WIN95","aberdeen-1995-upgrading-isv-methodology-enterprise-application-development"
"TECH-WINNT","aberdeen-1995-novell-predicament"
"TECH-WNT-SRV","1997-nt-case-41-56aa2e"
"TECH-WNT-WS","1997-nt-case-41-56aa2e"
"TECH-XED-001","1997-managing-corporate-internet-access--ae26d9"
"TECH-XED-002","1997-managing-corporate-internet-access--ae26d9"
"TECH-XED-003","1997-managing-corporate-internet-access--ae26d9"
"TECH-XED-004","1997-managing-corporate-internet-access--ae26d9"
"TECH-XED-005","1997-managing-corporate-internet-access--ae26d9"
"TECH-XED-006","1997-managing-corporate-internet-access--ae26d9"
"TECH-XED-008","1997-managing-corporate-internet-access--ae26d9"
"VLDB","aberdeen-1995-rdbms-cray-research-inc"
"web-browser","aberdeen-1996-3com-reconciling-clientserver-development-internet"
"WEB-CS-TOOLS","aberdeen-1996-3com-reconciling-clientserver-development-internet"
"WORKFLOW-TECH","aberdeen-1996-app-dun-bradstreet-software-smartstrtogether-better"
"aberdeen-aaas","aberdeen-proposal-templates-and-retainer-strategy-2001-b6b001"
"aberdeen-aas","aas-launch-package-aug-2001-b4a001"
"aberdeen-aas","aas-sales-tools-pricing-aug-2001-b5b001"
"aberdeen-aas","aberdeen-corporate-collateral-2001-v2-b4b001"
"aberdeen-aas","aberdeen-corporate-collateral-combined-1-9674e4"
"aberdeen-aas","aberdeen-corporate-presentation-98680d"
"aberdeen-aas","aberdeen-overview-presentation-v10-29-a665b8"
"aberdeen-aas-rate-tier","aas-sales-tools-pricing-aug-2001-b5b001"
"aberdeen-aas-starter","aberdeen-proposal-templates-and-retainer-strategy-2001-b6b001"
"aberdeen-alliances-workshop","aberdeen-workshop-qualifying-questions-and-success-stories-2001-b6a001"
"aberdeen-aocs","ibm-scm-murray2-tm-4a0fbf"
"aberdeen-aocs","ibmfinal1-3-720230"
"aberdeen-base-retainer","aas-sales-tools-pricing-aug-2001-b5b001"
"aberdeen-briefing-workshop","aas-operational-playbooks-aug-2001-b5a001"
"aberdeen-cad","aas-launch-package-aug-2001-b4a001"
"aberdeen-client-profile-template","aas-sales-tools-pricing-aug-2001-b5b001"
"aberdeen-credit-bank","intel-renewal1017-9-0d4419"
"aberdeen-critical-tech-planning","aberdeen-snr-architecture-three-tier-sli-abaaa5"
"aberdeen-day-3-n-rate","aas-sales-tools-pricing-aug-2001-b5b001"
"aberdeen-dev-solutions","2004-aberdeentelelogicagrfinal-5-8fd44a"
"aberdeen-dset","ibm-aberdeen-wip-deck-2-704ff9"
"aberdeen-e-profile","aberdeen-productization-pricing-and-survey-research-program-2000-b7b001"
"aberdeen-elearning","2001-kickoff-content-1db48b"
"aberdeen-elearning","aberdeen-corporate-collateral-2001-v2-b4b001"
"aberdeen-elearning","aberdeen-corporate-collateral-combined-1-9674e4"
"aberdeen-elearning","aberdeen-corporate-presentation-98680d"
"aberdeen-elearning","aberdeen-overview-presentation-v10-29-a665b8"
"aberdeen-engaging-workshop","aas-operational-playbooks-aug-2001-b5a001"
"aberdeen-entry-retainer-500-monthly","aberdeen-proposal-templates-and-retainer-strategy-2001-b6b001"
"aberdeen-eprofile","2001-kickoff-content-1db48b"
"aberdeen-era","ibmfinal1-3-720230"
"aberdeen-eti-content","aas-sales-tools-pricing-aug-2001-b5b001"
"aberdeen-executive-white-paper","aberdeen-productization-pricing-and-survey-research-program-2000-b7b001"
"aberdeen-executive-white-paper","aberdeen-proposal-templates-and-retainer-strategy-2001-b6b001"
"aberdeen-go-to-market-methodology","aas-operational-playbooks-aug-2001-b5a001"
"aberdeen-go-to-market-workshop","aberdeen-workshop-qualifying-questions-and-success-stories-2001-b6a001"
"aberdeen-impact","aas-sales-tools-pricing-aug-2001-b5b001"
"aberdeen-impact","aberdeen-productization-pricing-and-survey-research-program-2000-b7b001"
"aberdeen-impact-deliverable","aberdeen-training-book-day-3-03cfc1"
"aberdeen-lifecycle-consulting","aas-operational-playbooks-aug-2001-b5a001"
"aberdeen-market-attractiveness-model","aas-operational-playbooks-aug-2001-b5a001"
"aberdeen-market-knowledge-engagement","aas-sales-tools-pricing-aug-2001-b5b001"
"aberdeen-market-knowledge-workshop","aas-operational-playbooks-aug-2001-b5a001"
"aberdeen-market-knowledge-workshop","aberdeen-workshop-qualifying-questions-and-success-stories-2001-b6a001"
"aberdeen-marketing-workshop","aberdeen-corporate-collateral-2001-v2-b4b001"
"aberdeen-mas","aberdeen-productization-pricing-and-survey-research-program-2000-b7b001"
"aberdeen-mas-qualitative","aberdeen-productization-pricing-and-survey-research-program-2000-b7b001"
"aberdeen-mas-quantitative","aberdeen-productization-pricing-and-survey-research-program-2000-b7b001"
"aberdeen-mas-service","aas-launch-package-aug-2001-b4a001"
"aberdeen-mas-service","aberdeen-corporate-collateral-2001-v2-b4b001"
"aberdeen-master-price-list-2001-09-01","aas-sales-tools-pricing-aug-2001-b5b001"
"aberdeen-maturity-grids","06-aberdeen-after-action-showandtell-95c6d9"
"aberdeen-maturity-grids","07-pools-of-storage-functional-spec-597fa5"
"aberdeen-memory-cards-study","sd-memory-cards-to-drive-market-for-digi-71a434"
"aberdeen-messaging-strategy-workshop","aberdeen-workshop-qualifying-questions-and-success-stories-2001-b6a001"
"aberdeen-milestone-billing-50-50","aberdeen-proposal-templates-and-retainer-strategy-2001-b6b001"
"aberdeen-pace-framework","aberdeen-ra-modernizing-legacy-2007-52a27a"
"aberdeen-pc-reference-model","warranty-week-dell-warranty-policies-kas-0c084d"
"aberdeen-positioning-strategy-options","aas-operational-playbooks-aug-2001-b5a001"
"aberdeen-positioning-strategy-workshop","aberdeen-workshop-qualifying-questions-and-success-stories-2001-b6a001"
"aberdeen-practice-b2b-ebusiness-scm","aberdeen-practice-definitions-compendium-2000-b7a001"
"aberdeen-practice-data-knowledge","aberdeen-practice-definitions-compendium-2000-b7a001"
"aberdeen-practice-eas","aberdeen-practice-definitions-compendium-2000-b7a001"
"aberdeen-practice-enterprise-management","aberdeen-practice-definitions-compendium-2000-b7a001"
"aberdeen-practice-platform-infrastructure","aberdeen-practice-definitions-compendium-2000-b7a001"
"aberdeen-practice-platforms-group","aberdeen-practice-definitions-compendium-2000-b7a001"
"aberdeen-practice-professional-services","aberdeen-practice-definitions-compendium-2000-b7a001"
"aberdeen-pricing-schedule-2000","aberdeen-productization-pricing-and-survey-research-program-2000-b7b001"
"aberdeen-profile","aberdeen-productization-pricing-and-survey-research-program-2000-b7b001"
"aberdeen-profile","aberdeen-proposal-templates-and-retainer-strategy-2001-b6b001"
"aberdeen-profile-deliverable","aberdeen-training-book-day-3-03cfc1"
"aberdeen-profile-deliverable","aberdeen-training-day-2-representing-abe-38ef4b"
"aberdeen-profile-deliverable","aberdeen-training-day-4-marketing-busine-601526"
"aberdeen-ramp-deliverable","aberdeen-training-day-2-representing-abe-38ef4b"
"aberdeen-ramp-deliverable","aberdeen-training-day-4-marketing-busine-601526"
"aberdeen-research-meeting-protocol","aberdeen-proposal-templates-and-retainer-strategy-2001-b6b001"
"aberdeen-retainer-service","aberdeen-training-day-4-marketing-busine-601526"
"aberdeen-six-month-intro-aas","aas-launch-package-aug-2001-b4a001"
"aberdeen-six-month-intro-aas","aas-sales-tools-pricing-aug-2001-b5b001"
"aberdeen-solution-selling","aas-operational-playbooks-aug-2001-b5a001"
"aberdeen-strategy-validation","aas-sales-tools-pricing-aug-2001-b5b001"
"aberdeen-swot-analysis-template","aas-operational-playbooks-aug-2001-b5a001"
"aberdeen-termination-fee-ladder","aberdeen-proposal-templates-and-retainer-strategy-2001-b6b001"
"aberdeen-three-tier-plus","aberdeen-snr-architecture-three-tier-sli-abaaa5"
"aberdeen-twelve-month-multiday-aas","aas-launch-package-aug-2001-b4a001"
"aberdeen-vendor-product-profile","aas-operational-playbooks-aug-2001-b5a001"
"aberdeen-viewpoint-deliverable","aberdeen-training-book-day-3-03cfc1"
"aberdeen-web-rights-license-1yr","aberdeen-proposal-templates-and-retainer-strategy-2001-b6b001"
"aberdeen-workshop-alliances","aas-launch-package-aug-2001-b4a001"
"aberdeen-workshop-go-to-market","aas-launch-package-aug-2001-b4a001"
"aberdeen-workshop-go-to-market-readiness","aas-launch-package-aug-2001-b4a001"
"aberdeen-workshop-market-knowledge","aas-launch-package-aug-2001-b4a001"
"aberdeen-workshop-market-positioning","aas-launch-package-aug-2001-b4a001"
"aberdeen-workshop-messaging-strategy","aas-launch-package-aug-2001-b4a001"
"ac-dc-power-supplies","respiratory-illness-could-restrict-i.t.--c3c523"
"ac-dc-power-supply","2003-sars-electronics-supply-chain-ec0375"
"ac-dc-power-supply","sars2-hot-topic-cf91d4"
"acceleratedsap","1997-teamsap-a3591b"
"acceleratedsap-asap","aberdeen-1997-acceleratedsap-strategy"
"acd-see-software","copy-of-hp-camera-lab-journal-prod-c103f6"
"ace-server-securid","aberdeen-1996-progress-software-webspeed-internet"
"acid-properties","aberdeen-open-oltp-enterprise-managers-k-3fc536"
"acms","2026-kastner-dec-longitudinal-22d177"
"acms","dtj-v03-01-tp-and-fault-tolerant-1991-cf078c"
"active-directory","1998-microsoft-windows-nt-5-0-a-planning-guide-cd9d08"
"active-directory","1999pr~2-cd0049"
"active-directory","2000-is-windows-nt-windows-2000-enterprise-ready-91f2cb"
"active-object-repository","aberdeen-1997-lawson-insight-process-orientation-business-management"
"active-project","timex-ramp-interview-for-maxtor-project-8c1b71"
"activex","1997-unify-vision-8fcfc3"
"activex","aberdeen-1996-progress-software-webspeed-internet"
"activex-com","aberdeen-1996-oracle-network-computing-architecture"
"activex-com-dcom","develo~1-d25652"
"activex-dcom","aberdeen-1996-flexiinternational-software-financial-acumen-technology"
"activity-based-management","aberdeen-1997-lawson-insight-process-orientation-business-management"
"ad-servers","1998-advertising-on-the-internet-leveraging-the-virtual-3972d6"
"ad-serving","mirror-image-profile-v2-050404-97e2a6"
"adabas","aberdeen-1995-commercial-messaging"
"adabas","nti-6-rdbms-technology-48f4aa"
"adabas-d","aberdeen-1996-software-ag-digital-high-performance-solutions"
"adabas-d","rdbms-for-ibm-powera~1-7a44be"
"adaptive-caching","mirror-image-profile-v2-(050404)-e7eb95"
"adaptive-computing","1991-encore-and-metadata-47f414"
"adaptive-security-gen3","vulnerability-assessment-empowering-is-754d9a"
"adding-machine","volume-1-ch01-waiting-for-automation-1960-1969"
"adm-outsourcing","2006-unisyswipro-rs-3747-a7e31e"
"adobe-flash","maxtor-flash-demo-2003"
"adobe-flash-swf","aberdeenmaxtortooldemo-03-2-5a8f38"
"adobe-photoshop","dct-apple-powermac-g5-2003-06"
"adobe-premiere","dct-video-market-segmentation-2002"
"ads-nis-protocols","snap-appliances-snapshot-10-15pk-f183fe"
"adsl","aberdeen-1996-omnibox-interactive-broadcasting-network"
"advanced-business-intelligence","ra-enterprise-apps-312ba4"
"advanced-queuing","1997-oracle8-the-database-for-network-computing-674c9d"
"aero-glass-ui","newsfactor-vista-deployment-cadence-kast-d1f518"
"aes-ni","2010-intel-vpro-daily-globe-6f615e"
"agile-xp-programming","2003-aberdeen-group-free-research-aberdeen-insights-1-968e18"
"agile-xp-programming","volume-1-ch09-expert-witness-technology-on-trial-1992-2015"
"agp-8x","dct-apple-powermac-g5-2003-06"
"agp-bus","dct-video-market-segmentation-2002"
"ai-analytics-emerging","kastner-technology-breadth-memoir-2026"
"ai-expert-systems","volume-1-appendix-career-timeline"
"ai-expert-systems","volume-1-ch10-the-long-view-1966-2026"
"aix","aberdeen-1996-bulls-sagister-datacenterdisciplined-unix-businesscritical-applications"
"aix","aberdeen-1996-risc-unix-market"
"aix","ibmtpc92-c32789"
"aix","workst~1-d22401"
"aix-325","aberdeen-1996-ibm-aix-4-not-your-fathers-325"
"aix-4","aberdeen-1996-ibm-aix-4-not-your-fathers-325"
"alexnet","volume-1-ch10-the-long-view-1966-2026"
"all-in-one-pc","dct-gateway-acquires-emachines-2004-03"
"alm-tools","soa-governance-626545"
"alpha","aberdeen-1995-digital-multia"
"alpha-architecture","2026-kastner-dec-longitudinal-22d177"
"alpha-axp","ibm-rs6000-midran~1-88f049"
"alpha-chip-dec-alpha","aberdeen-1995-limd-technology"
"alpha-processor","aberdeen-1996-debunking-ntsmp-scalability-myth"
"alpha-processor","aberdeen-1996-digital-debunks-ntsmp-scalability-myth"
"alpha-processor","aberdeen-1996-digital-leading-nt-across-enterprise-charge"
"alpha-processor","aberdeen-1996-digitals-personal-workstation-new-markets-channels"
"alpha-processor","aberdeen-1996-risc-unix-market"
"alpha-processor","ntserv~1-56bd94"
"alpha-processor","workst~1-d22401"
"amd-athlon","dct-business-2002-11-pc-deals"
"amd-athlon","dct-business-2002-12-19-pc-deals"
"amd-athlon","dct-business-2002-12-pc-deals"
"amd-athlon","dct-business-2003-03-17-pc-deals"
"amd-athlon","dct-weekly-2002-08-24-pc-deals-analysis"
"amd-athlon","dct-weekly-2002-10-06"
"amd-athlon","dct-weekly-2002-10-27"
"amd-athlon","dct-weekly-2002-11-03"
"amd-athlon","dct-weekly-2002-12-01"
"amd-athlon","dct-weekly-2002-12-15"
"amd-athlon","dct-weekly-2002-12-22"
"amd-athlon","dct-weekly-2002-12-30"
"amd-athlon","dct-weekly-2003-01-05"
"amd-athlon","dct-weekly-2003-01-12"
"amd-athlon","dct-weekly-2003-01-19"
"amd-athlon","dct-weekly-2003-01-26"
"amd-athlon","dct-weekly-2003-03-09"
"amd-athlon","dct-weekly-2003-03-16"
"amd-athlon","dct-weekly-2003-04-06"
"amd-athlon","dct-weekly-2003-06-08"
"amd-athlon","dct-weekly-2003-07-06"
"amd-athlon","dct-weekly-2003-07-13"
"amd-athlon","dct-weekly-2003-07-26"
"amd-athlon","dct-weekly-2003-08-03"
"amd-athlon","dct-weekly-2003-08-10"
"amd-athlon","dct-weekly-2003-08-17"
"amd-athlon","dct-weekly-2003-08-24"
"amd-athlon-1800","dct-amd-athlon-weekly-prices-2002-03"
"amd-athlon-2000","dct-amd-athlon-weekly-prices-2002-03"
"amd-athlon-2100","dct-amd-athlon-weekly-prices-2002-03"
"amd-athlon-2200","dct-amd-athlon-weekly-prices-2002-03"
"amd-athlon-2400","dct-amd-athlon-weekly-prices-2002-03"
"amd-athlon-2600","dct-amd-athlon-weekly-prices-2002-03"
"amd-athlon-64","dct-memoir-athlon-64-prescience-2003"
"amd-athlon-64","technology-news-future-tech-microsoft-la-625f49"
"amd-athlon-64","technology-news-hardware-amd-beats-apple-5399ec"
"amd-athlon-64","technology-news-hardware-amd-makes-athlo-214a36"
"amd-athlon-64","technology-news-hardware-intel-unveils-l-1f420a"
"amd-athlon-xp","2002-amd-s-gigahertz-equiva-nexperienced-buyers-accept--6f6050"
"amd-athlon-xp","dct-business-2002-11-pc-deals"
"amd-athlon-xp","dct-business-2002-12-19-pc-deals"
"amd-athlon-xp","dct-business-2002-12-pc-deals"
"amd-athlon-xp","dct-business-2003-03-17-pc-deals"
"amd-athlon-xp","dct-emachines-q1-2003-lineup"
"amd-athlon-xp","dct-memoir-athlon-64-prescience-2003"
"amd-athlon-xp","dct-weekly-2002-08-24-pc-deals-analysis"
"amd-athlon-xp","dct-weekly-2002-10-06"
"amd-athlon-xp","dct-weekly-2002-10-27"
"amd-athlon-xp","dct-weekly-2002-11-03"
"amd-athlon-xp","dct-weekly-2002-12-15"
"amd-athlon-xp","dct-weekly-2002-12-22"
"amd-athlon-xp","dct-weekly-2002-12-30"
"amd-athlon-xp","dct-weekly-2003-01-05"
"amd-athlon-xp","dct-weekly-2003-01-19"
"amd-athlon-xp","dct-weekly-2003-01-26"
"amd-athlon-xp","dct-weekly-2003-03-09"
"amd-athlon-xp","dct-weekly-2003-03-16"
"amd-athlon-xp","dct-weekly-2003-04-06"
"amd-athlon-xp","dct-weekly-2003-06-08"
"amd-athlon-xp","dct-weekly-2003-07-26"
"amd-athlon-xp","dct-weekly-2003-08-03"
"amd-athlon-xp","dct-weekly-2003-08-10"
"amd-fusion-apu","amd-fusion-outlook-newsfactor-garrett-5859d3"
"amd-hammer","intel-longlivedualcore-revised-5-fa8298"
"amd-llano","bapco-sysmark-2012-benchmark-post-a40084"
"amd-opteron","2006-amd-ati-acquisition-cf19ff"
"amd-opteron","dct-memoir-athlon-64-prescience-2003"
"amd-opteron","intel-quad-core-outlook-newsfactor-garre-c32252"
"amd-opteron","internetnews-veritas-itanium-believer-20-2ff4eb"
"amd-opteron","linuxplanet-reports-opteron-s-first-year-40c423"
"amd-opteron","technology-news-hardware-amd-beats-apple-5399ec"
"amd-opteron","technology-news-hardware-amd-s-opteron-a-ecf5a9"
"amd-opteron-8220se","server-benchmarks-2007-sept-7-862cf0"
"amd-phenom-ii","bapco-sysmark-2012-benchmark-post-a40084"
"amd-sempron","technology-news-chips-amd-s-semprons-spa-21b184"
"amd-true-performance-initiative","amd-profile01-64e43b"
"amd64","linuxplanet-reports-opteron-s-first-year-40c423"
"amd64-architecture","technology-news-future-tech-microsoft-la-625f49"
"amd64-architecture","technology-news-hardware-amd-beats-apple-5399ec"
"amd64-architecture","technology-news-hardware-amd-s-opteron-a-ecf5a9"
"amd64-x86-64","amd-industry-analyst-visionaries-64bit-2-7a191f"
"amdahl-millennium","aberdeen-1996-mainframe-revival-short-lived-or-long-term"
"amr","utilit~1-0596b5"
"amr-automatic-meter-reading","utilities-transformed-it-696ffb"
"amr-automatic-meter-reading","volume-1-about-the-author"
"amr-automatic-meter-reading","volume-1-ch03-physics-of-consulting-1972-1979"
"analyst-relations","aberdeen-training-day-2-representing-abe-38ef4b"
"analyst-subscription-research","wsj-tech-watching-analyst-industry-1998-002531"
"analytical-apps","data-know-69ab04"
"analytics","technology-themes-2003-04"
"anti-theft-technology","2010-intel-vpro-daily-globe-6f615e"
"anti-virus","securi~1-3e7ced"
"antivirus","2003-the-top-10-security-suppliers-fc2b1b"
"apache-xap","nexaweb-announces-starter-kit-nexaweb-abe281"
"api","volume-1-ch10-the-long-view-1966-2026"
"apo","erpv2p~1-b15573"
"apollo-navigation-software","volume-1-ch02-physics-of-the-machine-1969-1972"
"apple-boot-camp","mac-news-business-apple-intel-marriage-m-d0a5d8"
"apple-consumer-desktop","charlotte-observer-shain-back-to-school--4ec261"
"apple-g4","svbi-apple-xserve-kastner-2002-05-17-1398db"
"apple-iphone","mobile-banking-may-render-cash-obsolete--e4b699"
"apple-mac-os-x","usatoday-maney-mac-or-pc-windows-securit-b45d45"
"apple-powermac-g5","dct-apple-powermac-g5-2003-06"
"apple-powerpc-g5","technology-news-hardware-amd-beats-apple-5399ec"
"apple-powerpc-g5","technology-news-hardware-apple-s-power-m-91980c"
"apple-xgrid","linux-news-enterprise-systems-apple-s-en-a8fdd0"
"apple-xgrid","mac-news-science-the-science-of-this-yea-bb35b4"
"apple-xserve","hostingtech-apple-xserve-asia-zieger-200-052af6"
"apple-xserve","linux-news-enterprise-systems-apple-s-en-a8fdd0"
"apple-xserve","mac-news-computers-us-army-drafts-apple-c2f6f9"
"apple-xserve","svbi-apple-xserve-kastner-2002-05-17-1398db"
"application-integration-eai","kastner-jrl-trends-1999-pk-responses-f4c5a4"
"application-lifecycle-management-soa","soa-lifecycle-perspective-1ff953"
"application-navigator","1997-peoplesoft-works-the-internet-452445"
"application-partitioning","aberdeen-1996-object-oriented-three-tier-plus-computing"
"ar-system","1997-automating-and-managing-internal-op-e69e64"
"ardes-2k","y2k-computerworld-aberdeen-psk-irving-19-5bcd20"
"arm-architecture","technology-news-hardware-ibm-opens-custo-7fdf18"
"arm-embedded-cpu","samsung-unveils-fastest-mobile-cpu-on-th-c34fad"
"artificial-intelligence-ml","soa-bpm-legacy-renewal-bce60f"
"as2-edi","1997-the-ec-company-not-your-father-s-edi-c1ebff"
"as400","1992-tpc-benchmarks-vp-ed0e0d"
"as400","1999pr~1-c5516b"
"as400","dectp92-0ca51c"
"as400","ibmtpc92-c32789"
"as400","psk-ibmbio-fde139"
"as400","psk-litigate98-72601c"
"as400","psk-litigation-b452e6"
"as400","psk-niopubs-3d103b"
"as400","retail~1-d5de79"
"as400","sun-as400-main-report-2002-c37e2a"
"as400","sun-as400-presentation-2002-9d925e"
"as400","tpcbench92-139998"
"as400-advanced-series","aberdeen-1995-ibm-as400-sap-r3"
"as400-advanced-series","aberdeen-1996-ibm-as400-vs-microsoft-nt-server"
"as400e-series","1997-the-new-as-400e-series-aa9cac"
"asep","minicomputer-news-ase-asep-1979-2b5327"
"asep-system","adl-ase-asep-two-way-power-communications-1979-b8c001"
"asf","kastner-ie-v-andersen-expert-report-3de98a"
"asp-application-service-provider","oracle-appsworld-insight-edit-4-813c2e"
"asp-commerce-platform","2001-fletcher-spaght-3bb872"
"asp-delivery-model","1999-managing-customers-with-next-generation-software-a-a5adc4"
"asp-microsoft","07-pools-of-storage-functional-spec-597fa5"
"asp-model","1999-crm-professional-services-rpt-96bf13"
"asp-model","2001-aberdeen-group-recent-publications-psk-2be54d"
"assembler","volume-1-appendix-career-timeline"
"ata","04-mid-line-storage-v2-whitepaper-7db9bc"
"ata","11-storage-hierarchy-presentation-e84d53"
"ata-disk","aberdeen-group-disk-storage-usage-questi-c8ffe9"
"ata-disk","maxtor-ramp-interview-guide-first-draft-c68ebd"
"ata-disk","maxtor-survey-report-5-20c-0f458e"
"ata-disk","maxtor-survey.v.2-d5b538"
"ata-disk","snap-appliance-snapshot-2003"
"ata-disk","snap-appliances-snapshot-10-15pk-f183fe"
"ata-disk","state-street-ramp-interview-for-maxtor-p-fa94f8"
"ata-disk","timex-ramp-interview-for-maxtor-project-8c1b71"
"ata-drive","19-maxline-data-timeline-slide-6e6572"
"ata-drive-technology","hostingtech-apple-xserve-asia-zieger-200-052af6"
"atheros-ar5001x","2002-802-11a-b-wireless-comes-of-age-6a071d"
"athlon-xp","amd-profile01-64e43b"
"ati-all-in-wonder","dct-video-market-segmentation-2002"
"ati-radeon","dct-kastner-wish-list-2002-12"
"ati-radeon-8500","dct-video-market-segmentation-2002"
"ati-tv-wonder","dct-video-market-segmentation-2002"
"atlas-drive","19-maxline-data-timeline-slide-6e6572"
"atlas-scsi","01-difranco-report-on-aberdeen-group-res-444a19"
"atm","1998-network-integration-services-report-f75108"
"atm","aberdeen-1995-3com-lanplex-2500"
"atm-networking","1996-sequent-38f0b1"
"atm-networking","1997-bay-networks--switch-node-routing-s-4d9885"
"atm-networking","aberdeen-1996-frame-relay-access-devices"
"atm-networking","aberdeen-1997-aberdeen-group-impacts"
"atm-networking","networ~1-96462b"
"atm-networking","nti-2-open-systems-1dd3af"
"atm-sonet","aberdeen-1996-mitels-nevadanetworked-voice-data-speeding-toward"
"atm-switching","aberdeen-1996-vpns-business-mfs-success-strategy"
"atom","2026-kastner-intel-longitudinal-776f7e"
"atom-processor","2010-intel-ia-continuum-wp-1-2-fc5653"
"att-5100m","att-worldmark-wsj-ad-aberdeen-quote-1995-ec56fb"
"att-ncr-alliance","oracle-att-ncr-customer-driven-seminar-t-b9f539"
"att-worldmark-servers","att-worldmark-wsj-ad-aberdeen-quote-1995-ec56fb"
"oltp","1998as400-1-146289"
"oltp","2002-webex--taking-conferencing-to-the-summit-05f195"
"oltp","webex--taking-conferencing-to-the-busine-5b8109"
"authentication-systems","aberdeen-workshop-qualifying-questions-and-success-stories-2001-b6a001"
"authoring-tools","1999-e-learning-in-the-enterprise-psk-d0fc8a"
"authorization-server","aberdeen-1996-hp-praesidium-family"
"automated-backup-restore","kastner-sipp-pc-lifecycle-dynamics-2003-4395fd"
"automated-testing-tools","soa-web-services-2007-c3297b"
"autonomic-computing","ibm-messaging-workshop-report-final-9-ef7fbc"
"avanade-jv-model","psbj-meisner-microsoft-consulting-acquis-7b85c8"
"aviion-unix-server","aberdeen-1996-data-general-corporation"
"avx2","intel-pulse-check-ia-continuum-2013-3a693f"
"b2b-ecommerce","2001-fletcher-spaght-3bb872"
"b2b-ecommerce-platform","spaceworks-ordermanager-d51dab"
"b2b-marketplace","dollars-and-sense-b2b-ec-eb8c9d"
"b2c-ecommerce","2001-fletcher-spaght-3bb872"
"b2so-security-option","aberdeen-1996-data-generals-cybershield-security-solutions-advancing"
"baan-dem","aberdeen-1996-baan-changes-rules-erp-game"
"baan-dem","erpv2p~1-b15573"
"baan-iv","1997-vertical-industry-solutions-baan-leads-in-innovati-f12724"
"baan-iv","aberdeen-1996-baan-changes-rules-erp-game"
"baan-orgware","1997-vertical-industry-solutions-baan-leads-in-innovati-f12724"
"baan-orgware","aberdeen-1996-baan-changes-rules-erp-game"
"baan-series","erpv2p~1-b15573"
"backoffice","1997-microsoft-nt-scalability-day--the-e-6460e2"
"backoffice","aberdeen-1996-ibm-as400-vs-microsoft-nt-server"
"backoffice","aberdeen-1996-risc-unix-market"
"backoffice-suite","1997-microsoft--the-joker-of-enterprise--158636"
"balance-sheet-analysis","casale-evp-5-aa8f2a"
"balanced-scorecard","ie-appendix-lane-qa-research-e594cb"
"bam-monitoring","bpm-align-business-f76616"
"bam-monitoring","ra-bam-bpm-37679c"
"bam-monitoring","ra-bpm-2006-f5a558"
"bam-monitoring","ra-bpm-2007-890201"
"bank-account-digital-cash","1999-digitalcash-the-dash-to-digital-cash-enabling-inte-23732b"
"banner-advertising","1998-advertising-on-the-internet-leveraging-the-virtual-3972d6"
"banyan-vines","1999-aberdeengroup-newsletter-april-1999-d157ec"
"banyan-vines","mockup~1-ca8fde"
"banyan-vines","nti-12-client-server-goals-1993-15a519"
"batch-computing","volume-1-ch01-waiting-for-automation-1960-1969"
"batch-computing","volume-1-introduction-physics-of-the-machine"
"bay-5399-rac","1997-bay-networks--concentrating-on-remo-06bdd8"
"bay-8000-rac","1997-bay-networks--concentrating-on-remo-06bdd8"
"baydsp","1997-bay-networks--concentrating-on-remo-06bdd8"
"bayrs","1997-bay-networks--switch-node-routing-s-4d9885"
"bbs-trading-systems","utilities-transformed-it-696ffb"
"bea-aqualogic-esb","esb-0617-5cc5fa"
"bea-liquid-data","aberdeen-eii-2003-ea3f1a"
"bench95","aberdeen-1996-hp-vectra-xw-personal-workstation"
"benchmark-methodology","volume-1-about-the-author"
"benchmark-methodology","volume-1-ch09-expert-witness-technology-on-trial-1992-2015"
"benchmark-physical-vs-logical-io","stratus-et1-functional-spec-and-benchmar-0c3172"
"benchmark-research","volume-1-ch08-aberdeen-go-go-years-1998-2006"
"beowulf-cluster","2001-is-linux-domination-of-the-high-perform-computing--0d06ef"
"best-of-breed-functionality","ra-enterprise-apps-312ba4"
"best-practices-framework","volume-1-ch08-aberdeen-go-go-years-1998-2006"
"beyond-toolset","aberdeen-1995-commercial-messaging"
"big-iron","2003-dell-and-oracle-boldly-predict-the-demise-of-big-i-073fba"
"bitlocker","2010-intel-vpro-daily-globe-6f615e"
"bitlocker","intel-2010-vpro-daily-globe-42697e"
"bizworks","ca-interbiz-bizworks-profile-054f3c"
"blackberry","volume-1-ch08-aberdeen-go-go-years-1998-2006"
"blade-server","2001-aberdeen-group-blades-an-evolution-in-server-densi-b56557"
"blade-server","2001-aberdeen-group-recent-publications-psk-2be54d"
"blade-servers","2003-dell-and-oracle-boldly-predict-the-demise-of-big-i-073fba"
"blade-servers","enterprise-integration-perspective-d21c1b"
"blade-servers","infiniband-data-center-wp-2002"
"blu-ray","dct-memoir-ramp-vs-dct-prescience-2026"
"blue-laser-dvd","dct-dceit-practice-v6-2002"
"bluestone","2002-the-new-hp-stands-up-to-be-counted-psk-35453a"
"bluetooth","microsoft-makes-history-delievrs-bluetoo-1af686"
"bna","unisys-florida-hrs-expert-witness-tallah-5b4524"
"bond-portfolio-system","volume-1-ch02-physics-of-the-machine-1969-1972"
"bootp","netcompute-e6c378"
"boss-wms","ie-appendix-jones-wms-memo-2e5d6c"
"bpel-standard","ra-bpm-2006-f5a558"
"bpm","esb-soa-fabric-webmethods-techtarget-see-83b233"
"bpm-general","soa-with-bpm-docx-1211c7"
"bpm-suite","bpm-align-business-f76616"
"bpm-suite","ra-bam-bpm-37679c"
"bpm-suite","ra-bpm-2006-f5a558"
"bpm-tools","ra-bpm-2007-890201"
"bpo","dell-services-kastner-051904-4-87b363"
"bpo","the-business-value-in-it-outsourcing-7d5f23"
"broadband-access","dct-personal-it-practice-launch-2001"
"broadband-internet","1998-internet-sales-report-4cde3f"
"broadband-internet","ect-news-whatever-happened-interactive-t-7446fd"
"broadvision-one-to-one","1997-broadvision-dynamic-web-application-5f10bb"
"btx-form-factor","intel-idf-pk-notes-3-6666da"
"bulk-email-infrastructure","aberdeen-workshop-qualifying-questions-and-success-stories-2001-b6a001"
"bull-dps7000","bull1990-d-c-benchmarks-8b5d9c"
"bull-dps7000","volume-1-ch06-dec-mainframes-last-stand-1987-1988"
"bull-dps9000","bull1990-d-c-benchmarks-8b5d9c"
"bull-dpx-2","aberdeen-dops-tpc-1992-deck-bbe78e"
"bull-dpx2","tpc2-92-c2a45c"
"bull-escala","aberdeen-1996-bulls-sagister-datacenterdisciplined-unix-businesscritical-applications"
"burroughs-b1700","adl-commercial-engagements-kastner-1972-1979-b8b001"
"burroughs-b3500","adl-commercial-engagements-kastner-1972-1979-b8b001"
"burroughs-b6700","adl-commercial-engagements-kastner-1972-1979-b8b001"
"burroughs-tc500","adl-commercial-engagements-kastner-1972-1979-b8b001"
"business-intelligence","15-classification-key-applications-55b6be"
"business-intelligence","1997-commercial-risc-unix-1996-mvp-711569"
"business-intelligence","1997-data-integration-management-in-hete-de2429"
"business-intelligence","1997-datafocus'-nutcracker--enterprise-c-bfc11e"
"business-intelligence","1998-hp-high-availability-and-metadata-7d1276"
"business-intelligence","2003-dell-ars-white-paper-53d13d"
"business-intelligence","4q05-mto-mktingperfmgmt-080105a-053084"
"business-intelligence","aberdeensmiscollateral-ed3f69"
"business-intelligence","ee-2005-cio-research-agenda-091505a-4c85cf"
"business-intelligence","ee-204q04-20-20it-20budget-20realities-20102804a-c7aaed"
"business-intelligence","q206-integrating-20datacenter-pk-671089"
"business-intelligence","rb-retailersusebidata-gb-3174-7cf5d4"
"business-intelligence","retail-2006-research-agenda-9b6ba9"
"business-intelligence","soa-aon-webinar-022206a-125e6b"
"business-pc","2002-hp-s-consumer-pc-business-will-shrink-psk-ef3cd5"
"business-process-execution","ra-enterprise-apps-312ba4"
"business-process-management","esb-in-soa-e002b7"
"business-process-management","q-a-achieving-more-value-from-enterprise-d1d7dd"
"business-process-management","soa-bpm-legacy-renewal-bce60f"
"business-process-mgmt","2003-aberdeen-group-free-research-aberdeen-insights-1-968e18"
"business-process-modeling","ra-enterprise-apps-312ba4"
"business-process-workflows","esb-in-soa-e002b7"
"businessminer","2026-kastner-enterprise-ai-arc"
"buyerxpert","aberdeen-1997-actra-commercexpert-internet-commerce"
"c-language","nti-5-development-toolsets-0e71c5"
"ca-corporate-governance-reform-2001","eweek-ca-team-victorious-proxy-fight-200-c424f4"
"ca-enterprise-software-portfolio","eweek-ca-team-victorious-proxy-fight-200-c424f4"
"ca-etrust","2001-ca-s-etrust-directory-a-cornerstone-of-e-business--194413"
"ca-ingres","cab199-1-2-0cb163"
"ca-ingres","inforx95-3-9a45fe"
"ca-ingres","jungle-1-5-675c58"
"ca-ingres","jungle-6-7af8b7"
"ca-ingres","rdbms-for-ibm-powera~1-7a44be"
"ca-interbiz","caprop99-86144f"
"ca-itrm","2001-ca-s-it-resource-management-solutions-p-ing-it-ope-0855b8"
"ca-jasmine","dbmspr~1-7c854e"
"ca-jasmine-tnd","ca-jasmine-ii-brochure-kastner-endorseme-6588be"
"ca-mainframe-tools","informationweek-ca-victorious-incumbents-143e3b"
"ca-neugents","ca-interbiz-bizworks-profile-054f3c"
"ca-unicenter","carepo-kastner-unicenter-jasmine-1996-1d5ffe"
"ca-unicenter","informationweek-ca-victorious-incumbents-143e3b"
"ca-unicenter-tng","aberdeen-1996-ibm-tivoli"
"ca-unicenter-tng","management-heavies-seek-broader-base-8-723197"
"cable-modem","2002-cable-and-telco-companies-battle-for-home-internet-2baa0b"
"cable-modem","aberdeen-1996-omnibox-interactive-broadcasting-network"
"cable-set-top-box","2002-alternate-consumer-electronics-channels-ppliers-em-b9052b"
"cad","workst~1-d22401"
"cad-cam","15-classification-key-applications-55b6be"
"cad-cam","volume-1-ch04-prime-computer-1979-1981"
"cade","aberdeen-1996-computer-telephony-integration"
"cairo","aberdeen-1996-ibm-as400-vs-microsoft-nt-server"
"call-center-software","utilities-transformed-it-696ffb"
"call-tracking-client-server-cis","aberdeen-1997-silknet-software"
"cap-architecture","mirror-image-profile-v2-050404-97e2a6"
"case","nti-5-development-toolsets-0e71c5"
"case-tools","psk-misc-speech-agendas-5965a3"
"cbt-software","1999-e-learning-in-the-enterprise-psk-d0fc8a"
"cd-dvd-optical-storage","technology-news-future-tech-plastic-disc-4a4a71"
"cd-rw","iha-full-report---draft-jul-28-41de81"
"cdc-1604","volume-1-ch01-waiting-for-automation-1960-1969"
"cdn","mirror-image-profile-v2-050404-97e2a6"
"cdn-content-delivery-network","mirror-image-profile-v2-(050404)-e7eb95"
"ce-ata","intel-idf-2005-spring-delegate-confirmat-0de810"
"celeron-128mb-baseline","charlotte-observer-shain-back-to-school--4ec261"
"cellular-data","dct-segment-priorities-matrix-2003"
"centrino","2026-kastner-intel-longitudinal-776f7e"
"centrino","hp-analyst-phone-call-6-204870"
"centrino","intel-centrino-pk-8ecf9a"
"cgi","1996-electronic-commerce-25d31b"
"cgi","aberdeen-1996-iq-software-www-reporting"
"cgi","aberdeen-1996-progress-software-webspeed-internet"
"cgi","aberdeen-1996-web-warehouses-dss-for-masses"
"cgi","ca-internet-app-dev-sales-training-1996-48db9c"
"change-management-methodology","1997-managing-the-people-dimension-of-ma-1d6b17"
"chase-simulation","volume-1-ch01-waiting-for-automation-1960-1969"
"chatgpt","2026-kastner-enterprise-ai-arc"
"chinese-manufacturing-supply-chain","tighten-disease-tracking-sars-latimes-20-0568b4"
"chrome-os","washington-times-kellner-google-chrome-o-02e6a9"
"cics-interop","ncr-topend-tp-monitor-brochure-1992-eeea31"
"cifs","aberdeen-1996-network-appliance-data-appliances"
"cis","cispra~1-23a333"
"cis-customer-interaction-software","1997-cis-report-ba825e"
"cis-eba-integration","1998-cis-report-customer-interaction-software-631068"
"cis-erp-integration","1997-cis-report-ba825e"
"cis-platform","aberdeen-1996-managing-customers-next-gen-helpdesk"
"cis-utility","utilit~1-0596b5"
"cisco-1600","aberdeen-1996-remote-access-cisco-untold-story"
"cisco-3600","aberdeen-1996-remote-access-cisco-untold-story"
"cisco-750-series","aberdeen-1996-ciscos-access-business-unit-crystallizes-vision"
"cisco-7500","1997-cisco-s-core-products-business-inte-bd8697"
"cisco-as5200","aberdeen-1996-ciscos-access-business-unit-crystallizes-vision"
"cisco-as5200","aberdeen-1996-remote-access-cisco-untold-story"
"cisco-ciscoproch","aberdeen-1996-ciscos-access-business-unit-crystallizes-vision"
"cisco-ios","1997-cisco-s-core-products-business-inte-bd8697"
"cisco-ios","aberdeen-1996-ciscos-access-business-unit-crystallizes-vision"
"cisco-ios","aberdeen-1996-remote-access-cisco-untold-story"
"cisco-ios-source-code","processor-editorial-article-the-momentum-2b093d"
"cisco-ipcc-express","processor-editorial-article-the-momentum-2b093d"
"cisco-leap","intel-centrino-pk-8ecf9a"
"cisco-netflow","portal-99-fe5656"
"cisco-security-agent","processor-editorial-article-the-momentum-2b093d"
"cisco-smb-class-solutions","processor-editorial-article-the-momentum-2b093d"
"ciscoremote","aberdeen-1996-ciscos-access-business-unit-crystallizes-vision"
"ciscosecure","aberdeen-1996-ciscos-access-business-unit-crystallizes-vision"
"citrix-metaframe","sun-sentinel-citrix-templeton-staying-20-b645c7"
"citrix-microsoft-licensing","sun-sentinel-citrix-templeton-staying-20-b645c7"
"citrix-microsoft-licensing-2002","sun-sentinel-citrix-templeton-staying-20-b645c7"
"citrix-winframe","1998-microsoft-nt-windows-2000-multi-user-computing-5f91e4"
"clarify-metadata","aberdeen-1996-clarify-inc"
"clariion","aberdeen-1996-risc-unix-market"
"clariion-storage","aberdeen-1996-data-general-corporation"
"classmate-pc","kastner-letter-to-craig-barrett-intel-2008-1ea221"
"clearcommcenter","aberdeen-1996-clarify-inc"
"clearhelpdesk","aberdeen-1996-clarify-inc"
"clearpath-hmp","aberdeen-1996-unisys-clears-path-a-series-os2200"
"clearpath-smp","aberdeen-1996-unisys-clearpath-smp-servers"
"clearsales","aberdeen-1996-clarify-inc"
"clearsupport","aberdeen-1996-clarify-inc"
"click-through-rate","1998-advertising-on-the-internet-leveraging-the-virtual-3972d6"
"client-server","10ibmiss-f66945"
"client-server","ca-internet-app-dev-sales-training-1996-48db9c"
"client-server","cispra~1-23a333"
"client-server","dectp-genspark-research2-4-a09a82"
"client-server","health~1-056358"
"client-server","informdsa-9f8bcf"
"client-server","informix-dsa-presentation-2-8d5fa3"
"client-server","itthar-1-4-32f824"
"client-server","kastner-ie-v-andersen-expert-report-3de98a"
"client-server","nti-12-client-server-goals-1993-15a519"
"client-server","nti-2-open-systems-1dd3af"
"client-server","nti-3-pc-and-ws-1993-17d49b"
"client-server","nti-5-development-toolsets-0e71c5"
"client-server","psk-misc-speech-agendas-5965a3"
"client-server","retail~1-d5de79"
"client-server","sabre-s-challenge-fb76f5"
"client-server","software-market-safegu~1-ea7453"
"client-server","testahur95-330c0c"
"client-server","volume-1-appendix-career-timeline"
"client-server","volume-1-ch07-founding-aberdeen-1988-1997"
"client-server","volume-1-ch10-the-long-view-1966-2026"
"client-server-1992","aberdeen-snr-architecture-three-tier-sli-abaaa5"
"client-server-architecture","1997-unify-vision-8fcfc3"
"client-server-architecture","1999-managing-customers-with-next-generation-software-a-a5adc4"
"client-server-architecture","aberdeen-1996-sqa-suite-50-automated-testing"
"client-server-architecture","aberdeen-megatrends-mfa-cs-mis-1993-05-98fc87"
"client-server-architecture","aberdeen-trends-90s-logan-1991-648c68"
"client-server-computing","2026-kastner-dec-longitudinal-22d177"
"client-server-computing","aberdeen-managing-is-amidst-it-chaos-lan-05ea75"
"client-server-computing","aberdeen-open-oltp-enterprise-managers-k-3fc536"
"client-server-erp","1997-vertical-industry-solutions-baan-leads-in-innovati-f12724"
"client-server-wms","ie-appendix-jones-wms-memo-2e5d6c"
"client-side-computing","intel-renewal1017-9-0d4419"
"clinger-cohen-act","unisys-florida-hrs-expert-witness-tallah-5b4524"
"cloud-computing","2010-intel-ia-continuum-wp-1-2-fc5653"
"cloud-computing","volume-1-appendix-career-timeline"
"cloud-computing","volume-1-ch10-the-long-view-1966-2026"
"cloud-computing","volume-1-epilogue-argument-with-reality"
"cloud-computing","washington-times-kellner-google-chrome-o-02e6a9"
"cloud-saas","2026-kastner-prescience-methodology-demo-0cdf48"
"cloud-saas","2026-kastner-top-100-economic-calls-2a98a7"
"clustering","1996-sequent-38f0b1"
"clustering","intel-infiband-wp--edit-psk-5-22f-a2c551"
"clustering-software","informationweek-windows-2000-high-end-am-4ccdae"
"cmb-system","real-time-billing-for-internet-protocol--5ef746"
"cmos-mainframe","aberdeen-1996-mainframe-revival-short-lived-or-long-term"
"cmos-technology","aberdeen-1996-unisys-clears-path-a-series-os2200"
"cobol","1997-viasoft-y2k-c2e540"
"cobol","2004-03-intelitaniummfewp11.doc-618d4a"
"cobol","aberdeen-1997-picks-right-tools-year-2000"
"cobol","adl-commercial-engagements-kastner-1972-1979-b8b001"
"cobol","intelitaniummfewp1[1]-773ea2"
"cobol","management-skills-learned-1969-3e75d0"
"cobol","nti-5-development-toolsets-0e71c5"
"cobol","nti-9-mainframe-role-1993-77fc40"
"cobol","translating-early-skills-and-experiences-15bb2d"
"cobol","volume-1-ch02-physics-of-the-machine-1969-1972"
"cobol","volume-1-ch03-physics-of-consulting-1972-1979"
"cobol","volume-1-ch04-prime-computer-1979-1981"
"cobol","volume-1-ch05-stratus-fault-tolerant-wars-1981-1987"
"cobol-legacy-systems","1998-y2k-report-f512fb"
"cobol-os-360","phi-psd-brochure-and-kastner-engagements-1969-1972-b8d001"
"cobol-programming","seven-ways-to-prepare-for-the-economic-u-0a7d35"
"code-generation","volume-1-ch02-physics-of-the-machine-1969-1972"
"collaboration-software","sun-launch-best-practices-report-draft-8-9741fb"
"collaborative-product-commerce","aberdeen-corporate-collateral-2001-v2-b4b001"
"color-inkjet-printer","dct-why-aberdeen-follows-pc-deals-2002"
"com-plus","intern~1-45df51"
"commerce-application-platform","1998-internet-sales-report-4cde3f"
"commerce-exchange","1997-commerce-exchange-pvp-250db8"
"commercexpert","ecprac~1-a7d0e4"
"commercexpert-suite","aberdeen-1997-actra-commercexpert-internet-commerce"
"commercial-benchmarks","2026-kastner-dec-longitudinal-22d177"
"commercial-messaging","aberdeen-1995-commercial-messaging"
"commercial-rdbms","october-1997-editor-s-buffer-5-771798"
"common-gateway-interface","aberdeen-1996-spider-technologies-netdynamics"
"commonpoint","aberdeen-1995-hp-softbench"
"compaq-himalaya-nonstop","sia-compaq-vows-support-himalaya-post-hp-21421a"
"compaq-proliant-4000","sequent-sap-sequen~1-7f70e4"
"compaq-proliant-servers","1997-the-compaq-siebel-global-alliance-an-e-roach-to-cu-458c35"
"complex-event-processing","ra-bpm-2006-f5a558"
"component-based-development","aberdeen-workshop-qualifying-questions-and-success-stories-2001-b6a001"
"component-broker","middle~1-a64fa0"
"component-technology","process-of-process-eba-335083"
"composite-applications","esb-in-soa-e002b7"
"composite-applications","ma-ibm-webify-5e0d4b"
"composite-applications","soa-in-it-e5b373"
"composite-applications","survey-composite-applications-used-to-so-15f7a5"
"composite-apps","soa-aon-webinar-31973c"
"composite-apps-interoperability","ra-enterprise-apps-312ba4"
"computer-dating-paper-questionnaire","computer-dating-1960s-businessinsider-gr-2b9490"
"computer-industry-consolidation","wsj-honeywell-bull-layoffs-kastner-1989-9faf05"
"computer-telephony-integration","aberdeen-1996-managing-customers-next-gen-helpdesk"
"consolidated-operations-mgmt","1997-automating-and-managing-internal-op-e69e64"
"consumer-lt-platform","intel-consumer-lt-10-5-03-580af7"
"consumer-pc","2002-hp-s-consumer-pc-business-will-shrink-psk-ef3cd5"
"consumer-pc-buying-2002","charlotte-observer-shain-back-to-school--4ec261"
"consumer-software","dct-supplier-list-2002"
"contact-center-platform","hp-smart-contact-b3c359"
"content-management","data-know-69ab04"
"content-management-market","aberdeen-eii-2003-ea3f1a"
"continuous-data-protection","04-mid-line-storage-v2-whitepaper-7db9bc"
"continuous-data-protection","mid-line-storage-white-paper-06-13-03-3-7a2c62"
"conversion-tools","1998-y2k-report-f512fb"
"corba","1997-broadvision-dynamic-web-application-5f10bb"
"corba","1997-commerce-exchange-pvp-250db8"
"corba","1997-unify-vision-8fcfc3"
"corba","1999-aberdeengroup-newsletter-april-1999-d157ec"
"corba","aberdeen-1995-commercial-messaging"
"corba","aberdeen-1995-hp-softbench"
"corba","aberdeen-1996-oracle-network-computing-architecture"
"corba","intern~1-45df51"
"corba","middle~1-a64fa0"
"corba","nti-2-open-systems-1dd3af"
"corba","nti-4-nextgen-os-timing-1993-a45049"
"corba","nti-5-development-toolsets-0e71c5"
"corba","tool-vendors-neglect-intranet-computing--97bde3"
"corba-common-object-request-broker-architecture","1997-commercial-risc-unix-1996-mvp-711569"
"corba-common-object-request-broker-architecture","1997-data-integration-management-in-hete-de2429"
"corba-common-object-request-broker-architecture","1997-data-mining-buying-guide-71e463"
"corba-common-object-request-broker-architecture","1997-dec-linkworks-webworker---an-object-db2d2a"
"corba-common-object-request-broker-architecture","1997-ibm’s-network-computing-solution----e74e8a"
"corba-common-object-request-broker-architecture","1998-hp-high-availability-and-metadata-7d1276"
"corba-common-object-request-broker-architecture","1998-pc-impact-and-metadata-e2a169"
"corba-common-object-request-broker-architecture","2003-intel-consumer-lt-10-5-8c346e"
"corba-common-object-request-broker-architecture","aberdeen-1995-digital-objectbroker"
"corba-orb","aberdeen-1996-live-object-caching-high-performance"
"core-dump","volume-1-ch02-physics-of-the-machine-1969-1972"
"core-i5","2010-intel-vpro-daily-globe-6f615e"
"core-i7","2010-intel-vpro-daily-globe-6f615e"
"core-memory","volume-1-ch02-physics-of-the-machine-1969-1972"
"core-processor","2010-intel-ia-continuum-wp-1-2-fc5653"
"core-processor","intel-2010-vpro-daily-globe-42697e"
"corporate-desktop-pc","pc-replacement-survey-one-size-fits-none-73e2e0"
"corporate-desktop-pc","tech-investor-deflation-the-dropping-dol-c85a61"
"corporate-desktop-pc","techno-news-blog-6-713812"
"cosmos-application-package","adl-commercial-engagements-kastner-1972-1979-b8b001"
"cosmos-application-package","phi-psd-brochure-and-kastner-engagements-1969-1972-b8d001"
"cosmos-application-package","volume-1-appendix-career-timeline"
"cosmos-application-package","volume-1-ch02-physics-of-the-machine-1969-1972"
"coso-icif","topic-iia-pc-management-best-practices-2003-10"
"cpi-u","2026-kastner-prescience-methodology-demo-0cdf48"
"cplusplus","aberdeen-1996-live-object-caching-high-performance"
"cpm-pricing","1998-advertising-on-the-internet-leveraging-the-virtual-3972d6"
"credit-card-aggregation","1999-digitalcash-the-dash-to-digital-cash-enabling-inte-23732b"
"credit-card-dispute-image-app","inovant-ramp-interview-for-maxtor-projec-e7f75d"
"crm","2004-aimsnapshot-6c49f0"
"crm","2004-azeritysnapshot-4c1c8d"
"crm","2004-bluestreaksnapshot-7a4713"
"crm","2004-crmeuropetoc-c6f15e"
"crm","2004-crmspending2003toc-1f27ce"
"crm","2004-firstwavesnapshot-92dd2e"
"crm","2004-fsmwebtoc-85b5dc"
"crm","2004-salesforce-5a1170"
"crm","2004-verticalsolutionssnapshot-fd28fe"
"crm","2006-researchpreviewci-f551f1"
"crm","2007-ra-cmo-smemme-la-3607-eff289"
"crm","aberdeenmto-sellsideresearchagenda-0c8b87"
"crm","abra-market-to-order-sellside-090204-acd407"
"crm","aimsnapshot-8adfd4"
"crm","azeritysnapshot-511e79"
"crm","ba-mobilemessaging-apw-bs-3703-2a96a0"
"crm","bluestreaksnapshot-be4053"
"crm","bm-compliance-clues-3590-ac2adb"
"crm","callcenteroptimization-researchreport-rk-3503-0ea8b5"
"crm","ci-factoids-188ee5"
"crm","crmdatasheet-2fa361"
"crm","crmeuropetoc-8d72da"
"crm","crmreportwebtoc-fedb33"
"crm","crmspending2002toc-8be8e9"
"crm","crmspending2003toc-bc94b2"
"crm","crmspendingtoc-114504"
"crm","e-sourcingfulltoc-ff36c8"
"crm","emailmarketing-8a22e9"
"crm","firstwavesnapshot-506187"
"crm","fsmwebtoc-e69049"
"crm","fvcm-2d867b"
"crm","gsm-researchagenda-48cbc9"
"crm","it-spending2003toc-be8f60"
"crm","itspending-236a9a"
"crm","junenews-fc15cc"
"crm","mcmwebtoc-09fe7d"
"crm","mobiledatatoc-5b5e85"
"crm","mobilemiddlewareabridgedtoc-80c331"
"crm","mto-05-06-cmo-mktanalyticslagenda-081605a-6a0fa4"
"crm","mto-204q04-20-20proactive-20service-20102804a-3388b9"
"crm","pragmatechv2snapshot-b0953e"
"crm","ra-cmo-smemme-la-3607-20a587"
"crm","ra-pointsofservice-pr-2858-838bf8"
"crm","rr-businessintelligencecustmgmt-gb-3697-5bf0f4"
"crm","salesforce-d77b13"
"crm","searchspace-aff41f"
"crm","technology-themes-2003-04"
"crm","technology-themes-ee5ba4"
"crm","top10crm-185a2a"
"crm","unipresssnapshot-fb7211"
"crm","verticalsolutionssnapshot-df0498"
"crm","written-technology-themes-4d6f14"
"crm","wwstoragereporttoc-2ba9ad"
"crm-applications","1999-crm-professional-services-rpt-96bf13"
"crm-platform","2002-ca-does-the-right-thing-customers-say-cro-rocks-1fc1d7"
"crm-software","1999-managing-customers-with-next-generation-software-a-a5adc4"
"crm-software","2001-aberdeen-group-recent-publications-psk-2be54d"
"crm-software","2002-it-purchasing-the-view-from-the-end-of-the-tunnel--f63cde"
"crm-software","2002-it-spending-shows-encouraging-signs-0d61cd"
"crm-software","2003-aberdeen-group-free-research-aberdeen-insights-1-968e18"
"crm-software","2003-crm-redux-we-told-you-so-b4b0c1"
"crt-monitor","death-of-crt-monitor-pcmag-2002-977c17"
"cti","1998-communicating-business-intelligence-through-comput-0290b1"
"cti","1999-crm-professional-services-rpt-96bf13"
"cti","cispra~1-23a333"
"cti-computer-telephony-integration","1997-cis-report-ba825e"
"cti-framework","aberdeen-1996-mitels-nevadanetworked-voice-data-speeding-toward"
"cti-in-cis","1998-cis-report-customer-interaction-software-631068"
"cti-new-generation","aberdeen-1996-telechips-access-pc-telephony-interaction"
"customer-driven-is","aberdeen-customer-driven-info-systems-at-2f9724"
"customer-driven-is","oracle-att-ncr-customer-driven-seminar-t-b9f539"
"customer-driven-is","oracle-att-ncr-pittsburgh-seminar-letter-98b0a4"
"customer-focused-selling","ca-customer-focused-selling-curriculum-38c507"
"customer-information-systems","utilities-transformed-it-696ffb"
"customer-interaction-software","1997-the-compaq-siebel-global-alliance-an-e-roach-to-cu-458c35"
"cybershield","aberdeen-1996-data-generals-cybershield-security-solutions-advancing"
"cyberswitch","1997-cabletron--discovering-the-beacon-u-2d44d5"
"daily-close","oracle-appsworld-insight-edit-4-813c2e"
"das-internal","maxtor-ramp-interview-guide-first-draft-c68ebd"
"dat-tape-1-3gb","ncr-3000-cabinet-engineering-diagram-199-fa564f"
"data-center-consolidation","technology-themes-ee5ba4"
"data-destruction-software","2003-dell-asset-recovery-services-white--142827"
"data-general-aviion","tpc2-92-c2a45c"
"data-general-avion-4900","sap-r-3-on-wintel-servers-712986"
"data-general-eclipse","adl-public-safety-911-cad-systems-1973-1979-b8a001"
"data-general-eclipse","volume-1-ch03-physics-of-consulting-1972-1979"
"data-general-eclipse-s-230","adl-ase-asep-two-way-power-communications-1979-b8c001"
"data-knowledge","1999-crm-professional-services-rpt-96bf13"
"data-mart","aberdeen-1996-enterprise-data-knowledge-integrated-data-marts"
"data-mart","data-know-69ab04"
"service-oriented-architecture","1997-commercial-risc-unix-1996-mvp-711569"
"service-oriented-architecture","1997-data-integration-management-in-hete-de2429"
"service-oriented-architecture","1997-data-mining-buying-guide-71e463"
"service-oriented-architecture","1997-datafocus'-nutcracker--enterprise-c-bfc11e"
"service-oriented-architecture","1997-dec-linkworks-webworker---an-object-db2d2a"
"service-oriented-architecture","1998-hp-high-availability-and-metadata-7d1276"
"service-oriented-architecture","1998-pc-impact-and-metadata-e2a169"
"service-oriented-architecture","2001-hp-camera-lab-journal-prod-d90f3f"
"service-oriented-architecture","2003-dell-ars-white-paper-53d13d"
"service-oriented-architecture","2003-intel-consumer-lt-10-5-8c346e"
"service-oriented-architecture","cab199-1-2-0cb163"
"service-oriented-architecture","data-know-69ab04"
"service-oriented-architecture","it-budget-realities-benchmark-1b1313"
"service-oriented-architecture","retail~1-d5de79"
"service-oriented-architecture","soa-aon-webinar-022206a-125e6b"
"data-mining-1996","upgrades-boost-database-market-iweek-fol-f19804"
"data-ontap","aberdeen-1996-network-appliance-data-appliances"
"data-quality-enrichment","data-know-69ab04"
"data-warehouse","1999pr~1-c5516b"
"data-warehouse","aberdeen-1996-enterprise-data-knowledge-integrated-data-marts"
"data-warehouse","aberdeen-eii-2003-ea3f1a"
"data-warehouse","ca-infrastructure-speech-chaos-or-cosmos-9cdfb1"
"data-warehouse","data-know-69ab04"
"data-warehouse","data-warehouse-2-years-later-cause-1994-721bb1"
"data-warehouse","health~1-056358"
"data-warehouse","mid-line-storage-white-paper-06-13-03-3-7a2c62"
"data-warehouse","software-market-safegu~1-ea7453"
"data-warehouse","volume-1-ch07-founding-aberdeen-1988-1997"
"data-warehouse","volume-1-ch09-expert-witness-technology-on-trial-1992-2015"
"data-warehouse-appliance","safeway-damages-report-draft-b502f4"
"data-warehouse-appliance","volume-1-ch09-expert-witness-technology-on-trial-1992-2015"
"data-warehouse-scaling","att-worldmark-wsj-ad-aberdeen-quote-1995-ec56fb"
"data-warehousing","1996-electronic-commerce-25d31b"
"data-warehousing","aberdeen-1995-data-warehouse-olap"
"data-warehousing","aberdeen-1996-moving-effectively-next-gen-client-server"
"data-warehousing","aberdeen-1996-object-oriented-three-tier-plus-computing"
"data-warehousing","aberdeen-1996-risc-unix-market"
"data-warehousing","cab199-1-2-0cb163"
"data-warehousing","dbmspr~1-7c854e"
"data-warehousing","maxtor-ramp-interview-guide-first-draft-c68ebd"
"data-warehousing","retail~1-d5de79"
"data-warehousing","volume-1-ch07-founding-aberdeen-1988-1997"
"database-management","volume-1-ch09-expert-witness-technology-on-trial-1992-2015"
"databases-rdbms","kastner-technology-breadth-memoir-2026"
"datadirect-explorer","aberdeen-1995-intersolv-virtual-data-warehouse"
"datadirect-odbc-pack","aberdeen-1995-intersolv-virtual-data-warehouse"
"datadirect-sequelink","aberdeen-1995-intersolv-virtual-data-warehouse"
"datadirect-smartdata","aberdeen-1995-intersolv-virtual-data-warehouse"
"datajoiner","1997-ibm-information-integration-family--29351c"
"datajoiner","aberdeen-1995-ibm-db2-common-server"
"datakeeper","snap-appliance-snapshot-2003"
"datakeeper","snap-appliances-snapshot-10-15pk-f183fe"
"datapropagator","aberdeen-1995-ibm-db2-common-server"
"davis-vantage-pro-plus","dct-kastner-wish-list-2002-12"
"db2","1997-data-mining-buying-guide-71e463"
"db2","1997-dec-linkworks-webworker---an-object-db2d2a"
"db2","1998-hp-high-availability-and-metadata-7d1276"
"db2","2002-performance-breakthroughs-the-benchmarking-fanatic-6d41fa"
"db2","2003-dell-ars-white-paper-53d13d"
"db2","aberdeen-1996-flexiinternational-software-financial-acumen-technology"
"db2","nti-6-rdbms-technology-48f4aa"
"db2","nti-9-mainframe-role-1993-77fc40"
"db2","soa-aon-webinar-022206a-125e6b"
"db2-400","aberdeen-1997-as400-nt-server-ibm-microsoft-working-together"
"db2-6000","ibm-rs6000-midran~1-88f049"
"db2-aix","ibmrs6k-05561e"
"db2-aix","rdbms-for-ibm-powera~1-7a44be"
"db2-common-server","aberdeen-1995-ibm-db2-common-server"
"db2-parallel-edition","aberdeen-1995-ibm-db2-common-server"
"db2-universal-database","dbmspr~1-7c854e"
"dbs-tps-metrics","dec-notes-tp1-debit-credit-thread-1987-1-5815dc"
"dce","aberdeen-1995-commercial-messaging"
"dce","aberdeen-1996-ibm-os2-warp-server"
"dceit-framework","dct-dceit-practice-v6-2002"
"dct-framework","dct-webinar-nov-2002"
"dct-research","2026-kastner-core-arguments-framework-0b0c6b"
"ddr-memory","intel-ia2004-pk4-kc-edits-de9c37"
"ddr-sdram","dct-business-2002-11-pc-deals"
"ddr-sdram","dct-business-2002-12-17-pc-deals"
"ddr-sdram","dct-business-2002-12-19-pc-deals"
"ddr-sdram","dct-business-2002-12-pc-deals"
"ddr-sdram","dct-weekly-2002-08-24-pc-deals-analysis"
"ddr-sdram","dct-weekly-2002-08-24-pc-deals-script"
"ddr-sdram","dct-weekly-2002-10-06"
"ddr-sdram","dct-weekly-2002-11-17"
"ddr-sdram","dct-weekly-2002-12-01"
"ddr-sdram","dct-weekly-2002-12-15"
"ddr-sdram","dct-weekly-2002-12-22"
"ddr-sdram","dct-weekly-2003-01-12"
"ddr-sdram","dct-weekly-2003-03-02"
"ddr-sdram","dct-weekly-2003-03-09"
"ddr-sdram","dct-weekly-2003-03-16"
"ddr-sdram","dct-weekly-2003-03-23"
"ddr-sdram","dct-weekly-2003-04-13"
"ddr-sdram","dct-weekly-2003-04-20"
"ddr-sdram","dct-weekly-2003-05-11"
"ddr-sdram","dct-weekly-2003-05-18"
"ddr-sdram","dct-weekly-2003-07-06"
"ddr-sdram","dct-weekly-2003-08-03"
"ddr-sdram","dct-weekly-2003-08-10"
"ddr-sdram","dct-weekly-2003-08-17"
"ddr-sdram","dct-weekly-2003-08-24"
"ddr-sdram","dct-why-aberdeen-follows-pc-deals-2002"
"ddr-sdram","planningforemergingindustry-6-40decb"
"ddr2","dell-precision-workstations-3-581e89"
"ddr2-memory","intel-ia2004-pk4-kc-edits-de9c37"
"ddr2-sdram","planningforemergingindustry-6-40decb"
"ddr2-sdram","technology-news-future-tech-plastic-disc-4a4a71"
"ddta","dec-mgmt-memo-v7n5-state-of-company-1988-6a9954"
"debit-credit-benchmark","dec-debit-credit-guidelines-kohler-hsu-1-e228b4"
"debit-credit-benchmark","dec-notes-tp1-debit-credit-thread-1987-1-5815dc"
"debit-credit-benchmark","dec-primer-comparing-debit-credit-tests--c30cfa"
"debit-credit-benchmark","dec-zahavi-debit-credit-vaxclusters-1988-1a9e2e"
"debit-credit-benchmark","volume-1-ch06-dec-mainframes-last-stand-1987-1988"
"debitcredit-et1-tp1","stratus-et1-tp1-tandem-dossier-1986-26871a"
"debitcredit-et1-tp1","tandem-tr-85-2-debitcredit-1985-ca207a"
"dec-10","adl-commercial-engagements-kastner-1972-1979-b8b001"
"dec-alpha-osf1","1993-hercules-sap-28344a"
"dec-financial-accounting-system","boston-globe-dec-steul-cfo-resigns-1994-4013c6"
"dec-financial-leadership-vacuum","nyt-dec-steul-loses-another-top-official-8f8883"
"dec-pdp-8","volume-1-ch01-waiting-for-automation-1960-1969"
"dec-q3-1994-loss","boston-globe-dec-steul-cfo-resigns-1994-4013c6"
"dec-q3-1994-loss","nyt-dec-steul-loses-another-top-official-8f8883"
"dec-trucluster","sequent-s-numa-q-2000-solutions-77a77c"
"dec-vax-11-782","stratus-computer-is-down-ad-reprints-c19-903ebf"
"decdta","dtj-v03-01-tp-and-fault-tolerant-1991-cf078c"
"decdtm","2026-kastner-dec-longitudinal-22d177"
"decdtm","dtj-v03-01-tp-and-fault-tolerant-1991-cf078c"
"decforms","dtj-v03-01-tp-and-fault-tolerant-1991-cf078c"
"decintact","dec-zahavi-debit-credit-vaxclusters-1988-1a9e2e"
"decintact","dectp-genspark-research2-4-a09a82"
"decintact","dtj-v03-01-tp-and-fault-tolerant-1991-cf078c"
"decision-support","informdsa-9f8bcf"
"decision-support","intel-dss99-42b2bc"
"decision-support","jungle-1-5-675c58"
"decision-support-systems","1998-information-technology-in-the-retail-sector-the-in-33dc54"
"decision-support-systems","aberdeen-customer-driven-info-systems-at-2f9724"
"dectp","2026-kastner-dec-longitudinal-22d177"
"dectp","dec-mgmt-memo-v7n5-state-of-company-1988-6a9954"
"dectp","dtj-v03-01-tp-and-fault-tolerant-1991-cf078c"
"dectp","volume-1-about-the-author"
"dectp","volume-1-appendix-career-timeline"
"dectp","volume-1-ch06-dec-mainframes-last-stand-1987-1988"
"decwindows","dec-mgmt-memo-v7n5-state-of-company-1988-6a9954"
"deep-learning","volume-1-ch10-the-long-view-1966-2026"
"deflation-monetary","tech-investor-deflation-the-dropping-dol-c85a61"
"dell-6650","dell-sap-v6-d08820"
"dell-ars","2003-dell-asset-recovery-services-white--142827"
"dell-ars-recycling-service","dell-ars-white-paper-prod-7-11m-c60434"
"dell-ars-recycling-service","dell-sd2-final-d6e78c"
"dell-ars-value-recovery-service","dell-ars-white-paper-prod-7-11m-c60434"
"dell-ars-value-recovery-service","dell-sd2-final-d6e78c"
"dell-axim-x5","dct-kastner-wish-list-2002-12"
"dell-dimension","warranty-week-dell-warranty-policies-kas-0c084d"
"dell-emc-ax100","2004-05dell-storage-profile-editpk-05170-3c00b1"
"dell-emc-ax100","dell-storage-profile-2004"
"dell-emc-cx-family","2004-05dell-storage-profile-editpk-05170-3c00b1"
"dell-emc-cx-family","dell-storage-profile-2004"
"dell-emc-cx200","2003-dell-dives-deeper-d35985"
"dell-exchange","2003-dell-asset-recovery-services-white--142827"
"dell-jukebox","music-tv-central-to-dell-consumer-push-m-57e733"
"dell-latitude","warranty-week-dell-warranty-policies-kas-0c084d"
"dell-lcd-tv","music-tv-central-to-dell-consumer-push-m-57e733"
"dell-online","music-tv-central-to-dell-consumer-push-m-57e733"
"dell-optiplex-gx260","warranty-week-dell-warranty-policies-kas-0c084d"
"dell-poweredge","oracle-and-dell-take-aim-at-midsize-busi-770ea6"
"dell-poweredge-1655mc","infoworld-dell-sharpens-blade-attack-nee-f9cb9c"
"dell-poweredge-7250","internetnews-veritas-itanium-believer-20-2ff4eb"
"dell-powervault-nas","dell-storage-profile-2004"
"dell-powervault-tape","dell-storage-profile-2004"
"dell-precision-370","dell-precision-workstations-3-581e89"
"dell-precision-470","dell-precision-workstations-3-581e89"
"dell-precision-670","dell-precision-workstations-3-581e89"
"demand-response","adl-ase-asep-two-way-power-communications-1979-b8c001"
"design-for-test","topic-semiconductor-practice-definition-2002"
"design-time-governance","aberdeen-ra-soa-management-governance-20-ff6a2c"
"design-time-governance","ra-soa-2007-97c147"
"design-time-governance","soa-lifecycle-perspective-1ff953"
"design-time-governance","soa-web-services-2007-c3297b"
"desktop-laptop-tco","kastner-sipp-pc-lifecycle-dynamics-2003-4395fd"
"desktop-pc","dct-access-pc-deals-2002-2003"
"desktop-pc","dct-business-2002-11-pc-deals"
"desktop-pc","dct-business-2002-12-17-pc-deals"
"desktop-pc","dct-business-2002-12-19-pc-deals"
"desktop-pc","dct-business-2002-12-pc-deals"
"desktop-pc","dct-personal-it-forecast-research-2001"
"desktop-pc","dct-personal-it-practice-launch-2001"
"desktop-pc","dct-segment-priorities-matrix-2003"
"desktop-pc","dct-weekly-2002-10-06"
"desktop-pc","dct-weekly-2002-10-27"
"desktop-pc","dct-weekly-2002-11-14-p4-ht"
"desktop-pc","dct-weekly-2002-11-17"
"desktop-pc","dct-weekly-2002-12-01"
"desktop-pc","dct-weekly-2002-12-15"
"desktop-pc","dct-weekly-2002-12-22"
"desktop-pc","dct-weekly-2003-01-05"
"desktop-pc","dct-weekly-2003-01-12"
"desktop-pc","dct-weekly-2003-01-26"
"desktop-pc","dct-weekly-2003-03-02"
"desktop-pc","dct-weekly-2003-03-09"
"desktop-pc","dct-weekly-2003-03-16"
"desktop-pc","dct-weekly-2003-03-23"
"desktop-pc","dct-weekly-2003-04-06"
"desktop-pc","dct-weekly-2003-04-13"
"desktop-pc","dct-weekly-2003-04-20"
"desktop-pc","dct-weekly-2003-05-11"
"desktop-pc","dct-weekly-2003-05-18"
"desktop-pc","dct-weekly-2003-06-08"
"desktop-pc","dct-weekly-2003-06-15"
"desktop-pc","dct-weekly-2003-06-22"
"desktop-pc","dct-weekly-2003-07-06"
"desktop-pc","dct-weekly-2003-07-13"
"desktop-pc","dct-weekly-2003-07-26"
"desktop-pc","dct-weekly-2003-08-03"
"desktop-pc","dct-weekly-2003-08-10"
"desktop-pc","dct-weekly-2003-08-17"
"desktop-pc","dct-weekly-2003-08-24"
"desktop-pc","less-is-more-stylin-pcs-3-de2c65"
"desktop-pc","pc-style-living-room-macobserver-seward-97ed83"
"desktop-pc","technology-news-trends-desktop-pcs-decli-7993aa"
"desktop-pc-windows","2026-kastner-prescience-methodology-demo-0cdf48"
"desktop-virtualization","desktop-virtualization-roi---aberdeen-8fa168"
"device-synchronization","kastner-sipp-pc-lifecycle-dynamics-2003-4395fd"
"dg-eclipse","management-skills-learned-1969-3e75d0"
"dhcp","netcompute-e6c378"
"dhtml","webex--taking-conferencing-to-the-busine-5b8109"
"dial-up-isp","goremote-profile-5-2a-8fa814"
"dicom","aberdeen-1997-hp-andover-working-group"
"digital-alpha","aberdeen-1996-software-ag-digital-high-performance-solutions"
"digital-alpha-xl","aberdeen-1996-digitals-personal-workstation-new-markets-channels"
"digital-appliance","dct-personal-it-practice-launch-2001"
"digital-camera","iha-full-report---draft-jul-28-41de81"
"digital-celebris-xl","aberdeen-1996-digitals-personal-workstation-new-markets-channels"
"digital-consumer-technology","2026-kastner-prescience-methodology-demo-0cdf48"
"digital-consumer-technology","2026-kastner-top-100-economic-calls-2a98a7"
"digital-delivery","1997-commerce-exchange-pvp-250db8"
"digital-imaging","hp-analyst-phone-call-6-204870"
"digital-linkworks","aberdeen-1995-digital-linkworks"
"digital-media-windows-xp","2001-living-with-windows-xp-media-player-and-wireless-s-02f8a8"
"digital-objectbroker","aberdeen-1995-digital-objectbroker"
"digital-payment-systems","1998-internet-sales-report-4cde3f"
"digital-prioris-zx-6200mp","aberdeen-1996-digital-debunks-ntsmp-scalability-myth"
"digital-rdb","volume-1-ch06-dec-mainframes-last-stand-1987-1988"
"digital-rights-management","1999-digitalcash-the-dash-to-digital-cash-enabling-inte-23732b"
"digital-signature-products","aberdeen-workshop-qualifying-questions-and-success-stories-2001-b6a001"
"digital-tv","dct-personal-it-practice-launch-2001"
"digital-tv","dct-video-market-segmentation-2002"
"digital-unix","aberdeen-1996-digital-leading-nt-across-enterprise-charge"
"digital-unix-tru64","1997-commercial-risc-unix-1996-mvp-711569"
"digital-unix-tru64","1997-datafocus'-nutcracker--enterprise-c-bfc11e"
"digital-unix-tru64","1997-dec-linkworks-webworker---an-object-db2d2a"
"digital-unix-tru64","1998-hp-high-availability-and-metadata-7d1276"
"digital-unix-tru64","2026-kastner-dec-longitudinal-22d177"
"digital-unix-tru64","aberdeen-1995-digital-linkworks"
"digital-vax","1992-tpc-benchmarks-vp-ed0e0d"
"digital-vax","bbn1989-1e6838"
"digital-vax","debit-credit-ibm-dec-1988-2-2fc147"
"digital-vax","dec-resume-performance-review-3-1f133b"
"digital-vax","dectp92-0ca51c"
"digital-vax","ibm-rs6000-midran~1-88f049"
"digital-vax","tpcbench92-139998"
"direct-broadcast-satellite","2002-alternate-consumer-electronics-channels-ppliers-em-b9052b"
"directory-services","1999-aberdeengroup-newsletter-april-1999-d157ec"
"directx-9","nvidia-geforce-fx-notes-2003-02"
"disc-assessment","ca-customer-focused-selling-curriculum-38c507"
"disk-array","2003-storage-trends-what-will-be-hot-in-2003-and-beyond-cd0aeb"
"disk-based-backup","maxtor-survey-report-5-20c-0f458e"
"disk-based-backup-appliance","mid-line-storage-white-paper-06-13-03-3-7a2c62"
"disk-based-backup-appliance","midline-storage-white-paper-jun2003"
"disk-mirroring","ieee-db-stratus-32-psk-1d4564"
"disk-sanitization","dell-ars-wp-2-72fd7f"
"disk-to-disk-backup","computerworld-ilm-article-15f604"
"disk-to-disk-backup","computerworld-ilm-waiting-2004"
"displays-peripherals","kastner-technology-breadth-memoir-2026"
"distance-learning","1999pr~1-c5516b"
"distributed-computing","aberdeen-1995-hp-softbench"
"distributed-customer-info","oracle-att-ncr-pittsburgh-seminar-letter-98b0a4"
"distributed-lock-manager","dec-zahavi-debit-credit-vaxclusters-1988-1a9e2e"
"distributed-object-technology-corba","aberdeen-1995-digital-linkworks"
"distributed-objects","1996-electronic-commerce-25d31b"
"distributed-systems","psk-misc-speech-agendas-5965a3"
"dns-managed-services","2001-aberdeen-group-recent-publications-psk-2be54d"
"document-scanning","kaiser-permanente-ramp-interview-for-max-8e4033"
"dops","aberdeen-dops-tpc-1992-deck-bbe78e"
"dops-distributed-open-prod","aberdeen-dops-distributed-open-prod-syst-cbae77"
"dors","aberdeen-dors-buying-guide-1996-web-5ee808"
"dotnet","2002-microsoft-business-solutions-the-new-wave-at-stamp-532ae4"
"dotnet","2003-aberdeen-group-free-research-aberdeen-insights-1-968e18"
"downsizing","aberdeen-managing-is-amidst-it-chaos-lan-05ea75"
"downsizing","hp-mainframe-alternative-fernandez-mfasc-a2179f"
"downsizing-it-strategy","aberdeen-multitrak-headlines-context-kas-f941d1"
"dram-128mbit","dct-personal-it-forecast-research-2001"
"dram-256mbit","dct-personal-it-forecast-research-2001"
"drive-by-wifi","dct-sony-personal-electronic-vision-2002"
"dsl","2002-cable-and-telco-companies-battle-for-home-internet-2baa0b"
"dsl-broadband","goremote-profile-5-2a-8fa814"
"dsl-lite","aberdeen-1997-aberdeen-group-impacts"
"dso-analysis","casale-evp-5-aa8f2a"
"dss-os2","aberdeen-1996-ibm-os2-warp-server"
"dss-server","dssune~1-cbf6e3"
"dtcp-ip","intel-idf-pk-notes-3-6666da"
"dvc-compression","omnibox97-53bcfe"
"dvd-cd-rw","usatoday-reuters-pc-music-deals-gateway--b3a303"
"dvd-cd-rw-combo","dct-weekly-2002-12-22"
"dvd-cd-rw-combo","dct-weekly-2003-08-17"
"dvd-content-filtering","future-of-dvd-forum-panel-2003-taylor-61b198"
"dvd-format","future-of-dvd-forum-panel-2003-taylor-61b198"
"dvd-rw","dct-weekly-2002-12-22"
"dvd-rw","dct-weekly-2003-03-23"
"dvd-rw","dct-weekly-2003-04-06"
"dvd-rw","dct-weekly-2003-04-20"
"dvd-rw","dct-weekly-2003-06-08"
"dvd-rw","dct-weekly-2003-08-03"
"dvd-rw","dct-weekly-2003-08-10"
"dvd-rw","dct-weekly-2003-08-17"
"dvd-rw","dct-weekly-2003-08-24"
"dwl-customer","top-iseries-isvs-2002-2e8695"
"dynamic-web-applications","1997-broadvision-dynamic-web-application-5f10bb"
"dynix-ptx","sequent-592620"
"e-business","1999pr~1-c5516b"
"e-commerce","1996-electronic-commerce-06b0b5"
"e-commerce","1998-software-ag-insurance-74c710"
"e-commerce","1999pr~2-cd0049"
"e-commerce","1q06-ff-bp-retail-transportation-081905a-192432"
"e-commerce","2004-eai-toc-e6ff9f"
"e-commerce","2004-netmarket-toc-eab5b1"
"e-commerce","digital-20cash-toc-fd1ab4"
"e-commerce","digitalcash-595cbc"
"e-commerce","eai-toc-1059fc"
"e-commerce","esourcing-a513ee"
"e-commerce","hcm-toc-9ec0bd"
"e-commerce","hosting-20services-toc-d1e361"
"e-commerce","kastner-jrl-trends-1999-pk-responses-f4c5a4"
"e-commerce","m-commerce-20-20toc-2bfda1"
"e-commerce","netmarket-toc-a7bfa2"
"e-commerce","osbptoc9-23-fd5f9a"
"e-commerce","ra-lbs-sd-3599-736223"
"e-commerce","ra-web-site-search-3910-5f9297"
"e-commerce","ra-web-site-search-3910-sli-16eb05"
"e-commerce","rainbowsnapshot-0df5ed"
"e-commerce","spotlightmirrorimage-3ee2aa"
"e-commerce","streamingmediatoc-d6b5cc"
"e-commerce","volume-1-appendix-career-timeline"
"e-commerce","webglobalization-9a3e89"
"e-commerce","written-1996-electronic-commerce-9cdeba"
"e-commerce","written-intel-infiband-wp-edit-psk-5-22f-c7606f"
"e-commerce","written-mirror-image-profile-v2-050404-384513"
"e-commerce-infrastructure","volume-1-ch08-aberdeen-go-go-years-1998-2006"
"e-commerce-platform-software","2026-kastner-prescience-methodology-demo-0cdf48"
"e-customer-service","aberdeen-productization-pricing-and-survey-research-program-2000-b7b001"
"e-distribution","aberdeen-practice-definitions-compendium-2000-b7a001"
"e-employee-self-service","aberdeen-productization-pricing-and-survey-research-program-2000-b7b001"
"e-learning","2002-webex-taking-conferencing-to-the-business-communic-85e330"
"e-learning","trends00-6a553a"
"e-learning-platforms","1999-e-learning-in-the-enterprise-psk-d0fc8a"
"e-marketing-platforms","aberdeen-productization-pricing-and-survey-research-program-2000-b7b001"
"e-messaging","aberdeen-practice-definitions-compendium-2000-b7a001"
"e-procurement","2001-aberdeen-group-recent-publications-psk-2be54d"
"e-procurement","aberdeen-practice-definitions-compendium-2000-b7a001"
"e-procurement","aberdeen-productization-pricing-and-survey-research-program-2000-b7b001"
"e-sales","aberdeen-practice-definitions-compendium-2000-b7a001"
"e3-marketplace","top-iseries-isvs-2002-2e8695"
"eai","1998-enterprise-application-integration-advanced-techno-71496c"
"eai","2002-it-purchasing-the-view-from-the-end-of-the-tunnel--f63cde"
"eai","2026-kastner-core-arguments-framework-0b0c6b"
"eai","ca-interbiz-bizworks-profile-054f3c"
"eai","erpv2p~1-b15573"
"eai","esb-soa-fabric-webmethods-techtarget-see-83b233"
"eai","volume-1-ch07-founding-aberdeen-1988-1997"
"eai","volume-1-ch08-aberdeen-go-go-years-1998-2006"
"eai","volume-1-ch10-the-long-view-1966-2026"
"eai-general","soa-aon-webinar-31973c"
"eai-middleware","2000-enterprise-application-integration1-9e1eca"
"eai-middleware","oracle-middleware-fragment-5-d3d774"
"eai-middleware","oracle-wp-prod-6-a42b4b"
"eai-middleware","oracleroiwhitepaperprod-7-bcf73f"
"eai-middleware","ra-bpm-2007-890201"
"eai-middleware","trends99-18726b"
"eai-technology","aberdeen-eii-2003-ea3f1a"
"easynet","dec-mgmt-memo-v7n5-state-of-company-1988-6a9954"
"eba-enterprise-business-applications","process-of-process-eba-335083"
"ebi-platforms","2000-enterprise-application-integration1-9e1eca"
"ebilling-payment","2001-aberdeen-group-recent-publications-psk-2be54d"
"ec-exchange","1997-the-ec-company-not-your-father-s-edi-c1ebff"
"ecc-memory","intel-ia2004-pk4-kc-edits-de9c37"
"ecf-enterprise-communication-framework","aberdeen-1997-hp-andover-working-group"
"eclipse-ide","ma-ibm-webify-5e0d4b"
"eclipsys-sunrisexa-3-3","auditor-report-4-43ad9b"
"ecommerce-crm","1999-crm-professional-services-rpt-96bf13"
"ecrm","2001-fletcher-spaght-3bb872"
"ecu-european-currency","aberdeen-1996-year-2000-transition-opportunity-reconstruction"
"ecxpert-internet-edi","aberdeen-1997-actra-commercexpert-internet-commerce"
"edi","1996-electronic-commerce-25d31b"
"edi","1997-vertical-industry-solutions-baan-leads-in-innovati-f12724"
"edi","ca-y2k-cfo-executive-exchange-1997-c59ca4"
"edi-electronic-data-interchange","1997-commerce-exchange-pvp-250db8"
"edi-electronic-data-interchange","dollars-and-sense-b2b-ec-eb8c9d"
"edi-procurement","1998-internet-procurement-cdc4a6"
"edi-van","1997-the-ec-company-not-your-father-s-edi-c1ebff"
"edi-van","dollars-and-sense-b2b-ec-eb8c9d"
"eii-platform","aberdeen-eii-2003-ea3f1a"
"eism","software-market-safegu~1-ea7453"
"ejb","intern~1-45df51"
"elastic-packet-buffering","aberdeen-1995-3com-lanplex-2500"
"electronic-commerce","2002-webex--taking-conferencing-to-the-summit-05f195"
"electronic-commerce","aberdeen-1996-computer-telephony-integration"
"electronic-commerce","marathon-d186ab"
"electronic-commerce-1998","decision-maker-erp-services-805ce8"
"electronic-commerce-edi","sun-master-contract-10-129daa"
"electronic-medical-record","health~1-056358"
"electronic-wallet","1999-digitalcash-the-dash-to-digital-cash-enabling-inte-23732b"
"electronics-component-supply-chain","electronic-news-videoconferencing-sars-c-044642"
"eliza","volume-1-ch01-waiting-for-automation-1960-1969"
"email-storage","15-classification-key-applications-55b6be"
"email-storage","maxtor-ramp-interview-guide-first-draft-c68ebd"
"embedded-chip-hardware","1999-digitalcash-the-dash-to-digital-cash-enabling-inte-23732b"
"embedded-microprocessor","technology-news-hardware-ibm-opens-custo-7fdf18"
"emc-centera","05-idc-sata-report-0872b8"
"emc-cx600","13-hh-time-compression-downtime-strategy-4e50c9"
"emc-cx600","14-formulas-disaster-scenario-c2f0b4"
"emc-dmx","state-street-ramp-interview-for-maxtor-p-fa94f8"
"emc-symmetrix","state-street-ramp-interview-for-maxtor-p-fa94f8"
"encina","aberdeen-open-online-transaction-process-ea272f"
"encina","nti-11-distributed-midrange-servers-1993-dedd19"
"encina-tp-monitor","aberdeen-dops-distributed-open-prod-syst-cbae77"
"encore-series90","encore-b7c40d"
"endurance-4000","1997-marathon's-endurance-4000--imp-psk-f83368"
"energy-management-systems","utilities-transformed-it-696ffb"
"enterprise-application-integration","2002-it-spending-shows-encouraging-signs-0d61cd"
"enterprise-erp","aberdeen-1996-enterprise-executives-year-2000-solution"
"enterprise-hardware","1998-industry-dynamics-in-u-s-it-usage-and-spending-199-26aed6"
"enterprise-information-integration","enterprise-integration-perspective-2-cb6165"
"enterprise-information-integration","enterprise-integration-perspective-d21c1b"
"enterprise-instant-messaging","tech-investor-instant-messaging-goes-cor-1a14c2"
"enterprise-javabeans","1999-aberdeengroup-newsletter-april-1999-d157ec"
"enterprise-linux","aberdeen-corporate-collateral-2001-v2-b4b001"
"enterprise-mobility","2002-second-generation-pdas-it-s-high-time-for-wireless-c6563f"
"enterprise-networking","2026-kastner-prescience-methodology-demo-0cdf48"
"enterprise-operational-data-store","aberdeen-eii-2003-ea3f1a"
"enterprise-portal","aberdeen-eii-2003-ea3f1a"
"enterprise-portal","enterprise-integration-perspective-2-cb6165"
"enterprise-portals","survey-composite-applications-used-to-so-15f7a5"
"enterprise-reporting","data-know-69ab04"
"enterprise-resource-planning","volume-1-ch09-expert-witness-technology-on-trial-1992-2015"
"enterprise-security","kastner-jrl-trends-1999-pk-responses-f4c5a4"
"enterprise-service-bus","aberdeen-ra-soa-middleware-2007-68f39b"
"enterprise-service-bus","esb-0617-5cc5fa"
"enterprise-service-bus","esb-in-soa-e002b7"
"enterprise-service-bus","q-a-achieving-more-value-from-enterprise-d1d7dd"
"enterprise-service-bus","ra-composite-apps-289c2f"
"enterprise-soa","soa-adoption-at-90-percent-c9c4ec"
"enterprise-soa","soa-lifecycle-perspective-1ff953"
"enterprise-soa","volume-1-ch10-the-long-view-1966-2026"
"enterprise-soa-approach","soa-adoption-eats-up-40-per-cent-of-it-r-d0cf12"
"enterprise-software","1998-industry-dynamics-in-u-s-it-usage-and-spending-199-26aed6"
"enterprise-software","psbj-meisner-microsoft-consulting-acquis-7b85c8"
"enterprise-spoke-interface","aberdeen-snr-architecture-three-tier-sli-abaaa5"
"enterprise-storage-ilm","2026-kastner-prescience-methodology-demo-0cdf48"
"enterprise-training-platforms","1997-managing-the-people-dimension-of-ma-1d6b17"
"entertainment-server","dct-sony-personal-electronic-vision-2002"
"epoch-ehr","kaiser-permanente-ramp-interview-for-max-8e4033"
"erp","10991290-4e6131"
"erp","1999pr~1-c5516b"
"erp","1q05-dtp-ondemandsupplymgmt-012705b-fd896d"
"erp","1q05-ee-sox-compliance-automation-012705a-60ff9d"
"erp","2004-10991290-87c05d"
"erp","2004-agile-9a7a61"
"erp","2004-cpc-update-toc-815618"
"erp","2006-2006-aberdeen-research-calendar-ecb45e"
"erp","2006-aberdeen-research-calendar-123ac2"
"erp","2006-enterprise-integration-researchagenda-d977d6"
"erp","2006-gsm-agenda-d56dc5"
"erp","2006-manufacturingagenda-9a368f"
"erp","2007-aberdeen-research-calendar-082906a-145713"
"erp","2007-aberdeen-research-calendar-3b834a"
"erp","2007-aberdeen-research-calendar-629972"
"erp","2007-information-management-agenda-40e141"
"erp","2007-manufacturing-erp-agenda-e53f13"
"erp","2007-ra-clicks-jl-3710-37b7a4"
"erp","2026-kastner-prescience-methodology-demo-0cdf48"
"erp","aberdeen-report-2007-1st-edition-6e3b0d"
"erp","agile-8ecf32"
"erp","aspreport-toc-0c4a40"
"erp","bm-compliance-traceability-3702-c02e4b"
"erp","bm-manufacturing-intelligence-3594-578435"
"erp","bpmwebtoc-065bc6"
"erp","callcenterstoc-46e10a"
"erp","cispra~1-23a333"
"erp","clm-q2c-rb-vp-3879-bc4f62"
"erp","cm-q2c-vp-3715-aa1364"
"erp","compensationmanagement-toc-8064cc"
"erp","cpc-update-toc-07238f"
"erp","cposummit-techservices-cd-vc-3816-690612"
"erp","dell-sap-v6-79226d"
"erp","dell-services-kastner-051904-a25a59"
"erp","e-proc-tech-rb-vc-ab-3778-7525d9"
"erp","ecpspr~1-4968bf"
"erp","eimtoc-71da8d"
"erp","emagia2-922390"
"erp","erp-snapshot-7d2836"
"erp","erppsp~1-31f088"
"erp","erpv2p~1-b15573"
"erp","etm2003toc-86edb4"
"erp","f-4q05-bp-intl-logistics-081905a-31c05c"
"erp","iaa-7f9ede"
"erp","ibpp-toc-6e2fc5"
"erp","information-83dd9d"
"erp","itoutsourcingtoc-18f459"
"erp","lrmrptwebtoc-1f7efa"
"erp","lrmtechnologytoc-fbce1d"
"erp","ma-e2open-be-2484-31191f"
"erp","manufacturing-snapshot-c7bf80"
"erp","maynews-888c65"
"erp","mfg-05-06-manufacturingagenda-080305b-fa62f7"
"erp","mid-marketreporttoc-6fc1a9"
"erp","networkappliancesnapshot-894077"
"erp","nextancesnapshot-504aed"
"erp","oracle-middleware-fragment-5-d3d774"
"erp","oracle-wp-prod-15ac4a"
"erp","oracle-wp-prod-6-a42b4b"
"erp","oracleroiwhitepaperprod-7-bcf73f"
"erp","p2scrm99-execsum-27132c"
"erp","plm-market-sizing-toc-12e77f"
"erp","pscrm99-execsum-d07d3b"
"erp","pscrm99-toc-400c8d"
"erp","q106-morevalueentapps-pk-138485"
"erp","ra-21stcen-3863-65fedd"
"erp","ra-bpsecinfoaccess-jh-8c3eaa"
"erp","ra-bpsop-se-134043"
"erp","ra-bptransmgmt-be-5977ec"
"erp","ra-cimss-la-2851-7ea2a2"
"erp","ra-clicks-jl-3710-3cb22d"
"erp","ra-compositeapps-rs-pk-3716-05cbff"
"erp","ra-custanalyticsssg-gb-jl-3709-b60131"
"erp","ra-indbpinrevlog-rg-3865-b61078"
"erp","ra-lean-jb-2845-f319f8"
"erp","ra-mfsupdate-mvsd-3719-dda2ac"
"erp","ra-ntgenproddoc-3706-0a56e7"
"erp","ra-procurementoutsourcing-rs-sb-3100-b7f944"
"erp","ra-rfidmfg-3758-c43b7f"
"erp","ra-scinnovator-be-3028-140f1e"
"erp","ra-sctippingpt-be-abr2844-49af82"
"erp","ra-sno-mvmt-2859-790aed"
"erp","ra-sro-mvrg-2860-edc995"
"erp","ra-supplierenablement-rs-2869-3e06ef"
"erp","ra-warehouseautomation-3867-89c99f"
"erp","rb-procindus-4020-1a618f"
"erp","rb-soarfidxterprise-jfjb-2872-ff1c28"
"erp","rb-truesource-fitzgerald-2158-cc0580"
"erp","rb-visibility-be-3694-181ec7"
"erp","retail~1-d5de79"
"erp","rp-appsec-mp-060927-6bae07"
"erp","rp-sim-hd-070104-506e96"
"erp","sample-personal-benchmark-94cc2b"
"erp","sc-05-06-supplychain-globaltrade-100505b-856b09"
"erp","sell-siderptabridged-5cc8e7"
"erp","supply-chain-research-snapshot-7bc490"
"erp","v12n1-70fd0c"
"erp","written-all-aberdeen-publications-6332de"
"erp","written-ibm-webify-industry-soa-application-jumpstart-2006-a0301e"
"erp","written-intelitaniummfewp1-1-204e5f"
"erp","written-oracleroiwhitepaperprod-235e19"
"erp-1998","decision-maker-erp-services-805ce8"
"erp-application-platform","q-a-achieving-more-value-from-enterprise-d1d7dd"
"erp-crm-software","tech-s-best-hope-pockets-of-prosperity-2-17d6cf"
"erp-ec-integration","dollars-and-sense-b2b-ec-eb8c9d"
"erp-enterprise-apps","kastner-technology-breadth-memoir-2026"
"erp-integration","1998-enterprise-application-integration-advanced-techno-71496c"
"erp-integration","kastner-ie-v-andersen-expert-report-3de98a"
"erp-mid-market","aberdeen-corporate-collateral-2001-v2-b4b001"
"erp-platform","2003-the-new-peoplesoft-long-term-strategy-near-term-be-5cb14f"
"erp-platforms","1998-nt-professional-services-buying-guide-1998-edition-14e452"
"erp-process-manufacturing","process-of-process-eba-335083"
"erp-professional-services","decision-maker-erp-services-805ce8"
"erp-software","2001-aberdeen-group-recent-publications-psk-2be54d"
"erp-static","aberdeen-1996-baan-changes-rules-erp-game"
"erp-systems","1997-managing-the-people-dimension-of-ma-1d6b17"
"erp-systems","1999-crm-professional-services-rpt-96bf13"
"erp-systems","1999-managing-customers-with-next-generation-software-a-a5adc4"
"erp-systems","aberdeen-1996-year-2000-transition-opportunity-reconstruction"
"erp-systems","bpm-align-business-f76616"
"erp-systems","ibm-+-webify-=-industry-soa-application--97733a"
"erp-utilities","utilities-transformed-it-696ffb"
"erp-utility","utilit~1-0596b5"
"es7000","2004-03-intelitaniummfewp11.doc-618d4a"
"es9000","nti-9-mainframe-role-1993-77fc40"
"esb","esb-soa-fabric-webmethods-techtarget-see-83b233"
"esb","lansa-composer-powerpoint-9f4257"
"esb-general","soa-overview-docx-12612f"
"esb-middleware","hp-can-boost-soa-offerings-with-acquisit-48e07e"
"esb-soa-middleware","bpm-align-business-f76616"
"esb-soa-middleware","ra-bpm-2007-890201"
"essbase","aberdeen-1996-khalix-financial-awareness-competitive-advantage"
"essbase","dssune~1-cbf6e3"
"et-1","stratus-sales-support-competitive-news-1-2aac8d"
"et1-debit-credit","ftsn-serlin-tandem-txp-et1-benchmarks-19-ea6530"
"et1-debit-credit","stratus-et1-functional-spec-and-benchmar-0c3172"
"ethernet","prime-industry-product-5-year-plan-1981-0a3546"
"ethernet-switch-layer2","technology-news-hardware-gateway-goes-gi-4af738"
"etl","1997-oracle-data-mart-suite-for-nt-926845"
"etl","aberdeen-1996-enterprise-data-knowledge-integrated-data-marts"
"etl","data-know-69ab04"
"etl-tools","aberdeen-eii-2003-ea3f1a"
"event-driven-architecture","ra-enterprise-apps-312ba4"
"everrun","1997-marathon's-endurance-4000--imp-psk-f83368"
"exchange-server","1997-microsoft-nt-scalability-day--the-e-6460e2"
"executive-briefing-paper","aberdeen-training-book-day-3-03cfc1"
"expert-witness-method","andersen-report-cover-letter-to-weber-4-4d17ee"
"fast-ethernet","aberdeen-1995-3com-lanplex-2500"
"fast-ethernet","networ~1-96462b"
"fast-ethernet-100basetx","aberdeen-1995-3com-lanplex-2500"
"fault-tolerant-architecture","adl-public-safety-911-cad-systems-1973-1979-b8a001"
"fault-tolerant-architecture","boston-globe-stratus-xa2000-launch-1987--218ffd"
"fault-tolerant-architecture","volume-1-ch05-stratus-fault-tolerant-wars-1981-1987"
"fault-tolerant-computers","testahur95-330c0c"
"fault-tolerant-computing","boston-globe-mit-enterprise-forum-kastne-2a3462"
"fault-tolerant-computing","businessweek-stratus-launch-fail-safe-ba-82c028"
"fault-tolerant-computing","volume-1-about-the-author"
"fault-tolerant-computing","volume-1-appendix-career-timeline"
"fault-tolerant-computing","volume-1-ch05-stratus-fault-tolerant-wars-1981-1987"
"fault-tolerant-computing","volume-1-epilogue-argument-with-reality"
"fault-tolerant-computing","volume-1-introduction-physics-of-the-machine"
"fault-tolerant-computing-market","computerworld-fault-tolerant-market-1987-fc3dca"
"fault-tolerant-ht-computing","marathon-technologies-demonstrates-99-99-99a38e"
"fault-tolerant-servers","2026-kastner-core-arguments-framework-0b0c6b"
"fault-tolerant-servers","2026-kastner-prescience-methodology-demo-0cdf48"
"fax","standr~1-e09ed6"
"fc-disk-drive","20-maxline-mtbf-analysis-4d9111"
"fc-scsi-disk","computerworld-ilm-article-15f604"
"fddi","aberdeen-1995-3com-lanplex-2500"
"fddi","nti-12-client-server-goals-1993-15a519"
"fddi","sequent-sap-sequen~1-7f70e4"
"federated-database","aberdeen-eii-2003-ea3f1a"
"federated-identity","aberdeen-ra-secure-soa-benchmark-2006-605d67"
"fibre-channel","04-mid-line-storage-v2-whitepaper-7db9bc"
"fibre-channel","2004-05dell-storage-profile-editpk-05170-3c00b1"
"fibre-channel","infiniband-data-center-wp-2002"
"fibre-channel","intel-infiband-wp--edit-psk-5-22f-a2c551"
"fibre-channel","maxtor-survey-report-5-20c-0f458e"
"fibre-channel","midline-storage-white-paper-jun2003"
"fibre-channel","state-street-ramp-interview-for-maxtor-p-fa94f8"
"fibre-channel","storag~1-262bc7"
"fibre-channel","timex-ramp-interview-for-maxtor-project-8c1b71"
"fibre-channel-disk","mid-line-storage-white-paper-06-13-03-3-7a2c62"
"fiduciary-responsibility-it","pc-replacements-lawyers-auditors-and-com-ce8ebb"
"field-sales-education","hp-compaq-blackmore-7-7f30a3"
"financial-services-portals","aberdeen-productization-pricing-and-survey-research-program-2000-b7b001"
"fire-suppression","safeway-damages-report-draft-b502f4"
"firewall","securi~1-3e7ced"
"firewall-technology","aberdeen-1996-iss-internet-security-systems"
"fixed-content-storage","01-difranco-report-on-aberdeen-group-res-444a19"
"fixed-content-storage","05-idc-sata-report-0872b8"
"flash-chipsets","sars-wirft-schatten-uber-elektronische-b-bf33b6"
"flat-panel-display","dct-personal-it-practice-launch-2001"
"flat-panel-monitor","dct-why-aberdeen-follows-pc-deals-2002"
"flat-rate-data-plan","dct-webinar-nov-2002"
"flexifinancials","aberdeen-1996-flexiinternational-software-financial-acumen-technology"
"forte-cade","aberdeen-1995-commercial-messaging"
"fortran","adl-commercial-engagements-kastner-1972-1979-b8b001"
"fortran","volume-1-appendix-career-timeline"
"fortran","volume-1-ch01-waiting-for-automation-1960-1969"
"fortran","volume-1-ch10-the-long-view-1966-2026"
"frad","aberdeen-1996-frame-relay-access-devices"
"frame-relay","1998-network-integration-services-report-f75108"
"frame-relay","aberdeen-1996-frame-relay-access-devices"
"frame-relay","aberdeen-1996-vpns-business-mfs-success-strategy"
"frame-relay","goremote-profile-5-2a-8fa814"
"frame-relay","manage~1-b299e4"
"frame-relay","teleco~1-c01702"
"frame-relay-network","telephony-post911-conferencing-psk-2001--0bf283"
"fsb-533mhz","dct-intel-processor-prices-2003-01"
"fsiop","aberdeen-1996-ibm-as400-vs-microsoft-nt-server"
"ft-systems-1986-forecast","cbn-bochner-stratus-oem-strategy-1982-06-245fd5"
"ft-systems-1986-forecast","volume-1-ch05-stratus-fault-tolerant-wars-1981-1987"
"functional-testing-soa","ra-soa-2007-97c147"
"fusion-numa-technology","aberdeen-1996-computer-telephony-integration"
"fx32","aberdeen-1996-digital-leading-nt-across-enterprise-charge"
"g5-cpu-3ghz-target","power-macs-won-t-hit-3ghz-this-year-anal-73ad0f"
"gaap-accounting","casale-evp-4-9bd4e6"
"gain-survey","topic-iia-pc-management-best-practices-2003-10"
"gallium-arsenide","topic-semiconductor-practice-definition-2002"
"gateway-450","dct-traveling-with-centrino-2003-05"
"gateway-450-notebook","review-gateway-notebook-with-intel-centr-985a73"
"gateway-901-family-room","usatoday-reuters-small-pcs-form-factor-2-5ffca5"
"gateway-profile-4-xl","dct-kastner-wish-list-2002-12"
"gaudi-ai","2026-kastner-intel-longitudinal-776f7e"
"geac-system21","top-iseries-isvs-2002-2e8695"
"generative-ai","volume-1-ch10-the-long-view-1966-2026"
"geotargeting","mirror-image-profile-v2-050404-97e2a6"
"gigabit-ethernet","intel-ia2004-pk4-kc-edits-de9c37"
"gigabit-ethernet","networ~1-96462b"
"gigabit-ethernet","snap-appliances-snapshot-10-15pk-f183fe"
"gigahertz-equivalency","2002-amd-s-gigahertz-equiva-nexperienced-buyers-accept--6f6050"
"gigaplane-bus","aberdeen-1996-sun-microsystems-decision-warehouse"
"ginni-rometty","2026-kastner-ibm-longitudinal"
"gis","utilit~1-0596b5"
"gis-utilities","utilities-transformed-it-696ffb"
"global-file-system","2003-storage-trends-what-will-be-hot-in-2003-and-beyond-cd0aeb"
"global-it-supply-chain","respiratory-illness-could-restrict-i.t.--c3c523"
"global-it-supply-chain","sars-high-tech-monday-update-monday-apri-ac0cb5"
"global-it-supply-chain","sars-puts-an-end-to-business-as-usual-in-6b0471"
"global-it-supply-chain","sars-wirft-schatten-uber-elektronische-b-bf33b6"
"google-picasa","google-profiles-pskastner-personal-2009-61fc2d"
"google-picasa","washington-times-kellner-google-chrome-o-02e6a9"
"google-profiles","google-profiles-pskastner-personal-2009-61fc2d"
"goremote-mobileoffice","goremote-profile-5-2a-8fa814"
"goremote-tier-one","goremote-profile-5-2a-8fa814"
"goremote-tsp","goremote-profile-5-2a-8fa814"
"gps-navigation","dct-sony-personal-electronic-vision-2002"
"gpt-3","2026-kastner-enterprise-ai-arc"
"gpt-4","2026-kastner-enterprise-ai-arc"
"gpt-series","volume-1-ch10-the-long-view-1966-2026"
"graphics-processor-unit","2003-sars-electronics-supply-chain-ec0375"
"grid-computing","2003-dell-and-oracle-boldly-predict-the-demise-of-big-i-073fba"
"grid-computing","enterprise-integration-perspective-2-cb6165"
"grid-computing","enterprise-integration-perspective-d21c1b"
"groupware","1997-commercial-risc-unix-1996-mvp-711569"
"groupware","1997-data-mining-buying-guide-71e463"
"groupware","1998-pc-impact-and-metadata-e2a169"
"groupware","soa-aon-webinar-022206a-125e6b"
"gsr-12000","1997-cisco-s-core-products-business-inte-bd8697"
"guardian-os-snap","snap-appliance-launches-new-release-of-i-373ab7"
"guardianos","snap-appliance-snapshot-2003"
"guardianos","snap-appliances-snapshot-10-15pk-f183fe"
"gui","nti-3-pc-and-ws-1993-17d49b"
"gui-builders","nti-5-development-toolsets-0e71c5"
"gupta-centura","aberdeen-1996-moving-effectively-next-gen-client-server"
"hacmp","aberdeen-1996-bulls-sagister-datacenterdisciplined-unix-businesscritical-applications"
"hacmp","aberdeen-1996-ibm-aix-4-not-your-fathers-325"
"handspring-treo","palm-pre-199-really-299-cloudave-a0a25f"
"hardware-aes-encryption","intel-2010-vpro-daily-globe-42697e"
"hardware-fault-tolerance","stratus-corporate-overview-1982-11-a7e367"
"hardware-fault-tolerance","stratus-fault-tolerant-revolution-ad-198-797e0e"
"hardware-fault-tolerance","volume-1-ch05-stratus-fault-tolerant-wars-1981-1987"
"hardware-hawker","17-maxtor-tool-decision-components-d9c2fb"
"hardware-hawker","18-maxtor-strategy-event-template-faeb40"
"hardware-video-encoder","dct-microsoft-media-center-rollout-2002-08"
"hasp","volume-1-ch01-waiting-for-automation-1960-1969"
"hd-dvd-format","future-of-dvd-forum-panel-2003-taylor-61b198"
"hdd-7200rpm","dct-why-aberdeen-follows-pc-deals-2002"
"hds-9980v","13-hh-time-compression-downtime-strategy-4e50c9"
"hds-9980v","14-formulas-disaster-scenario-c2f0b4"
"hdtv","dct-oct.-4-hot-topic-b61c0d"
"heartbeat-failover","ft-mitfor~1-a56a9d"
"help-desk-software","1997-automating-and-managing-internal-op-e69e64"
"help-desk-software","1998-cis-report-customer-interaction-software-631068"
"help-desk-software","2001-ca-s-it-resource-management-solutions-p-ing-it-ope-0855b8"
"helpdesk-software","cispra~1-23a333"
"heterogeneous-environment","ra-enterprise-apps-312ba4"
"heterogeneous-platform-integration","1998-enterprise-application-integration-advanced-techno-71496c"
"hierarchical-database","kaiser-permanente-ramp-interview-for-max-8e4033"
"hierarchical-database","volume-1-ch07-founding-aberdeen-1988-1997"
"hierarchical-storage","storag~1-262bc7"
"high-availability","hp-compaq-kastner-insight1-a5a4e0"
"high-tech-stock-analysis","casale-evp-7-215359"
"himalaya-nonstop","aberdeen-1996-tandem-vision-21st-century-electronic-business"
"hipaa","dell-ars-wp-2-72fd7f"
"hipaa-compliance-systems","kaiser-permanente-ramp-interview-for-max-8e4033"
"home-area-network","iha-full-report---draft-jul-28-41de81"
"home-automation","dct-segment-priorities-matrix-2003"
"home-gateway","2002-cable-and-telco-companies-battle-for-home-internet-2baa0b"
"home-gateway","dct-dceit-practice-v6-2002"
"home-gateway","dct-sony-personal-electronic-vision-2002"
"home-media-server","dct-webinar-announcement-2002-11"
"home-network","dct-personal-it-practice-launch-2001"
"home-networking","2002-cable-and-telco-companies-battle-for-home-internet-2baa0b"
"home-networking","dct-supplier-list-2002"
"home-networking","dct-webinar-announcement-2002-11"
"home-pna-2","dct-dceit-practice-v6-2002"
"home-wireless-network-2002","charlotte-observer-shain-back-to-school--4ec261"
"honeywell-2000","adl-commercial-engagements-kastner-1972-1979-b8b001"
"honeywell-2000","volume-1-ch03-physics-of-consulting-1972-1979"
"honeywell-series-6000","phi-psd-brochure-and-kastner-engagements-1969-1972-b8d001"
"horizon-banking","top-iseries-isvs-2002-2e8695"
"hosted-apps","dell-services-kastner-051904-4-87b363"
"hosting-services-market","08011974-195886"
"hot-plug-board-replacement","mini-micro-stratus-32-arch-freiburghouse-6dc03e"
"hot-pluggable-storage","ncr-3000-cabinet-engineering-diagram-199-fa564f"
"hotspot-infrastructure","intel-centrino-pk-8ecf9a"
"hp-2100","phi-psd-brochure-and-kastner-engagements-1969-1972-b8d001"
"hp-3000","1992-tpc-benchmarks-vp-745fa1"
"hp-3000","1992-tpc-benchmarks-vp-ed0e0d"
"hp-3000","2002-webex--taking-conferencing-to-the-summit-05f195"
"hp-3000","aberdeen-1996-hp-3000-increasing-customers-successes"
"hp-3000","hptpc92-2fd423"
"hp-3000","kastner-ie-v-andersen-expert-report-3de98a"
"hp-3000","psk-litigation-b452e6"
"hp-3000-68","stratus-computer-is-down-ad-reprints-c19-903ebf"
"hp-9000","1992-tpc-benchmarks-vp-ed0e0d"
"hp-9000","aberdeen-1996-hp-3000-increasing-customers-successes"
"hp-9000","aberdeen-1996-hp-9000-enterprise-server-64bit-pa8000"
"hp-9000","aberdeen-1996-risc-unix-market"
"hp-9000","ibm-rs6000-midran~1-88f049"
"hp-9000","jungle-6-7af8b7"
"hp-9000-957lx","aberdeen-dops-tpc-1992-deck-bbe78e"
"hp-9000-series-800","1993-hercules-sap-28344a"
"hp-adaptive-enterprise","hp-analyst-phone-call-6-204870"
"hp-allbase-rdbms","hptpc92-2fd423"
"hp-bladeservers","infoworld-dell-sharpens-blade-attack-nee-f9cb9c"
"hp-c315","dct-hp-camera-lab-report-2001-09"
"hp-c315-camera","copy-of-hp-camera-lab-journal-prod-c103f6"
"hp-ccm","hp-smart-contact-b3c359"
"hp-compaq-merger","wsj-mcwilliams-private-label-pcs-2002-05-bdab0a"
"hp-compaq-merger-2002","sia-compaq-vows-support-himalaya-post-hp-21421a"
"hp-enterprise-switch","aberdeen-1996-hp-enterprise-parallel-server-scalable-performance"
"hp-eps","aberdeen-1996-hp-enterprise-parallel-server-scalable-performance"
"hp-intel-architecture","aberdeen-1996-risc-unix-market"
"hp-intel-merced","aberdeen-1996-hp-3000-increasing-customers-successes"
"hp-intel-merced","aberdeen-1996-hp-9000-enterprise-server-64bit-pa8000"
"hp-media-center","dct-webinar-nov-2002"
"hp-mpe-ix","hptpc92-2fd423"
"hp-netserver-lx-pro","sap-r-3-on-wintel-servers-712986"
"hp-nnm","powerful-network-management-4cb125"
"hp-openmail","aberdeen-1995-commercial-messaging"
"hp-openview","1997-ca-s-unicenter-tng-framework-pk-apr-50d15f"
"hp-openview","aberdeen-1996-hp-networking-vision-workgroups"
"hp-openview","aberdeen-1996-hp-praesidium-family"
"hp-openview","aberdeen-1996-hp-vectra-xw-personal-workstation"
"hp-openview","aberdeen-1996-ibm-tivoli"
"hp-openview","aberdeen-1997-hp-andover-working-group"
"hp-openview","hp-can-boost-soa-offerings-with-acquisit-48e07e"
"hp-openview","hp-mercury-soa-2006-pdf-80785e"
"hp-openview","system~1-36ba8c"
"hp-pa8000","aberdeen-1996-hp-enterprise-parallel-server-scalable-performance"
"hp-photo-transfer","dct-hp-camera-lab-report-2001-09"
"hp-photo-transfer-software","copy-of-hp-camera-lab-journal-prod-c103f6"
"hp-praesidium","aberdeen-1996-hp-praesidium-family"
"hp-scanjet-5500c","dct-kastner-wish-list-2002-12"
"hp-smart-contact","hp-smart-contact-b3c359"
"hp-storageworks","2001-hp-cpq-merger-collection-edbca1"
"hp-superdome","2001-hp-cpq-merger-collection-edbca1"
"hp-superdome","2002-performance-breakthroughs-the-benchmarking-fanatic-6d41fa"
"hp-ux","1993-hercules-sap-28344a"
"hp-ux","aberdeen-1996-hp-9000-enterprise-server-64bit-pa8000"
"hp-ux","nti-4-nextgen-os-timing-1993-a45049"
"hp-ux","tpcbench92-139998"
"hp-ux-10","aberdeen-1996-risc-unix-market"
"hp-vectra-xw","aberdeen-1996-hp-vectra-xw-personal-workstation"
"hp-visualize","aberdeen-1996-hp-vectra-xw-personal-workstation"
"hpsn","aberdeen-1995-3com-lanplex-2500"
"html","aberdeen-1996-iq-software-www-reporting"
"html","aberdeen-1996-web-warehouses-dss-for-masses"
"html5","maxtor-flash-demo-2003"
"http","aberdeen-1996-open-market-web-based-commerce"
"hybrid-onshore-offshore","2006-unisyswipro-rs-3747-a7e31e"
"hyper-threading","dct-weekly-2002-11-14-p4-ht"
"hyper-threading","dct-weekly-2002-11-17"
"hyper-threading","dct-weekly-2003-04-13"
"hyper-threading","dct-weekly-2003-04-20"
"hyper-threading","dct-weekly-2003-05-11"
"hyper-threading","dct-weekly-2003-05-18"
"hyper-threading","dct-weekly-2003-07-06"
"hyper-threading","dct-weekly-2003-07-13"
"hyperthreading","dct-intel-processor-prices-2003-01"
"hyperthreading","intel-longlivedualcore-revised-5-fa8298"
"hypertransport","2006-amd-ati-acquisition-cf19ff"
"i2-rhythm","erpv2p~1-b15573"
"ia-64","1999pr~2-cd0049"
"ia-64","workst~1-d22401"
"ia-64-itanium","2026-kastner-intel-longitudinal-776f7e"
"ia-64-merced","1998-microsoft-windows-nt-5-0-a-planning-guide-cd9d08"
"ia-architecture","2010-intel-ia-continuum-wp-1-2-fc5653"
"ia-architecture","intel-ia2004-pk4-kc-edits-de9c37"
"ia32-execution-layer","intelitaniummfewp1[1]-773ea2"
"ia64-itanium","intel-dss99-42b2bc"
"ia64-x86-emulation","cnet-shankland-ibm-itanium-x450-2003-c91608"
"ibm","2026-kastner-ibm-longitudinal"
"ibm-1400-series","computer-dating-1960s-businessinsider-gr-2b9490"
"ibm-1401","volume-1-ch01-waiting-for-automation-1960-1969"
"ibm-2311-disk","volume-1-ch01-waiting-for-automation-1960-1969"
"ibm-3090","2026-kastner-ibm-longitudinal"
"ibm-3090","psk-niopubs-3d103b"
"ibm-3090","volume-1-appendix-career-timeline"
"ibm-3090","volume-1-ch06-dec-mainframes-last-stand-1987-1988"
"ibm-3584-tape-library","inovant-ramp-interview-for-maxtor-projec-e7f75d"
"ibm-360","on-computers-tips-40th-anniversary-of-th-ee9cc5"
"ibm-360","phi-legacy-in-wang-labs-runaway-horse-1995-b8e001"
"ibm-360","volume-1-appendix-career-timeline"
"ibm-360","volume-1-ch01-waiting-for-automation-1960-1969"
"ibm-360","volume-1-ch02-physics-of-the-machine-1969-1972"
"ibm-360-65","adl-commercial-engagements-kastner-1972-1979-b8b001"
"ibm-360-65","phi-psd-brochure-and-kastner-engagements-1969-1972-b8d001"
"ibm-360-65","volume-1-about-the-author"
"ibm-360-65","volume-1-appendix-career-timeline"
"ibm-360-65","volume-1-ch01-waiting-for-automation-1960-1969"
"ibm-360-65","volume-1-ch02-physics-of-the-machine-1969-1972"
"ibm-360-65","volume-1-epilogue-argument-with-reality"
"ibm-360-67","volume-1-ch01-waiting-for-automation-1960-1969"
"ibm-360-model-20","phi-psd-brochure-and-kastner-engagements-1969-1972-b8d001"
"ibm-370","adl-public-safety-911-cad-systems-1973-1979-b8a001"
"ibm-370-135","adl-commercial-engagements-kastner-1972-1979-b8b001"
"ibm-370-158","adl-commercial-engagements-kastner-1972-1979-b8b001"
"ibm-4300","management-skills-learned-1969-3e75d0"
"ibm-4300","volume-1-ch03-physics-of-consulting-1972-1979"
"ibm-4300","volume-1-ch05-stratus-fault-tolerant-wars-1981-1987"
"ibm-4381","stratus-computer-is-down-ad-reprints-c19-903ebf"
"ibm-7094","volume-1-ch01-waiting-for-automation-1960-1969"
"ibm-ad-cycle","aberdeen-multitrak-headlines-context-kas-f941d1"
"ibm-ad-cycle","nti-9-mainframe-role-1993-77fc40"
"ibm-advanced-36","aberdeen-1996-evaluating-system36-migration-strategies"
"ibm-aix","1993-hercules-sap-28344a"
"ibm-aix","2026-kastner-ibm-longitudinal"
"ibm-as400","2026-kastner-ibm-longitudinal"
"ibm-as400","aberdeen-1996-evaluating-system36-migration-strategies"
"ibm-as400","aberdeen-1997-as400-nt-server-ibm-microsoft-working-together"
"ibm-as400","ie-appendix-jones-wms-memo-2e5d6c"
"ibm-as400","kastner-ie-v-andersen-expert-report-3de98a"
"ibm-as400-d70","aberdeen-dops-tpc-1992-deck-bbe78e"
"ibm-assembler","volume-1-ch01-waiting-for-automation-1960-1969"
"ibm-bcs","2026-kastner-ibm-longitudinal"
"ibm-cics","2026-kastner-ibm-longitudinal"
"ibm-cics","adl-public-safety-911-cad-systems-1973-1979-b8a001"
"ibm-cics","dectp-genspark-research2-4-a09a82"
"ibm-cics","intelitaniummfewp1[1]-773ea2"
"ibm-cornhusker","informationweek-ibm-ms-nt-clusters-1999-8c5b45"
"ibm-db2","10ibmiss-f66945"
"ibm-db2","2026-kastner-ibm-longitudinal"
"ibm-db2","aberdeen-1996-ibm-transformation-business-machines-information-service"
"ibm-db2","debit-credit-ibm-dec-1988-2-2fc147"
"ibm-db2","ibmtpc92-c32789"
"ibm-db2","jungle-1-5-675c58"
"ibm-db2","jungle-6-7af8b7"
"ibm-db2","unisys-florida-hrs-expert-witness-tallah-5b4524"
"ibm-db2","volume-1-ch06-dec-mainframes-last-stand-1987-1988"
"ibm-db2-information-integrator","aberdeen-eii-2003-ea3f1a"
"ibm-db2-text","2026-kastner-enterprise-ai-arc"
"ibm-deep-blue","2026-kastner-enterprise-ai-arc"
"ibm-deep-blue","2026-kastner-ibm-longitudinal"
"ibm-e-server","ibm-messaging-workshop-report-final-9-ef7fbc"
"ibm-eclipse","2026-kastner-ibm-longitudinal"
"ibm-eliza","aberdeen-corporate-collateral-2001-v2-b4b001"
"ibm-eliza","ibm-major-account-plan-8-cc6400"
"ibm-eliza","ibm-messaging-workshop-report-final-9-ef7fbc"
"ibm-eliza","volume-1-about-the-author"
"ibm-eliza","volume-1-appendix-career-timeline"
"ibm-eliza","volume-1-ch10-the-long-view-1966-2026"
"ibm-expert-systems","2026-kastner-enterprise-ai-arc"
"ibm-global-services","2026-kastner-ibm-longitudinal"
"ibm-intelligent-miner","2026-kastner-enterprise-ai-arc"
"ibm-issc","2026-kastner-ibm-longitudinal"
"ibm-karat","aberdeen-1996-ibm-tivoli"
"ibm-linux","2026-kastner-ibm-longitudinal"
"ibm-mainframe","1998-y2k-report-f512fb"
"ibm-mainframe","aberdeen-megatrends-mfa-cs-mis-1993-05-98fc87"
"ibm-mainframe","hp-analyst-phone-call-6-204870"
"ibm-mainframe","sirius-web-enablement-b81ea8"
"ibm-mainframe","unisys-florida-hrs-expert-witness-tallah-5b4524"
"ibm-mainframe","volume-1-about-the-author"
"ibm-mainframe","volume-1-ch10-the-long-view-1966-2026"
"ibm-mainframe","volume-1-introduction-physics-of-the-machine"
"ibm-mainframe-distributed","psk-litigation-b452e6"
"ibm-mainframe-zarch","10ibmiss-f66945"
"ibm-mainframe-zarch","bbn1989-1e6838"
"ibm-mainframe-zarch","bull1990-d-c-benchmarks-8b5d9c"
"ibm-mainframe-zarch","encore-b7c40d"
"ibm-mainframe-zarch","psk-litigate98-72601c"
"ibm-mainframe-zarch","tpcbench92-139998"
"ibm-medspeak","2026-kastner-enterprise-ai-arc"
"ibm-mqseries","2026-kastner-ibm-longitudinal"
"ibm-mqseries","aberdeen-1995-commercial-messaging"
"ibm-mvs","itthar-1-4-32f824"
"ibm-mvs","nti-4-nextgen-os-timing-1993-a45049"
"ibm-mvt","phi-psd-brochure-and-kastner-engagements-1969-1972-b8d001"
"ibm-netview","aberdeen-1996-ibm-tivoli"
"ibm-network-station","1997-ibm-when-a-pc-is-simply-platform-ov-5e9364"
"ibm-network-station","aberdeen-1997-as400-nt-server-ibm-microsoft-working-together"
"ibm-notes-domino","aberdeen-1996-ibm-transformation-business-machines-information-service"
"ibm-nt-server","ncr-bringing-highly-available-nt-ecb055"
"ibm-on-demand","hp-analyst-phone-call-6-204870"
"ibm-on-demand","ibm-scm-murray2-tm-4a0fbf"
"ibm-on-demand","ibmfinal1-3-720230"
"ibm-os2","2026-kastner-ibm-longitudinal"
"ibm-os390","2026-kastner-ibm-longitudinal"
"ibm-parallel-sysplex","2026-kastner-ibm-longitudinal"
"ibm-power-4","intel-longlivedualcore-revised-5-fa8298"
"ibm-power-architecture","technology-news-hardware-ibm-opens-custo-7fdf18"
"ibm-powerpc-g5","macdailynews-analyst-apple-will-have-pro-54defe"
"ibm-powerpc-g5","power-macs-won-t-hit-3ghz-this-year-anal-73ad0f"
"ibm-ps2","aberdeen-multitrak-headlines-context-kas-f941d1"
"ibm-pseries","sun-as400-market-data-2002-5faa8f"
"ibm-quantum","2026-kastner-ibm-longitudinal"
"ibm-rs6000","1993-hercules-sap-28344a"
"ibm-rs6000","2026-kastner-ibm-longitudinal"
"ibm-rs6000-530h","aberdeen-dops-tpc-1992-deck-bbe78e"
"ibm-rs6000-sp","aberdeen-1996-bulls-sagister-datacenterdisciplined-unix-businesscritical-applications"
"ibm-rs6000-sp","aberdeen-1996-hp-enterprise-parallel-server-scalable-performance"
"ibm-rs6000-sp","sequent-s-numa-q-2000-solutions-77a77c"
"ibm-s390","1991-encore-and-metadata-47f414"
"ibm-s390","aberdeen-1996-mainframe-revival-short-lived-or-long-term"
"ibm-saa","1992-sapiens-and-metadata-0608b6"
"ibm-saa","nti-9-mainframe-role-1993-77fc40"
"ibm-shoebox","2026-kastner-enterprise-ai-arc"
"ibm-sna","2026-kastner-ibm-longitudinal"
"ibm-sna","prime-industry-product-5-year-plan-1981-0a3546"
"ibm-sna","volume-1-ch06-dec-mainframes-last-stand-1987-1988"
"ibm-softlayer","2026-kastner-ibm-longitudinal"
"ibm-somers","2026-kastner-ibm-longitudinal"
"ibm-sp2","ibm-rs6000-midran~1-88f049"
"ibm-sp2","ibmramp95-9ffc12"
"ibm-sp2","jungle-6-7af8b7"
"ibm-stratus-oem","boston-globe-stratus-xa2000-launch-1987--218ffd"
"ibm-stratus-oem","volume-1-ch05-stratus-fault-tolerant-wars-1981-1987"
"ibm-system-88","computerworld-stratus-xa2000-launch-1987-d9d143"
"ibm-system-88","dec-primer-comparing-debit-credit-tests--c30cfa"
"ibm-system-88","volume-1-about-the-author"
"ibm-system-88","volume-1-appendix-career-timeline"
"ibm-system-88","volume-1-ch05-stratus-fault-tolerant-wars-1981-1987"
"ibm-system36","aberdeen-1996-evaluating-system36-migration-strategies"
"ibm-system390","ibmtpc92-c32789"
"ibm-systemview","aberdeen-1996-ibm-tivoli"
"ibm-tdl","aberdeen-1996-evaluating-system36-migration-strategies"
"ibm-timesharing","volume-1-ch01-waiting-for-automation-1960-1969"
"ibm-tivoli","2026-kastner-ibm-longitudinal"
"ibm-tivoli","caunic-ltr98-80140d"
"ibm-tpf","sabre-s-challenge-fb76f5"
"ibm-tpf2","ftsn-serlin-tandem-txp-et1-benchmarks-19-ea6530"
"ibm-tso","prime-industry-product-5-year-plan-1981-0a3546"
"ibm-viavoice","2026-kastner-enterprise-ai-arc"
"ibm-visualage","2026-kastner-ibm-longitudinal"
"ibm-watson","2026-kastner-ibm-longitudinal"
"ibm-watson-health","2026-kastner-ibm-longitudinal"
"ibm-watson-nlp","2026-kastner-enterprise-ai-arc"
"ibm-watsonx","2026-kastner-ibm-longitudinal"
"ibm-websphere","2026-kastner-ibm-longitudinal"
"ibm-websphere","ibm-+-webify-=-industry-soa-application--97733a"
"ibm-websphere","ma-ibm-webify-5e0d4b"
"ibm-websphere-esb","esb-0617-5cc5fa"
"ibm-x450","cnet-shankland-ibm-itanium-x450-2003-c91608"
"ibm-xseries","sun-as400-market-data-2002-5faa8f"
"ibm-zos","2001-linux-is-on-the-move-up-6bf089"
"ibm-zos","hp-can-boost-soa-offerings-with-acquisit-48e07e"
"ibm-zseries","2004-03-intelitaniummfewp11.doc-618d4a"
"ibm-zseries","2026-kastner-ibm-longitudinal"
"ibm-zseries","sun-as400-market-data-2002-5faa8f"
"ibm-zseries-z990","intelitaniummfewp1[1]-773ea2"
"ibook-g4","year-in-macs-part-one-macworld-dalrymple-dd247c"
"ibpp","aberdeen-productization-pricing-and-survey-research-program-2000-b7b001"
"idms","on-computers-tips-40th-anniversary-of-th-ee9cc5"
"ieee-1394","dct-video-market-segmentation-2002"
"ieee-802-11a","dct-segment-priorities-matrix-2003"
"ieee-802-11b","dct-personal-it-practice-launch-2001"
"ieee-mib","aberdeen-1997-hp-andover-working-group"
"iis","1997-microsoft-nt-scalability-day--the-e-6460e2"
"ilec-dsl","2002-alternate-consumer-electronics-channels-ppliers-em-b9052b"
"ilm","03-contract-pools-of-storage-phase2-a47fd3"
"ilm","04-mid-line-storage-v2-whitepaper-7db9bc"
"ilm","05-idc-sata-report-0872b8"
"ilm","08-phase2-project-kickoff-2ea711"
"ilm","09-maxtor-workshop-prep-guide-a218dc"
"ilm","10-maxtor-workshop-02-09-eod-53f22b"
"ilm","15-classification-key-applications-55b6be"
"ilm","17-maxtor-tool-decision-components-d9c2fb"
"ilm","18-maxtor-strategy-event-template-faeb40"
"ilm","aberdeen-preso-for-emc-final-storage-5-d855b8"
"ilm","maxtor-engagement-letter-nov2003"
"ilm","maxtor-flash-demo-2003"
"ilm","maxtor-midline-evaluation-a8d823"
"ilm","midline-storage-white-paper-jun2003"
"ilm","technology-themes-ee5ba4"
"ilm-decision-tool","contract-aberdeen-engaglementltr-rev1-02-d5e80a"
"ilm-policy-software","computerworld-ilm-article-15f604"
"ilm-policy-software","maxtor-survey-report-5-20c-0f458e"
"ilm-software","computerworld-ilm-waiting-2004"
"imac","svbi-apple-xserve-kastner-2002-05-17-1398db"
"imaginecard","aberdeen-1996-hp-praesidium-family"
"impact-analysis-tools","1998-y2k-report-f512fb"
"implementation-mapping-language-iml","aberdeen-1995-digital-objectbroker"
"impromptu-powerplay","dssune~1-cbf6e3"
"industry-standard-servers","processor-editorial-article-one-powerhou-aa3f6c"
"inferno-os","omnibox97-53bcfe"
"infineon","otellini-intel-techpinions-2013-917213"
"infiniband","2002-does-intel-s-decision-not-to-manufactur-iniband-si-0bd64b"
"infiniband","infiniband-and-beyond-computerworld-supp-200261"
"infiniband","infiniband-data-center-wp-2002"
"infiniband","infoworld-dell-sharpens-blade-attack-nee-f9cb9c"
"infiniband","intel-ia2004-pk4-kc-edits-de9c37"
"infiniband","intel-infiband-wp--edit-psk-5-22f-a2c551"
"infiniband-hca","2002-does-intel-s-decision-not-to-manufactur-iniband-si-0bd64b"
"infiniband-hca","intel-infiband-wp--edit-psk-5-22f-a2c551"
"information-security","1999-retainer-contract-d3a385"
"informix-db","safeway-damages-report-draft-b502f4"
"informix-db-1996","upgrades-boost-database-market-iweek-fol-f19804"
"informix-dsa","datamation-informix-dsa-ad-aberdeen-cite-a9f18d"
"informix-dsa","sequent-592620"
"informix-dynamic-server","aberdeen-1996-distributed-open-rdbms-buying-guide"
"informix-dynamic-server","dbmspr~1-7c854e"
"informix-illustra","aberdeen-1996-tandem-vision-21st-century-electronic-business"
"informix-online","rdbms-for-ibm-powera~1-7a44be"
"infranet","portal-99-fe5656"
"infranet-architecture","portal-99-fe5656"
"integrated-pc-server","aberdeen-1997-as400-nt-server-ibm-microsoft-working-together"
"integration-testing","aberdeen-rb-testing-soa-web-apps-2007-e2096f"
"intel-14nm","otellini-intel-techpinions-2013-917213"
"intel-18a","2026-kastner-intel-longitudinal-776f7e"
"intel-486","intel-pulse-check-ia-continuum-2013-3a693f"
"intel-486","nti-12-client-server-goals-1993-15a519"
"intel-486","nti-3-pc-and-ws-1993-17d49b"
"intel-5000p","server-benchmarks-2007-sept-7-862cf0"
"intel-5000v","server-benchmarks-2007-sept-7-862cf0"
"intel-5000x","server-benchmarks-2007-sept-7-862cf0"
"intel-80x86","nti-2-open-systems-1dd3af"
"intel-80x86","volume-1-ch06-dec-mainframes-last-stand-1987-1988"
"intel-915-chipset","technology-news-hardware-intel-ships-gra-47f656"
"intel-915-grantsdale","intel-longlivedualcore-revised-5-fa8298"
"intel-ai-hardware","2026-kastner-enterprise-ai-arc"
"intel-amt","intel-2010-vpro-daily-globe-42697e"
"intel-amt","small-business-intel-targets-smbs-with-r-2cd3ec"
"intel-anti-theft","intel-2010-vpro-daily-globe-42697e"
"intel-anti-theft-tech","youtube-channelintel-anti-theft-tech-200-73a093"
"intel-architecture","planningforemergingindustry-6-40decb"
"intel-atom","intel-pulse-check-ia-continuum-2013-3a693f"
"intel-atom","otellini-intel-techpinions-2013-917213"
"intel-avoton","intel-pulse-check-ia-continuum-2013-3a693f"
"intel-celeron","aberdeen-impact-desktop-pc-sirens-1998-14b40c"
"intel-celeron","dct-business-2002-12-19-pc-deals"
"intel-celeron","dct-business-2003-03-17-pc-deals"
"intel-celeron","dct-dceit-observations-2002-06"
"intel-celeron","dct-emachines-q1-2003-lineup"
"intel-celeron","dct-intel-processor-prices-2003-01"
"intel-celeron","dct-weekly-2002-08-24-pc-deals-analysis"
"intel-celeron","dct-weekly-2002-08-24-pc-deals-script"
"intel-celeron","dct-weekly-2002-10-06"
"intel-celeron","dct-weekly-2002-11-03"
"intel-celeron","dct-weekly-2002-11-17"
"intel-celeron","dct-weekly-2003-01-05"
"intel-celeron","dct-weekly-2003-01-26"
"intel-celeron","dct-weekly-2003-04-06"
"intel-celeron-17ghz","dct-intel-processor-prices-2003-01"
"intel-celeron-18ghz","dct-intel-processor-prices-2003-01"
"intel-celeron-20ghz","dct-intel-processor-prices-2003-01"
"intel-celeron-m","dct-weekly-2003-04-06"
"intel-celeron-m","technology-news-hardware-intel-unveils-l-1f420a"
"intel-centrino","dct-pc-replacement-insight1-2003-04"
"intel-centrino","dct-traveling-with-centrino-2003-05"
"intel-centrino","purchasing-mag-high-tech-supply-chains-2-fc2a91"
"intel-centrino","review-gateway-notebook-with-intel-centr-985a73"
"intel-centrino","why-you-need-to-replace-those-windows-98-and-nt-ma-9b9622"
"intel-centrino-2-vpro","youtube-channelintel-anti-theft-tech-200-73a093"
"intel-centrino-2-vpro","youtube-kastner-intel-vpro-tco-2008-cb1733"
"intel-clarkdale","bapco-sysmark-2012-benchmark-post-a40084"
"intel-classmate-pc","classmate-pc-evaluation-notes-8-103667"
"intel-core","intel-pulse-check-ia-continuum-2013-3a693f"
"intel-core","mac-news-business-apple-intel-marriage-m-d0a5d8"
"intel-core","otellini-intel-techpinions-2013-917213"
"intel-core","otellini-preview-how-it-changed-2013-604cfb"
"intel-core","otellini-preview-on-the-impact-2013-a50192"
"intel-core-2-extreme-quad","intel-quad-core-outlook-newsfactor-garre-c32252"
"intel-core-i3-2120","bapco-sysmark-2012-benchmark-post-a40084"
"intel-core-i5-2500","bapco-sysmark-2012-benchmark-post-a40084"
"intel-d1d-fab","peter-kastner-10-bde195"
"intel-datacenter-lights-out","peter-kastner-10-bde195"
"intel-digital-enterprise","2005-fall-idf-schedule-b5e6c4"
"intel-e7501","planningforemergingindustry-6-40decb"
"intel-e7505","planningforemergingindustry-6-40decb"
"intel-em64t","dct-memoir-athlon-64-prescience-2003"
"intel-em64t","dell-precision-workstations-3-581e89"
"intel-falcon-shores","2026-kastner-enterprise-ai-arc"
"intel-flash","intel-idf-2005-spring-delegate-confirmat-0de810"
"intel-gaudi","2026-kastner-enterprise-ai-arc"
"intel-haswell","intel-pulse-check-ia-continuum-2013-3a693f"
"intel-haswell","otellini-intel-techpinions-2013-917213"
"intel-haswell","otellini-preview-how-it-changed-2013-604cfb"
"intel-hyper-threading","dct-memoir-ramp-vs-dct-prescience-2026"
"intel-ia","intel-pulse-check-ia-continuum-2013-3a693f"
"intel-ia32-smp","2002-beyond-windows-8-way-servers-why-businesses-are-de-6828b2"
"intel-ia64","ntserv~1-56bd94"
"intel-itanium","cnet-shankland-ibm-itanium-x450-2003-c91608"
"intel-itanium","technology-news-future-tech-microsoft-la-625f49"
"intel-itanium","technology-news-hardware-amd-s-opteron-a-ecf5a9"
"intel-itanium","technology-news-hardware-intel-updates-i-a018d7"
"intel-itanium-2","computerworld-itanium-2-vs-sun-kastner-2-1e4505"
"intel-itanium-2","internetnews-veritas-itanium-believer-20-2ff4eb"
"intel-itanium-2","planningforemergingindustry-6-40decb"
"intel-itanium-montecito","intel-longlivedualcore-revised-5-fa8298"
"intel-landesk","aberdeen-1996-dec-manageworks-22"
"intel-larrabee","peter-kastner-10-bde195"
"intel-madison","cnet-shankland-ibm-itanium-x450-2003-c91608"
"intel-media-pc","dct-webinar-nov-2002"
"intel-mid","peter-kastner-10-bde195"
"intel-multicore-next-gen","2005-fall-idf-schedule-b5e6c4"
"intel-multicore-next-gen","intel-idf-2005-spring-delegate-confirmat-0de810"
"intel-netbook","peter-kastner-10-bde195"
"intel-netburst","intel-longlivedualcore-revised-5-fa8298"
"intel-nocona","planningforemergingindustry-6-40decb"
"intel-pentium-100","aberdeen-1995-digital-multia"
"intel-pentium-4","2002-amd-s-gigahertz-equiva-nexperienced-buyers-accept--6f6050"
"intel-pentium-4","dct-apple-powermac-g5-2003-06"
"intel-pentium-4","dct-at-kearney-business-pc-prices"
"intel-pentium-4","dct-business-2002-12-17-pc-deals"
"intel-pentium-4","dct-business-2002-12-19-pc-deals"
"intel-pentium-4","dct-business-2003-03-17-pc-deals"
"intel-pentium-4","dct-dceit-observations-2002-06"
"intel-pentium-4","dct-intel-processor-prices-2003-01"
"intel-pentium-4","dct-segment-priorities-matrix-2003"
"intel-pentium-4","dct-weekly-2002-08-24-pc-deals-analysis"
"intel-pentium-4","dct-weekly-2002-08-24-pc-deals-script"
"intel-pentium-4","dct-weekly-2002-10-06"
"intel-pentium-4","dct-weekly-2002-11-03"
"intel-pentium-4","dct-weekly-2002-11-14-p4-ht"
"intel-pentium-4","dct-weekly-2002-11-17"
"intel-pentium-4","dct-weekly-2002-12-01"
"intel-pentium-4","dct-weekly-2002-12-15"
"intel-pentium-4","dct-weekly-2002-12-22"
"intel-pentium-4","dct-weekly-2002-12-30"
"intel-pentium-4","dct-weekly-2003-01-05"
"intel-pentium-4","dct-weekly-2003-01-19"
"intel-pentium-4","dct-weekly-2003-01-26"
"intel-pentium-4","dct-weekly-2003-03-02"
"intel-pentium-4","dct-weekly-2003-03-09"
"intel-pentium-4","dct-weekly-2003-03-16"
"intel-pentium-4","dct-weekly-2003-03-23"
"intel-pentium-4","dct-weekly-2003-04-06"
"intel-pentium-4","dct-weekly-2003-04-13"
"intel-pentium-4","dct-weekly-2003-04-20"
"intel-pentium-4","dct-weekly-2003-05-11"
"intel-pentium-4","dct-weekly-2003-05-18"
"intel-pentium-4","dct-weekly-2003-06-08"
"intel-pentium-4","dct-weekly-2003-07-06"
"intel-pentium-4","dct-weekly-2003-07-13"
"intel-pentium-4","dct-weekly-2003-07-26"
"intel-pentium-4","dct-weekly-2003-08-03"
"intel-pentium-4","dct-weekly-2003-08-10"
"intel-pentium-4","dct-why-aberdeen-follows-pc-deals-2002"
"intel-pentium-4","nvidia-personal-cinema-lab-report-2002"
"intel-pentium-4","otellini-intel-techpinions-2013-917213"
"intel-pentium-4","pc-buying-guide-guest-column-take-her-up-1be957"
"intel-pentium-4","pc-replacement-survey-one-size-fits-none-73e2e0"
"intel-pentium-4","power-macs-won-t-hit-3ghz-this-year-anal-73ad0f"
"intel-pentium-4","techno-news-blog-6-713812"
"intel-pentium-4-18","dct-intel-processor-prices-2003-01"
"intel-pentium-4-20","dct-intel-processor-prices-2003-01"
"intel-pentium-4-226","dct-intel-processor-prices-2003-01"
"intel-pentium-4-253","dct-intel-processor-prices-2003-01"
"intel-pentium-4-26","dct-intel-processor-prices-2003-01"
"intel-pentium-4-306","dct-intel-processor-prices-2003-01"
"intel-pentium-4-extreme-edition","intel-idf-pk-notes-3-6666da"
"intel-pentium-4-ht","dct-pc-replacement-insight1-2003-04"
"intel-pentium-4-ht","dct-weekly-2002-11-14-p4-ht"
"intel-pentium-4-ht","dct-weekly-2002-11-17"
"intel-pentium-4-ht","dct-weekly-2003-01-19"
"intel-pentium-4-ht","dct-weekly-2003-01-26"
"intel-pentium-4-ht","dct-weekly-2003-03-09"
"intel-pentium-4-ht","dct-weekly-2003-04-06"
"intel-pentium-4-ht","dct-weekly-2003-04-13"
"intel-pentium-4-ht","dct-weekly-2003-04-20"
"intel-pentium-4-ht","dct-weekly-2003-05-11"
"intel-pentium-4-ht","dct-weekly-2003-05-18"
"intel-pentium-4-ht","dct-weekly-2003-06-22"
"intel-pentium-4-ht","dct-weekly-2003-07-06"
"intel-pentium-4-ht","dct-weekly-2003-07-13"
"intel-pentium-4-ht","dct-weekly-2003-07-26"
"intel-pentium-4-ht","dct-weekly-2003-08-03"
"intel-pentium-4-ht","dct-weekly-2003-08-10"
"intel-pentium-4-ht","dct-weekly-2003-08-17"
"intel-pentium-4-ht","dct-weekly-2003-08-24"
"intel-pentium-4-hyperthreading","dct-kastner-wish-list-2002-12"
"intel-pentium-4-m","dct-business-2002-12-17-pc-deals"
"intel-pentium-4-m","dct-business-2002-12-19-pc-deals"
"intel-pentium-4-m","dct-business-2003-03-17-pc-deals"
"intel-pentium-4-m","dct-corp-notebooks-jan-2003"
"intel-pentium-4-m","dct-fujitsu-notebook-lineup-2002"
"intel-pentium-4-m","dct-weekly-2002-08-24-pc-deals-analysis"
"intel-pentium-4-m","dct-weekly-2002-08-24-pc-deals-script"
"intel-pentium-4-m","dct-weekly-2002-10-06"
"intel-pentium-4-m","dct-weekly-2002-11-14-p4-ht"
"intel-pentium-4-m","dct-weekly-2002-11-17"
"intel-pentium-4-m","dct-weekly-2003-05-18"
"intel-pentium-4-m","dct-weekly-2003-06-08"
"intel-pentium-4-prescott","intel-idf-pk-notes-3-6666da"
"intel-pentium-840","bapco-sysmark-2012-benchmark-post-a40084"
"intel-pentium-g620t","bapco-sysmark-2012-benchmark-post-a40084"
"intel-pentium-ii","aberdeen-impact-desktop-pc-sirens-1998-14b40c"
"intel-pentium-iii","dct-weekly-2002-10-06"
"intel-pentium-iii-m","dct-corp-notebooks-jan-2003"
"intel-pentium-m","dct-traveling-with-centrino-2003-05"
"intel-pentium-m-dothan","intel-longlivedualcore-revised-5-fa8298"
"intel-pentium-pro","server-deal-turns-rivals-into-allies-seq-bdc3af"
"intel-pentium4-northwood","amd-profile01-64e43b"
"intel-phi","intel-pulse-check-ia-continuum-2013-3a693f"
"intel-potomac","planningforemergingindustry-6-40decb"
"intel-retailer-program","wsj-mcwilliams-private-label-pcs-2002-05-bdab0a"
"intel-springdale","dct-pc-replacement-insight1-2003-04"
"intel-springdale-chipset","why-you-need-to-replace-those-windows-98-and-nt-ma-9b9622"
"intel-teamstation","informationweek-videoconferencing-boost--b62ff4"
"intel-tick-tock","otellini-intel-techpinions-2013-917213"
"intel-tick-tock","otellini-preview-how-it-changed-2013-604cfb"
"intel-tick-tock","otellini-preview-on-the-impact-2013-a50192"
"intel-tmg","intel-idf-2005-spring-delegate-confirmat-0de810"
"intel-vpro","peter-kastner-10-bde195"
"intel-vpro","small-business-intel-targets-smbs-with-r-2cd3ec"
"intel-vpro","youtube-kastner-intel-vpro-tco-2008-cb1733"
"intel-vs-risc-server-debate","computerworld-itanium-2-vs-sun-kastner-2-1e4505"
"intel-vt","2005-fall-idf-schedule-b5e6c4"
"intel-vt","intel-idf-2005-spring-delegate-confirmat-0de810"
"intel-windows-server","2001-hp-compaq-kastner-insight1-d6dc38"
"intel-windows-server","hp-compaq-kastner-insight1-a5a4e0"
"intel-x86","1996-sequent-38f0b1"
"intel-x86","volume-1-ch10-the-long-view-1966-2026"
"intel-xeon","cnet-shankland-ibm-itanium-x450-2003-c91608"
"intel-xeon","intel-dss99-42b2bc"
"intel-xeon","intel-pulse-check-ia-continuum-2013-3a693f"
"intel-xeon","technology-news-hardware-intel-updates-i-a018d7"
"intel-xeon","technology-news-hardware-sun-unveils-ult-4a76bb"
"intel-xeon-5300","intel-quad-core-outlook-newsfactor-garre-c32252"
"intel-xeon-7140m","server-benchmarks-2007-sept-7-862cf0"
"intel-xeon-7350","server-benchmarks-2007-sept-7-862cf0"
"intel-xeon-dp","intel-longlivedualcore-revised-5-fa8298"
"intel-xscale","remarks-of-peter-kastner-to-the-massachu-96335b"
"intel-xscale","technology-news-hardware-ibm-opens-custo-7fdf18"
"intel-xscale","technology-news-hardware-samsung-unveils-e689dd"
"intel-yonah","2005-fall-idf-schedule-b5e6c4"
"intelligent-applications","aberdeen-dops-distributed-open-prod-syst-cbae77"
"intellistation","workst~1-d22401"
"interactive-gaming","ect-news-whatever-happened-interactive-t-7446fd"
"interface-definition-language-idl","aberdeen-1995-digital-objectbroker"
"international-cryptography-framework","aberdeen-1996-hp-praesidium-family"
"internet","1997-the-business-value-of-applications-hosting-e92e09"
"internet","1999pr~1-c5516b"
"internet","erppsp~1-31f088"
"internet","psk-misc-speech-agendas-5965a3"
"internet","real-time-billing-for-internet-protocol--5ef746"
"internet-access","dct-personal-it-forecast-research-2001"
"internet-applications-architecture","1999-managing-customers-with-next-generation-software-a-a5adc4"
"internet-browser","1998-internet-sales-report-4cde3f"
"internet-cis","aberdeen-1996-managing-customers-next-gen-helpdesk"
"internet-commerce-platform","1997-commerce-exchange-pvp-250db8"
"internet-database-access","aberdeen-1996-distributed-open-rdbms-buying-guide"
"internet-ec","1996-electronic-commerce-25d31b"
"internet-ec-1998","dollars-and-sense-b2b-ec-eb8c9d"
"internet-energy-services","utilities-transformed-it-696ffb"
"internet-erp","2000-oracle-the-e-business-supply-chain-meeting-cu-r-re-1a72ef"
"internet-infrastructure","intern~1-45df51"
"internet-intranet","1997-unify-vision-8fcfc3"
"internet-intranet","perspecta-inc-september-1997-b8e81d"
"internet-intranet-deployment","aberdeen-1997-silknet-software"
"internet-procurement-software","1998-internet-procurement-cdc4a6"
"internet-retail","retail~1-d5de79"
"internet-retail-platform","1998-information-technology-in-the-retail-sector-the-in-33dc54"
"internet-technology","1998-industry-dynamics-in-u-s-it-usage-and-spending-199-26aed6"
"internet-telephony","2002-cable-and-telco-companies-battle-for-home-internet-2baa0b"
"internet-transaction-processing","aberdeen-1996-tandem-vision-21st-century-electronic-business"
"internet-web","health~1-056358"
"intranet","1996-electronic-commerce-25d31b"
"intranet","aberdeen-1996-web-warehouses-dss-for-masses"
"intranet","ca-acapulco-cio-pcs-ncs-netpcs-1997-552b4c"
"intranet","tool-vendors-neglect-intranet-computing--97bde3"
"intranet-extranet","1999-aberdeengroup-newsletter-april-1999-d157ec"
"intranetware","nospra~1-bd7d6a"
"intrusion-detection","2001-ca-s-etrust-directory-a-cornerstone-of-e-business--194413"
"intrusion-detection","mirror-image-profile-v2-(050404)-e7eb95"
"intrusion-detection","securi~1-3e7ced"
"intrusion-detection-gen1","vulnerability-assessment-empowering-is-754d9a"
"inventory-management-software","process-of-process-eba-335083"
"ioc","intern~1-45df51"
"ios","2001-winning-the-enterprise-pocket-pc-will-he-pervasive-7686b2"
"ip","teleco~1-c01702"
"ip-autolearn","1997-bay-networks--switch-node-routing-s-4d9885"
"ip-cores","topic-semiconductor-practice-definition-2002"
"ip-real-time-billing","real-time-billing-for-internet-protocol--5ef746"
"ip-storage","2003-aberdeen-group-free-research-aberdeen-insights-1-968e18"
"ip-switching","1997-cabletron-and-ipsilon--linking-secu-adba48"
"ip-telephony","trends99-18726b"
"ipaq","2001-pdas-in-the-enterprise-analyzing-supplier-viabilit-b2c1d0"
"ipaq","2002-the-new-hp-stands-up-to-be-counted-psk-35453a"
"ipaq","dct-hp-compaq-pcs-insight-2001-09"
"ipmi","intel-ia2004-pk4-kc-edits-de9c37"
"ipmi","planningforemergingindustry-6-40decb"
"ipod","year-in-macs-part-one-macworld-dalrymple-dd247c"
"ipod-mini","pc-style-living-room-macobserver-seward-97ed83"
"iq-liveweb","aberdeen-1996-iq-software-www-reporting"
"iq-objects","aberdeen-1996-iq-software-www-reporting"
"iq-vision","aberdeen-1996-iq-software-www-reporting"
"irp-model","erpv2p~1-b15573"
"iscsi","2003-storage-trends-what-will-be-hot-in-2003-and-beyond-cd0aeb"
"iscsi","infiniband-data-center-wp-2002"
"isdn","aberdeen-1996-remote-access-cisco-untold-story"
"isdn","aberdeen-1997-3com-accelerates-remote-access-market"
"isdn","aberdeen-1997-aberdeen-group-impacts"
"ise-chip","aberdeen-1995-3com-lanplex-2500"
"iseries","sun-as400-main-report-2002-c37e2a"
"iseries","sun-as400-market-data-2002-5faa8f"
"iseries","sun-as400-presentation-2002-9d925e"
"iso-9000","ie-appendix-lane-qa-research-e594cb"
"iso-9001","ie-appendix-lane-qa-research-e594cb"
"isp-service","kastner-jrl-trends-1999-pk-responses-f4c5a4"
"isp-telco-billing","1999-digitalcash-the-dash-to-digital-cash-enabling-inte-23732b"
"it-at-aberdeen","intel-renewal1017-9-0d4419"
"it-capacity-planning","teamquest-8-ec015b"
"it-consulting-services","psbj-meisner-microsoft-consulting-acquis-7b85c8"
"it-governance","the-business-value-in-it-outsourcing-7d5f23"
"it-governance-software","hp-mercury-soa-2006-pdf-80785e"
"it-infrastructure","2002-it-purchasing-the-view-from-the-end-of-the-tunnel--f63cde"
"it-infrastructure","ca-infrastructure-speech-chaos-or-cosmos-9cdfb1"
"it-market-research-platform","aberdeen-cp-100-builds-274224"
"it-market-research-platform","aberdeen-training-day-1-522863"
"it-maturity-model","business-value-outsourcing-57ce57"
"it-offshoring-india","seven-ways-to-prepare-for-the-economic-u-0a7d35"
"it-offshoring-india","slow-growth-for-it-spending-in-2003-it-t-231f47"
"it-outsourcing","1998-industry-dynamics-in-u-s-it-usage-and-spending-199-26aed6"
"it-outsourcing","it-outsourcing-584848"
"it-outsourcing","research-resources-the-william-davidson--7de658"
"it-outsourcing","seven-ways-to-prepare-for-the-economic-u-0a7d35"
"it-outsourcing","slow-growth-for-it-spending-in-2003-it-t-231f47"
"it-outsourcing-adm","ma-unisyswipro-rs-3747-36dd33"
"it-outsourcing-china","tech-investor-is-sars-sickening-tech-apr-850937"
"it-outsourcing-full","the-business-value-in-it-outsourcing-7d5f23"
"it-outsourcing-general","business-value-outsourcing-57ce57"
"it-security","2002-it-purchasing-the-view-from-the-end-of-the-tunnel--f63cde"
"it-security","wired-idc-tech-bucks-hack-threats-2002-e6375d"
"it-spending-forecast","remarks-of-peter-kastner-to-the-massachu-96335b"
"it-spending-forecast","tech-forecasts-idc-keeps-score-114e08"
"it-spending-forecast","tech-s-best-hope-pockets-of-prosperity-2-17d6cf"
"it-spending-model","ca-infrastructure-speech-chaos-or-cosmos-9cdfb1"
"it-utility","2003-storage-trends-what-will-be-hot-in-2003-and-beyond-cd0aeb"
"itanium","2001-hp-compaq-kastner-insight1-d6dc38"
"itanium","2001-hp-cpq-merger-collection-edbca1"
"itanium","2002-the-new-hp-stands-up-to-be-counted-psk-35453a"
"itanium","2004-03-intelitaniummfewp11.doc-618d4a"
"itanium","2026-kastner-dec-longitudinal-22d177"
"itanium-2","2002-performance-breakthroughs-the-benchmarking-fanatic-6d41fa"
"itanium-2","intelitaniummfewp1[1]-773ea2"
"itanium-ia-64","usatoday-kessler-itanium-mckinley-kastne-77362b"
"itanium-ia64","2010-intel-ia-continuum-wp-1-2-fc5653"
"itunes-music-store","music-tv-central-to-dell-consumer-push-m-57e733"
"itunes-music-store","usatoday-reuters-pc-music-deals-gateway--b3a303"
"jade-ade","caunic-ltr98-80140d"
"janus-web-server","sirius-web-enablement-b81ea8"
"jasmine-oodbms","caunic-ltr98-80140d"
"JAVA","1996-electronic-commerce-25d31b"
"JAVA","1997-ibm’s-nt-strategy-strat-pr-b93817"
"JAVA","1997-oracle-designer-2000-3201a7"
"JAVA","1997-oracle-developer-2000-client-server-development-en-5f98ce"
"JAVA","1997-oracle8-the-database-for-network-computing-674c9d"
"JAVA","1997-peoplesoft-works-the-internet-452445"
"JAVA","1997-the-new-as-400e-series-aa9cac"
"JAVA","1997-unify-vision-8fcfc3"
"JAVA","1999-aberdeengroup-newsletter-april-1999-d157ec"
"JAVA","1999pr~2-cd0049"
"JAVA","2002-webex--taking-conferencing-to-the-summit-05f195"
"JAVA","aberdeen-1996-computer-telephony-integration"
"JAVA","aberdeen-1996-lawson-software-desktop-workflow"
"JAVA","aberdeen-1996-live-object-caching-high-performance"
"JAVA","aberdeen-1996-moving-effectively-next-gen-client-server"
"JAVA","aberdeen-1996-oracle-network-computing-architecture"
"JAVA","aberdeen-1996-progress-software-webspeed-internet"
"JAVA","aberdeen-1996-spider-technologies-netdynamics"
"JAVA","aberdeen-1996-sun-microsystems-ultracomputing-business"
"JAVA","cryptocardsnapshot-3ce4c3"
"JAVA","develo~1-d25652"
"JAVA","intern~1-45df51"
"JAVA","pilot-internet-publisher-51e601"
"JAVA","progress-version-8-2-development-environment-3cadac"
"JAVA","soft-mountain-java-a396b5"
"JAVA","spotlightakamai-b83de6"
"JAVA","sunsnapshota-da6171"
"JAVA","trends99-18726b"
"java-applications","1998-microsoft-nt-windows-2000-multi-user-computing-5f91e4"
"java-dbms-support","dbmspr~1-7c854e"
"java-desktop-system","comdex-2003-sun-aggressive-seattletimes--9ca4dd"
"java-j2ee","esb-0617-5cc5fa"
"java-platform","october-1997-editor-s-buffer-5-771798"
"java-server","aberdeen-1997-lawson-insight-process-orientation-business-management"
"java-web-app-platforms","2026-kastner-prescience-methodology-demo-0cdf48"
"jbuilder","intern~1-45df51"
"jcl","volume-1-ch02-physics-of-the-machine-1969-1972"
"jde-enterprise-one","2003-oracle-v-peoplesoft-don-t-wait-until-the-bout-is-o-4da869"
"jde-enterprise-one","2003-peoplesoft-gains-crm-market-momentum-b4b610"
"jde-enterprise-one","2003-the-new-peoplesoft-long-term-strategy-near-term-be-5cb14f"
"jde-oneworld","erppsp~1-31f088"
"jde-oneworld","erpv2p~1-b15573"
"jde-strategic-sourcing","2003-the-new-peoplesoft-long-term-strategy-near-term-be-5cb14f"
"john-m-thompson-ibm","2026-kastner-ibm-longitudinal"
"jornada","dct-hp-compaq-pcs-insight-2001-09"
"just-in-time-manufacturing","sars2-hot-topic-cf91d4"
"just-in-time-supply-chain","tech-s-best-hope-pockets-of-prosperity-2-17d6cf"
"kerberos","1997-tme-10-security-management-8178c6"
"kerberos","1998-microsoft-windows-nt-5-0-a-planning-guide-cd9d08"
"khalix-21","aberdeen-1996-khalix-financial-awareness-competitive-advantage"
"khalix-financial-warehouse","aberdeen-1996-khalix-financial-awareness-competitive-advantage"
"knowledge-management","ie-appendix-lane-qa-research-e594cb"
"knowledge-management","microsoft-s-future-paths-6-f86f30"
"koda","dtj-v03-01-tp-and-fault-tolerant-1991-cf078c"
"kpm-frameworks","soa-with-bpm-docx-1211c7"
"kyndryl","2026-kastner-ibm-longitudinal"
"lagrange-technology","intel-consumer-lt-10-5-03-580af7"
"lan","nti-2-open-systems-1dd3af"
"lan-manager","nti-12-client-server-goals-1993-15a519"
"lan-server-400","aberdeen-1997-as400-nt-server-ibm-microsoft-working-together"
"lan-wan","1998-network-integration-services-report-f75108"
"lanplex-2500","aberdeen-1995-3com-lanplex-2500"
"lanplex-6000","aberdeen-1995-3com-lanplex-2500"
"lansa-composer","lansa-composer-powerpoint-9f4257"
"laplink","when-does-remote-control-benefit-9bd6e4"
"laptop-hdd","laptop-performance-bottleneck-smallbiz-r-e310b2"
"laptop-notebook-pc","technology-news-hardware-amd-makes-athlo-214a36"
"laptop-notebook-pc","technology-news-hardware-intel-unveils-l-1f420a"
"laptop-pc","2003-sars-electronics-supply-chain-ec0375"
"laptop-pc","laptop-performance-bottleneck-smallbiz-r-e310b2"
"large-file-distribution","15-classification-key-applications-55b6be"
"large-file-storage","15-classification-key-applications-55b6be"
"large-language-models","volume-1-ch10-the-long-view-1966-2026"
"larrabee","2010-intel-ia-continuum-wp-1-2-fc5653"
"larry-ellison","2026-kastner-oracle-longitudinal"
"lawson-insight-bms","aberdeen-1997-lawson-insight-process-orientation-business-management"
"lawson-oed","aberdeen-1996-lawson-software-desktop-workflow"
"lawson-web-service-centers","aberdeen-1997-lawson-insight-process-orientation-business-management"
"lawson-webdesktop","aberdeen-1997-lawson-insight-process-orientation-business-management"
"lawson-workflow","aberdeen-1996-lawson-software-desktop-workflow"
"layer3-switching","1997-bay-networks--switch-node-routing-s-4d9885"
"layer3-switching","networ~1-96462b"
"lcd-flat-panel","dct-business-2002-12-17-pc-deals"
"lcd-flat-panel","dct-business-2002-12-19-pc-deals"
"lcd-flat-panel","dct-business-2002-12-pc-deals"
"lcd-flat-panel","dct-pitch-2002-11-08-christmas"
"lcd-flat-panel","dct-weekly-2002-08-24-pc-deals-analysis"
"lcd-flat-panel","dct-weekly-2002-08-24-pc-deals-script"
"lcd-flat-panel","dct-weekly-2002-12-15"
"lcd-flat-panel","dct-weekly-2003-03-02"
"lcd-flat-panel","dct-weekly-2003-04-13"
"lcd-flat-panel","dct-weekly-2003-06-15"
"lcd-flat-panel","dct-weekly-2003-08-17"
"lcd-monitor","death-of-crt-monitor-pcmag-2002-977c17"
"ldap","1999-aberdeengroup-newsletter-april-1999-d157ec"
"ldap","aberdeen-1996-microsoft-windows-nt-server-40"
"ldap","intern~1-45df51"
"ldap","netcompute-e6c378"
"ldap-directory","2001-ca-s-etrust-directory-a-cornerstone-of-e-business--194413"
"leaa-grant-funded-cad","adl-public-safety-911-cad-systems-1973-1979-b8a001"
"legacy-applications","soa-bpm-legacy-renewal-bce60f"
"legacy-cobol","aberdeen-1996-enterprise-executives-year-2000-solution"
"legacy-mainframe-apps","aberdeen-1996-year-2000-transition-opportunity-reconstruction"
"legacy-mainframe-apps","aberdeen-1997-picks-right-tools-year-2000"
"legacy-modernization","aberdeen-ra-modernizing-legacy-2007-52a27a"
"legacy-modernization-soa","soa-aon-webinar-31973c"
"leisure-entertainment-tech","dct-supplier-list-2002"
"lenovoibm","2026-kastner-ibm-longitudinal"
"limd-large-scale-in-memory-database","aberdeen-1995-limd-technology"
"linkswitch-2200","aberdeen-1995-3com-lanplex-2500"
"linkworks","2026-kastner-dec-longitudinal-22d177"
"linux","09010002-18ee8a"
"linux","09010004-25b35c"
"linux","09010007-2a8be4"
"linux","09010008-931106"
"linux","1999-aberdeengroup-newsletter-april-1999-d157ec"
"linux","2000-linux-multi-client-study-29e6cf"
"linux","2001-aberdeen-group-recent-publications-psk-2be54d"
"linux","2003-a-view-of-sun-s-2003-worldwide-analyst-conference-206a10"
"linux","2003-aberdeen-group-free-research-aberdeen-insights-1-968e18"
"linux","2003-dell-and-oracle-boldly-predict-the-demise-of-big-i-073fba"
"linux","2003-dell-dives-deeper-d35985"
"linux","2004-intelitanium-toc-76e2be"
"linux","2026-kastner-core-arguments-framework-0b0c6b"
"linux","2026-kastner-prescience-methodology-demo-0cdf48"
"linux","dell-sap-v6-d08820"
"linux","dell-services-kastner-051904-4-87b363"
"linux","hp-analyst-phone-call-6-204870"
"linux","hp-compaq-kastner-insight1-a5a4e0"
"linux","intelitanium-toc-8308d0"
"linux","linux-news-software-microsoft-asked-to-c-1a8dc3"
"linux","linuxcare-ab95f6"
"linux","linuxcare-profile-1999"
"linux","linuxsme99-574d39"
"linux","linuxweb-toc-0a59c7"
"linux","midlinestoragewp-7f30e3"
"linux","polivecsnapshot-388c4c"
"linux","q306-iscsipov-sl-5ab9c3"
"linux","rb-re-thinking-ibm-mainframe-psk-3052-cec46c"
"linux","snapappliancesnapshot-0c0757"
"linux","sun-as400-main-report-2002-c37e2a"
"linux","sun-as400-presentation-2002-9d925e"
"linux","surfcontrolsnapshot-af71d7"
"linux","symarksnapshot-ae8735"
"linux","volume-1-ch07-founding-aberdeen-1988-1997"
"linux","volume-1-ch10-the-long-view-1966-2026"
"linux","volume-1-epilogue-argument-with-reality"
"linux","written-dct-oct-4-hot-topic-13a344"
"linux","written-hp-can-boost-soa-offerings-with-acquisition-of-mercury-2006-4f11c1"
"linux","written-hp-compaq-kastner-insight1-753142"
"linux","written-perspective-041304-eb8c4a"
"linux","written-snap-appliances-snapshot-10-15pk-a7b49c"
"linux-cluster","2003-dell-and-oracle-boldly-predict-the-demise-of-big-i-073fba"
"linux-clusters-hpc","2001-is-linux-domination-of-the-high-perform-computing--0d06ef"
"linux-desktop","mac-keeps-lead-on-linux-7-e3bcbf"
"linux-desktop","mac-os-vs--linux-who-s-2-the-mac-observe-34e63d"
"linux-desktop","macsimum-news-comparing-the-mac-os-and-l-26c31a"
"linux-desktop","slow-growth-for-it-spending-in-2003-it-t-231f47"
"linux-embedded","dct-oct.-4-hot-topic-b61c0d"
"linux-kernel","novell-and-microsoft-good-for-business-4-59404e"
"linux-on-mainframe","2004-03-intelitaniummfewp11.doc-618d4a"
"linux-os","2001-hp-cpq-merger-collection-edbca1"
"linux-os","2001-is-linux-domination-of-the-high-perform-computing--0d06ef"
"linux-os","2001-linux-is-on-the-move-up-6bf089"
"linux-os","2002-open-source-and-linux-2002-poster-children-for-sec-587674"
"linux-os","processor-editorial-article-much-in-stor-660f27"
"linux-server","slow-growth-for-it-spending-in-2003-it-t-231f47"
"linuxcare-university","linuxcare-profile-1999"
"lisp","volume-1-ch01-waiting-for-automation-1960-1969"
"lisp","volume-1-ch10-the-long-view-1966-2026"
"living-room-pc","pc-style-living-room-macobserver-seward-97ed83"
"llm","2026-kastner-core-arguments-framework-0b0c6b"
"lms-software","1999-e-learning-in-the-enterprise-psk-d0fc8a"
"location-services","dct-segment-priorities-matrix-2003"
"logistics-war-room","internetnews-will-sars-infect-high-tech--8569ea"
"lotus-approach","cab199-1-2-0cb163"
"lotus-domino","1997-the-business-value-of-applications-hosting-e92e09"
"lotus-domino","aberdeen-1997-as400-nt-server-ibm-microsoft-working-together"
"lotus-notes","1997-the-business-value-of-applications-hosting-e92e09"
"lotus-notes","2026-kastner-ibm-longitudinal"
"lotus-notes","aberdeen-1995-commercial-messaging"
"lotus-notes","aberdeen-1995-ibm-db2-common-server"
"lotus-notes","ie-appendix-lane-qa-research-e594cb"
"lotus-notes","nti-12-client-server-goals-1993-15a519"
"lotus-notes-agents","2026-kastner-enterprise-ai-arc"
"lotus-notes-domino","1997-ibm-extended-transaction-systems-fa-0369fa"
"lou-gerstner","2026-kastner-ibm-longitudinal"
"low-cost-fault-tolerant-pos","computerworld-fault-tolerant-market-1987-fc3dca"
"low-power-memory","topic-semiconductor-practice-definition-2002"
"lto","13-hh-time-compression-downtime-strategy-4e50c9"
"lto","14-formulas-disaster-scenario-c2f0b4"
"lto","2004-05dell-storage-profile-editpk-05170-3c00b1"
"mac-os-x","mac-keeps-lead-on-linux-7-e3bcbf"
"mac-os-x","mac-news-business-apple-intel-marriage-m-d0a5d8"
"mac-os-x","mac-os-vs--linux-who-s-2-the-mac-observe-34e63d"
"mac-os-x","macsimum-news-comparing-the-mac-os-and-l-26c31a"
"mac-os-x-server","linux-news-enterprise-systems-apple-s-en-a8fdd0"
"mac-os-x-tiger","mac-news-enterprise-systems-apple-s-ente-59fab0"
"mac-os-x-tiger","tiger-responds-security-warnings-eweek-b-95c721"
"machine-learning-statistical","volume-1-ch10-the-long-view-1966-2026"
"macintosh","dec-mgmt-memo-v7n5-state-of-company-1988-6a9954"
"macintosh","nti-3-pc-and-ws-1993-17d49b"
"macintosh","nti-4-nextgen-os-timing-1993-a45049"
"macintosh-os","1998as400-1-146289"
"macromedia-flash","06-aberdeen-after-action-showandtell-95c6d9"
"madison-itanium","intelitaniummfewp1[1]-773ea2"
"magnetic-tape","mid-line-storage-white-paper-06-13-03-3-7a2c62"
"magnetic-tape","volume-1-ch03-physics-of-consulting-1972-1979"
"magnetic-tape","volume-1-introduction-physics-of-the-machine"
"magnetic-tape-storage","volume-1-ch01-waiting-for-automation-1960-1969"
"mail-in-rebate","cuna-win-rebate-runaround-2004-9da530"
"mail-in-rebate","great-rebate-debate-smartmoney-grant-80650c"
"mail-in-rebate","great-rebate-runaround-businessweek-grow-00f459"
"mail-in-rebate","palm-pre-199-really-299-cloudave-a0a25f"
"mail-in-rebate","rebate-check-recordonline-van-vlack-d7d600"
"mail-in-rebate-system","rebates-savings-or-scam-chatham-journal--4bf5c2"
"mail-in-rebate-system","rebates-spur-buyers-but-many-don-t-colle-2aaa2e"
"mail-in-rebate-system","research-reveals-that-60-percent-of-reba-c887df"
"mailbox-shopping","omnibox97-53bcfe"
"mainframe","volume-1-ch09-expert-witness-technology-on-trial-1992-2015"
"mainframe","volume-1-ch10-the-long-view-1966-2026"
"mainframe","volume-1-epilogue-argument-with-reality"
"mainframe-computing","1998-industry-dynamics-in-u-s-it-usage-and-spending-199-26aed6"
"mainframe-computing","aberdeen-managing-is-amidst-it-chaos-lan-05ea75"
"mainframe-computing","hp-mainframe-alternative-fernandez-mfasc-a2179f"
"mainframe-downsizing","aberdeen-megatrends-mfa-cs-mis-1993-05-98fc87"
"mainframe-platform","1997-microsoft--the-joker-of-enterprise--158636"
"mainframe-storage","maxtor-survey-report-5-20c-0f458e"
"mainframe-systems-management","hp-mercury-soa-2006-pdf-80785e"
"mainframes-midrange","kastner-technology-breadth-memoir-2026"
"managed-security-services","aberdeen-workshop-qualifying-questions-and-success-stories-2001-b6a001"
"managed-services","ma-unisyswipro-rs-3747-36dd33"
"management-data-repository","kaiser-permanente-ramp-interview-for-max-8e4033"
"manageworks","2026-kastner-dec-longitudinal-22d177"
"manageworks-22","aberdeen-1996-dec-manageworks-22"
"marathon-endurance","marathon-technologies-demonstrates-99-99-99a38e"
"marcam-protean","erpv2p~1-b15573"
"market-positioning-pyramid","2001-pdas-in-the-enterprise-analyzing-supplier-viabilit-b2c1d0"
"marketing-automation","1998-cis-report-customer-interaction-software-631068"
"massively-parallel-processing","1997-commercial-risc-unix-1996-mvp-711569"
"massively-parallel-processing","1997-data-mining-buying-guide-71e463"
"massively-parallel-processing","1997-dec-linkworks-webworker---an-object-db2d2a"
"massively-parallel-processing","1998-hp-high-availability-and-metadata-7d1276"
"massively-parallel-processing","2001-hp-camera-lab-journal-prod-d90f3f"
"massively-parallel-processing","2003-dell-ars-white-paper-53d13d"
"massively-parallel-processing","it-budget-realities-benchmark-1b1313"
"massively-parallel-processing-commercial","ncr-att-wsj-massively-parallel-processin-f1f0a8"
"master-data-management","bpm-align-business-f76616"
"maxline","01-difranco-report-on-aberdeen-group-res-444a19"
"maxline","02-sow-final-62f56d"
"maxline","10-maxtor-workshop-02-09-eod-53f22b"
"maxline","19-maxline-data-timeline-slide-6e6572"
"maxline","20-maxline-mtbf-analysis-4d9111"
"maxline","maxtor-survey-report-5-20c-0f458e"
"mcafee","otellini-intel-techpinions-2013-917213"
"mdm-tools","ra-bpm-2007-890201"
"media-center-pc","dct-weekly-2002-10-27"
"media-center-pc","dct-weekly-2002-12-15"
"media-center-pc","dct-weekly-2003-01-19"
"media-center-pc","dct-weekly-2003-03-23"
"media-center-pc","dct-weekly-2003-06-22"
"media-center-pc","dct-weekly-2003-07-13"
"media-center-pc","dct-weekly-2003-07-26"
"media-center-pc","dct-weekly-2003-08-03"
"media-center-pc","dct-weekly-2003-08-10"
"media-center-pc","dct-weekly-2003-08-17"
"media-center-pc","dct-weekly-2003-08-24"
"media-center-pc","technology-news-hardware-intel-ships-gra-47f656"
"media-server","dct-webinar-nov-2002"
"mediatone","webex--taking-conferencing-to-the-busine-5b8109"
"medusa-cad","prime-industry-product-5-year-plan-1981-0a3546"
"memory-channel-bus","aberdeen-1995-limd-technology"
"memory-mirroring","planningforemergingindustry-6-40decb"
"mems","topic-semiconductor-practice-definition-2002"
"mercury-loadrunner","auditor-report-4-43ad9b"
"mercury-loadrunner","hp-can-boost-soa-offerings-with-acquisit-48e07e"
"mercury-quality-center","hp-can-boost-soa-offerings-with-acquisit-48e07e"
"metadata-management","1997-commercial-risc-unix-1996-mvp-711569"
"metadata-management","1997-data-integration-management-in-hete-de2429"
"metadata-management","1997-data-mining-buying-guide-71e463"
"metadata-management","1997-datafocus'-nutcracker--enterprise-c-bfc11e"
"metadata-management","1997-dec-linkworks-webworker---an-object-db2d2a"
"metadata-management","1998-hp-high-availability-and-metadata-7d1276"
"metadata-management","1998-pc-impact-and-metadata-e2a169"
"metadata-management","2003-dell-ars-white-paper-53d13d"
"metadata-management","2003-intel-consumer-lt-10-5-8c346e"
"metamatrix-server","aberdeen-eii-2003-ea3f1a"
"methanol-fuel-cell","dct-oct.-4-hot-topic-b61c0d"
"mica-technology","aberdeen-1996-remote-access-cisco-untold-story"
"micro-channel-architecture","ncr-3000-cabinet-engineering-diagram-199-fa564f"
"microservices","soa-overview-docx-12612f"
"microservices","soa-with-bpm-docx-1211c7"
"microservices","volume-1-ch07-founding-aberdeen-1988-1997"
"microsoft-access","cab199-1-2-0cb163"
"numa-architecture","1992-tpc-benchmarks-vp-745fa1"
"numa-architecture","1997-commercial-risc-unix-1996-mvp-711569"
"numa-architecture","1997-dec-linkworks-webworker---an-object-db2d2a"
"numa-architecture","1998-pc-impact-and-metadata-e2a169"
"numa-architecture","2002-webex--taking-conferencing-to-the-summit-05f195"
"numa-architecture","marathon-d186ab"
"numa-architecture","microsoft-launches-backoffice-small-busi-d0afdc"
"numa-architecture","ntscaling-07177f"
"microsoft-cairo","itthar-1-4-32f824"
"microsoft-cairo","nti-12-client-server-goals-1993-15a519"
"microsoft-cairo","nti-3-pc-and-ws-1993-17d49b"
"microsoft-dotnet","esb-0617-5cc5fa"
"microsoft-dotnet","microsoft-s-future-paths-6-f86f30"
"microsoft-dotnet","watchit-psk-aberdeen-cro-presenter-2002--5843bc"
"microsoft-erp-pre-dynamics","psbj-meisner-microsoft-consulting-acquis-7b85c8"
"microsoft-excel","cab199-1-2-0cb163"
"microsoft-exchange","timex-ramp-interview-for-maxtor-project-8c1b71"
"microsoft-freestyle","dct-microsoft-homestation-notes-2002"
"microsoft-homestation","dct-microsoft-homestation-notes-2002"
"microsoft-longhorn","watchit-psk-aberdeen-cro-presenter-2002--5843bc"
"microsoft-longwood","dct-microsoft-homestation-notes-2002"
"microsoft-mipad","microsoft-s-future-paths-6-f86f30"
"microsoft-mira","dct-memoir-ramp-vs-dct-prescience-2026"
"microsoft-mira","dct-microsoft-homestation-notes-2002"
"microsoft-mira","dct-sony-personal-electronic-vision-2002"
"microsoft-movie-maker","nvidia-personal-cinema-lab-report-2002"
"microsoft-nt","aberdeen-trends-90s-logan-1991-648c68"
"microsoft-office","peoplesoft-bid-mirrors-lofty-goals-of-or-6be2ec"
"microsoft-office","usatoday-maney-microsoft-patents-rd-spen-8fdf22"
"microsoft-office-2000","trends99-18726b"
"microsoft-office-2003","moore-s-law-true-but-irrelevant-internet-661e40"
"microsoft-sql-server","aberdeen-1996-digital-debunks-ntsmp-scalability-myth"
"microsoft-sql-server","aberdeen-1996-distributed-open-rdbms-buying-guide"
"microsoft-sql-server","aberdeen-1996-flexiinternational-software-financial-acumen-technology"
"microsoft-sql-server","dbmspr~1-7c854e"
"microsoft-sql-server","informix-dsa-presentation-2-8d5fa3"
"microsoft-sql-server","inforx95-3-9a45fe"
"microsoft-sql-server","jungle-1-5-675c58"
"microsoft-sql-server","jungle-6-7af8b7"
"microsoft-sql-server","nti-5-development-toolsets-0e71c5"
"microsoft-sql-server-7","dbmspr~1-7c854e"
"microsoft-sql-yukon","processor-editorial-article-much-in-stor-660f27"
"microsoft-tablet-pc","informationweek-tablet-pc-microsoft-kast-72320d"
"microsoft-tablet-pc","usatoday-maney-microsoft-patents-rd-spen-8fdf22"
"microsoft-tapi","aberdeen-1996-telechips-access-pc-telephony-interaction"
"microsoft-transaction-server","middle~1-a64fa0"
"microsoft-virtual-server","processor-editorial-article-much-in-stor-660f27"
"microsoft-vista","2006-amd-ati-acquisition-cf19ff"
"microsoft-windows","1992-sapiens-and-metadata-0608b6"
"microsoft-windows-2000","trends99-18726b"
"microsoft-windows-nt","ntscaling-07177f"
"microsoft-windows-xp","usatoday-maney-mac-or-pc-windows-securit-b45d45"
"microsoft-word","fixups~1-a1d68b"
"microsoft-xbox","usatoday-maney-microsoft-patents-rd-spen-8fdf22"
"microvax","dec-debit-credit-guidelines-kohler-hsu-1-e228b4"
"mid-line-storage","dct-memoir-ramp-vs-dct-prescience-2026"
"middleware-fabric","esb-soa-fabric-webmethods-techtarget-see-83b233"
"middleware-general","1999-aberdeengroup-newsletter-april-1999-d157ec"
"midline-disk","computerworld-ilm-article-15f604"
"midline-disk","computerworld-ilm-waiting-2004"
"midline-disk","dell-storage-profile-2004"
"midline-disk","maxtor-survey-report-5-20c-0f458e"
"midline-disk","snap-appliance-snapshot-2003"
"midline-storage","09-maxtor-workshop-prep-guide-a218dc"
"midline-storage","10-maxtor-workshop-02-09-eod-53f22b"
"midline-storage","12-steps-to-category-creation-0abd5a"
"midline-storage","13-hh-time-compression-downtime-strategy-4e50c9"
"midline-storage","14-formulas-disaster-scenario-c2f0b4"
"midline-storage","15-classification-key-applications-55b6be"
"midline-storage","16-maxtor-survey-meeting-agenda-4fe65d"
"midline-storage","18-maxtor-strategy-event-template-faeb40"
"midline-storage","maxtor-midline-evaluation-a8d823"
"midrange-server","nti-11-distributed-midrange-servers-1993-dedd19"
"minisd-card","sd-cards-overtake-memory-stick-12-may-20-81d89c"
"mirror-image-cap","mirror-image-profile-v2-(050404)-e7eb95"
"mirror-image-smart-content","mirror-image-profile-v2-(050404)-e7eb95"
"mixed-source-messaging","aberdeen-workshop-qualifying-questions-and-success-stories-2001-b6a001"
"mmac-plus","1997-cabletron--discovering-the-beacon-u-2d44d5"
"mmc","1998-microsoft-windows-nt-5-0-a-planning-guide-cd9d08"
"mobile-banking","mobile-banking-may-render-cash-obsolete--e4b699"
"mobile-computing-cis","1998-cis-report-customer-interaction-software-631068"
"mobile-convergence-device","dct-webinar-announcement-2002-11"
"mobile-convergence-device","dct-webinar-nov-2002"
"mobile-cpu-handheld","technology-news-hardware-samsung-unveils-e689dd"
"mobile-handsets-era","technology-news-boardroom-former-sun-exe-bc336f"
"mobile-smartphone","2026-kastner-prescience-methodology-demo-0cdf48"
"mobile-smartphone","2026-kastner-top-100-economic-calls-2a98a7"
"mobile-status-terminal","adl-public-safety-911-cad-systems-1973-1979-b8a001"
"mobility-technology","enterprise-integration-perspective-2-cb6165"
"mobility-technology","enterprise-integration-perspective-d21c1b"
"moblin-meego","2010-intel-ia-continuum-wp-1-2-fc5653"
"model-204","sirius-web-enablement-b81ea8"
"modem-28kbps","when-does-remote-control-benefit-9bd6e4"
"molecular-circuits","topic-semiconductor-practice-definition-2002"
"monitor-crt","dct-why-aberdeen-follows-pc-deals-2002"
"moores-law","intel-longlivedualcore-revised-5-fa8298"
"moores-law","moore-s-law-true-but-irrelevant-internet-661e40"
"moores-law","translating-early-skills-and-experiences-15bb2d"
"motorola-68000","ieee-db-stratus-32-psk-1d4564"
"motorola-68020","volume-1-ch05-stratus-fault-tolerant-wars-1981-1987"
"motorola-68881","computerworld-stratus-xa2000-launch-1987-d9d143"
"motorola-88000","aberdeen-1996-risc-unix-market"
"motorola-88k","sequent-592620"
"mp3-player","iha-full-report---draft-jul-28-41de81"
"mpeg-4","dct-dceit-practice-v6-2002"
"mpeg2-compression","aberdeen-1996-omnibox-interactive-broadcasting-network"
"mpeg4","intel-idf-pk-notes-3-6666da"
"mpeg4-compression","dct-oct.-4-hot-topic-b61c0d"
"mpp","1997-tandem-object-relational-data-mining-architecture-2d8139"
"mpp","aberdeen-1996-risc-unix-market"
"mpp-systems","aberdeen-1996-object-oriented-three-tier-plus-computing"
"mq-series","middle~1-a64fa0"
"mrp","erpv2p~1-b15573"
"ms-autosummarize","2026-kastner-enterprise-ai-arc"
"ms-cluster-server","ntserv~1-56bd94"
"ms-office-2000","aberdeen-impact-desktop-pc-sirens-1998-14b40c"
"ms-small-business-manager","2002-microsoft-business-solutions-the-new-wave-at-stamp-532ae4"
"ms-sql-server","rdbms-for-ibm-powera~1-7a44be"
"ms-sql-server-65","sap-r-3-on-wintel-servers-712986"
"msd","kastner-ie-v-andersen-expert-report-3de98a"
"msm-2000","y2k-computerworld-aberdeen-psk-irving-19-5bcd20"
"multi-threading","moore-s-law-true-but-irrelevant-internet-661e40"
"multi-tier-architecture","1997-unify-vision-8fcfc3"
"multia","aberdeen-1995-digital-multia"
"multia-x-server","aberdeen-1995-digital-multia"
"multics","volume-1-ch01-waiting-for-automation-1960-1969"
"multidimensional-db","aberdeen-1996-enterprise-data-knowledge-integrated-data-marts"
"mvl-dsl","aberdeen-1997-aberdeen-group-impacts"
"mvs","software-market-safegu~1-ea7453"
"mvs-openedition","aberdeen-1996-mainframe-revival-short-lived-or-long-term"
"mycin","2026-kastner-enterprise-ai-arc"
"mycin","volume-1-ch10-the-long-view-1966-2026"
"mysap-com","2001-compaq-tru64-unix-and-oracle9i-clusters-reduce-cos-17b4b2"
"mysap-com","2001-sap-the-once-and-future-king-fe2827"
"mysql","2026-kastner-oracle-longitudinal"
"mythware-class-v6","classmate-pc-evaluation-notes-8-103667"
"nap-network-app-processing","soa-aon-webinar-31973c"
"nas","2003-storage-trends-what-will-be-hot-in-2003-and-beyond-cd0aeb"
"nas","2004-05dell-storage-profile-editpk-05170-3c00b1"
"nas","dec-mgmt-memo-v7n5-state-of-company-1988-6a9954"
"nas","snap-appliance-snapshot-2003"
"nas","snap-appliances-snapshot-10-15pk-f183fe"
"nas","storag~1-262bc7"
"navision-erp","2002-microsoft-business-solutions-the-new-wave-at-stamp-532ae4"
"nc-card","netcompute-e6c378"
"nc-server","netcompute-e6c378"
"ncr-3000-family","ncr-3000-cabinet-engineering-diagram-199-fa564f"
"ncr-3550","ncr-norge-open-oltp-rdbms-seminar-1992-0-7f5414"
"ncr-3550","ncr-system-3000-model-3550-brochure-1992-b15aed"
"ncr-lifekeeper","aberdeen-1996-ncr-fail-safe-enterprise-nt"
"ncr-nt-hatp","ncr-bringing-highly-available-nt-ecb055"
"ncr-smp-utilization-manager","aberdeen-1996-ncr-fail-safe-enterprise-nt"
"ncr-system-3000-family","ncr-system-3000-model-3550-brochure-1992-b15aed"
"ncr-system-3600","ncr-att-wsj-massively-parallel-processin-f1f0a8"
"ncr-top-end","aberdeen-1996-ncr-fail-safe-enterprise-nt"
"ncr-topend","ncr-norge-open-oltp-rdbms-seminar-1992-0-7f5414"
"ncr-topend","ncr-topend-tp-monitor-brochure-1992-eeea31"
"ncr-worldmark","aberdeen-1996-ncr-fail-safe-enterprise-nt"
"ncr-worldmark-4300","server-deal-turns-rivals-into-allies-seq-bdc3af"
"nda-confidentiality","aberdeen-training-day-2-representing-abe-38ef4b"
"ndmp","aberdeen-1996-network-appliance-data-appliances"
"ndmp-protocol","snap-appliance-launches-new-release-of-i-373ab7"
"nearline-disk","18-maxtor-strategy-event-template-faeb40"
"nearline-storage","computerworld-ilm-waiting-2004"
"nec-fuel-cell-laptop","dct-oct.-4-hot-topic-b61c0d"
"netapp-filers","aberdeen-1996-network-appliance-data-appliances"
"netbench","intelitaniummfewp1[1]-773ea2"
"netdynamics","aberdeen-1996-spider-technologies-netdynamics"
"netfinity","aberdeen-1996-ibm-os2-warp-server"
"netflow-switching","1997-cisco-s-core-products-business-inte-bd8697"
"netpc","ca-acapulco-cio-pcs-ncs-netpcs-1997-552b4c"
"netra-servers","aberdeen-1996-sun-microsystems-ultracomputing-business"
"netscape-navigator","aberdeen-1995-digital-multia"
"netsolutions","aberdeen-1996-oracle-network-computing-architecture"
"netware","1997-tme-10-security-management-8178c6"
"netware","intern~1-45df51"
"netware","nti-12-client-server-goals-1993-15a519"
"netware-4x","aberdeen-1996-ibm-os2-warp-server"
"netweaver","dell-sap-v6-d08820"
"network-attached-storage","hostingtech-apple-xserve-asia-zieger-200-052af6"
"network-attached-storage","snap-appliance-launches-new-release-of-i-373ab7"
"network-based-applications","next-steps-soa-2006-0fdea1"
"network-computer","ca-acapulco-cio-pcs-ncs-netpcs-1997-552b4c"
"network-computer","tool-vendors-neglect-intranet-computing--97bde3"
"network-computing","aberdeen-1996-ibm-transformation-business-machines-information-service"
"network-publishing","dct-adobe-company-snapshot-2002"
"network-security-appliance","2003-the-top-10-security-suppliers-fc2b1b"
"network-storage","storag~1-262bc7"
"networker-illinois-bell","computerworld-fault-tolerant-market-1987-fc3dca"
"networking-internet","kastner-technology-breadth-memoir-2026"
"nevada-nevadaplatform","aberdeen-1996-mitels-nevadanetworked-voice-data-speeding-toward"
"newcard","intel-ia2004-pk4-kc-edits-de9c37"
"nexaweb-ew20","nexaweb-announces-starter-kit-nexaweb-abe281"
"nexaweb-ucf","nexaweb-announces-ucf-nexaweb-dev-center-6b97d4"
"nexaweb-ucf","outlook-series-david-mcfarlane-nexaweb-p-1dd1b4"
"nextstep","nti-4-nextgen-os-timing-1993-a45049"
"nfc","mobile-banking-may-render-cash-obsolete--e4b699"
"nfs","netcompute-e6c378"
"nonstop-architecture","businessweek-stratus-launch-fail-safe-ba-82c028"
"nonstop-architecture","volume-1-ch05-stratus-fault-tolerant-wars-1981-1987"
"nonstop-services","1997-tandem-s-nonstop-software-enterprise-clustering-fo-815776"
"nonstop-software","1997-tandem-s-nonstop-software-enterprise-clustering-fo-815776"
"nonstop-sql-mx","1997-tandem-s-nonstop-software-enterprise-clustering-fo-815776"
"nonstop-tuxedo","1997-tandem-s-nonstop-software-enterprise-clustering-fo-815776"
"nos-general","1999pr~2-cd0049"
"note-taker","classmate-pc-evaluation-notes-8-103667"
"notebook-pc","dct-business-2002-12-17-pc-deals"
"notebook-pc","dct-business-2002-12-19-pc-deals"
"notebook-pc","dct-business-2003-03-17-pc-deals"
"notebook-pc","dct-corp-notebooks-jan-2003"
"notebook-pc","dct-traveling-with-centrino-2003-05"
"notebook-pc","dct-weekly-2002-10-27"
"notebook-pc","dct-weekly-2002-12-22"
"notebook-pc","dct-weekly-2003-01-05"
"notebook-pc","dct-weekly-2003-01-19"
"notebook-pc","dct-weekly-2003-03-16"
"notebook-pc","dct-weekly-2003-04-13"
"notebook-pc","dct-weekly-2003-04-20"
"notebook-pc","dct-weekly-2003-06-08"
"notebook-pc","purchasing-mag-high-tech-supply-chains-2-fc2a91"
"notebook-pc","technology-news-trends-desktop-pcs-decli-7993aa"
"novell-destiny","nti-4-nextgen-os-timing-1993-a45049"
"novell-intranetware","1999pr~2-cd0049"
"novell-nds","aberdeen-1997-aberdeen-group-impacts"
"novell-nds","nospra~1-bd7d6a"
"novell-nds","tool-vendors-neglect-intranet-computing--97bde3"
"novell-netware","1999-aberdeengroup-newsletter-april-1999-d157ec"
"novell-netware","1999pr~2-cd0049"
"novell-netware","aberdeen-1996-microsoft-windows-nt-server-40"
"novell-netware","aberdeen-1996-risc-unix-market"
"novell-netware","itthar-1-4-32f824"
"novell-netware","mockup~1-ca8fde"
"novell-netware","nti-3-pc-and-ws-1993-17d49b"
"novell-netware-4","nospra~1-bd7d6a"
"novell-netware-5","nospra~1-bd7d6a"
"nt-intel-server","1999pr~2-cd0049"
"nt-server","1997-marathon's-endurance-4000--imp-psk-f83368"
"nt-server","aberdeen-1996-ibm-as400-vs-microsoft-nt-server"
"nt-server-35x","aberdeen-1996-ibm-os2-warp-server"
"nt-server-40","1997-microsoft-nt-scalability-day--the-e-6460e2"
"nt-server-40","aberdeen-1997-as400-nt-server-ibm-microsoft-working-together"
"nt-server-enterprise","1997-microsoft--the-joker-of-enterprise--158636"
"nt-wolfpack-clustering","aberdeen-1996-digital-debunks-ntsmp-scalability-myth"
"nt-wolfpack-clusters","aberdeen-1996-debunking-ntsmp-scalability-myth"
"nt-workstation","aberdeen-1996-ibm-as400-vs-microsoft-nt-server"
"numa-architecture","aberdeen-1996-debunking-ntsmp-scalability-myth"
"numa-architecture","aberdeen-1996-digital-debunks-ntsmp-scalability-myth"
"numa-q","1996-sequent-38f0b1"
"numa-q-2000","sequent-s-numa-q-2000-solutions-77a77c"
"nvidia-geforce-3","dct-video-market-segmentation-2002"
"nvidia-geforce-fx","dct-kastner-wish-list-2002-12"
"nvidia-geforce-fx","nvidia-geforce-fx-notes-2003-02"
"nvidia-geforce2-mx-400","nvidia-personal-cinema-lab-report-2002"
"nvidia-nv30","nvidia-geforce-fx-notes-2003-02"
"nvidia-nv31","nvidia-geforce-fx-notes-2003-02"
"nvidia-nv34","nvidia-geforce-fx-notes-2003-02"
"nvidia-nv35","nvidia-geforce-fx-notes-2003-02"
"nvidia-personal-cinema","dct-video-market-segmentation-2002"
"nvidia-personal-cinema","nvidia-personal-cinema-lab-report-2002"
"nx-bit-dep","technology-news-hardware-amd-makes-athlo-214a36"
"oasis-platform","1997-commerce-exchange-pvp-250db8"
"oasis-transmission","utilities-transformed-it-696ffb"
"obiee","2026-kastner-enterprise-ai-arc"
"object-oriented","nti-12-client-server-goals-1993-15a519"
"object-oriented","nti-5-development-toolsets-0e71c5"
"object-oriented","psk-misc-speech-agendas-5965a3"
"object-oriented","trends99-18726b"
"object-oriented-dev","aberdeen-1995-hp-softbench"
"object-oriented-programming","aberdeen-1996-object-oriented-three-tier-plus-computing"
"object-oriented-technology","aberdeen-megatrends-mfa-cs-mis-1993-05-98fc87"
"object-oriented-technology","aberdeen-trends-90s-logan-1991-648c68"
"object-relational-rdbms","aberdeen-1996-computer-telephony-integration"
"object-request-broker-orb","aberdeen-1995-digital-objectbroker"
"object-technology","aberdeen-managing-is-amidst-it-chaos-lan-05ea75"
"object-technology","utilities-transformed-it-696ffb"
"objectbroker","2026-kastner-dec-longitudinal-22d177"
"oc-12-fiber","telephony-post911-conferencing-psk-2001--0bf283"
"odbc","aberdeen-1996-iq-software-www-reporting"
"odbc","software-market-safegu~1-ea7453"
"odbc-open-database-connectivity","aberdeen-1995-data-warehouse-olap"
"odbms","aberdeen-1996-live-object-caching-high-performance"
"odbms","dbmspr~1-7c854e"
"odbms","october-1997-editor-s-buffer-5-771798"
"odbms","software-market-safegu~1-ea7453"
"oem-isv-channel-1982","cbn-bochner-stratus-oem-strategy-1982-06-245fd5"
"oem-shipping-benchmarks","computerworld-itanium-2-vs-sun-kastner-2-1e4505"
"office-2003","dct-pc-replacement-insight1-2003-04"
"office-2003","why-you-need-to-replace-those-windows-98-and-nt-ma-9b9622"
"office-automation-systems","charles-t-casale-influence-cdfb3f"
"office-automation-systems","volume-1-ch04-prime-computer-1979-1981"
"offshore-it-services","research-resources-the-william-davidson--7de658"
"offshore-labor-arbitrage","dell-services-kastner-051904-4-87b363"
"offshore-outsourcing","2006-unisyswipro-rs-3747-a7e31e"
"olap","aberdeen-1996-khalix-financial-awareness-competitive-advantage"
"olap","data-know-69ab04"
"olap","pilot-internet-publisher-51e601"
"olap-i","perspecta-inc-september-1997-b8e81d"
"olds","aberdeen-dops-tpc-1992-deck-bbe78e"
"ole-object-linking-and-embedding","aberdeen-1995-digital-linkworks"
"ole-object-linking-and-embedding","aberdeen-1995-digital-objectbroker"
"ole-ocx-activex","aberdeen-1996-sqa-suite-50-automated-testing"
"olpc-xo","kastner-letter-to-craig-barrett-intel-2008-1ea221"
"oltp","15-classification-key-applications-55b6be"
"oltp","1996-sequent-38f0b1"
"oltp","aberdeen-press-advisory-kastner-appointm-efd58c"
"oltp","bio-webfocus-bef516"
"oltp","dec-mgmt-memo-v7n5-state-of-company-1988-6a9954"
"oltp","dec-resume-performance-review-3-1f133b"
"oltp","dectp-genspark-research2-4-a09a82"
"oltp","informdsa-9f8bcf"
"oltp","psk-bio2004-939357"
"oltp","psk-bio97-475934"
"oltp","psk-ibmbio-fde139"
"oltp","psk-niopubs-3d103b"
"oltp","volume-1-appendix-career-timeline"
"oltp","volume-1-ch05-stratus-fault-tolerant-wars-1981-1987"
"oltp","volume-1-ch06-dec-mainframes-last-stand-1987-1988"
"oltp","volume-1-ch07-founding-aberdeen-1988-1997"
"oltp","volume-1-ch10-the-long-view-1966-2026"
"oltp-45pct-growth-forecast","computerworld-stratus-xa2000-launch-1987-d9d143"
"oltp-45pct-growth-forecast","volume-1-ch05-stratus-fault-tolerant-wars-1981-1987"
"oltp-app","maxtor-ramp-interview-guide-first-draft-c68ebd"
"oltp-contemporary","15-classification-key-applications-55b6be"
"oltp-online-transaction-processing","1998-pc-impact-and-metadata-e2a169"
"oltp-online-transaction-processing","stratus-corporate-overview-1982-11-a7e367"
"oltp-storage","computerworld-ilm-waiting-2004"
"oltp-systems","bbn1989-1e6838"
"oltp-systems","bull1990-d-c-benchmarks-8b5d9c"
"oltp-systems","encore-b7c40d"
"oltp-systems","mid-line-storage-white-paper-06-13-03-3-7a2c62"
"oltp-tpc","2026-kastner-prescience-methodology-demo-0cdf48"
"oltp-tpc","2026-kastner-top-100-economic-calls-2a98a7"
"oltp-traditional","ncr-norge-open-oltp-rdbms-seminar-1992-0-7f5414"
"om-axcess","aberdeen-1996-open-market-web-based-commerce"
"om-securelink","aberdeen-1996-open-market-web-based-commerce"
"om-transact","aberdeen-1996-open-market-web-based-commerce"
"omnibox-compression","aberdeen-1996-omnibox-interactive-broadcasting-network"
"omnibox-network","omnibox97-53bcfe"
"omnibox-settop","omnibox97-53bcfe"
"omnilinx-8000","aberdeen-1996-frame-relay-access-devices"
"omnis-7","aberdeen-1996-blyths-ren-architecture-prescription-it-success"
"on-demand-elearning","1997-managing-the-people-dimension-of-ma-1d6b17"
"online-coupon-codes","rebates-savings-or-scam-chatham-journal--4bf5c2"
"online-rebate-system","great-rebate-runaround-businessweek-grow-00f459"
"oo-development","kastner-jrl-trends-1999-pk-responses-f4c5a4"
"oot-object-oriented-technology","oracle-wp-prod-6-a42b4b"
"open-messaging-architecture","ra-enterprise-apps-312ba4"
"open-middleware","ra-enterprise-apps-312ba4"
"open-oltp","aberdeen-open-oltp-enterprise-managers-k-3fc536"
"open-oltp","ncr-norge-open-oltp-rdbms-seminar-1992-0-7f5414"
"open-online-transaction-processing","aberdeen-open-online-transaction-process-ea272f"
"open-source-software","2002-open-source-and-linux-2002-poster-children-for-sec-587674"
"open-source-software","volume-1-ch08-aberdeen-go-go-years-1998-2006"
"opener-renepo","tiger-responds-security-warnings-eweek-b-95c721"
"opengl","aberdeen-1996-hp-vectra-xw-personal-workstation"
"openview","2002-the-new-hp-stands-up-to-be-counted-psk-35453a"
"openvms","2026-kastner-dec-longitudinal-22d177"
"openvms","aberdeen-1996-digital-leading-nt-across-enterprise-charge"
"openvms","it-budget-realities-benchmark-1b1313"
"operational-data-store","ra-bpm-2006-f5a558"
"operational-data-store","safeway-damages-report-draft-b502f4"
"operational-governance","aberdeen-ra-soa-management-governance-20-ff6a2c"
"opteron","2004-03-intelitaniummfewp11.doc-618d4a"
"opus","aberdeen-1996-unisys-clearpath-smp-servers"
"opus-mpp","aberdeen-1996-unisys-clears-path-a-series-os2200"
"oracle-10g","2026-kastner-oracle-longitudinal"
"oracle-11i","2002-a-kinder-gentler-larry-ellison-oracle-presents-new-cb69fb"
"oracle-11i","oracle-appsworld-insight-edit-4-813c2e"
"oracle-23ai","2026-kastner-enterprise-ai-arc"
"oracle-23ai","2026-kastner-oracle-longitudinal"
"oracle-7","inforx95-3-9a45fe"
"oracle-7","jungle-1-5-675c58"
"oracle-7","jungle-6-7af8b7"
"oracle-7","rdbms-for-ibm-powera~1-7a44be"
"oracle-8","jungle-6-7af8b7"
"oracle-8","rdbms-for-ibm-powera~1-7a44be"
"oracle-8i","data-know-69ab04"
"oracle-9i","2003-dell-dives-deeper-d35985"
"oracle-9i","2026-kastner-oracle-longitudinal"
"oracle-9i-rac","2003-dell-and-oracle-boldly-predict-the-demise-of-big-i-073fba"
"oracle-advanced-analytics","2026-kastner-enterprise-ai-arc"
"oracle-analytics","2026-kastner-oracle-longitudinal"
"oracle-analytics-cloud","2026-kastner-enterprise-ai-arc"
"oracle-apex","2026-kastner-oracle-longitudinal"
"oracle-applications","2026-kastner-oracle-longitudinal"
"oracle-autonomous-db","2026-kastner-oracle-longitudinal"
"oracle-context","1992-tpc-benchmarks-vp-745fa1"
"oracle-context","1998as400-1-146289"
"oracle-corporation","2026-kastner-oracle-longitudinal"
"oracle-data-mart-suite","2026-kastner-oracle-longitudinal"
"oracle-data-mart-suite-nt","1997-oracle-data-mart-suite-for-nt-926845"
"oracle-database","oracle-and-dell-take-aim-at-midsize-busi-770ea6"
"oracle-database","peoplesoft-bid-mirrors-lofty-goals-of-or-6be2ec"
"oracle-database","savant-targets-feds-with-oracle-database-60eca2"
"oracle-db-1996","upgrades-boost-database-market-iweek-fol-f19804"
"oracle-designer-2000","1997-oracle-designer-2000-3201a7"
"oracle-designer-2000","1997-vertical-industry-solutions-baan-leads-in-innovati-f12724"
"oracle-designer2000","2026-kastner-oracle-longitudinal"
"oracle-developer-2000","1997-oracle-developer-2000-client-server-development-en-5f98ce"
"oracle-developer-2000","aberdeen-1996-oracle-network-computing-architecture"
"oracle-developer2000","2026-kastner-oracle-longitudinal"
"oracle-discoverer","1997-oracle-data-mart-suite-for-nt-926845"
"oracle-e-business-suite","oracleroiwhitepaperprod-7-bcf73f"
"oracle-ebs","2000-oracle-the-e-business-supply-chain-meeting-cu-r-re-1a72ef"
"oracle-ebs","2002-a-kinder-gentler-larry-ellison-oracle-presents-new-cb69fb"
"oracle-ebusiness-suite","2026-kastner-oracle-longitudinal"
"oracle-enterprise-manager","aberdeen-1996-oracle-network-computing-architecture"
"oracle-enterprise-manager","netcompute-e6c378"
"oracle-erp","1997-vertical-industry-solutions-baan-leads-in-innovati-f12724"
"oracle-erp","2003-business-process-orientation-changes-ap-le-flows-d-ed067c"
"oracle-exadata","2026-kastner-oracle-longitudinal"
"oracle-exadata","on-computers-tips-is-sun-s-sparc-archite-65b3b9"
"oracle-express","1997-oracle-data-mart-suite-for-nt-926845"
"oracle-express","aberdeen-1996-khalix-financial-awareness-competitive-advantage"
"oracle-financial-apps","netcompute-e6c378"
"oracle-financials","2026-kastner-oracle-longitudinal"
"oracle-financials","aberdeen-1996-khalix-financial-awareness-competitive-advantage"
"oracle-financials","timex-ramp-interview-for-maxtor-project-8c1b71"
"oracle-fusion","2026-kastner-oracle-longitudinal"
"oracle-fusion","ibm-+-webify-=-industry-soa-application--97733a"
"oracle-fusion","ma-ibm-webify-5e0d4b"
"oracle-fusion-middleware","esb-0617-5cc5fa"
"oracle-graphics","1997-oracle-developer-2000-client-server-development-en-5f98ce"
"oracle-hcm","2026-kastner-oracle-longitudinal"
"oracle-interoffice","2026-kastner-enterprise-ai-arc"
"oracle-interoffice","2026-kastner-oracle-longitudinal"
"oracle-interoffice","aberdeen-1995-oracle-interoffice"
"oracle-interoffice","netcompute-e6c378"
"oracle-java","2026-kastner-oracle-longitudinal"
"oracle-java-hatrick","netcompute-e6c378"
"oracle-nc","2026-kastner-oracle-longitudinal"
"oracle-nca","1997-oracle-designer-2000-3201a7"
"oracle-nca","1997-oracle-developer-2000-client-server-development-en-5f98ce"
"oracle-nca","1997-oracle8-the-database-for-network-computing-674c9d"
"oracle-nca","2026-kastner-oracle-longitudinal"
"oracle-nca","aberdeen-1996-oracle-network-computing-architecture"
"oracle-oci","2026-kastner-oracle-longitudinal"
"oracle-office","1992-tpc-benchmarks-vp-745fa1"
"oracle-office","1998as400-1-146289"
"oracle-office","2002-webex--taking-conferencing-to-the-summit-05f195"
"oracle-office","marathon-d186ab"
"oracle-on-ncr-platforms","oracle-att-ncr-pittsburgh-seminar-letter-98b0a4"
"oracle-parallel-server","sequent-592620"
"oracle-peoplesoft","2026-kastner-oracle-longitudinal"
"oracle-rdb","1992-tpc-benchmarks-vp-ed0e0d"
"oracle-rdb","dectp-genspark-research2-4-a09a82"
"oracle-rdb","dectp92-0ca51c"
"oracle-rdb","ibm-rs6000-midran~1-88f049"
"oracle-rdbms","2026-kastner-oracle-longitudinal"
"oracle-rdbms","aberdeen-1996-distributed-open-rdbms-buying-guide"
"oracle-rdbms","aberdeen-open-online-transaction-process-ea272f"
"oracle-rdbms-7-x","aberdeen-1995-limd-technology"
"oracle-release-11","erpv2p~1-b15573"
"oracle-reports","1997-oracle-developer-2000-client-server-development-en-5f98ce"
"oracle-se-one","oracle-and-dell-take-aim-at-midsize-busi-770ea6"
"oracle-sun-sparc","2026-kastner-oracle-longitudinal"
"oracle-supply-chain","2026-kastner-oracle-longitudinal"
"oracle-universal-server","aberdeen-1996-oracle-network-computing-architecture"
"oracle-v7","nti-6-rdbms-technology-48f4aa"
"oracle-v8","2026-kastner-oracle-longitudinal"
"oracle-web-server","netcompute-e6c378"
"oracle7","1997-oracle8-the-database-for-network-computing-674c9d"
"oracle7","aberdeen-1996-sun-microsystems-decision-warehouse"
"oracle7","sap-r-3-on-wintel-servers-712986"
"oracle8","1997-oracle-data-mart-suite-for-nt-926845"
"oracle8","1997-oracle8-the-database-for-network-computing-674c9d"
"oracle8","dbmspr~1-7c854e"
"oracle8","intern~1-45df51"
"oracle8i","1997-oracle8-the-database-for-network-computing-674c9d"
"oracle9i-rac","2001-compaq-tru64-unix-and-oracle9i-clusters-reduce-cos-17b4b2"
"orb","software-market-safegu~1-ea7453"
"orb-plus","aberdeen-1995-hp-softbench"
"orchestration-integration-testing","ra-soa-2007-97c147"
"orchestration-testing","aberdeen-rb-testing-soa-web-apps-2007-e2096f"
"ordbms","dbmspr~1-7c854e"
"ordbms","jungle-6-7af8b7"
"ordbms","rdbms-for-ibm-powera~1-7a44be"
"order-management-system","2001-fletcher-spaght-3bb872"
"orinoco-wireless","2001-upgrading-to-windows-xp-a-long-and-winding-road-ps-81e090"
"os2","aberdeen-1996-ibm-transformation-business-machines-information-service"
"os2","dec-mgmt-memo-v7n5-state-of-company-1988-6a9954"
"os2","nti-3-pc-and-ws-1993-17d49b"
"os2","nti-4-nextgen-os-timing-1993-a45049"
"os2-warp","software-market-safegu~1-ea7453"
"os2-warp-server","aberdeen-1996-ibm-os2-warp-server"
"os2-warp-server","mockup~1-ca8fde"
"os2-warp-server","nospra~1-bd7d6a"
"os400","aberdeen-1996-evaluating-system36-migration-strategies"
"os400","aberdeen-1997-as400-nt-server-ibm-microsoft-working-together"
"os400-v4r1","1997-the-new-as-400e-series-aa9cac"
"osf-dce","aberdeen-dops-distributed-open-prod-syst-cbae77"
"osf-dce","ncr-topend-tp-monitor-brochure-1992-eeea31"
"osf-dce","nti-11-distributed-midrange-servers-1993-dedd19"
"osf-motif","nti-2-open-systems-1dd3af"
"osf1","nti-4-nextgen-os-timing-1993-a45049"
"osi","dec-mgmt-memo-v7n5-state-of-company-1988-6a9954"
"osi-protocol","ncr-topend-tp-monitor-brochure-1992-eeea31"
"other-misc-tail","kastner-technology-breadth-memoir-2026"
"outlook-2002","dct-kastner-wish-list-2002-12"
"outsourcing-governance","it-outsourcing-584848"
"outsourcing-maturity-model","the-business-value-in-it-outsourcing-7d5f23"
"outsourcing-services","kastner-technology-breadth-memoir-2026"
"outsourcing-sla","the-business-value-in-it-outsourcing-7d5f23"
"p2p-music-download","iha-full-report---draft-jul-28-41de81"
"pa-7200","aberdeen-1996-hp-3000-increasing-customers-successes"
"pa-7200","aberdeen-1996-hp-9000-enterprise-server-64bit-pa8000"
"pa-8000","aberdeen-1996-hp-3000-increasing-customers-successes"
"pa-8000","aberdeen-1996-hp-9000-enterprise-server-64bit-pa8000"
"pa-8200","aberdeen-1996-hp-9000-enterprise-server-64bit-pa8000"
"pa-8500","aberdeen-1996-hp-9000-enterprise-server-64bit-pa8000"
"pa-risc","1993-hercules-sap-28344a"
"palm-computer","dbmspr~1-7c854e"
"palm-os","2001-aberdeen-group-recent-publications-psk-2be54d"
"palm-os","2001-pdas-in-the-enterprise-analyzing-supplier-viabilit-b2c1d0"
"palm-os","2001-winning-the-enterprise-pocket-pc-will-he-pervasive-7686b2"
"palm-os","2002-second-generation-pdas-it-s-high-time-for-wireless-c6563f"
"palm-os","2002-undercutting-and-upselling-dell-s-foray-into-the-h-3d70b1"
"palm-os","dct-hp-compaq-pcs-insight-2001-09"
"palm-pre","palm-pre-199-really-299-cloudave-a0a25f"
"parallel-scalable-hardware","aberdeen-1996-web-warehouses-dss-for-masses"
"parallel-sysplex","aberdeen-1996-mainframe-revival-short-lived-or-long-term"
"patch-management","topic-iia-pc-management-best-practices-2003-10"
"pattern-recognition-agents","ca-jasmine-ii-brochure-kastner-endorseme-6588be"
"pay-per-view","aberdeen-1996-omnibox-interactive-broadcasting-network"
"payment-auth-encrypt","1996-electronic-commerce-25d31b"
"pbx","1998-communicating-business-intelligence-through-comput-0290b1"
"pc-asset-management","topic-iia-pc-management-best-practices-2003-10"
"pc-deals","dct-intel-processor-prices-2003-01"
"pc-friendly","nvidia-personal-cinema-lab-report-2002"
"pc-lan","nti-9-mainframe-role-1993-77fc40"
"pc-lifecycle-management","kastner-sipp-pc-lifecycle-dynamics-2003-4395fd"
"pc-lifecycle-management","pc-management-best-practices-page-2-5-962daf"
"pc-market-china","internetnews-will-sars-infect-high-tech--8569ea"
"pc-peripheral","dct-supplier-list-2002"
"pc-replacement-cycle","rbj-pc-reseller-slump-psk-2002-07-05-9cb170"
"pc-retail-channel","dct-gateway-acquires-emachines-2004-03"
"pc-retail-store-model","restructure-plans-weigh-on-gateway-marke-c5656c"
"pc-server","dct-personal-it-forecast-research-2001"
"pc-tco","topic-iia-pc-management-best-practices-2003-10"
"pci","infiniband-data-center-wp-2002"
"pci","planningforemergingindustry-6-40decb"
"pci-express","2002-does-intel-s-decision-not-to-manufactur-iniband-si-0bd64b"
"pci-express","dell-precision-workstations-3-581e89"
"pci-express","intel-ia2004-pk4-kc-edits-de9c37"
"pci-express","planningforemergingindustry-6-40decb"
"pci-express","technology-news-hardware-intel-ships-gra-47f656"
"pci-x","dct-apple-powermac-g5-2003-06"
"pci-x","infiniband-data-center-wp-2002"
"pci-x","intel-ia2004-pk4-kc-edits-de9c37"
"pci-x","intel-infiband-wp--edit-psk-5-22f-a2c551"
"pci-x","planningforemergingindustry-6-40decb"
"pda","2002-undercutting-and-upselling-dell-s-foray-into-the-h-3d70b1"
"pda","dct-segment-priorities-matrix-2003"
"pda-communicator","dct-sony-personal-electronic-vision-2002"
"pda-hardware","2002-second-generation-pdas-it-s-high-time-for-wireless-c6563f"
"pda-mobile-devices","1999-managing-customers-with-next-generation-software-a-a5adc4"
"pen-computing","informationweek-tablet-pc-microsoft-kast-72320d"
"pentium-4","2026-kastner-intel-longitudinal-776f7e"
"pentium-4-ht","why-you-need-to-replace-those-windows-98-and-nt-ma-9b9622"
"pentium-fdiv-bug","usatoday-maney-pentium-fdiv-kastner-1994-13a035"
"pentium-iii-pc","2003-dell-asset-recovery-services-white--142827"
"pentium-iii-pc","dell-ars-white-paper-prod-7-11m-c60434"
"pentium-processor","usatoday-maney-pentium-fdiv-kastner-1994-13a035"
"peoplesoft-crm","2003-peoplesoft-gains-crm-market-momentum-b4b610"
"peoplesoft-erp","2003-oracle-v-peoplesoft-don-t-wait-until-the-bout-is-o-4da869"
"peoplesoft-erp","2003-the-new-peoplesoft-long-term-strategy-near-term-be-5cb14f"
"peoplesoft-erp","peoplesoft-bid-mirrors-lofty-goals-of-or-6be2ec"
"peoplesoft-hrms","erppsp~1-31f088"
"peoplesoft-real-estate","2003-the-new-peoplesoft-long-term-strategy-near-term-be-5cb14f"
"peopletools","1997-peoplesoft-works-the-internet-452445"
"persistence-object-builder","aberdeen-1996-live-object-caching-high-performance"
"persistence-object-server","aberdeen-1996-live-object-caching-high-performance"
"personal-computers-os","kastner-technology-breadth-memoir-2026"
"personal-firewall","2002-wireless-lan-security-an-adolescent-market-88de03"
"personal-firewall","dct-segment-priorities-matrix-2003"
"personal-workstation-1984","prime-industry-product-5-year-plan-1981-0a3546"
"personalization","data-know-69ab04"
"peter-kastner","2026-kastner-ibm-longitudinal"
"phi-payroll-system","phi-legacy-in-wang-labs-runaway-horse-1995-b8e001"
"phi-payroll-system","phi-psd-brochure-and-kastner-engagements-1969-1972-b8d001"
"phi-tps","phi-psd-brochure-and-kastner-engagements-1969-1972-b8d001"
"phitax","phi-psd-brochure-and-kastner-engagements-1969-1972-b8d001"
"photonics","topic-semiconductor-practice-definition-2002"
"pick-os","volume-1-ch04-prime-computer-1979-1981"
"picture-messaging-mms","dct-webinar-nov-2002"
"pilot-analysis-server","pilot-internet-publisher-51e601"
"pilot-decision-support-suite","pilot-internet-publisher-51e601"
"pilot-internet-publisher","pilot-internet-publisher-51e601"
"pim","dct-segment-priorities-matrix-2003"
"pki","securi~1-3e7ced"
"pki-digital-certificates","aberdeen-workshop-qualifying-questions-and-success-stories-2001-b6a001"
"pkms","ie-appendix-jones-wms-memo-2e5d6c"
"pl-1","volume-1-ch01-waiting-for-automation-1960-1969"
"pl-sql","1992-tpc-benchmarks-vp-745fa1"
"pl-sql","2002-webex--taking-conferencing-to-the-summit-05f195"
"pl-sql","2026-kastner-oracle-longitudinal"
"plasma-display-tv","restructure-plans-weigh-on-gateway-marke-c5656c"
"plasma-hdtv","dct-gateway-acquires-emachines-2004-03"
"plasma-hdtv","dct-kastner-wish-list-2002-12"
"plastic-logic-inkjet","topic-semiconductor-practice-definition-2002"
"platinum-forest-trees","platinum-riskadvisor-ec30de"
"platinum-riskadvisor","platinum-riskadvisor-ec30de"
"plato-olap","dssune~1-cbf6e3"
"playstation","sars2-hot-topic-cf91d4"
"playstation-console","2003-sars-electronics-supply-chain-ec0375"
"plug-compatible-mainframe","on-computers-tips-40th-anniversary-of-th-ee9cc5"
"pocket-pc","2001-aberdeen-group-recent-publications-psk-2be54d"
"pocket-pc","2001-pdas-in-the-enterprise-analyzing-supplier-viabilit-b2c1d0"
"pocket-pc","2001-winning-the-enterprise-pocket-pc-will-he-pervasive-7686b2"
"pocket-pc","2002-second-generation-pdas-it-s-high-time-for-wireless-c6563f"
"pocket-pc","2002-undercutting-and-upselling-dell-s-foray-into-the-h-3d70b1"
"pocket-pc","2003-aberdeen-group-free-research-aberdeen-insights-1-968e18"
"pocket-pc","dct-kastner-wish-list-2002-12"
"pocket-pc","microsoft-s-future-paths-6-f86f30"
"point-in-time-copy","aberdeen-group-disk-storage-usage-questi-c8ffe9"
"point-of-sale-systems","1998-information-technology-in-the-retail-sector-the-in-33dc54"
"polycenter","aberdeen-1996-dec-manageworks-22"
"polycenter","aberdeen-1996-digital-leading-nt-across-enterprise-charge"
"polymer-memory","technology-news-future-tech-plastic-disc-4a4a71"
"pools-of-storage","03-contract-pools-of-storage-phase2-a47fd3"
"pools-of-storage","08-phase2-project-kickoff-2ea711"
"pools-of-storage","09-maxtor-workshop-prep-guide-a218dc"
"pools-of-storage","10-maxtor-workshop-02-09-eod-53f22b"
"pools-of-storage","16-maxtor-survey-meeting-agenda-4fe65d"
"pools-of-storage","17-maxtor-tool-decision-components-d9c2fb"
"pools-of-storage","18-maxtor-strategy-event-template-faeb40"
"pools-of-storage","aberdeen-preso-for-emc-final-storage-5-d855b8"
"portal-deployment","ra-bpm-2006-f5a558"
"pos-decision-tool","03-contract-pools-of-storage-phase2-a47fd3"
"pos-decision-tool","06-aberdeen-after-action-showandtell-95c6d9"
"pos-decision-tool","07-pools-of-storage-functional-spec-597fa5"
"pos-systems","retail~1-d5de79"
"pos-systems","volume-1-ch10-the-long-view-1966-2026"
"posix-standard","ncr-topend-tp-monitor-brochure-1992-eeea31"
"post-merger-customer-support-tiering","sia-compaq-vows-support-himalaya-post-hp-21421a"
"power-line-carrier","minicomputer-news-ase-asep-1979-2b5327"
"power-line-carrier","volume-1-about-the-author"
"power-line-carrier","volume-1-ch03-physics-of-consulting-1972-1979"
"power-mac-g5","macdailynews-analyst-apple-will-have-pro-54defe"
"powerbook-g4","year-in-macs-part-one-macworld-dalrymple-dd247c"
"powerbuilder","1997-oracle-designer-2000-3201a7"
"powerbuilder","1997-oracle-developer-2000-client-server-development-en-5f98ce"
"powerbuilder","1997-unify-vision-8fcfc3"
"powerbuilder","aberdeen-1995-commercial-messaging"
"powerbuilder","aberdeen-1996-moving-effectively-next-gen-client-server"
"powerbuilder","cab199-1-2-0cb163"
"powerbuilder","nti-5-development-toolsets-0e71c5"
"powerline-comms","adl-ase-asep-two-way-power-communications-1979-b8c001"
"powerpc","aberdeen-1996-bulls-sagister-datacenterdisciplined-unix-businesscritical-applications"
"powerpc","aberdeen-1996-ibm-aix-4-not-your-fathers-325"
"powerpc","mac-news-business-apple-intel-marriage-m-d0a5d8"
"powerpc","nti-12-client-server-goals-1993-15a519"
"powerpc","nti-2-open-systems-1dd3af"
"powerpc","nti-4-nextgen-os-timing-1993-a45049"
"powerpc-601","ibm-rs6000-midran~1-88f049"
"powerpc-604","aberdeen-1996-risc-unix-market"
"powerpc-as","aberdeen-1995-ibm-as400-sap-r3"
"powerpc-g5","dct-apple-powermac-g5-2003-06"
"powerpc-g5","year-in-macs-part-one-macworld-dalrymple-dd247c"
"ppsn-concept","1997-cabletron--discovering-the-beacon-u-2d44d5"
"predictive-analytics","1997-commercial-risc-unix-1996-mvp-711569"
"predictive-analytics","1997-data-integration-management-in-hete-de2429"
"predictive-analytics","1998-hp-high-availability-and-metadata-7d1276"
"predictive-analytics","1998-pc-impact-and-metadata-e2a169"
"predictive-analytics","2003-dell-ars-white-paper-53d13d"
"predictive-analytics","aberdeen-retail-bi-benchmark-survey-2006-aa440e"
"prime-32bit-minicomputer","charles-t-casale-influence-cdfb3f"
"prime-50-series","volume-1-ch04-prime-computer-1979-1981"
"prime-750","translating-early-skills-and-experiences-15bb2d"
"prime-750","volume-1-ch04-prime-computer-1979-1981"
"prime-information","volume-1-ch04-prime-computer-1979-1981"
"prime-model-2250","charles-t-casale-influence-cdfb3f"
"prime-oas","prime-industry-product-5-year-plan-1981-0a3546"
"primos","prime-industry-product-5-year-plan-1981-0a3546"
"printer-ink","dct-hp-compaq-pcs-insight-2001-09"
"private-label-retail-pc","wsj-mcwilliams-private-label-pcs-2002-05-bdab0a"
"private-line","teleco~1-c01702"
"private-network-infrastructure","2002-webex-taking-conferencing-to-the-business-communic-85e330"
"process-0-13-micron","dct-personal-it-forecast-research-2001"
"product-launch-framework","sun-launch-best-practices-report-draft-8-9741fb"
"product-launch-framework","sun-launch-questionnaire-9-a2c35d"
"product-life-cycle-framework","aberdeen-training-day-4-marketing-busine-601526"
"production-monitoring-tools","ra-soa-2007-97c147"
"programming-dev-tools","kastner-technology-breadth-memoir-2026"
"progress-4gl","aberdeen-1996-progress-software-webspeed-internet"
"progress-4gl","nti-6-rdbms-technology-48f4aa"
"progress-8-2","progress-version-8-2-development-environment-3cadac"
"progress-rdbms","rdbms-for-ibm-powera~1-7a44be"
"project-mac","volume-1-ch10-the-long-view-1966-2026"
"project-management-tools","1998-y2k-report-f512fb"
"project-orion","2003-a-view-of-sun-s-2003-worldwide-analyst-conference-206a10"
"promis","volume-1-ch04-prime-computer-1979-1981"
"proprietary-hpc-systems","2001-is-linux-domination-of-the-high-perform-computing--0d06ef"
"psa-software","1999-professional-services-automation-rpt-10e22b"
"pstn","teleco~1-c01702"
"ptf","aberdeen-1996-ibm-aix-4-not-your-fathers-325"
"public-key-encryption","1997-the-ec-company-not-your-father-s-edi-c1ebff"
"public-key-encryption","dollars-and-sense-b2b-ec-eb8c9d"
"publish-and-subscribe","aberdeen-1995-commercial-messaging"
"punch-card-tabulation","volume-1-ch01-waiting-for-automation-1960-1969"
"punch-card-tabulation","volume-1-ch10-the-long-view-1966-2026"
"punch-cards","volume-1-ch02-physics-of-the-machine-1969-1972"
"push-technology","1997-broadvision-dynamic-web-application-5f10bb"
"push-technology","intern~1-45df51"
"pvr","dct-dceit-practice-v6-2002"
"pvr","dct-segment-priorities-matrix-2003"
"pvr","dct-video-market-segmentation-2002"
"pvr","dct-webinar-nov-2002"
"q-diagnostic-center","savant-targets-feds-with-oracle-database-60eca2"
"qacenter","qacenter-automated-software-quality-from-start-to--b7003b"
"qad-mfgpro","erpv2p~1-b15573"
"qad-onq","erpv2p~1-b15573"
"qic-tape-525mb","ncr-3000-cabinet-engineering-diagram-199-fa564f"
"qos","aberdeen-1996-remote-access-cisco-untold-story"
"query-reporting","data-know-69ab04"
"quickbooks","processor-editorial-article-much-in-stor-660f27"
"r3-business-engineer","aberdeen-1997-acceleratedsap-strategy"
"racf","1997-tme-10-security-management-8178c6"
"raid","20-maxline-mtbf-analysis-4d9111"
"raid","ft-mitfor~1-a56a9d"
"raid","mid-line-storage-white-paper-06-13-03-3-7a2c62"
"raid","midline-storage-white-paper-jun2003"
"raid","storag~1-262bc7"
"raid-1","maxtor-survey-report-5-20c-0f458e"
"raid-5","aberdeen-group-disk-storage-usage-questi-c8ffe9"
"raid-5","snap-appliance-snapshot-2003"
"rambus-rdram","dct-personal-it-forecast-research-2001"
"rambus-rdram","dct-why-aberdeen-follows-pc-deals-2002"
"ramp-c-benchmark","volume-1-ch06-dec-mainframes-last-stand-1987-1988"
"ramp-c-benchmark","wsj-digital-challenges-ibm-tests-bulkele-e2e227"
"ramp-methodology","aberdeen-corporate-collateral-2001-v2-b4b001"
"ramp-methodology","aberdeen-corporate-collateral-combined-1-9674e4"
"ramp-methodology","aberdeen-corporate-presentation-98680d"
"ramp-methodology","aberdeen-group-intro-slides-7673aa"
"ramp-methodology","aberdeen-overview-presentation-v10-29-a665b8"
"ramp-methodology","aberdeen-training-book-day-3-03cfc1"
"ramp-methodology","aberdeen-training-day-1-522863"
"rapid-application-development","aberdeen-1996-enterprise-data-knowledge-integrated-data-marts"
"rd-as-percent-of-revenue","wsj-honeywell-bull-layoffs-kastner-1989-9faf05"
"rdb","2026-kastner-dec-longitudinal-22d177"
"rdb","dec-mgmt-memo-v7n5-state-of-company-1988-6a9954"
"rdb-vms","dtj-v03-01-tp-and-fault-tolerant-1991-cf078c"
"rdbms","2026-kastner-core-arguments-framework-0b0c6b"
"rdbms","2026-kastner-prescience-methodology-demo-0cdf48"
"rdbms","aberdeen-1996-enterprise-data-knowledge-integrated-data-marts"
"rdbms","aberdeen-1996-live-object-caching-high-performance"
"rdbms","aberdeen-1996-object-oriented-three-tier-plus-computing"
"rdbms","aberdeen-1996-web-warehouses-dss-for-masses"
"rdbms","bbn1989-1e6838"
"rdbms","dbmspr~1-7c854e"
"rdbms","encore-b7c40d"
"rdbms","ft-mitfor~1-a56a9d"
"rdbms","ibmrs6k-05561e"
"rdbms","informdsa-9f8bcf"
"rdbms","informix-dsa-presentation-2-8d5fa3"
"rdbms","inforx95-3-9a45fe"
"rdbms","jungle-1-5-675c58"
"rdbms","jungle-6-7af8b7"
"rdbms","nti-11-distributed-midrange-servers-1993-dedd19"
"rdbms","nti-12-client-server-goals-1993-15a519"
"rdbms","nti-2-open-systems-1dd3af"
"rdbms","nti-4-nextgen-os-timing-1993-a45049"
"rdbms","nti-5-development-toolsets-0e71c5"
"rdbms","nti-6-rdbms-technology-48f4aa"
"rdbms","software-market-safegu~1-ea7453"
"rdbms","volume-1-ch07-founding-aberdeen-1988-1997"
"rdbms","volume-1-ch10-the-long-view-1966-2026"
"rdbms-olap","aberdeen-1996-distributed-open-rdbms-buying-guide"
"rdbms-star-schema","platinum-riskadvisor-ec30de"
"rdma","infiniband-data-center-wp-2002"
"rdram","dct-weekly-2002-08-24-pc-deals-analysis"
"rdram","dct-weekly-2002-08-24-pc-deals-script"
"rdram","dct-weekly-2002-10-06"
"rdram","dct-weekly-2002-10-27"
"rdram","dct-weekly-2003-01-12"
"real-time-bi","soa-aon-webinar-31973c"
"real-time-business-intelligence","enterprise-integration-perspective-2-cb6165"
"real-time-business-intelligence","enterprise-integration-perspective-d21c1b"
"real-time-computing","ibm-messaging-workshop-report-final-9-ef7fbc"
"realsecure","aberdeen-1996-iss-internet-security-systems"
"realsecure","vulnerability-assessment-empowering-is-754d9a"
"rebate-fulfillment-house","research-reveals-that-60-percent-of-reba-c887df"
"recurring-revenue-subscription","aberdeen-productization-pricing-and-survey-research-program-2000-b7b001"
"red-brick-rdbms","rdbms-for-ibm-powera~1-7a44be"
"red-hat","2026-kastner-ibm-longitudinal"
"red-hat-openshift","2026-kastner-ibm-longitudinal"
"redundant-microprocessor-architecture","businessweek-stratus-launch-fail-safe-ba-82c028"
"regression-testing","ra-soa-2007-97c147"
"relational-database","aberdeen-open-oltp-enterprise-managers-k-3fc536"
"relational-database","volume-1-ch04-prime-computer-1979-1981"
"relational-database","volume-1-epilogue-argument-with-reality"
"relational-database-1996","upgrades-boost-database-market-iweek-fol-f19804"
"relational-database-management-systems","datamation-informix-dsa-ad-aberdeen-cite-a9f18d"
"relational-olap","aberdeen-1996-web-warehouses-dss-for-masses"
"relationship-management","it-outsourcing-584848"
"remedy-ars","1997-cis-report-ba825e"
"remote-control-arch","when-does-remote-control-benefit-9bd6e4"
"remote-control-pc","kastner-sipp-pc-lifecycle-dynamics-2003-4395fd"
"remote-job-entry","volume-1-ch01-waiting-for-automation-1960-1969"
"remote-management","2010-intel-vpro-daily-globe-6f615e"
"remote-node-ras","when-does-remote-control-benefit-9bd6e4"
"remote-pc-management","small-business-intel-targets-smbs-with-r-2cd3ec"
"ren-architecture","aberdeen-1996-blyths-ren-architecture-prescription-it-success"
"requirements-tracking","soa-web-services-2007-c3297b"
"rest-architecture","volume-1-ch08-aberdeen-go-go-years-1998-2006"
"retail-accounting-system","volume-1-ch02-physics-of-the-machine-1969-1972"
"retail-business-intelligence","aberdeen-retail-bi-benchmark-survey-2006-aa440e"
"retail-pc-shelf-space","wsj-mcwilliams-private-label-pcs-2002-05-bdab0a"
"retail-scorecarding","aberdeen-retail-bi-benchmark-survey-2006-aa440e"
"rf-handhelds","ie-appendix-jones-wms-memo-2e5d6c"
"rfid","ibm-aberdeen-wip-deck-2-704ff9"
"rfid","ibm-scm-murray2-tm-4a0fbf"
"rfid","technology-themes-2003-04"
"rfid","technology-themes-ee5ba4"
"rfid-edge-computing","enterprise-integration-perspective-2-cb6165"
"rfid-sensors","soa-aon-webinar-31973c"
"rfp-process","it-outsourcing-584848"
"rich-media-advertising","1998-advertising-on-the-internet-leveraging-the-virtual-3972d6"
"risc","dectp92-0ca51c"
"risc","nti-11-distributed-midrange-servers-1993-dedd19"
"risc","nti-2-open-systems-1dd3af"
"risc","nti-3-pc-and-ws-1993-17d49b"
"risc","nti-9-mainframe-role-1993-77fc40"
"risc","psk-litigate98-72601c"
"risc-architecture","aberdeen-trends-90s-logan-1991-648c68"
"risc-architecture","server-deal-turns-rivals-into-allies-seq-bdc3af"
"risc-unix","aberdeen-1996-risc-unix-market"
"risc-unix","dell-sap-v6-d08820"
"risc-unix","psk-litigation-b452e6"
"riskadvisor-data-model","platinum-riskadvisor-ec30de"
"rmon","aberdeen-1995-3com-lanplex-2500"
"roi-measurement","2003-crm-redux-we-told-you-so-b4b0c1"
"roku-hd1000","dct-oct.-4-hot-topic-b61c0d"
"rolap","aberdeen-1996-khalix-financial-awareness-competitive-advantage"
"row-level-locking","sap-sybase-face-off-f2612e"
"rpc","middle~1-a64fa0"
"rpg","kastner-ie-v-andersen-expert-report-3de98a"
"rs6000","aberdeen-1996-ibm-aix-4-not-your-fathers-325"
"rs6000","aberdeen-1996-risc-unix-market"
"rs6000","ibm-rs6000-midran~1-88f049"
"rs6000","ibmrs6k-05561e"
"rs6000","ibmtpc92-c32789"
"rs6000","psk-ibmbio-fde139"
"rs6000","tpcbench92-139998"
"rs6000-smp","rdbms-for-ibm-powera~1-7a44be"
"rs6000-sp","aberdeen-1996-hp-9000-enterprise-server-64bit-pa8000"
"rs6000-sp","aberdeen-1996-risc-unix-market"
"rtos-embedded","dct-dceit-practice-v6-2002"
"rule-based-toolset","ra-enterprise-apps-312ba4"
"saa","10ibmiss-f66945"
"saas","technology-themes-2003-04"
"saas","volume-1-appendix-career-timeline"
"saas","volume-1-epilogue-argument-with-reality"
"sabre-reservation-system","sabre-s-challenge-fb76f5"
"sac-model","topic-iia-pc-management-best-practices-2003-10"
"safesuite","aberdeen-1996-iss-internet-security-systems"
"safesuite","vulnerability-assessment-empowering-is-754d9a"
"sagister","aberdeen-1996-bulls-sagister-datacenterdisciplined-unix-businesscritical-applications"
"sales-configuration","1998-cis-report-customer-interaction-software-631068"
"sales-force-automation","1998-cis-report-customer-interaction-software-631068"
"sales-force-automation","aberdeen-1996-managing-customers-next-gen-helpdesk"
"salesforce-apex","salesforce.com-s-apex-code-good-idea-or--29f809"
"samba","linuxcare-ab95f6"
"samba","linuxcare-profile-1999"
"samsung-s3c2440","samsung-unveils-fastest-mobile-cpu-on-th-c34fad"
"samsung-s3c2440","technology-news-hardware-samsung-unveils-e689dd"
"san","01-difranco-report-on-aberdeen-group-res-444a19"
"san","2001-aberdeen-group-blades-an-evolution-in-server-densi-b56557"
"san","2001-aberdeen-group-recent-publications-psk-2be54d"
"san","2003-storage-trends-what-will-be-hot-in-2003-and-beyond-cd0aeb"
"san","2004-05dell-storage-profile-editpk-05170-3c00b1"
"san","computerworld-ilm-waiting-2004"
"san","infiniband-data-center-wp-2002"
"san","maxtor-survey-report-5-20c-0f458e"
"san","mid-line-storage-white-paper-06-13-03-3-7a2c62"
"san","state-street-ramp-interview-for-maxtor-p-fa94f8"
"san","storag~1-262bc7"
"san","timex-ramp-interview-for-maxtor-project-8c1b71"
"san-nas","2003-aberdeen-group-free-research-aberdeen-insights-1-968e18"
"san-virtualization","2001-aberdeen-group-blades-an-evolution-in-server-densi-b56557"
"sandac-200","phi-psd-brochure-and-kastner-engagements-1969-1972-b8d001"
"sap-b2b-exchange","2001-sap-the-once-and-future-king-fe2827"
"sap-business-engineer","1997-vertical-industry-solutions-baan-leads-in-innovati-f12724"
"sap-business-framework","1997-teamsap-a3591b"
"sap-crm","2001-sap-the-once-and-future-king-fe2827"
"sap-crm","2003-peoplesoft-gains-crm-market-momentum-b4b610"
"sap-early-watch","1997-teamsap-a3591b"
"sap-enterprise-portal","2001-sap-the-once-and-future-king-fe2827"
"sap-erp","2003-business-process-orientation-changes-ap-le-flows-d-ed067c"
"sap-netweaver","esb-0617-5cc5fa"
"sap-r2","intelitaniummfewp1[1]-773ea2"
"sap-r3","1993-hercules-sap-28344a"
"sap-r3","1997-teamsap-a3591b"
"sap-r3","1997-vertical-industry-solutions-baan-leads-in-innovati-f12724"
"sap-r3","aberdeen-1995-ibm-as400-sap-r3"
"sap-r3","aberdeen-1996-bulls-sagister-datacenterdisciplined-unix-businesscritical-applications"
"sap-r3","aberdeen-1996-data-general-corporation"
"sap-r3","aberdeen-1996-taming-sap-r3-consultant-led-introspection"
"sap-r3","aberdeen-1997-acceleratedsap-strategy"
"sap-r3","erppsp~1-31f088"
"sap-r3","erpv2p~1-b15573"
"sap-r3","informix-dsa-presentation-2-8d5fa3"
"sap-r3","kastner-ie-v-andersen-expert-report-3de98a"
"sap-r3","maxtor-ramp-interview-guide-first-draft-c68ebd"
"sap-r3","mid-line-storage-white-paper-06-13-03-3-7a2c62"
"sap-r3","middle~1-a64fa0"
"sap-r3","midline-storage-white-paper-jun2003"
"sap-r3","ntpspr~1-728dc3"
"sap-r3","oracle-wp-prod-6-a42b4b"
"sap-r3","oracleroiwhitepaperprod-7-bcf73f"
"sap-r3","peoplesoft-bid-mirrors-lofty-goals-of-or-6be2ec"
"sap-r3","sap-r-3-on-wintel-servers-712986"
"sap-r3","sap-sybase-face-off-f2612e"
"sap-r3","sequent-sap-sequen~1-7f70e4"
"sap-r3","software-market-safegu~1-ea7453"
"sap-r3","utilit~1-0596b5"
"sap-s4hana","1997-teamsap-a3591b"
"sap-sd-benchmark","2001-unisys-benchmark-gorilla-sets-new-sap-and-intel-ba-19cf5a"
"sapiens-4gl","1992-sapiens-and-metadata-0608b6"
"sapnet","1997-teamsap-a3591b"
"sarbanes-oxley","aberdeen-preso-for-emc-final-storage-5-d855b8"
"sarbanes-oxley","pc-management-best-practices-page-2-5-962daf"
"sarbanes-oxley","topic-iia-pc-management-best-practices-2003-10"
"sarbanes-oxley-404","hp-can-boost-soa-offerings-with-acquisit-48e07e"
"sarbanes-oxley-compliance","seven-ways-to-prepare-for-the-economic-u-0a7d35"
"sarbanes-oxley-it","technology-themes-2003-04"
"sars-coronavirus","tech-investor-is-sars-sickening-tech-apr-850937"
"sars-coronavirus","tighten-disease-tracking-sars-latimes-20-0568b4"
"sars-outbreak-2003","sars-high-tech-monday-update-monday-apri-ac0cb5"
"sars-outbreak-2003","sars-puts-an-end-to-business-as-usual-in-6b0471"
"sars-outbreak-2003","sars-wirft-schatten-uber-elektronische-b-bf33b6"
"sas","05-idc-sata-report-0872b8"
"sas-analytics","kaiser-permanente-ramp-interview-for-max-8e4033"
"sas-backplane","contract-aberdeen-engaglementltr-rev1-02-d5e80a"
"sas-enterprise-miner","dssune~1-cbf6e3"
"sata","05-idc-sata-report-0872b8"
"sata-raid","dell-precision-workstations-3-581e89"
"satellite-jukebox","omnibox97-53bcfe"
"scada","utilities-transformed-it-696ffb"
"scada","utilit~1-0596b5"
"scan-benchmark","tandem-tr-85-2-debitcredit-1985-ca207a"
"scm-backplane","aberdeen-1996-unisys-clearpath-smp-servers"
"sco-unix","nti-11-distributed-midrange-servers-1993-dedd19"
"scsi","04-mid-line-storage-v2-whitepaper-7db9bc"
"scsi","intel-infiband-wp--edit-psk-5-22f-a2c551"
"scsi-disk","aberdeen-group-disk-storage-usage-questi-c8ffe9"
"scsi-disk","maxtor-survey-report-5-20c-0f458e"
"scsi-disk","maxtor-survey.v.2-d5b538"
"scsi-disk","mid-line-storage-white-paper-06-13-03-3-7a2c62"
"scsi-disk","state-street-ramp-interview-for-maxtor-p-fa94f8"
"scsi-disk","timex-ramp-interview-for-maxtor-project-8c1b71"
"sd-memory-card","dct-oct.-4-hot-topic-b61c0d"
"sd-memory-card","iha-full-report---draft-jul-28-41de81"
"sd-memory-card","palm-boulevard-news-sd-memory-cards-to-d-aca4c9"
"sd-memory-card","sd-cards-overtake-memory-stick-12-may-20-81d89c"
"sd-memory-card","sd-memory-cards-to-drive-market-for-digi-71a434"
"sdram","dct-why-aberdeen-follows-pc-deals-2002"
"section-508-accessibility","outlook-series-david-mcfarlane-nexaweb-p-1dd1b4"
"securefast-architecture","1997-cabletron-and-ipsilon--linking-secu-adba48"
"securefast-smartswitch","1997-cabletron-and-ipsilon--linking-secu-adba48"
"securefast-vnet","1997-cabletron--discovering-the-beacon-u-2d44d5"
"security-reliability","kastner-technology-breadth-memoir-2026"
"security-software","2002-it-spending-shows-encouraging-signs-0d61cd"
"seer-hps","aberdeen-1995-commercial-messaging"
"sei-cmm","ie-appendix-lane-qa-research-e594cb"
"sellerxpert","aberdeen-1997-actra-commercexpert-internet-commerce"
"semiconductor-300mm","dct-dceit-observations-2002-06"
"semiconductor-8-inch-fab","sars2-hot-topic-cf91d4"
"semiconductors-chips","kastner-technology-breadth-memoir-2026"
"serial-ata","2004-05dell-storage-profile-editpk-05170-3c00b1"
"serial-ata","aberdeenmaxtortooldemo-03-2-5a8f38"
"serial-ata","contract-aberdeen-engaglementltr-rev1-02-d5e80a"
"serial-ata","dell-storage-profile-2004"
"serial-ata","intel-ia2004-pk4-kc-edits-de9c37"
"serial-ata","maxtor-engagement-letter-nov2003"
"serial-ata","maxtor-flash-demo-2003"
"serial-ata","mid-line-storage-white-paper-06-13-03-3-7a2c62"
"serial-ata","midline-storage-white-paper-jun2003"
"serial-storage-in-a-box","03-contract-pools-of-storage-phase2-a47fd3"
"serial-storage-in-a-box","08-phase2-project-kickoff-2ea711"
"server-based-app-delivery","sun-sentinel-citrix-templeton-staying-20-b645c7"
"server-based-pbx","1998-communicating-business-intelligence-through-comput-0290b1"
"server-blades","infoworld-dell-sharpens-blade-attack-nee-f9cb9c"
"server-blades","intel-infiband-wp--edit-psk-5-22f-a2c551"
"server-bricks","infoworld-dell-sharpens-blade-attack-nee-f9cb9c"
"server-consolidation","teamquest-8-ec015b"
"server-recentralization","2002-beyond-windows-8-way-servers-why-businesses-are-de-6828b2"
"server-to-server-sync","snap-appliance-launches-new-release-of-i-373ab7"
"server-to-server-sync","snap-appliances-snapshot-10-15pk-f183fe"
"server-virtualization","enterprise-integration-perspective-2-cb6165"
"server-virtualization","intel-quad-core-outlook-newsfactor-garre-c32252"
"server-virtualization","novell-and-microsoft-good-for-business-4-59404e"
"servernet","1997-tandem-s-nonstop-software-enterprise-clustering-fo-815776"
"servernet","aberdeen-1996-risc-unix-market"
"servernet","aberdeen-1996-tandem-vision-21st-century-electronic-business"
"serverware","aberdeen-1996-tandem-vision-21st-century-electronic-business"
"service-bureau-computing","volume-1-ch02-physics-of-the-machine-1969-1972"
"service-delivery-automation","08011974-195886"
"service-oriented-architecture","enterprise-integration-perspective-2-cb6165"
"service-oriented-architecture","enterprise-integration-perspective-d21c1b"
"service-oriented-architecture","esb-in-soa-e002b7"
"service-oriented-architecture","hp-mercury-soa-2006-pdf-80785e"
"service-oriented-architecture","ma-ibm-webify-5e0d4b"
"service-oriented-architecture","next-steps-soa-2006-0fdea1"
"service-oriented-architecture","q-a-achieving-more-value-from-enterprise-d1d7dd"
"service-oriented-architecture","soa-adoption-at-90-percent-c9c4ec"
"service-oriented-architecture","soa-adoption-eats-up-40-per-cent-of-it-r-d0cf12"
"service-oriented-architecture","soa-bpm-legacy-renewal-bce60f"
"service-oriented-architecture","soa-in-it-e5b373"
"service-oriented-architecture","soa-lifecycle-perspective-1ff953"
"service-oriented-architecture","survey-composite-applications-used-to-so-15f7a5"
"service-oriented-architecture","volume-1-ch08-aberdeen-go-go-years-1998-2006"
"set-protocol","aberdeen-1996-hp-praesidium-family"
"set-top-box","aberdeen-1996-omnibox-interactive-broadcasting-network"
"set-top-box","ect-news-whatever-happened-interactive-t-7446fd"
"sfa","1999-crm-professional-services-rpt-96bf13"
"sfa-application","cispra~1-23a333"
"sgi-indigo2","aberdeen-1996-hp-vectra-xw-personal-workstation"
"sgi-origin","silicon-graphics-origin-servers-a-high-duct-with-p-447a86"
"siebel-crm","2003-peoplesoft-gains-crm-market-momentum-b4b610"
"siebel-crm","peoplesoft-bid-mirrors-lofty-goals-of-or-6be2ec"
"siebel-crm-product","1997-cis-report-ba825e"
"siebel-enterprise-applications","1997-the-compaq-siebel-global-alliance-an-e-roach-to-cu-458c35"
"silicon-on-insulator","topic-semiconductor-practice-definition-2002"
"silknet-eservice","aberdeen-1997-silknet-software"
"single-sign-on","securi~1-3e7ced"
"site-server","ecprac~1-a7d0e4"
"sla-management","business-value-outsourcing-57ce57"
"sla-monitoring","mirror-image-profile-v2-(050404)-e7eb95"
"sla-monitoring","mirror-image-profile-v2-050404-97e2a6"
"small-business-server","microsoft-launches-backoffice-small-busi-d0afdc"
"small-form-factor-pc","dct-business-2002-12-17-pc-deals"
"small-form-factor-pc","dct-business-2002-12-19-pc-deals"
"small-form-factor-pc","dct-business-2003-03-17-pc-deals"
"small-form-factor-pc","less-is-more-stylin-pcs-3-de2c65"
"small-form-factor-pc","small-is-huge-in-pcs-these-days-blog-arc-655851"
"small-form-factor-pc","usatoday-reuters-small-pcs-form-factor-2-5ffca5"
"smart-cards","1997-broadvision-dynamic-web-application-5f10bb"
"smart-cards-stored-value","1999-digitalcash-the-dash-to-digital-cash-enabling-inte-23732b"
"smart-content","mirror-image-profile-v2-050404-97e2a6"
"smart-tv","ect-news-whatever-happened-interactive-t-7446fd"
"smartcontent-system","perspecta-inc-september-1997-b8e81d"
"smartphone","volume-1-ch10-the-long-view-1966-2026"
"smartswitch-family","1997-cabletron--discovering-the-beacon-u-2d44d5"
"smp","1996-sequent-38f0b1"
"smp","aberdeen-1996-risc-unix-market"
"smp","dell-sap-v6-d08820"
"smp","nti-11-distributed-midrange-servers-1993-dedd19"
"smp","nti-12-client-server-goals-1993-15a519"
"smp-architecture","ntserv~1-56bd94"
"smp-intel","aberdeen-1996-unisys-clears-path-a-series-os2200"
"smp-servers","aberdeen-1996-object-oriented-three-tier-plus-computing"
"smp-symmetric-multiprocessing","aberdeen-1996-ibm-aix-4-not-your-fathers-325"
"sms-2","1998-microsoft-windows-nt-5-0-a-planning-guide-cd9d08"
"sna","10ibmiss-f66945"
"sna","aberdeen-1996-frame-relay-access-devices"
"snap-server-1100","snap-appliance-snapshot-2003"
"snap-server-1100","snap-appliances-snapshot-10-15pk-f183fe"
"snap-server-14000","snap-appliance-snapshot-2003"
"snap-server-14000","snap-appliances-snapshot-10-15pk-f183fe"
"snap-server-4200","snap-appliances-snapshot-10-15pk-f183fe"
"snap-server-4500","snap-appliances-snapshot-10-15pk-f183fe"
"snapos","snap-appliances-snapshot-10-15pk-f183fe"
"snapview","2004-05dell-storage-profile-editpk-05170-3c00b1"
"snapview","dell-storage-profile-2004"
"snmp","aberdeen-1996-dec-manageworks-22"
"snmp","system~1-36ba8c"
"snr-framework","enterprise-integration-perspective-2-cb6165"
"snr-framework","volume-1-appendix-career-timeline"
"soa","hp-can-boost-soa-offerings-with-acquisit-48e07e"
"soa","lansa-composer-powerpoint-9f4257"
"soa-api-management","2026-kastner-prescience-methodology-demo-0cdf48"
"soa-bpm-integration","kastner-technology-breadth-memoir-2026"
"soa-bpm-integration","ra-bpm-2006-f5a558"
"soa-compliance","ra-enterprise-apps-312ba4"
"soa-erp","soa-adoption-at-90-percent-c9c4ec"
"soa-erp-approach","soa-adoption-eats-up-40-per-cent-of-it-r-d0cf12"
"soa-general","soa-aon-webinar-31973c"
"soa-general","soa-overview-docx-12612f"
"soa-general","soa-with-bpm-docx-1211c7"
"soa-governance-management","esb-in-soa-e002b7"
"soa-governance-middleware","ra-composite-apps-289c2f"
"soa-governance-tools","soa-governance-626545"
"soa-governance-tools","soa-lifecycle-perspective-1ff953"
"soa-hardware-accelerators","ra-composite-apps-289c2f"
"soa-light","soa-adoption-at-90-percent-c9c4ec"
"soa-light-approach","soa-adoption-eats-up-40-per-cent-of-it-r-d0cf12"
"soa-lite","ma-ibm-webify-5e0d4b"
"soa-management-governance","aberdeen-ra-soa-management-governance-20-ff6a2c"
"soa-management-middleware","ra-composite-apps-289c2f"
"soa-middleware","aberdeen-ra-soa-middleware-2007-68f39b"
"soa-middleware","ibm-+-webify-=-industry-soa-application--97733a"
"soa-middleware-esb","soa-governance-626545"
"soa-operations-management","soa-governance-626545"
"soa-operations-management","soa-lifecycle-perspective-1ff953"
"soa-registry-repository","esb-0617-5cc5fa"
"soa-registry-repository","ra-composite-apps-289c2f"
"soa-security","aberdeen-ra-secure-soa-benchmark-2006-605d67"
"soa-security","next-steps-soa-2006-0fdea1"
"soa-security","soa-lifecycle-perspective-1ff953"
"soa-security-middleware","ra-composite-apps-289c2f"
"soa-stack","vitria-testimonials-kastner-bpa-soa-rese-93ccae"
"soa-testing","aberdeen-rb-testing-soa-web-apps-2007-e2096f"
"soa-testing","soa-web-services-2007-c3297b"
"soa-wrapping","aberdeen-ra-modernizing-legacy-2007-52a27a"
"soap-protocol","volume-1-ch08-aberdeen-go-go-years-1998-2006"
"soapscope-mindreef","aberdeen-ra-soa-management-governance-20-ff6a2c"
"soc","2010-intel-ia-continuum-wp-1-2-fc5653"
"soft-mountain-platform","soft-mountain-java-a396b5"
"softbench-5","aberdeen-1995-hp-softbench"
"software-ag-legacy-modernization","soa-in-it-e5b373"
"software-as-a-service","salesforce.com-s-apex-code-good-idea-or--29f809"
"software-distribution","kastner-sipp-pc-lifecycle-dynamics-2003-4395fd"
"software-fault-tolerance","stratus-fault-tolerant-revolution-ad-198-797e0e"
"solaris","1997-sun-workgroup-servers-balancing-competition-and-co-cc57b7"
"solaris","aberdeen-1996-risc-unix-market"
"solaris","aberdeen-1996-sun-microsystems-ultracomputing-business"
"solaris","ibm-rs6000-midran~1-88f049"
"solaris","workst~1-d22401"
"solaris-25","aberdeen-1996-sun-microsystems-decision-warehouse"
"solaris-on-intel","1997-sun-workgroup-servers-balancing-competition-and-co-cc57b7"
"solaris-sparc","2003-a-view-of-sun-s-2003-worldwide-analyst-conference-206a10"
"solid-state-disk","mid-line-storage-white-paper-06-13-03-3-7a2c62"
"sonet-atm-network","aberdeen-1996-vpns-business-mfs-success-strategy"
"sony-cocoon","dct-webinar-nov-2002"
"sony-memory-stick","sd-cards-overtake-memory-stick-12-may-20-81d89c"
"sony-memory-stick-pro","dct-oct.-4-hot-topic-b61c0d"
"sort-benchmark","tandem-tr-85-2-debitcredit-1985-ca207a"
"sox-404","2004-obian-advisory-board-9ebf6a"
"sox-compliance-tech","technology-themes-ee5ba4"
"spacewar","volume-1-ch01-waiting-for-automation-1960-1969"
"spaceworks-ordermanager","spaceworks-ordermanager-d51dab"
"sparc","aberdeen-1996-risc-unix-market"
"sparc","sun-as400-main-report-2002-c37e2a"
"sparc-architecture","niagara-sun-s-palaver-starter-and-diy-mp-158f17"
"sparc-architecture","on-computers-tips-is-sun-s-sparc-archite-65b3b9"
"sparcenter-2000","ibm-rs6000-midran~1-88f049"
"sparcstorage-array","aberdeen-1996-sun-microsystems-decision-warehouse"
"spec-cpu2000","dct-apple-powermac-g5-2003-06"
"speccpu-2000","amd-profile01-64e43b"
"spectrum-network-mgmt","1997-cabletron--discovering-the-beacon-u-2d44d5"
"speech-recognition","health~1-056358"
"spoke-node-ring","aberdeen-multitrak-headlines-context-kas-f941d1"
"spoke-node-ring","volume-1-ch07-founding-aberdeen-1988-1997"
"sqa-suite-50","aberdeen-1996-sqa-suite-50-automated-testing"
"sql","nti-5-development-toolsets-0e71c5"
"sql-server","1997-microsoft-nt-scalability-day--the-e-6460e2"
"sql-server-2000","2001-unisys-benchmark-gorilla-sets-new-sap-and-intel-ba-19cf5a"
"sql-server-60","aberdeen-1996-ibm-as400-vs-microsoft-nt-server"
"sql-structured-query-language","aberdeen-1995-data-warehouse-olap"
"sqlwindows","1997-unify-vision-8fcfc3"
"ss7","volume-1-ch05-stratus-fault-tolerant-wars-1981-1987"
"ssd","2010-intel-ia-continuum-wp-1-2-fc5653"
"standard-image-mgmt","kastner-sipp-pc-lifecycle-dynamics-2003-4395fd"
"standard-pc-image","topic-iia-pc-management-best-practices-2003-10"
"staples-easy-rebates","great-rebate-debate-smartmoney-grant-80650c"
"state-of-art-downsizing","aberdeen-snr-architecture-three-tier-sli-abaaa5"
"storage-area-network","computerworld-ilm-article-15f604"
"storage-automation","2003-storage-trends-what-will-be-hot-in-2003-and-beyond-cd0aeb"
"storage-coe","17-maxtor-tool-decision-components-d9c2fb"
"storage-hardware","kastner-technology-breadth-memoir-2026"
"storage-management","1q05-ee-storagegrowth-012805b-b446ce"
"storage-management","2000-the-new-hp-stands-up-to-be-counted-psk-726ee3"
"storage-management","2003-ibmsnapshot-a00f7c"
"storage-management","2004-ibmsnapshot-e40dbe"
"storage-management","2006-data-mangement-fba303"
"storage-management","aberdeenexecutivewhitepaper-112639"
"storage-management","aberdeenprofile-c87d33"
"storage-management","adls-911-systems-90e771"
"storage-management","adls-chase-manhattan-bank-208c2d"
"storage-management","dctcollateral-30d25c"
"storage-management","ee-2005-cio-research-agenda-112904a-b214ce"
"storage-management","ibm-emcinsight-b4bde1"
"storage-management","ilmprimerwpa-fd53e8"
"storage-management","leopardsnapshot-032eb0"
"storage-management","q06-inogovernance-aa-7fd9ff"
"storage-management","q106-ilmvaluation-ittobusiness-ff17e7"
"storage-management","q206-custdatamgmt-cir-la-5060b3"
"storage-management","q206-dataprotection-aa-953b4c"
"storage-management","q206-profservicesilm-aa-4bd87d"
"storage-management","q406-endpointdp-f5242d"
"storage-management","tivolisnapshot-b48230"
"storage-management","written-computerworld-ilm-article-b063f3"
"storage-management","written-dell-ars-white-paper-prod-7-11m-343063"
"storage-management","written-dell-asset-recovery-services-2-0abe18"
"storage-management","written-dell-sd2-final-330962"
"storage-management-software","mid-line-storage-white-paper-06-13-03-3-7a2c62"
"storage-mgmt-software","storag~1-262bc7"
"storage-pools","ibm-aberdeen-wip-deck-2-704ff9"
"storage-pyramid","11-storage-hierarchy-presentation-e84d53"
"storage-software-bundling","dell-storage-profile-2004"
"storage-virtualization","2003-storage-trends-what-will-be-hot-in-2003-and-beyond-cd0aeb"
"storage-virtualization","computerworld-ilm-article-15f604"
"storage-virtualization","computerworld-ilm-waiting-2004"
"storageworks","2002-the-new-hp-stands-up-to-be-counted-psk-35453a"
"store-and-forward-conferencing","webex--taking-conferencing-to-the-busine-5b8109"
"store-and-forward-messaging","aberdeen-1995-commercial-messaging"
"stratalink","mini-micro-stratus-32-arch-freiburghouse-6dc03e"
"stratm-technology","1997-cisco-s-core-products-business-inte-bd8697"
"stratus-32","ieee-db-stratus-32-psk-1d4564"
"stratus-32","stratus-fault-tolerant-revolution-ad-198-797e0e"
"stratus-32-cps","cbn-bochner-stratus-oem-strategy-1982-06-245fd5"
"stratus-32-cps","mini-micro-stratus-32-arch-freiburghouse-6dc03e"
"stratus-32-cps","stratus-olivetti-40m-deal-eagle-tribune--b7e3b1"
"stratus-continuous-processing","informationweek-tolerant-debitcredit-198-4f3b26"
"stratus-continuous-processing","stratus-computer-is-down-ad-reprints-c19-903ebf"
"stratus-continuous-processing","stratus-corporate-overview-1982-11-a7e367"
"stratus-et1-implementation","stratus-et1-functional-spec-and-benchmar-0c3172"
"stratus-ft200","stratus-internal-benchmark-tuning-guide--c53e3f"
"stratus-ft200-250","stratus-et1-tp1-tandem-dossier-1986-26871a"
"stratus-internal-bus","mini-micro-stratus-32-arch-freiburghouse-6dc03e"
"stratus-model-120","dec-primer-comparing-debit-credit-tests--c30cfa"
"stratus-oem-channel","stratus-olivetti-40m-deal-eagle-tribune--b7e3b1"
"stratus-processing-module","stratus-fault-tolerant-revolution-ad-198-797e0e"
"stratus-remote-diagnostics","cbn-bochner-stratus-oem-strategy-1982-06-245fd5"
"stratus-self-checking-hardware","ee-times-stratus-tandem-fault-tolerant-1-42f6c7"
"stratus-stralink","ieee-db-stratus-32-psk-1d4564"
"stratus-stranet","ieee-db-stratus-32-psk-1d4564"
"stratus-tp1-benchmark","stratus-et1-functional-spec-and-benchmar-0c3172"
"stratus-tp1-benchmark","stratus-internal-benchmark-tuning-guide--c53e3f"
"stratus-tpf","ieee-db-stratus-32-psk-1d4564"
"stratus-vos","ieee-db-stratus-32-psk-1d4564"
"stratus-vos","mini-micro-stratus-32-arch-freiburghouse-6dc03e"
"stratus-xa2000","boston-globe-stratus-xa2000-launch-1987--218ffd"
"stratus-xa2000","volume-1-ch05-stratus-fault-tolerant-wars-1981-1987"
"stratus-xa2000-140","computerworld-stratus-xa2000-launch-1987-d9d143"
"stratus-xa2000-series","computerworld-stratus-xa2000-launch-1987-d9d143"
"stratus-xa400","stratus-computer-is-down-ad-reprints-c19-903ebf"
"stratus-xa400","stratus-et1-tp1-tandem-dossier-1986-26871a"
"stratus-xa400","stratus-internal-benchmark-tuning-guide--c53e3f"
"stratus-xa600","stratus-et1-tp1-tandem-dossier-1986-26871a"
"stratus-xa600","stratus-internal-benchmark-tuning-guide--c53e3f"
"streaming-media","mirror-image-profile-v2-050404-97e2a6"
"sub-100nm-process","topic-semiconductor-practice-definition-2002"
"sun-220r","sun-as400-market-data-2002-5faa8f"
"sun-enterprise-450","1997-sun-workgroup-servers-balancing-competition-and-co-cc57b7"
"sun-fire-4800","sun-as400-market-data-2002-5faa8f"
"sun-fire-6800","sun-as400-market-data-2002-5faa8f"
"sun-fire-x64","comdex-2003-sun-aggressive-seattletimes--9ca4dd"
"sun-n1","2003-a-view-of-sun-s-2003-worldwide-analyst-conference-206a10"
"sun-niagara-t1","niagara-sun-s-palaver-starter-and-diy-mp-158f17"
"sun-rock-chip","on-computers-tips-is-sun-s-sparc-archite-65b3b9"
"sun-solaris","nti-3-pc-and-ws-1993-17d49b"
"sun-solaris","safeway-damages-report-draft-b502f4"
"sun-solaris","sun-micro-slammed-as-quarterly-report-di-e9ee61"
"sun-solaris","sun-shares-tumble-in-pre-market-trading--000d37"
"sun-sparcserver","tpc2-92-c2a45c"
"sun-ultra-10","sun-as400-market-data-2002-5faa8f"
"sun-ultra-enterprise","aberdeen-1996-hp-9000-enterprise-server-64bit-pa8000"
"sun-ultra-enterprise","sequent-s-numa-q-2000-solutions-77a77c"
"sun-ultrae6000","sap-r-3-on-wintel-servers-712986"
"enterprise-information-integration","1997-commercial-risc-unix-1996-mvp-711569"
"enterprise-information-integration","1997-datafocus'-nutcracker--enterprise-c-bfc11e"
"enterprise-information-integration","1998-hp-high-availability-and-metadata-7d1276"
"enterprise-information-integration","1998-pc-impact-and-metadata-e2a169"
"enterprise-information-integration","2001-hp-camera-lab-journal-prod-d90f3f"
"enterprise-information-integration","2003-dell-ars-white-paper-53d13d"
"enterprise-information-integration","computerworld-itanium-2-vs-sun-kastner-2-1e4505"
"sun-ultrasparc-iii","intel-longlivedualcore-revised-5-fa8298"
"sun-v880","sun-as400-market-data-2002-5faa8f"
"super-dlt","storag~1-262bc7"
"supermini-class-computer","stratus-corporate-overview-1982-11-a7e367"
"supply-chain-air-freight","internetnews-will-sars-infect-high-tech--8569ea"
"supply-chain-collaborator","1997-peoplesoft-works-the-internet-452445"
"supply-chain-integration","1998-enterprise-application-integration-advanced-techno-71496c"
"supply-chain-management","1q06-asset-20management-e1ca0f"
"supply-chain-management","1q06-gsm-senblmtbm1q06-collateral-8c7e6c"
"supply-chain-management","1q06-industrialcontrolplatform-f59746"
"supply-chain-management","1q06-leanbenchmarkslick-8e7b1e"
"supply-chain-management","1q06-mfg-networksbestpractices-041505a-70ad3a"
"supply-chain-management","1q06-mfg-ss-20lean-jbjf-spf071805b-fa3a8c"
"supply-chain-management","1q06-on-demandsupplychain-148b1d"
"supply-chain-management","2004-manugisticssnapshot-9e0526"
"supply-chain-management","2005-dtp-research-listing-020105a-b6b16d"
"supply-chain-management","2005-ee-aberdeen-research-calendar-082405-2b2250"
"supply-chain-management","2005-ee-security-research-agenda-121305a-9dc835"
"supply-chain-management","2006-supplychainagenda-63abe1"
"supply-chain-management","aberdeen-companyprofile-50a990"
"supply-chain-management","aberdeen-preso-for-emc-final-storage-ead7c2"
"supply-chain-management","aberdeene-businesscollateral-788c61"
"supply-chain-management","aberdeenfulfillmentresearchagenda-788e79"
"supply-chain-management","aberdeenmto-retailresearchagenda-9b596e"
"supply-chain-management","abra-design-to-procure-090204-fc3e6d"
"supply-chain-management","abra-fulfillment-090204-47775d"
"supply-chain-management","abra-market-to-order-retail-090204-5ba5a7"
"supply-chain-management","bocsnapshot-a766a7"
"supply-chain-management","bvr-spendcompmgmt-121704b-e31821"
"supply-chain-management","dcd-dbb402"
"supply-chain-management","decision-maker-erp-services-805ce8"
"supply-chain-management","dtp-2005-research-agenda-012705a-8d9c59"
"supply-chain-management","e-recruitmentabridgedtoc-57b416"
"supply-chain-management","eurowiress-13e05b"
"supply-chain-management","f-204q04-20-20demand-20mgmt-20072104a-ab2040"
"supply-chain-management","f-4q04-mfg-perfmgmt102904a-5126bc"
"supply-chain-management","f-4q04-midsize-fulfillment102904a-9b4725"
"supply-chain-management","f-4q04-supply-chain-inventory-strategies102704a-a3921d"
"supply-chain-management","f-4q05-rfid-slick-jf091405a-ab5754"
"supply-chain-management","fulfillment-202005-20research-20agenda-20122704a-b04c64"
"supply-chain-management","g-logsnapshot-418c10"
"supply-chain-management","gtnexussnapshot-16ab54"
"supply-chain-management","ma-procuri-cmsi-tm-642bb1"
"supply-chain-management","ma-smartops-be-2180-c1877c"
"supply-chain-management","manugisticssnapshot-e05de9"
"supply-chain-management","mto-204q05-20-20business-20benefits-20auto-20replenishment-11e73c"
"supply-chain-management","mto-retail-2005-research-agenda-011105a-10c644"
"supply-chain-management","netmarketliquidity-toc-fb9fbc"
"supply-chain-management","oracle-431364"
"supply-chain-management","q106-www-20slick-jfprovia-aecdb8"
"supply-chain-management","q206-bisurvey-pr-9ea4ac"
"supply-chain-management","q206-ir-p2-20-b2c34d"
"supply-chain-management","q206-productlife-collaboration-jmb-b34616"
"supply-chain-management","ra-advancedsourcing-3857-9ede9d"
"supply-chain-management","ra-final-endpointnac-bg-3723-84f1e0"
"supply-chain-management","ra-governance-jh-1e6241"
"supply-chain-management","ra-ttcmwireless-2855-027da7"
"supply-chain-management","rb-bptransportation-be-e848ea"
"supply-chain-management","rb-enablingb2bcollaboration-3890-56c184"
"supply-chain-management","rb-tmsinnovate-be-3459-d564f4"
"supply-chain-management","retail~1-d5de79"
"supply-chain-management","sc-05-06-planning-080505a-016cb5"
"supply-chain-management","spotlightradiance-5915fb"
"supply-chain-management","spotlightvalicert-cff98a"
"supply-chain-management","svcchmgt-2006agenda-expanded-mwv-434c1f"
"supply-chain-management","tradec-51c687"
"supply-chain-management","written-2004-05dell-storage-profile-editpk-051704f-8b106e"
"supply-chain-management","written-goremote-profile-5-2a-78ab20"
"supply-chain-management","written-outsourcing-application-development-and-maintenance-0877e6"
"supply-chain-management","written-sars2-hot-topic-1eeb5c"
"supply-chain-management-software","1998-information-technology-in-the-retail-sector-the-in-33dc54"
"supply-chain-mgmt","dell-storage-profile-2004"
"supply-net","2000-oracle-the-e-business-supply-chain-meeting-cu-r-re-1a72ef"
"surfwatch","netcompute-e6c378"
"suse-linux","novell-and-microsoft-good-for-business-4-59404e"
"svr4-unix","aberdeen-1996-unisys-clearpath-smp-servers"
"swift-network","adl-commercial-engagements-kastner-1972-1979-b8b001"
"switch-node-routing-switch","1997-bay-networks--switch-node-routing-s-4d9885"
"sx-2000-pbx","aberdeen-1996-mitels-nevadanetworked-voice-data-speeding-toward"
"sybase-adaptive-server","dbmspr~1-7c854e"
"sybase-ase","aberdeen-1996-distributed-open-rdbms-buying-guide"
"sybase-navigation-server","rdbms-for-ibm-powera~1-7a44be"
"sybase-powerbuilder","jungle-6-7af8b7"
"sybase-sql-server","inforx95-3-9a45fe"
"sybase-sql-server","jungle-1-5-675c58"
"sybase-sql-server","jungle-6-7af8b7"
"sybase-sql-server","rdbms-for-ibm-powera~1-7a44be"
"sybase-sql-server","sap-sybase-face-off-f2612e"
"sybase-sql-server","tpcbench92-139998"
"sybase-sql-server-1996","upgrades-boost-database-market-iweek-fol-f19804"
"sybase-system-10","nti-6-rdbms-technology-48f4aa"
"sybase-system-11","aberdeen-1995-limd-technology"
"symmetric-multiprocessing","aberdeen-open-online-transaction-process-ea272f"
"symmetric-multiprocessing","hp-mainframe-alternative-fernandez-mfasc-a2179f"
"symmetry-se70","sequent-sap-sequen~1-7f70e4"
"sysmark-2001","amd-profile01-64e43b"
"sysmark-2012","bapco-sysmark-2012-benchmark-post-a40084"
"system-on-chip","topic-semiconductor-practice-definition-2002"
"systems-management","2001-ca-s-it-resource-management-solutions-p-ing-it-ope-0855b8"
"systems-management-server","systems-management-delayed-promise-1bc587"
"systems-management-software","ft-mitfor~1-a56a9d"
"systinet-registry","hp-can-boost-soa-offerings-with-acquisit-48e07e"
"systinet-registry","hp-mercury-soa-2006-pdf-80785e"
"t1-01","1997-forte-enterprise-development-enviro-a07cf9"
"t1-02","1997-forte-enterprise-development-enviro-a07cf9"
"t1-03","1997-forte-enterprise-development-enviro-a07cf9"
"t1-04","1997-forte-enterprise-development-enviro-a07cf9"
"t1-06","1997-forte-enterprise-development-enviro-a07cf9"
"t1-07","1997-forte-enterprise-development-enviro-a07cf9"
"t1-leased-lines","manage~1-b299e4"
"t2-01","1997-hewlett-packard-v-class--providing--897f7a"
"t2-02","1997-hewlett-packard-v-class--providing--897f7a"
"numa-architecture","1997-hewlett-packard-v-class--providing--897f7a"
"t2-05","1997-hewlett-packard-v-class--providing--897f7a"
"t2-06","1997-hewlett-packard-v-class--providing--897f7a"
"t2-09","1997-hewlett-packard-v-class--providing--897f7a"
"t3-01","1997-hewlett-packard’s-strategy-to-surpa-905013"
"t3-02","1997-hewlett-packard’s-strategy-to-surpa-905013"
"t3-04","1997-hewlett-packard’s-strategy-to-surpa-905013"
"t3-05","1997-hewlett-packard’s-strategy-to-surpa-905013"
"t3-07","1997-hewlett-packard’s-strategy-to-surpa-905013"
"t3-09","1997-hewlett-packard’s-strategy-to-surpa-905013"
"t3-10","1997-hewlett-packard’s-strategy-to-surpa-905013"
"t4-01","1997-ibm-application-development-product-895c4d"
"t4-02","1997-ibm-application-development-product-895c4d"
"t4-03","1997-ibm-application-development-product-895c4d"
"t4-05","1997-ibm-application-development-product-895c4d"
"t4-06","1997-ibm-application-development-product-895c4d"
"t4-07","1997-ibm-application-development-product-895c4d"
"t4-10","1997-ibm-application-development-product-895c4d"
"t5-01","1997-ibm-business-intelligence-family-pr-43c37e"
"t5-02","1997-ibm-business-intelligence-family-pr-43c37e"
"t5-03","1997-ibm-business-intelligence-family-pr-43c37e"
"t5-04","1997-ibm-business-intelligence-family-pr-43c37e"
"t5-05","1997-ibm-business-intelligence-family-pr-43c37e"
"t5-06","1997-ibm-business-intelligence-family-pr-43c37e"
"t5-07","1997-ibm-business-intelligence-family-pr-43c37e"
"t5-08","1997-ibm-business-intelligence-family-pr-43c37e"
"t88-01","1988-encore-oltp-market-tps-needs-deee45"
"t88-02","1988-encore-oltp-market-tps-needs-deee45"
"t88-04","1988-encore-oltp-market-tps-needs-deee45"
"t88-05","1988-encore-oltp-market-tps-needs-deee45"
"t88-06","1988-encore-oltp-market-tps-needs-deee45"
"t88-07","1988-encore-oltp-market-tps-needs-deee45"
"t88-08","1988-encore-oltp-market-tps-needs-deee45"
"t89-01","1989-vidmar-as400-hp3000-and-metadata-a32d04"
"t89-02","1989-vidmar-as400-hp3000-and-metadata-a32d04"
"t89-03","1989-vidmar-as400-hp3000-and-metadata-a32d04"
"t89-04","1989-vidmar-as400-hp3000-and-metadata-a32d04"
"t89-05","1989-vidmar-as400-hp3000-and-metadata-a32d04"
"t89-06","1989-vidmar-as400-hp3000-and-metadata-a32d04"
"t89-07","1989-vidmar-as400-hp3000-and-metadata-a32d04"
"t89-10","1989-vidmar-as400-hp3000-and-metadata-a32d04"
"t90-01","1990-bull-rdbms-1990-and-2024-metadata-fe61bf"
"t90-02","1990-bull-rdbms-1990-and-2024-metadata-fe61bf"
"t90-03","1990-bull-rdbms-1990-and-2024-metadata-fe61bf"
"t90-04","1990-bull-rdbms-1990-and-2024-metadata-fe61bf"
"t90-05","1990-bull-rdbms-1990-and-2024-metadata-fe61bf"
"t90-06","1990-bull-rdbms-1990-and-2024-metadata-fe61bf"
"t91-01","1991-apple-c-s-e9ffd7"
"t91-02","1991-apple-c-s-e9ffd7"
"t91-03","1991-apple-c-s-e9ffd7"
"t91-04","1991-apple-c-s-e9ffd7"
"t91-05","1991-apple-c-s-e9ffd7"
"t91-06","1991-apple-c-s-e9ffd7"
"t91-07","1991-apple-c-s-e9ffd7"
"t91-08","1991-apple-c-s-e9ffd7"
"t91-09","1991-apple-c-s-e9ffd7"
"t91-13","1991-apple-c-s-e9ffd7"
"t91-15","1991-apple-c-s-e9ffd7"
"tablet-pc","dct-business-2003-03-17-pc-deals"
"tablet-pc","desktop-virtualization-roi---aberdeen-8fa168"
"tablet-pc","microsoft-s-future-paths-6-f86f30"
"tablet-pc-ms","technology-news-trends-desktop-pcs-decli-7993aa"
"tablet-pc-windows","tablet-offers-high-risk-high-reward-port-7cf9f8"
"tacacs-plus","aberdeen-1996-ciscos-access-business-unit-crystallizes-vision"
"tachyon-fc","aberdeen-1996-hp-enterprise-parallel-server-scalable-performance"
"tag-switching","1997-cabletron-and-ipsilon--linking-secu-adba48"
"tag-switching","1997-cisco-s-core-products-business-inte-bd8697"
"tandem-clx","stratus-sales-support-competitive-news-1-2aac8d"
"tandem-himalaya","1997-tandem-object-relational-data-mining-architecture-2d8139"
"tandem-himalaya","1997-tandem-s-nonstop-software-enterprise-clustering-fo-815776"
"tandem-lxn","stratus-sales-support-competitive-news-1-2aac8d"
"tandem-nonstop","1991-encore-and-metadata-47f414"
"tandem-nonstop","informationweek-tolerant-debitcredit-198-4f3b26"
"tandem-nonstop","tandem-opens-up-e020ed"
"tandem-nonstop-ii","ee-times-stratus-tandem-fault-tolerant-1-42f6c7"
"tandem-nonstop-ii","stratus-et1-tp1-tandem-dossier-1986-26871a"
"tandem-nonstop-sql","stratus-sales-support-competitive-news-1-2aac8d"
"tandem-nonstop-txp","stratus-et1-tp1-tandem-dossier-1986-26871a"
"tandem-ordm","2026-kastner-enterprise-ai-arc"
"tandem-ordm-architecture","1997-tandem-object-relational-data-mining-architecture-2d8139"
"tandem-servernet","leader-of-the-pack-23-nov-1996-computing-f2353f"
"tandem-servernet","tandem-opens-up-e020ed"
"tandem-serverware","1997-tandem-object-relational-data-mining-architecture-2d8139"
"tandem-tmf","kastner-tandem-topgun-et1-analysis-1987--a3a09c"
"tandem-topgun-benchmark","dec-primer-comparing-debit-credit-tests--c30cfa"
"tandem-topgun-benchmark","kastner-tandem-topgun-et1-analysis-1987--a3a09c"
"tandem-txp","ftsn-serlin-tandem-txp-et1-benchmarks-19-ea6530"
"tandem-vlx","stratus-sales-support-competitive-news-1-2aac8d"
"tandem-vlx-cpu","kastner-tandem-topgun-et1-analysis-1987--a3a09c"
"tape-automation","2003-storage-trends-what-will-be-hot-in-2003-and-beyond-cd0aeb"
"tape-automation","maxtor-ramp-interview-guide-first-draft-c68ebd"
"tape-backup","computerworld-ilm-article-15f604"
"tape-backup","storag~1-262bc7"
"tape-library","computerworld-ilm-waiting-2004"
"tape-library","maxtor-survey-report-5-20c-0f458e"
"tape-library","state-street-ramp-interview-for-maxtor-p-fa94f8"
"tape-library-robotic","timex-ramp-interview-for-maxtor-project-8c1b71"
"tape-storage","19-maxline-data-timeline-slide-6e6572"
"tco-model","volume-1-ch08-aberdeen-go-go-years-1998-2006"
"tco-modeling","hp-mainframe-alternative-fernandez-mfasc-a2179f"
"tco-modeling","volume-1-about-the-author"
"tcp-ip","1998-network-integration-services-report-f75108"
"tcp-ip","aberdeen-1996-iss-internet-security-systems"
"tcp-ip","infiniband-data-center-wp-2002"
"tcp-ip","intel-infiband-wp--edit-psk-5-22f-a2c551"
"tcp-ip","manage~1-b299e4"
"tcp-ip","trends99-18726b"
"tcp-ip-ppp","1997-the-business-value-of-applications-hosting-e92e09"
"tcp-offload-engine","intel-infiband-wp--edit-psk-5-22f-a2c551"
"tdm","1998-network-integration-services-report-f75108"
"rolap","aberdeen-1995-data-warehouse-olap"
"rolap","cab199-1-2-0cb163"
"tech-011","1992-tpc-benchmarks-vp-745fa1"
"tech-015","1992-tpc-benchmarks-vp-745fa1"
"tech-015","1998as400-1-146289"
"tech-015","2002-webex--taking-conferencing-to-the-summit-05f195"
"tech-016","1998as400-1-146289"
"tech-017","1998as400-1-146289"
"tech-02","aberdeen-1995-data-warehouse-olap"
"tech-02","cab199-1-2-0cb163"
"tech-03","aberdeen-1995-data-warehouse-olap"
"tech-03","cab199-1-2-0cb163"
"tech-04","aberdeen-1995-data-warehouse-olap"
"tech-05","aberdeen-1995-data-warehouse-olap"
"tech-06","aberdeen-1995-data-warehouse-olap"
"tech-09","aberdeen-1995-data-warehouse-olap"
"tech-09","cab199-1-2-0cb163"
"tech-10","aberdeen-1995-data-warehouse-olap"
"tech-10","cab199-1-2-0cb163"
"tech-11","aberdeen-1995-data-warehouse-olap"
"tech-11","cab199-1-2-0cb163"
"tech-12","aberdeen-1995-data-warehouse-olap"
"tech-13","aberdeen-1995-data-warehouse-olap"
"tech-14","aberdeen-1995-data-warehouse-olap"
"tech-14","cab199-1-2-0cb163"
"tech-16","aberdeen-1995-data-warehouse-olap"
"tech-17","aberdeen-1995-data-warehouse-olap"
"tech-18","aberdeen-1995-data-warehouse-olap"
"tech-19","aberdeen-1995-data-warehouse-olap"
"tech-19","cab199-1-2-0cb163"
"tech-20","aberdeen-1995-data-warehouse-olap"
"tech-28","aberdeen-1995-data-warehouse-olap"
"tech-28","cab199-1-2-0cb163"
"tech-30","cab199-1-2-0cb163"
"tech-3270-screens","aberdeen-1995-hp-customer-interaction-software"
"tech-act","aberdeen-1995-hp-customer-interaction-software"
"tech-ccm","aberdeen-1995-hp-customer-interaction-software"
"tech-cis","aberdeen-1995-hp-customer-interaction-software"
"tech-ct-connect","aberdeen-1995-hp-customer-interaction-software"
"tech-cti","aberdeen-1995-hp-customer-interaction-software"
"tech-ets-001","1997-ibm-extended-transaction-systems-fa-0369fa"
"tech-ets-002","1997-ibm-extended-transaction-systems-fa-0369fa"
"tech-ets-003","1997-ibm-extended-transaction-systems-fa-0369fa"
"tech-ets-005","1997-ibm-extended-transaction-systems-fa-0369fa"
"tech-ets-006","1997-ibm-extended-transaction-systems-fa-0369fa"
"tech-ets-007","1997-ibm-extended-transaction-systems-fa-0369fa"
"tech-ets-010","1997-ibm-extended-transaction-systems-fa-0369fa"
"tech-iif-002","1997-ibm-information-integration-family--29351c"
"tech-iif-003","1997-ibm-information-integration-family--29351c"
"tech-iif-004","1997-ibm-information-integration-family--29351c"
"tech-iif-005","1997-ibm-information-integration-family--29351c"
"tech-iif-007","1997-ibm-information-integration-family--29351c"
"tech-iif-008","1997-ibm-information-integration-family--29351c"
"tech-nc-002","1997-ibm-when-a-pc-is-simply-platform-ov-5e9364"
"tech-nc-003","1997-ibm-when-a-pc-is-simply-platform-ov-5e9364"
"tech-nc-004","1997-ibm-when-a-pc-is-simply-platform-ov-5e9364"
"tech-nc-006","1997-ibm-when-a-pc-is-simply-platform-ov-5e9364"
"tech-nc-007","1997-ibm-when-a-pc-is-simply-platform-ov-5e9364"
"tech-nc-008","1997-ibm-when-a-pc-is-simply-platform-ov-5e9364"
"tech-nc-009","1997-ibm-when-a-pc-is-simply-platform-ov-5e9364"
"tech-risc-unix","aberdeen-1995-hp-customer-interaction-software"
"tech-rs6-001","1997-ibm-ships-first-64-bit-rs-6000-serv-961e2c"
"tech-rs6-002","1997-ibm-ships-first-64-bit-rs-6000-serv-961e2c"
"tech-rs6-003","1997-ibm-ships-first-64-bit-rs-6000-serv-961e2c"
"tech-rs6-004","1997-ibm-ships-first-64-bit-rs-6000-serv-961e2c"
"tech-rs6-005","1997-ibm-ships-first-64-bit-rs-6000-serv-961e2c"
"tech-rs6-006","1997-ibm-ships-first-64-bit-rs-6000-serv-961e2c"
"tech-smart-contact","aberdeen-1995-hp-customer-interaction-software"
"tech-tpc","volume-1-appendix-career-timeline"
"tech-tpc","volume-1-ch09-expert-witness-technology-on-trial-1992-2015"
"tech-tsapi","aberdeen-1995-hp-customer-interaction-software"
"technology-market-analysis","1q05-dtp-best-practices-telecom012705a-0e3ad6"
"technology-market-analysis","1q05-dtp-pe-card-012805a-9f8ea1"
"technology-market-analysis","1q05-ee-enterprisetalentmgmt-012705a-737075"
"technology-market-analysis","1q05-pss-fieldservices-020305a-fa2797"
"technology-market-analysis","1q06-ee-beyondpayforperformance-b12c3f"
"technology-market-analysis","1q06-tresury-cashmngt-jp-3dc92d"
"technology-market-analysis","2000-e-learning-in-the-enterprise-psk-5caf5b"
"technology-market-analysis","2003-compaqsnapshot-5924f7"
"technology-market-analysis","2004-dellsnapshot-953527"
"technology-market-analysis","2004-examensnapshot-171cca"
"technology-market-analysis","2004-procuri-ee38ef"
"technology-market-analysis","2004-silverpopsnapshot-08423a"
"technology-market-analysis","2004-spotlightteldata-67a55f"
"technology-market-analysis","2005-ee-hcm-research-agenda-012605a-9126d5"
"technology-market-analysis","2005-pss-research-agenda-011405a-c25c0e"
"technology-market-analysis","2006-fvc-cp-researchagenda-548e42"
"technology-market-analysis","2006-hr-aberdeen-research-calendar-hcm-aa035b"
"technology-market-analysis","2006-pie-research-calendar-e04026"
"technology-market-analysis","2q05-ee-appinbusop-020205-wm-be4436"
"technology-market-analysis","2q05-ee-security-best-practices-041105a-a3dd34"
"technology-market-analysis","2q05-ee-workforceoptimization-030105b-3988e6"
"technology-market-analysis","4q05-20role-20of-20quality-20in-20manufacturing-20jb-jb-2004oct05-2120d2"
"technology-market-analysis","4q05-greatit-wm-d4022a"
"technology-market-analysis","aberdeenaccess-699575"
"technology-market-analysis","aberdeenadvisoryaccessservice-b99846"
"technology-market-analysis","aberdeene-learning-6737c5"
"technology-market-analysis","aberdeenmascollateral-2c5815"
"technology-market-analysis","about-aberdeen-access-d00a7c"
"technology-market-analysis","alternasnapshot-5ed256"
"technology-market-analysis","ariba-e7dfd0"
"technology-market-analysis","arzoonsnapshot-149da0"
"technology-market-analysis","avatiersnapshot-882cb6"
"technology-market-analysis","bigfixsnapshot-f4a360"
"technology-market-analysis","citadelsnapshot-654e06"
"technology-market-analysis","cobionsnapshot-6c1ec0"
"technology-market-analysis","computerassociatessnapshot-17f654"
"technology-market-analysis","courionsnapshot-f4ea3e"
"technology-market-analysis","dellsnapshot-db9d8f"
"technology-market-analysis","dtp-204q04-20-20e-procurement-20success-20102804a-3cf03d"
"technology-market-analysis","dtp-204q04-20-20mro-20102804a-dcaad2"
"technology-market-analysis","dtp-204q04-20-20services-20procurement-20eu-20080504a-77956a"
"technology-market-analysis","e-learning-fd5d01"
"technology-market-analysis","ebi-spendingtoc-a6bf6a"
"technology-market-analysis","ee-204q04-20-20employee-20performance-20mgmt-20072804a-42f62d"
"technology-market-analysis","ee-204q04-20-20employee-20performance-20mgmt-20100804a-7a5850"
"technology-market-analysis","ee-4q04-20-security-spend-mgmt101504a-71e631"
"technology-market-analysis","ee-4q04-cio-agenda-2005-110504a-cabbdc"
"technology-market-analysis","enterprise-aligning-for-action-wb060305b-e14454"
"technology-market-analysis","enterprise-benchmarking-performance-7387ac"
"technology-market-analysis","enterprise-benchmarking-performance-wb060305b-c9f431"
"technology-market-analysis","enterprise-educating-the-team-a33c39"
"technology-market-analysis","enterprise-educating-the-team-wb061005a-4fb6c2"
"technology-market-analysis","enterprise-introduction-0fadce"
"technology-market-analysis","enterprise-introduction-wb060305b-fc9e4f"
"technology-market-analysis","epresencesnapshot-69ff57"
"technology-market-analysis","examensnapshot-cf83e1"
"technology-market-analysis","giliansnapshot-6fcaf6"
"technology-market-analysis","grandopening092004f-a944eb"
"technology-market-analysis","hpsnapshot-31573d"
"technology-market-analysis","i2snapshot-e7bbb1"
"technology-market-analysis","ibmsnapshot-9b0905"
"technology-market-analysis","imperitosnapshot-8db06b"
"technology-market-analysis","integratedopticstoc-4b3a46"
"technology-market-analysis","ipolicysnapshot-398455"
"technology-market-analysis","lumetasnapshot-6233db"
"technology-market-analysis","ma-oraclebuysprofitlogic-pr-446851"
"technology-market-analysis","manufacturing-researchlicensing-f49444"
"technology-market-analysis","mazunetworkssnapshot-f9bae1"
"technology-market-analysis","memoir-scratch-pad-464eb7"
"technology-market-analysis","mto-2005-sell-side-research-20agenda-110404a-a86bae"
"technology-market-analysis","net2ssnapshot-446b68"
"technology-market-analysis","netscreensnapshot-e08ade"
"technology-market-analysis","nfrsnapshot-c5fc14"
"technology-market-analysis","ourpromise-5b66af"
"technology-market-analysis","phoenixsnapshot-e90044"
"technology-market-analysis","privastaffsnapshot-b4f7c1"
"technology-market-analysis","procuri-d9365c"
"technology-market-analysis","pss-204q04-20-20nextgen-20post-sales-20service-20083004a-fcd311"
"technology-market-analysis","publication-partner-program-b2219f"
"technology-market-analysis","q106-gsm-dirmatbmq06-collateral-312afd"
"technology-market-analysis","q106-pointofserviceselectionoverview-9f7550"
"technology-market-analysis","q106-smmidplm-overview-f25f0e"
"technology-market-analysis","q106-sro-ssr-overview-e17408"
"technology-market-analysis","q106-svcnetopt-overview-cb1664"
"technology-market-analysis","q107-secure-records-mgmt-aa-3425f8"
"technology-market-analysis","q206-cardsresearchpreview-0ba635"
"technology-market-analysis","q206-croagenda-sq-27e043"
"technology-market-analysis","q206-esb-psk-a58802"
"technology-market-analysis","q206-mechatronics-cj-959c35"
"technology-market-analysis","q206-retailwfm-gb-e031a9"
"technology-market-analysis","q206-tasslick-29cfd2"
"technology-market-analysis","q306-portfoliomgt-jmb-12b2c0"
"technology-market-analysis","q306-precisionmktpreview-cir-la-913b23"
"technology-market-analysis","q406-admoutsourcing-rs-1f9266"
"technology-market-analysis","q406-elearning-grc-aa-6e7359"
"technology-market-analysis","q406-endpointnac-66d658"
"technology-market-analysis","q406-lmsresearchpreview-7f127b"
"technology-market-analysis","q406-precisionmktpreview-ci-49ecab"
"technology-market-analysis","q4svccmsolselguide-marketingslick-070605a-98b07c"
"technology-market-analysis","qrs-ba207a"
"technology-market-analysis","rb-indtract-rg-2595-2652df"
"technology-market-analysis","research-services-overview-914a21"
"technology-market-analysis","research-services-overview-wb061005a-6994ac"
"technology-market-analysis","rp-idandaccmgmt-hd-061130-4791a9"
"technology-market-analysis","safewebsnapshot-1f1fdd"
"technology-market-analysis","sagesnapshot-d92fc8"
"technology-market-analysis","sap-f4603b"
"technology-market-analysis","scm-05-06-research-agenda-081605a-bc04b6"
"technology-market-analysis","securecomputingsnapshot-ce5ea3"
"technology-market-analysis","secureinfosnapshot-300aec"
"technology-market-analysis","selecticasnapshot-c0c207"
"technology-market-analysis","shavliksnapshot-fd9e0f"
"technology-market-analysis","silverpopsnapshot-4c53eb"
"technology-market-analysis","snapshots-20market-20visibility-20collateral-34f703"
"technology-market-analysis","solution-provider-introduction-3cd92e"
"technology-market-analysis","solution-provider-introduction-wb061005a-af380e"
"technology-market-analysis","solution-providers-accelerating-sales-dd23da"
"technology-market-analysis","solution-providers-accelerating-sales-wb060205a-876d27"
"technology-market-analysis","solution-providers-creating-demand-49b049"
"technology-market-analysis","solution-providers-creating-demand-wb060905a-b72e30"
"technology-market-analysis","solution-providers-growing-customers-b956f7"
"technology-market-analysis","solution-providers-growing-customers-wb061005a-dc4e92"
"technology-market-analysis","solution-providers-mktawareness-b2463f"
"technology-market-analysis","solution-providers-mktawareness-np110405a-7a1bc7"
"technology-market-analysis","spidynamicssnapshot-2b4eae"
"technology-market-analysis","spotlightdigitalfountain-3a7ed2"
"technology-market-analysis","spotlightprofitline-f0b7b5"
"technology-market-analysis","spotlightteldata-3e83bb"
"technology-market-analysis","symantecsnapshot-da9c4c"
"technology-market-analysis","thought-20leadership-20collateral-8fcaaf"
"technology-market-analysis","tpc-c-results-89bdb3"
"technology-market-analysis","tripwiresnapshot-952557"
"technology-market-analysis","websidestorysnapshot-d9e992"
"technology-market-analysis","webwashersnapshot-a1cfa0"
"technology-market-analysis","wfms-research-preview-q406-cce768"
"technology-market-analysis","written-intel-consumer-lt-10-5-03-df2e9c"
"technology-market-analysis","written-ma-unisyswipro-rs-3747-355001"
"technology-market-analysis","written-the-business-value-in-it-outsourcing-d9a0f9"
"technology-market-analysis","xignsnapshot-4553de"
"telechips-access","aberdeen-1996-telechips-access-pc-telephony-interaction"
"telecom-backbone-equipment","tech-s-best-hope-pockets-of-prosperity-2-17d6cf"
"telecom-legacy-oss","soft-mountain-java-a396b5"
"tempest-secure-terminals","prime-industry-product-5-year-plan-1981-0a3546"
"teradata","aberdeen-1996-web-warehouses-dss-for-masses"
"teradata","dssune~1-cbf6e3"
"teradata-data-warehouse","aberdeen-1996-ncr-fail-safe-enterprise-nt"
"teradata-database","aberdeen-customer-driven-info-systems-at-2f9724"
"teradata-dss","ibm-rs6000-midran~1-88f049"
"teradata-dw","safeway-damages-report-draft-b502f4"
"teradata-warehouse","on-computers-tips-good-news-for-ncr-dell-1943c5"
"terascale","2010-intel-ia-continuum-wp-1-2-fc5653"
"terminal-server","dct-microsoft-homestation-notes-2002"
"testing-tools","1998-y2k-report-f512fb"
"thin-client","kastner-sipp-pc-lifecycle-dynamics-2003-4395fd"
"thin-client","technology-news-trends-desktop-pcs-decli-7993aa"
"thin-client","volume-1-ch07-founding-aberdeen-1988-1997"
"thin-client-device","1998-microsoft-nt-windows-2000-multi-user-computing-5f91e4"
"thin-client-web-architecture","aberdeen-1997-silknet-software"
"three-tier-arch","aberdeen-1996-clarify-inc"
"three-tier-architecture","aberdeen-1996-iq-software-www-reporting"
"three-tier-architecture","aberdeen-1996-moving-effectively-next-gen-client-server"
"three-tier-architecture","aberdeen-1996-object-oriented-three-tier-plus-computing"
"three-tier-architecture","aberdeen-megatrends-mfa-cs-mis-1993-05-98fc87"
"three-tier-architecture","aberdeen-trends-90s-logan-1991-648c68"
"throughput-computing","technology-news-hardware-sun-unveils-ult-4a76bb"
"tib-active-enterprise","middle~1-a64fa0"
"tick-tock","2026-kastner-intel-longitudinal-776f7e"
"tiered-storage","technology-themes-2003-04"
"time-of-day-metering","adl-ase-asep-two-way-power-communications-1979-b8c001"
"time-of-day-rates","minicomputer-news-ase-asep-1979-2b5327"
"timesharing","volume-1-ch02-physics-of-the-machine-1969-1972"
"itanium","hp-compaq-kastner-insight1-a5a4e0"
"titanium-ia64","intel-ia2004-pk4-kc-edits-de9c37"
"tivoli-management-environment","management-heavies-seek-broader-base-8-723197"
"tivoli-tme","1997-ca-s-unicenter-tng-framework-pk-apr-50d15f"
"tivoli-tme","carepo-kastner-unicenter-jasmine-1996-1d5ffe"
"tivoli-tme","system~1-36ba8c"
"tivoli-tmf","aberdeen-1996-ibm-tivoli"
"tme-10-enterprise-console","aberdeen-1996-ibm-tivoli"
"tme-10-monitoring","aberdeen-1996-ibm-tivoli"
"tme-10-netview","powerful-network-management-4cb125"
"tme-10-sm","1997-tme-10-security-management-8178c6"
"tme-10-software-dist","aberdeen-1996-ibm-tivoli"
"tolerant-eternity","informationweek-tolerant-debitcredit-198-4f3b26"
"tolerant-eternity-os-50","informationweek-tolerant-debitcredit-198-4f3b26"
"top-end","aberdeen-open-online-transaction-process-ea272f"
"tp-monitor","1997-broadvision-dynamic-web-application-5f10bb"
"tp-monitor","aberdeen-1996-moving-effectively-next-gen-client-server"
"tp-monitor","aberdeen-1996-spider-technologies-netdynamics"
"tp-monitor-middleware","aberdeen-1996-computer-telephony-integration"
"tp-monitors","middle~1-a64fa0"
"tp1-benchmark","stratus-tp-1-internal-benchmark-guide-19-9b51bf"
"tp1-et1-debit-credit","informationweek-tolerant-debitcredit-198-4f3b26"
"tpc-a","tandem-tr-85-2-debitcredit-1985-ca207a"
"tpc-a","volume-1-ch06-dec-mainframes-last-stand-1987-1988"
"tpc-a-benchmark","1993-hercules-sap-28344a"
"tpc-b","aberdeen-dops-tpc-1992-deck-bbe78e"
"tpc-benchmark","1992-tpc-benchmarks-vp-ed0e0d"
"tpc-benchmark","2026-kastner-ibm-longitudinal"
"tpc-benchmark","2026-kastner-oracle-longitudinal"
"tpc-benchmark","bull1990-d-c-benchmarks-8b5d9c"
"tpc-benchmark","debit-credit-ibm-dec-1988-2-2fc147"
"tpc-benchmark","dec-resume-performance-review-3-1f133b"
"tpc-benchmark","dectp-genspark-research2-4-a09a82"
"tpc-benchmark","hptpc92-2fd423"
"tpc-benchmark","ibmrs6k-05561e"
"tpc-benchmark","ibmtpc92-c32789"
"tpc-benchmark","psk-bio97-475934"
"tpc-benchmark","psk-niopubs-3d103b"
"tpc-benchmark","tpc2-92-c2a45c"
"tpc-benchmark","tpcbench92-139998"
"tpc-benchmark-a","dtj-v03-01-tp-and-fault-tolerant-1991-cf078c"
"tpc-c","2002-performance-breakthroughs-the-benchmarking-fanatic-6d41fa"
"tpc-c","bull1990-d-c-benchmarks-8b5d9c"
"tpc-c","inforx95-3-9a45fe"
"tpc-c","open-tpc-database-benchmarks-9-058487"
"tpc-c","sap-r-3-on-wintel-servers-712986"
"tpc-c","tpcbench92-139998"
"tpc-c","volume-1-ch06-dec-mainframes-last-stand-1987-1988"
"tpc-c-benchmark","aberdeen-1995-limd-technology"
"tpc-c-benchmark","aberdeen-1996-risc-unix-market"
"tpc-c-benchmark","silicon-graphics-origin-servers-a-high-duct-with-p-447a86"
"tpc-e","open-tpc-database-benchmarks-9-058487"
"tpc-h","2002-performance-breakthroughs-the-benchmarking-fanatic-6d41fa"
"tpc-web-service-benchmark","open-tpc-database-benchmarks-9-058487"
"tpcc-benchmark","aberdeen-1996-debunking-ntsmp-scalability-myth"
"tpm","intel-consumer-lt-10-5-03-580af7"
"tps","tandem-tr-85-2-debitcredit-1985-ca207a"
"transactional-memory","intel-pulse-check-ia-continuum-2013-3a693f"
"transactions-per-second-tps","informationweek-tolerant-debitcredit-198-4f3b26"
"transcend-enterprise-manager","aberdeen-1995-3com-lanplex-2500"
"transcend-networking","aberdeen-1997-3com-accelerates-remote-access-market"
"transformer-architecture","2026-kastner-enterprise-ai-arc"
"transformer-architecture","volume-1-ch10-the-long-view-1966-2026"
"transmeta-crusoe-tm5700","transmeta-crusoe-tm5700-tm5900-computerw-455262"
"transmeta-crusoe-tm5800","transmeta-crusoe-tm5700-tm5900-computerw-455262"
"transmeta-crusoe-tm5900","transmeta-crusoe-tm5700-tm5900-computerw-455262"
"trickle-feed","safeway-damages-report-draft-b502f4"
"tru64-unix","2001-compaq-tru64-unix-and-oracle9i-clusters-reduce-cos-17b4b2"
"tru64-unix","2001-hp-cpq-merger-collection-edbca1"
"trucluster-server","2001-compaq-tru64-unix-and-oracle9i-clusters-reduce-cos-17b4b2"
"trustworthy-computing","microsoft-s-move-to-mothball-old-code-ra-724d34"
"tuxedo","aberdeen-open-online-transaction-process-ea272f"
"tuxedo","middle~1-a64fa0"
"tuxedo","nti-11-distributed-midrange-servers-1993-dedd19"
"tv-tuner-card","dct-microsoft-homestation-notes-2002"
"tv-tuner-card","dct-microsoft-media-center-rollout-2002-08"
"tv-tuner-card","dct-video-market-segmentation-2002"
"two-phase-commit","dec-zahavi-debit-credit-vaxclusters-1988-1a9e2e"
"two-phase-commit","ieee-db-stratus-32-psk-1d4564"
"two-phase-commit","nti-6-rdbms-technology-48f4aa"
"ucf","webex--taking-conferencing-to-the-busine-5b8109"
"uhf-t-band","adl-public-safety-911-cad-systems-1973-1979-b8a001"
"ulead-videowave","nvidia-personal-cinema-lab-report-2002"
"ultimatetv","dct-microsoft-media-center-rollout-2002-08"
"ultra-wideband","dct-dceit-practice-v6-2002"
"ultrasparc","aberdeen-1996-risc-unix-market"
"ultrasparc","aberdeen-1996-sun-microsystems-decision-warehouse"
"ultrasparc","aberdeen-1996-sun-microsystems-ultracomputing-business"
"ultrasparc-iv","technology-news-hardware-sun-unveils-ult-4a76bb"
"uml","2004-aberdeentelelogicagrfinal-5-8fd44a"
"uml","develo~1-d25652"
"unicenter","caunic-ltr98-80140d"
"unicenter-tng","1997-ca-s-unicenter-tng-framework-pk-apr-50d15f"
"unicenter-tng","caprop1-98-5d69fd"
"unicenter-tng","system~1-36ba8c"
"unicenter-tng-framework","1997-ca-s-unicenter-tng-framework-pk-apr-50d15f"
"unified-communications-voice-centric","aberdeen-workshop-qualifying-questions-and-success-stories-2001-b6a001"
"unified-messaging","1998-communicating-business-intelligence-through-comput-0290b1"
"unified-storage","microsoft-s-future-paths-6-f86f30"
"unify-vision","1997-unify-vision-8fcfc3"
"unisys-a-series","nti-9-mainframe-role-1993-77fc40"
"unisys-a-series-mcp","aberdeen-1996-unisys-clears-path-a-series-os2200"
"unisys-es7000","2001-unisys-benchmark-gorilla-sets-new-sap-and-intel-ba-19cf5a"
"unisys-es7000","2002-beyond-windows-8-way-servers-why-businesses-are-de-6828b2"
"unisys-es7000","auditor-report-4-43ad9b"
"unisys-es7000","intelitaniummfewp1[1]-773ea2"
"unisys-os2200","aberdeen-1996-unisys-clears-path-a-series-os2200"
"univac-96-col-card","adl-commercial-engagements-kastner-1972-1979-b8b001"
"univac-96-col-card","volume-1-ch03-physics-of-consulting-1972-1979"
"universal-applications","1997-peoplesoft-works-the-internet-452445"
"universal-serial-bus","small-is-huge-in-pcs-these-days-blog-arc-655851"
"unix","09010006-f43488"
"unix","1997-unix-and-nt-application-servers-and-workstations-1-29257b"
"unix","bbn1989-1e6838"
"unix","dec-mgmt-memo-v7n5-state-of-company-1988-6a9954"
"unix","encore-b7c40d"
"unix","jungle-1-5-675c58"
"unix","jungle-6-7af8b7"
"unix","nti-11-distributed-midrange-servers-1993-dedd19"
"unix","nti-2-open-systems-1dd3af"
"unix","nti-3-pc-and-ws-1993-17d49b"
"unix","nti-4-nextgen-os-timing-1993-a45049"
"unix","ntscaling-07177f"
"unix","patchlinksnapshot-a10275"
"unix","q306-soalegacy-psk-ef497b"
"unix","software-market-safegu~1-ea7453"
"unix","volume-1-ch04-prime-computer-1979-1981"
"unix","volume-1-ch07-founding-aberdeen-1988-1997"
"unix","volume-1-ch10-the-long-view-1966-2026"
"unix","volume-1-epilogue-argument-with-reality"
"unix","written-intel-ia2004-pk4-kc-edits-752232"
"unix-bios","aberdeen-1996-year-2000-transition-opportunity-reconstruction"
"unix-enterprise","1997-microsoft--the-joker-of-enterprise--158636"
"unix-fault-tolerant-systems","computerworld-fault-tolerant-market-1987-fc3dca"
"unix-open-systems","kastner-technology-breadth-memoir-2026"
"unix-os","1992-sapiens-and-metadata-0608b6"
"unix-os","2001-linux-is-on-the-move-up-6bf089"
"unix-platform","ntserv~1-56bd94"
"unix-server","1992-tpc-benchmarks-vp-ed0e0d"
"unix-server","2001-hp-compaq-kastner-insight1-d6dc38"
"unix-server","debit-credit-ibm-dec-1988-2-2fc147"
"unix-server","hp-compaq-kastner-insight1-a5a4e0"
"unix-server","informdsa-9f8bcf"
"unix-server","informix-dsa-presentation-2-8d5fa3"
"unix-server","tpc2-92-c2a45c"
"unix-server-farms","aberdeen-1996-mainframe-revival-short-lived-or-long-term"
"unix-servers","1992-tpc-benchmarks-vp-745fa1"
"unix-servers","1997-microsoft-nt-scalability-day--the-e-6460e2"
"unix-servers","1997-the-new-as-400e-series-aa9cac"
"unix-servers","2002-webex--taking-conferencing-to-the-summit-05f195"
"unix-servers","marathon-d186ab"
"unix-svr4","ncr-system-3000-model-3550-brochure-1992-b15aed"
"unix-workstation","workst~1-d22401"
"ups-power-supply","kastner-letter-to-craig-barrett-intel-2008-1ea221"
"urban-hotspot-2003","urban-wifi-gridlock-eweek-2003-kastner-r-2e0114"
"us-code-1782-discovery","supreme-court-orders-intel-documents-rel-e6e110"
"usb-20","dct-apple-powermac-g5-2003-06"
"utility-computing","wired-idc-tech-bucks-hack-threats-2002-e6375d"
"uunet-network","1997-the-ec-company-not-your-father-s-edi-c1ebff"
"uwb","dct-memoir-ramp-vs-dct-prescience-2026"
"uwb-wireless-usb","intel-idf-2005-spring-delegate-confirmat-0de810"
"valuechainaccess","ibm-aberdeen-wip-deck-2-704ff9"
"van","ecpspr~1-4968bf"
"vax","dec-mgmt-memo-v7n5-state-of-company-1988-6a9954"
"vax","volume-1-ch04-prime-computer-1979-1981"
"vax-4000-300","aberdeen-dops-tpc-1992-deck-bbe78e"
"vax-4000-300","dtj-v03-01-tp-and-fault-tolerant-1991-cf078c"
"vax-8200","volume-1-ch06-dec-mainframes-last-stand-1987-1988"
"vax-8650","boston-globe-stratus-xa2000-launch-1987--218ffd"
"vax-8700","dec-primer-comparing-debit-credit-tests--c30cfa"
"vax-8830","aberdeen-dops-tpc-1992-deck-bbe78e"
"vax-9000","dtj-v03-01-tp-and-fault-tolerant-1991-cf078c"
"vax-acms","dectp-genspark-research2-4-a09a82"
"vax-architecture","volume-1-ch06-dec-mainframes-last-stand-1987-1988"
"vax-architecture","wsj-digital-challenges-ibm-tests-bulkele-e2e227"
"vax-cluster","dec-debit-credit-guidelines-kohler-hsu-1-e228b4"
"vax-cluster","dec-zahavi-debit-credit-vaxclusters-1988-1a9e2e"
"vax-rdb","dec-debit-credit-guidelines-kohler-hsu-1-e228b4"
"vax-vms","2026-kastner-dec-longitudinal-22d177"
"vax-vms","prime-industry-product-5-year-plan-1981-0a3546"
"vaxcluster","1991-encore-and-metadata-47f414"
"vaxcluster","1996-sequent-38f0b1"
"vaxcluster","2026-kastner-dec-longitudinal-22d177"
"vaxcluster","dec-mgmt-memo-v7n5-state-of-company-1988-6a9954"
"vaxcluster","dtj-v03-01-tp-and-fault-tolerant-1991-cf078c"
"vaxft-3000","dtj-v03-01-tp-and-fault-tolerant-1991-cf078c"
"vaxstation","dec-mgmt-memo-v7n5-state-of-company-1988-6a9954"
"vdi","desktop-virtualization-roi---aberdeen-8fa168"
"vendor-management-process","ma-unisyswipro-rs-3747-36dd33"
"vendor-management-processes","2006-unisyswipro-rs-3747-a7e31e"
"veritas-vx-reliant","aberdeen-1996-unisys-clearpath-smp-servers"
"versioning-testing","aberdeen-rb-testing-soa-web-apps-2007-e2096f"
"vertical-marketplaces","aberdeen-productization-pricing-and-survey-research-program-2000-b7b001"
"viasoft-cera","1997-viasoft-y2k-c2e540"
"viasoft-rochade","1997-viasoft-y2k-c2e540"
"video-conferencing","webex--taking-conferencing-to-the-busine-5b8109"
"video-streaming","2002-cable-and-telco-companies-battle-for-home-internet-2baa0b"
"videobox","omnibox97-53bcfe"
"videoconferencing","2002-webex-taking-conferencing-to-the-business-communic-85e330"
"videoconferencing","electronic-news-videoconferencing-sars-c-044642"
"videoconferencing","informationweek-videoconferencing-boost--b62ff4"
"videoconferencing-tech","meetings-conventions-virtual-meetings-ps-c1b097"
"videoconferencing-tech","telephony-post911-conferencing-psk-2001--0bf283"
"viewsonic-nextvision-n6","dct-kastner-wish-list-2002-12"
"virtual-data-warehouse","aberdeen-1995-intersolv-virtual-data-warehouse"
"virtual-lan","aberdeen-1995-3com-lanplex-2500"
"virtual-private-network","aberdeen-1996-remote-access-cisco-untold-story"
"virtualvault","aberdeen-1996-hp-praesidium-family"
"visual-basic","1997-oracle-designer-2000-3201a7"
"visual-basic","1997-oracle-developer-2000-client-server-development-en-5f98ce"
"visual-basic","aberdeen-1995-commercial-messaging"
"visual-basic","aberdeen-1996-moving-effectively-next-gen-client-server"
"visual-basic","progress-version-8-2-development-environment-3cadac"
"visual-basic-vba","trends99-18726b"
"visualsan","2004-05dell-storage-profile-editpk-05170-3c00b1"
"visualsan","dell-storage-profile-2004"
"vitria-bpa","vitria-testimonials-kastner-bpa-soa-rese-93ccae"
"vivo-breakout-box","nvidia-personal-cinema-lab-report-2002"
"vlan-technology","1997-cabletron--discovering-the-beacon-u-2d44d5"
"vlm-support","1997-microsoft-nt-scalability-day--the-e-6460e2"
"vlm-technology","aberdeen-1996-computer-telephony-integration"
"vlm-technology","aberdeen-1996-software-ag-digital-high-performance-solutions"
"vms","dec-mgmt-memo-v7n5-state-of-company-1988-6a9954"
"vms","nti-11-distributed-midrange-servers-1993-dedd19"
"vms-services-msdos","dec-mgmt-memo-v7n5-state-of-company-1988-6a9954"
"voip","1998-communicating-business-intelligence-through-comput-0290b1"
"voip","teleco~1-c01702"
"voip","webex--taking-conferencing-to-the-busine-5b8109"
"voip-phone","dct-sony-personal-electronic-vision-2002"
"vos","stratus-fault-tolerant-revolution-ad-198-797e0e"
"vpn","2002-wireless-lan-security-an-adolescent-market-88de03"
"vpn","intel-2010-vpro-daily-globe-42697e"
"vpn","securi~1-3e7ced"
"vpn-ip","teleco~1-c01702"
"vpn-networking","networ~1-96462b"
"vpn-services","aberdeen-1996-vpns-business-mfs-success-strategy"
"vpn-virtual-private-network","manage~1-b299e4"
"vpro","2010-intel-vpro-daily-globe-6f615e"
"vpro","2026-kastner-intel-longitudinal-776f7e"
"vpro","intel-2010-vpro-daily-globe-42697e"
"vrmf","aberdeen-1996-ibm-aix-4-not-your-fathers-325"
"vt-340-420-terminal-emulation","aberdeen-1995-digital-multia"
"vt-terminals","dec-mgmt-memo-v7n5-state-of-company-1988-6a9954"
"vt-terminals","ie-appendix-jones-wms-memo-2e5d6c"
"vtam","volume-1-ch06-dec-mainframes-last-stand-1987-1988"
"vulnerability-scanner-gen2","vulnerability-assessment-empowering-is-754d9a"
"w95-tenrobot","dct-pc-replacement-insight1-2003-04"
"w95-tenrobot","why-you-need-to-replace-those-windows-98-and-nt-ma-9b9622"
"wafl","aberdeen-1996-network-appliance-data-appliances"
"wang-2200","phi-legacy-in-wang-labs-runaway-horse-1995-b8e001"
"wang-3300","phi-psd-brochure-and-kastner-engagements-1969-1972-b8d001"
"wang-vs","phi-legacy-in-wang-labs-runaway-horse-1995-b8e001"
"wang-vs","volume-1-ch02-physics-of-the-machine-1969-1972"
"wang-wps","phi-legacy-in-wang-labs-runaway-horse-1995-b8e001"
"wap-handoff","2002-wireless-lan-security-an-adolescent-market-88de03"
"waterfall-development","unisys-florida-hrs-expert-witness-tallah-5b4524"
"wave-service","aberdeen-1996-vpns-business-mfs-success-strategy"
"wbt-asynchronous","1999-e-learning-in-the-enterprise-psk-d0fc8a"
"wbt-synchronous","1999-e-learning-in-the-enterprise-psk-d0fc8a"
"wdm","teleco~1-c01702"
"web-analytics","technology-themes-ee5ba4"
"web-application","15-classification-key-applications-55b6be"
"web-application","volume-1-epilogue-argument-with-reality"
"web-based-cis","1997-cis-report-ba825e"
"web-based-cis","1998-cis-report-customer-interaction-software-631068"
"web-based-cis","cispra~1-23a333"
"web-browser","aberdeen-1996-web-warehouses-dss-for-masses"
"web-browser","ca-internet-app-dev-sales-training-1996-48db9c"
"web-browser-client","tool-vendors-neglect-intranet-computing--97bde3"
"web-browser-server","aberdeen-1996-computer-telephony-integration"
"web-conferencing","1992-tpc-benchmarks-vp-745fa1"
"web-conferencing","2002-webex--taking-conferencing-to-the-summit-05f195"
"web-conferencing","2002-webex-taking-conferencing-to-the-business-communic-85e330"
"web-conferencing","informationweek-webex-enterprise-collabo-e30ad5"
"web-conferencing","marathon-d186ab"
"web-conferencing","meetings-conventions-virtual-meetings-ps-c1b097"
"web-conferencing","tech-investor-instant-messaging-goes-cor-1a14c2"
"web-conferencing","telephony-post911-conferencing-psk-2001--0bf283"
"web-database-architecture","aberdeen-1996-spider-technologies-netdynamics"
"web-enabled-infrastructure","aberdeen-1996-enterprise-executives-year-2000-solution"
"web-enabler","aberdeen-1996-blyths-ren-architecture-prescription-it-success"
"web-manager","aberdeen-1996-blyths-ren-architecture-prescription-it-success"
"web-operations-management","aberdeen-practice-definitions-compendium-2000-b7a001"
"web-platform","volume-1-ch10-the-long-view-1966-2026"
"web-research-delivery","aberdeen-training-day-1-522863"
"web-security","securi~1-3e7ced"
"web-services","entrustsnapshot-f78f15"
"web-services","esb-in-soa-e002b7"
"web-services","ibm-+-webify-=-industry-soa-application--97733a"
"web-services","ra-enterprise-apps-312ba4"
"web-services","technology-themes-2003-04"
"web-services-eii","aberdeen-eii-2003-ea3f1a"
"web-services-general","soa-aon-webinar-31973c"
"web-services-general","soa-overview-docx-12612f"
"web-services-mgmt","technology-themes-ee5ba4"
"web-services-soa","soa-web-services-2007-c3297b"
"web-services-soap","lansa-composer-powerpoint-9f4257"
"web-services-soap","tech-forecasts-idc-keeps-score-114e08"
"web-technologies-1998","process-of-process-eba-335083"
"web-traffic-analysis","data-know-69ab04"
"web-vault","aberdeen-1996-blyths-ren-architecture-prescription-it-success"
"webbench","intelitaniummfewp1[1]-773ea2"
"webex","trends00-6a553a"
"webex-enterprise-edition","informationweek-webex-enterprise-collabo-e30ad5"
"webex-meeting-center","2002-webex-taking-conferencing-to-the-business-communic-85e330"
"webex-multipoint-video","webex--taking-conferencing-to-the-busine-5b8109"
"webex-oncall","2002-webex-taking-conferencing-to-the-business-communic-85e330"
"webex-onstage","2002-webex-taking-conferencing-to-the-business-communic-85e330"
"webex-platform","webex--taking-conferencing-to-the-busine-5b8109"
"webex-private-wan","webex--taking-conferencing-to-the-busine-5b8109"
"webex-support-center","1992-tpc-benchmarks-vp-745fa1"
"webex-support-center","1998as400-1-146289"
"ms-cluster-server","1992-tpc-benchmarks-vp-745fa1"
"ms-cluster-server","1998as400-1-146289"
"ms-cluster-server","2002-webex--taking-conferencing-to-the-summit-05f195"
"ms-cluster-server","2002-webex-taking-conferencing-to-the-business-communic-85e330"
"ms-cluster-server","marathon-d186ab"
"ms-cluster-server","webex--taking-conferencing-to-the-busine-5b8109"
"webify-composition-studio","ma-ibm-webify-5e0d4b"
"webify-industry-fabric","ibm-+-webify-=-industry-soa-application--97733a"
"webify-industry-fabric","ma-ibm-webify-5e0d4b"
"weblets","aberdeen-1996-blyths-ren-architecture-prescription-it-success"
"webmethods-fabric","soa-in-it-e5b373"
"webmethods-fabric-7","esb-soa-fabric-webmethods-techtarget-see-83b233"
"webspeed","aberdeen-1996-progress-software-webspeed-internet"
"webspeed-transaction-server","aberdeen-1996-progress-software-webspeed-internet"
"webspeed-workbench","aberdeen-1996-progress-software-webspeed-internet"
"websphere","ibm-major-account-plan-8-cc6400"
"weee-directive","dell-ars-wp-2-72fd7f"
"wep","2001-upgrading-to-windows-xp-a-long-and-winding-road-ps-81e090"
"wep","2002-wireless-lan-security-an-adolescent-market-88de03"
"wep-encryption","2001-living-with-windows-xp-media-player-and-wireless-s-02f8a8"
"western-digital-caviar-8gb","dell-ars-white-paper-prod-7-11m-c60434"
"westmere","2010-intel-ia-continuum-wp-1-2-fc5653"
"westmere","intel-2010-vpro-daily-globe-42697e"
"white-box-pc","technology-news-chips-amd-s-semprons-spa-21b184"
"wifi","2010-intel-ia-continuum-wp-1-2-fc5653"
"wifi","dct-pit-service-offering-2002"
"wifi","dct-segment-priorities-matrix-2003"
"wifi","sars2-hot-topic-cf91d4"
"wifi","technology-themes-2003-04"
"wifi-2-4ghz-spectrum","urban-wifi-gridlock-eweek-2003-kastner-r-2e0114"
"wifi-802-11","2003-aberdeen-group-free-research-aberdeen-insights-1-968e18"
"wifi-802-11","intel-centrino-pk-8ecf9a"
"wifi-802-11a","2002-wi-fi-s-new-standard-802-11a-will-offer-the-best-b-795f0c"
"wifi-802-11b","2002-wi-fi-s-new-standard-802-11a-will-offer-the-best-b-795f0c"
"wifi-802-11b","review-gateway-notebook-with-intel-centr-985a73"
"wifi-802-11g","2002-wi-fi-s-new-standard-802-11a-will-offer-the-best-b-795f0c"
"wifi-802-11g","review-gateway-notebook-with-intel-centr-985a73"
"wifi-802-11n","2002-wi-fi-s-new-standard-802-11a-will-offer-the-best-b-795f0c"
"wifi-80211a","urban-wifi-gridlock-eweek-2003-kastner-r-2e0114"
"wifi-80211b","2003-sars-electronics-supply-chain-ec0375"
"wifi-80211b","dct-kastner-wish-list-2002-12"
"wifi-80211b","dct-traveling-with-centrino-2003-05"
"wifi-80211g","technology-news-hardware-gateway-goes-gi-4af738"
"wifi-80211g","urban-wifi-gridlock-eweek-2003-kastner-r-2e0114"
"wifi-enterprise","technology-themes-ee5ba4"
"winbench-2000","amd-profile01-64e43b"
"wind-river","otellini-intel-techpinions-2013-917213"
"windows","09010005-d36601"
"windows","2004-09010005-f58946"
"windows","2004-fvcmwebtoc-53b01f"
"windows","2004-newmediasnapshot-cd4186"
"windows","2004-psa2001surveyreporttoc-9a9928"
"windows","2004-voiptoc-472d11"
"windows","akonixsnapshot-089ee6"
"windows","asptop10toc-216854"
"windows","ba-uc-pb-3704-82afab"
"windows","clpbenchmark-3708-63ff3f"
"windows","compaqsnapshot-65b991"
"windows","configuresoftsnapshot-2caf8d"
"windows","dbbuyingguidetoc-1a0a0e"
"windows","devwsreporttoc-60f6e8"
"windows","eiitoc-742f80"
"windows","emabestpracticestoc-1fb7cd"
"windows","endpointdp-bg-3717-8ecfb0"
"windows","fdic-washington-cs-1995-e3de67"
"windows","fvcmwebtoc-5f0032"
"windows","generationgap-c89824"
"windows","handhelds-3ee4af"
"windows","homenetworking-toc-0443b2"
"windows","ibmrep-toc-9d0086"
"windows","lovebug-00ded3"
"windows","lurhqsnapshot-f30215"
"windows","mgddelivery2003abridged-267561"
"windows","microsoftsnapshot-eec9a2"
"windows","mobility-management-jb-3822-93c2b3"
"windows","network-1snapshot-b7770f"
"windows","newmediasnapshot-ff463f"
"windows","nt2000-41a391"
"windows","nt2000-data-a2adf2"
"windows","optical-electronicreport-toc-0a3155"
"windows","opticalnetworking-1695aa"
"windows","poolsofstoragewp-3a0151"
"windows","psa2001surveyreporttoc-971ee5"
"windows","ra-admoutsourcing-rs-3597-59f661"
"windows","ra-wan-pb-3854-d0b6ab"
"windows","rb-cmcfo-vp-3500-97dcdd"
"windows","sipp-speech-florida-06-30-03-5776a8"
"windows","spotlightstratacache-970c06"
"windows","tfc2002-20reporttoc-c584fa"
"windows","tfcbuyingintentions2003toc-e9e578"
"windows","top10cpc-8ae27e"
"windows","voiptoc-7206c3"
"windows","westerneuropereporttoc-6d43c8"
"windows","written-amd-profile01-677733"
"windows","written-copy-of-hp-camera-lab-journal-prod-b8b75a"
"windows","written-desktop-virtualization-roi-aberdeen-f059d8"
"windows","written-eclipsys-auditor-report-4-672868"
"windows","written-iha-full-report-draft-jul-28-075611"
"windows","written-intel-centrino-pk-b43168"
"windows","written-snapshot-snap-templated-611beb"
"windows","written-webex-taking-conferencing-to-the-business-communications-summit-2b6842"
"windows-2000","1998-microsoft-nt-windows-2000-multi-user-computing-5f91e4"
"windows-2000","1999pr~1-c5516b"
"windows-2000","2000-is-windows-nt-windows-2000-enterprise-ready-91f2cb"
"windows-2000","dct-personal-it-forecast-research-2001"
"windows-2000","kastner-jrl-trends-1999-pk-responses-f4c5a4"
"windows-2000-datacenter","2002-beyond-windows-8-way-servers-why-businesses-are-de-6828b2"
"windows-2000-datacenter-server","informationweek-windows-2000-high-end-am-4ccdae"
"windows-2000-datacenter-sp4","auditor-report-4-43ad9b"
"windows-2000-dotcom","2000-kpmg-creating-a-successful-dot-com-the-devil-is-in-9dea24"
"windows-2000-server","informationweek-windows-2000-high-end-am-4ccdae"
"windows-3-1","1998as400-1-146289"
"windows-31","aberdeen-1996-telechips-access-pc-telephony-interaction"
"windows-95","1998as400-1-146289"
"windows-95","software-market-safegu~1-ea7453"
"windows-95","topic-iia-pc-management-best-practices-2003-10"
"windows-98","dct-pc-replacement-insight1-2003-04"
"windows-98","moore-s-law-true-but-irrelevant-internet-661e40"
"windows-98","pc-replacement-survey-one-size-fits-none-73e2e0"
"windows-98","pc-replacements-lawyers-auditors-and-com-ce8ebb"
"windows-98","topic-iia-pc-management-best-practices-2003-10"
"windows-98","why-you-need-to-replace-those-windows-98-and-nt-ma-9b9622"
"windows-9x","microsoft-s-move-to-mothball-old-code-ra-724d34"
"windows-api","microsoft-split-will-hit-users-pockets-0-edc1ed"
"windows-blackcomb","microsoft-s-future-paths-6-f86f30"
"windows-datacenter-2000","2001-unisys-benchmark-gorilla-sets-new-sap-and-intel-ba-19cf5a"
"windows-dna","intern~1-45df51"
"windows-dos","nti-2-open-systems-1dd3af"
"windows-dos","nti-3-pc-and-ws-1993-17d49b"
"windows-dos","nti-4-nextgen-os-timing-1993-a45049"
"windows-longhorn","microsoft-s-future-paths-6-f86f30"
"windows-longhorn","processor-editorial-article-much-in-stor-660f27"
"windows-longhorn","technology-news-future-tech-microsoft-la-625f49"
"windows-me","dct-hp-camera-lab-report-2001-09"
"windows-media-player","2001-living-with-windows-xp-media-player-and-wireless-s-02f8a8"
"windows-media-player","microsoft-vows-to-appeal-eu-ruling-5-b7efc6"
"windows-microsoft","kastner-letter-to-craig-barrett-intel-2008-1ea221"
"windows-nt","1997-commercial-risc-unix-1996-mvp-711569"
"windows-nt","1997-data-integration-management-in-hete-de2429"
"windows-nt","1997-data-mining-buying-guide-71e463"
"windows-nt","1997-datafocus'-nutcracker--enterprise-c-bfc11e"
"windows-nt","1997-dec-linkworks-webworker---an-object-db2d2a"
"windows-nt","1997-oracle-data-mart-suite-for-nt-926845"
"windows-nt","1997-unix-and-nt-application-servers-and-workstations-1-29257b"
"windows-nt","1998-hp-high-availability-and-metadata-7d1276"
"windows-nt","1998-nt-professional-services-buying-guide-1998-edition-14e452"
"windows-nt","1998-pc-impact-and-metadata-e2a169"
"windows-nt","1998as400-1-146289"
"windows-nt","1999-aberdeengroup-newsletter-april-1999-d157ec"
"windows-nt","1999pr~2-cd0049"
"windows-nt","2001-hp-camera-lab-journal-prod-d90f3f"
"windows-nt","2003-dell-ars-white-paper-53d13d"
"windows-nt","2003-intel-consumer-lt-10-5-8c346e"
"windows-nt","aberdeen-1996-digital-leading-nt-across-enterprise-charge"
"windows-nt","aberdeen-1996-digitals-personal-workstation-new-markets-channels"
"windows-nt","aberdeen-1996-flexiinternational-software-financial-acumen-technology"
"windows-nt","aberdeen-1996-hp-vectra-xw-personal-workstation"
"windows-nt","aberdeen-1996-sqa-suite-50-automated-testing"
"windows-nt","aberdeen-1996-tandem-vision-21st-century-electronic-business"
"windows-nt","dbmspr~1-7c854e"
"windows-nt","decision-maker-erp-services-805ce8"
"windows-nt","develo~1-d25652"
"windows-nt","erpv2p~1-b15573"
"windows-nt","informationweek-windows-2000-high-end-am-4ccdae"
"windows-nt","infrastructure-speech-7f6c5b"
"windows-nt","leader-of-the-pack-23-nov-1996-computing-f2353f"
"windows-nt","microsoft-s-move-to-mothball-old-code-ra-724d34"
"windows-nt","nti-11-distributed-midrange-servers-1993-dedd19"
"windows-nt","nti-2-open-systems-1dd3af"
"windows-nt","nti-3-pc-and-ws-1993-17d49b"
"windows-nt","nti-4-nextgen-os-timing-1993-a45049"
"windows-nt","retail~1-d5de79"
"windows-nt","sap-r-3-on-wintel-servers-712986"
"windows-nt","sequent-592620"
"windows-nt","sequent-sap-sequen~1-7f70e4"
"windows-nt","server-deal-turns-rivals-into-allies-seq-bdc3af"
"windows-nt","software-market-safegu~1-ea7453"
"windows-nt","volume-1-ch07-founding-aberdeen-1988-1997"
"windows-nt-3-51","aberdeen-1995-digital-multia"
"windows-nt-4","1998-microsoft-nt-windows-2000-multi-user-computing-5f91e4"
"windows-nt-4","1998-microsoft-windows-nt-5-0-a-planning-guide-cd9d08"
"windows-nt-4","aberdeen-1996-debunking-ntsmp-scalability-myth"
"windows-nt-4","dct-pc-replacement-insight1-2003-04"
"windows-nt-4","topic-iia-pc-management-best-practices-2003-10"
"windows-nt-4-0","why-you-need-to-replace-those-windows-98-and-nt-ma-9b9622"
"windows-nt-5","1998-microsoft-windows-nt-5-0-a-planning-guide-cd9d08"
"windows-nt-5","systems-management-delayed-promise-1bc587"
"windows-nt-alpha","2026-kastner-dec-longitudinal-22d177"
"windows-nt-iis","aberdeen-1996-microsoft-windows-nt-server-40"
"windows-nt-security","aberdeen-1996-iss-internet-security-systems"
"windows-nt-server","1992-tpc-benchmarks-vp-745fa1"
"windows-nt-server","1997-ca-s-unicenter-tng-framework-pk-apr-50d15f"
"windows-nt-server","1998as400-1-146289"
"windows-nt-server","aberdeen-1996-digital-debunks-ntsmp-scalability-myth"
"windows-nt-server","aberdeen-1996-evaluating-system36-migration-strategies"
"windows-nt-server","aberdeen-1996-ncr-fail-safe-enterprise-nt"
"windows-nt-server","aberdeen-1996-object-oriented-three-tier-plus-computing"
"windows-nt-server","aberdeen-1996-risc-unix-market"
"windows-nt-server","aberdeen-1996-sun-microsystems-decision-warehouse"
"windows-nt-server","dssune~1-cbf6e3"
"windows-nt-server","informationweek-ibm-ms-nt-clusters-1999-8c5b45"
"windows-nt-server","marathon-d186ab"
"windows-nt-server","mockup~1-ca8fde"
"windows-nt-server","ncr-bringing-highly-available-nt-ecb055"
"windows-nt-server","rdbms-for-ibm-powera~1-7a44be"
"windows-nt-server-4","nospra~1-bd7d6a"
"windows-nt-server-4","ntpspr~1-728dc3"
"windows-nt-server-4","ntserv~1-56bd94"
"windows-nt-server-40","aberdeen-1996-microsoft-windows-nt-server-40"
"windows-nt-server-5","nospra~1-bd7d6a"
"windows-nt-server-5","ntpspr~1-728dc3"
"windows-nt-server-5","ntserv~1-56bd94"
"windows-nt-server-os","2026-kastner-prescience-methodology-demo-0cdf48"
"windows-nt-workstation","workst~1-d22401"
"windows-nt4","2000-is-windows-nt-windows-2000-enterprise-ready-91f2cb"
"windows-nt5","aberdeen-impact-desktop-pc-sirens-1998-14b40c"
"windows-os","2002-open-source-and-linux-2002-poster-children-for-sec-587674"
"windows-os","pc-management-best-practices-page-2-5-962daf"
"windows-os","processor-editorial-article-much-in-stor-660f27"
"windows-os-family","tiger-responds-security-warnings-eweek-b-95c721"
"windows-server","2001-hp-cpq-merger-collection-edbca1"
"windows-server","2004-03-intelitaniummfewp11.doc-618d4a"
"windows-server-2003","dct-pc-replacement-insight1-2003-04"
"windows-server-2003","intel-centrino-pk-8ecf9a"
"windows-server-2003","why-you-need-to-replace-those-windows-98-and-nt-ma-9b9622"
"windows-storage","maxtor-survey-report-5-20c-0f458e"
"windows-storage-server","2004-05dell-storage-profile-editpk-05170-3c00b1"
"windows-storage-server-2003","dell-storage-profile-2004"
"windows-terminal-server","systems-management-delayed-promise-1bc587"
"windows-terminal-services","1998-microsoft-nt-windows-2000-multi-user-computing-5f91e4"
"windows-vista","hp-can-boost-soa-offerings-with-acquisit-48e07e"
"windows-vista","newsfactor-vista-deployment-cadence-kast-d1f518"
"windows-vista-x64","dct-memoir-athlon-64-prescience-2003"
"windows-xp","2001-aberdeen-group-recent-publications-psk-2be54d"
"windows-xp","2001-living-with-windows-xp-media-player-and-wireless-s-02f8a8"
"windows-xp","2001-upgrading-to-windows-xp-a-long-and-winding-road-ps-81e090"
"windows-xp","amd-profile01-64e43b"
"windows-xp","classmate-pc-evaluation-notes-8-103667"
"windows-xp","copy-of-hp-camera-lab-journal-prod-c103f6"
"windows-xp","dct-business-2002-11-pc-deals"
"windows-xp","dct-business-2002-12-17-pc-deals"
"windows-xp","dct-business-2002-12-19-pc-deals"
"windows-xp","dct-business-2002-12-pc-deals"
"windows-xp","dct-hp-camera-lab-report-2001-09"
"windows-xp","dct-microsoft-media-center-rollout-2002-08"
"windows-xp","dct-personal-it-practice-launch-2001"
"windows-xp","dct-weekly-2002-08-24-pc-deals-analysis"
"windows-xp","dct-weekly-2002-10-27"
"windows-xp","dct-weekly-2002-11-14-p4-ht"
"windows-xp","dct-weekly-2002-11-17"
"windows-xp","dct-weekly-2002-12-22"
"windows-xp","dct-weekly-2003-03-23"
"windows-xp","microsoft-s-future-paths-6-f86f30"
"windows-xp","newsfactor-vista-deployment-cadence-kast-d1f518"
"windows-xp","pc-refresh-or-refurb-smb-computing-6-37f090"
"windows-xp","tech-forecasts-idc-keeps-score-114e08"
"windows-xp-64bit","technology-news-future-tech-microsoft-la-625f49"
"windows-xp-64bit","technology-news-hardware-amd-beats-apple-5399ec"
"windows-xp-64bit","technology-news-hardware-intel-updates-i-a018d7"
"windows-xp-media-center","dct-kastner-wish-list-2002-12"
"windows-xp-media-center","dct-microsoft-media-center-rollout-2002-08"
"windows-xp-media-center","dct-weekly-2002-10-27"
"windows-xp-media-center","dct-weekly-2003-03-23"
"windows-xp-media-center","small-is-huge-in-pcs-these-days-blog-arc-655851"
"windows-xp-pro","dct-business-2002-11-pc-deals"
"windows-xp-pro","dct-business-2002-12-17-pc-deals"
"windows-xp-pro","dct-business-2002-12-19-pc-deals"
"windows-xp-pro","dct-business-2002-12-pc-deals"
"windows-xp-pro","dct-pc-replacement-insight1-2003-04"
"windows-xp-pro","dct-weekly-2002-08-24-pc-deals-analysis"
"windows-xp-pro","dct-weekly-2002-10-06"
"windows-xp-pro","dct-weekly-2002-12-22"
"windows-xp-pro","dct-why-aberdeen-follows-pc-deals-2002"
"windows-xp-pro-sp1","why-you-need-to-replace-those-windows-98-and-nt-ma-9b9622"
"windows-xp-sp1","pc-refresh-or-refurb-smb-computing-6-37f090"
"windows-xp-x64","dct-memoir-athlon-64-prescience-2003"
"windvd","nvidia-personal-cinema-lab-report-2002"
"windvr","nvidia-personal-cinema-lab-report-2002"
"wine-project","1999-aberdeengroup-newsletter-april-1999-d157ec"
"wintel-pc","ca-acapulco-cio-pcs-ncs-netpcs-1997-552b4c"
"wireless-802-11","networ~1-96462b"
"wireless-access-point","intel-centrino-pk-8ecf9a"
"wireless-healthcare","health~1-056358"
"wireless-home-network","2002-wi-fi-s-new-standard-802-11a-will-offer-the-best-b-795f0c"
"wireless-lan","2001-aberdeen-group-recent-publications-psk-2be54d"
"wireless-lan-802-11","2001-living-with-windows-xp-media-player-and-wireless-s-02f8a8"
"wireless-networking","1q06-gsm-ttcmwireless1q06-collateral-beabeb"
"wireless-networking","edocssnapshot-8a34df"
"wireless-networking","latisnetworkssnapshot-90caa6"
"wireless-networking","servgatesnapshot-a891dd"
"wireless-networking","spotlightavotus-997b04"
"wireless-networking","spotlightdigitalreliance-8246bd"
"wireless-networking","spotlighttraq-99dc04"
"wireless-networking","sygatesnapshot-cdaab7"
"wireless-networking","wired-idc-tech-bucks-hack-threats-2002-e6375d"
"wireless-networking","zonelabssnapshot-111c0a"
"wireless-technologies","retail~1-d5de79"
"wlan","2002-wireless-lan-security-an-adolescent-market-88de03"
"wlan","dct-sony-personal-electronic-vision-2002"
"wlan-wifi","classmate-pc-evaluation-notes-8-103667"
"wolfpack","1997-tandem-s-nonstop-software-enterprise-clustering-fo-815776"
"wolfpack","leader-of-the-pack-23-nov-1996-computing-f2353f"
"wolfpack-mscs","1997-marathon's-endurance-4000--imp-psk-f83368"
"wordperfect","tool-vendors-neglect-intranet-computing--97bde3"
"workflow-approval-software","1998-internet-procurement-cdc4a6"
"workflow-automation","1997-automating-and-managing-internal-op-e69e64"
"workflow-engine","2003-business-process-orientation-changes-ap-le-flows-d-ed067c"
"workforce-reduction-restructuring","wsj-honeywell-bull-layoffs-kastner-1989-9faf05"
"workgroup-computing","aberdeen-press-advisory-kastner-appointm-efd58c"
"world-wide-web","real-time-billing-for-internet-protocol--5ef746"
"written-proposal-framework","aberdeen-training-day-4-marketing-busine-601526"
"ws-star-standards","esb-in-soa-e002b7"
"x-open-dtp","dtj-v03-01-tp-and-fault-tolerant-1991-cf078c"
"x-windows","dec-mgmt-memo-v7n5-state-of-company-1988-6a9954"
"x25","1998-network-integration-services-report-f75108"
"x86","2026-kastner-core-arguments-framework-0b0c6b"
"x86-64-extension-amd64","usatoday-kessler-itanium-mckinley-kastne-77362b"
"x86-architecture","supreme-court-orders-intel-documents-rel-e6e110"
"x86-architecture","volume-1-ch04-prime-computer-1979-1981"
"x86-architecture","volume-1-ch07-founding-aberdeen-1988-1997"
"x86-commodity-servers","2003-dell-and-oracle-boldly-predict-the-demise-of-big-i-073fba"
"x86-cpu","2002-hp-s-consumer-pc-business-will-shrink-psk-ef3cd5"
"x86-isa","2026-kastner-intel-longitudinal-776f7e"
"x86-wintel","2026-kastner-dec-longitudinal-22d177"
"xbox","dct-microsoft-homestation-notes-2002"
"xbox","dct-personal-it-practice-launch-2001"
"xbox-live","dct-dceit-practice-v6-2002"
"xcon","2026-kastner-enterprise-ai-arc"
"xcon","volume-1-ch10-the-long-view-1966-2026"
"xdsl","networ~1-96462b"
"xeon","2004-03-intelitaniummfewp11.doc-618d4a"
"xeon-mp-potomac","intel-ia2004-pk4-kc-edits-de9c37"
"xeon-nocona","intel-ia2004-pk4-kc-edits-de9c37"
"xeon-phi","2026-kastner-intel-longitudinal-776f7e"
"xeon-processor","2010-intel-ia-continuum-wp-1-2-fc5653"
"xeon-processor","intel-ia2004-pk4-kc-edits-de9c37"
"xml","oracle-middleware-fragment-5-d3d774"
"xml","oracle-wp-prod-6-a42b4b"
"xml","oracleroiwhitepaperprod-7-bcf73f"
"xml","product-innovation-snapshot-e17d47"
"xml","q106-appsonnetwork-pk-e3ee37"
"xml","xsidessnapshot-24bb47"
"xml-accelerators","esb-0617-5cc5fa"
"xml-aware-appliance","next-steps-soa-2006-0fdea1"
"xml-content-routing","next-steps-soa-2006-0fdea1"
"xml-edi","2000-oracle-the-e-business-supply-chain-meeting-cu-r-re-1a72ef"
"xml-edi-message-transformation","aberdeen-workshop-qualifying-questions-and-success-stories-2001-b6a001"
"xml-enterprise-platform","aberdeen-workshop-qualifying-questions-and-success-stories-2001-b6a001"
"xml-gateway-adapters","esb-in-soa-e002b7"
"xml-messaging","aberdeen-eii-2003-ea3f1a"
"xml-rules-engine","mirror-image-profile-v2-(050404)-e7eb95"
"xml-rules-engine","mirror-image-profile-v2-050404-97e2a6"
"xml-standards","ra-enterprise-apps-312ba4"
"xopen-dtp-xa","ncr-topend-tp-monitor-brochure-1992-eeea31"
"y2k-bug","volume-1-ch02-physics-of-the-machine-1969-1972"
"y2k-bug","y2k-computerworld-aberdeen-psk-irving-19-5bcd20"
"y2k-contingency-planning","kastner-jrl-trends-1999-pk-responses-f4c5a4"
"y2k-noncompliant-code","tool-vendors-neglect-intranet-computing--97bde3"
"y2k-remediation","ca-y2k-cfo-executive-exchange-1997-c59ca4"
"y2k-remediation","kastner-jrl-trends-1999-pk-responses-f4c5a4"
"y2k-remediation-tools","1998-y2k-report-f512fb"
"y2k-remediation-tools","aberdeen-1997-picks-right-tools-year-2000"
"youtube","google-profiles-pskastner-personal-2009-61fc2d"
"zaw","1998-microsoft-windows-nt-5-0-a-planning-guide-cd9d08"
"zero-administration-windows","systems-management-delayed-promise-1bc587"
"zero-latency-enterprise","2002-the-new-hp-stands-up-to-be-counted-psk-35453a"
"zvue-player","dct-oct.-4-hot-topic-b61c0d"
"semiconductor-manufacturing","cnbc-sars-electronics-supply-chain-impact-92deff"
"personal-computer","cnbc-sars-electronics-supply-chain-impact-92deff"
"notebook-pc","cnbc-sars-electronics-supply-chain-impact-92deff"
"hard-disk-drive","cnbc-sars-electronics-supply-chain-impact-92deff"
"cellular-handset","cnbc-sars-electronics-supply-chain-impact-92deff"
"intel-developer-forum","cnbc-sars-electronics-supply-chain-impact-92deff"
"semiconductor-manufacturing","nbc-nightly-sars-economic-impact-electronics-39b4da"
"personal-computer","nbc-nightly-sars-economic-impact-electronics-39b4da"
"consumer-electronics","nbc-nightly-sars-economic-impact-electronics-39b4da"
"intel-roadshow","nbc-nightly-sars-economic-impact-electronics-39b4da"
"digital-vax","dec-blue-monday-internal-sales-training-dectp-vs-ibm-0021cc"
"tech-006","dec-blue-monday-internal-sales-training-dectp-vs-ibm-0021cc"
"acms","dec-blue-monday-internal-sales-training-dectp-vs-ibm-0021cc"
"decnet","dec-blue-monday-internal-sales-training-dectp-vs-ibm-0021cc"
"digital-rdb","dec-blue-monday-internal-sales-training-dectp-vs-ibm-0021cc"
"dec-vaxlink","dec-blue-monday-internal-sales-training-dectp-vs-ibm-0021cc"
"ibm-cics","dec-blue-monday-internal-sales-training-dectp-vs-ibm-0021cc"
"hierarchical-dbms","dec-blue-monday-internal-sales-training-dectp-vs-ibm-0021cc"
"ibm-db2","dec-blue-monday-internal-sales-training-dectp-vs-ibm-0021cc"
"ibm-tpf","dec-blue-monday-internal-sales-training-dectp-vs-ibm-0021cc"
"ibm-vsam","dec-blue-monday-internal-sales-training-dectp-vs-ibm-0021cc"
"ibm-dl1","dec-blue-monday-internal-sales-training-dectp-vs-ibm-0021cc"
"ibm-3090","dec-blue-monday-internal-sales-training-dectp-vs-ibm-0021cc"
"ibm-as400","dec-blue-monday-internal-sales-training-dectp-vs-ibm-0021cc"
"ibm-9370","dec-blue-monday-internal-sales-training-dectp-vs-ibm-0021cc"
"sna","dec-blue-monday-internal-sales-training-dectp-vs-ibm-0021cc"
"ramp-c-benchmark","dec-blue-monday-internal-sales-training-dectp-vs-ibm-0021cc"
"debit-credit-benchmark","dec-blue-monday-internal-sales-training-dectp-vs-ibm-0021cc"
"oltp-systems","dec-blue-monday-internal-sales-training-dectp-vs-ibm-0021cc"
"symmetric-multiprocessing","dec-blue-monday-internal-sales-training-dectp-vs-ibm-0021cc"
"rdbms","dec-blue-monday-internal-sales-training-dectp-vs-ibm-0021cc"
"TECH-INF-US-001","informix-universal-server-launch-object-relational-fb2cd4"
"informix-dynamic-server","informix-universal-server-launch-object-relational-fb2cd4"
"ordbms","informix-universal-server-launch-object-relational-fb2cd4"
"informix-datablade","informix-universal-server-launch-object-relational-fb2cd4"
"informix-dsa","informix-universal-server-launch-object-relational-fb2cd4"
"web-datablade","informix-universal-server-launch-object-relational-fb2cd4"
"text-datablade","informix-universal-server-launch-object-relational-fb2cd4"
"spatial-2d-datablade","informix-universal-server-launch-object-relational-fb2cd4"
"spatial-3d-datablade","informix-universal-server-launch-object-relational-fb2cd4"
"time-series-datablade","informix-universal-server-launch-object-relational-fb2cd4"
"digital-watermark-datablade","informix-universal-server-launch-object-relational-fb2cd4"
"kodak-pix-factory-datablade","informix-universal-server-launch-object-relational-fb2cd4"
"internet-commerce-datablade","informix-universal-server-launch-object-relational-fb2cd4"
"mapmarker-datablade","informix-universal-server-launch-object-relational-fb2cd4"
"excalibur-text-retrieval-datablade","informix-universal-server-launch-object-relational-fb2cd4"
"excalibur-image-recognition-datablade","informix-universal-server-launch-object-relational-fb2cd4"
"flashpix-image-format","informix-universal-server-launch-object-relational-fb2cd4"
"oracle-dbms","informix-universal-server-launch-object-relational-fb2cd4"
"sybase-ase","informix-universal-server-launch-object-relational-fb2cd4"
"ibm-db2","informix-universal-server-launch-object-relational-fb2cd4"
"java-platform","informix-universal-server-launch-object-relational-fb2cd4"
"tech-nc-003","informix-universal-server-launch-object-relational-fb2cd4"
"sun-catalyst-isv-program","informix-universal-server-launch-object-relational-fb2cd4"
"corba","informix-universal-server-launch-object-relational-fb2cd4"
"sql-standard","informix-universal-server-launch-object-relational-fb2cd4"
"tpcc-benchmark","informix-universal-server-launch-object-relational-fb2cd4"
"enterprise-application-integration-eai","crossroads-ad-buy-vs-make-integration-fc4acd"
"crossroads-platform","crossroads-ad-buy-vs-make-integration-fc4acd"
"enterprise-application-integration-eai","crossroads-ad-process-wear-enterprise-apps-9c8527"
"crossroads-platform","crossroads-ad-process-wear-enterprise-apps-9c8527"
"sybase-system-11","sybase-xi-launch-boats-analogy-multiple-databases-79c9ee"
"sybase-ase","sybase-xi-launch-boats-analogy-multiple-databases-79c9ee"
"sybase-iq","sybase-xi-launch-boats-analogy-multiple-databases-79c9ee"
"sybase-sql-anywhere","sybase-xi-launch-boats-analogy-multiple-databases-79c9ee"
"SYBASE-REPSERVER","sybase-xi-launch-boats-analogy-multiple-databases-79c9ee"
"oltp","sybase-xi-launch-boats-analogy-multiple-databases-79c9ee"
"data-warehousing","sybase-xi-launch-boats-analogy-multiple-databases-79c9ee"
"data-warehousing","oracle-data-warehousing-launch-multimedia-spatial-d63644"
"oracle-warehouse","oracle-data-warehousing-launch-multimedia-spatial-d63644"
"multimedia-data","oracle-data-warehousing-launch-multimedia-spatial-d63644"
"spatial-data","oracle-data-warehousing-launch-multimedia-spatial-d63644"
"enterprise-application-integration-eai","crossroads-launch-front-back-office-integration-508c58"
"crossroads-platform","crossroads-launch-front-back-office-integration-508c58"
"front-back-office-integration","crossroads-launch-front-back-office-integration-508c58"
"enterprise-application-integration-eai","crossroads-june-1997-launch-variant-cut-caea12"
"crossroads-platform","crossroads-june-1997-launch-variant-cut-caea12"
"front-back-office-integration","crossroads-june-1997-launch-variant-cut-caea12"
"tandem-himalaya-k10000","tandem-himalayan-airport-commercial-tpc-c-0b1c60"
"mpp","tandem-himalayan-airport-commercial-tpc-c-0b1c60"
"tpc-c","tandem-himalayan-airport-commercial-tpc-c-0b1c60"
"oltp","tandem-himalayan-airport-commercial-tpc-c-0b1c60"
"client-server","tandem-himalayan-airport-commercial-tpc-c-0b1c60"
"rdbms","informix-competitive-update-kastner-rdbms-jungle-25604a"
"informix-dsa","informix-competitive-update-kastner-rdbms-jungle-25604a"
"oltp","informix-competitive-update-kastner-rdbms-jungle-25604a"
"data-warehousing","informix-competitive-update-kastner-rdbms-jungle-25604a"
"mpp","informix-competitive-update-kastner-rdbms-jungle-25604a"
"SYBASE-REPSERVER","informix-competitive-update-kastner-rdbms-jungle-25604a"
"4gl-plusplus","informix-competitive-update-kastner-rdbms-jungle-25604a"
"client-server","cnbc-technology-edge-ibm-dec-hp-transitions-d4f84c"
"mainframe","cnbc-technology-edge-ibm-dec-hp-transitions-d4f84c"
"open-systems","cnbc-technology-edge-ibm-dec-hp-transitions-d4f84c"
"dec-alpha","cnbc-technology-edge-ibm-dec-hp-transitions-d4f84c"
"dec-vms","cnbc-technology-edge-ibm-dec-hp-transitions-d4f84c"
"dec-ultrix","cnbc-technology-edge-ibm-dec-hp-transitions-d4f84c"
"osf1","cnbc-technology-edge-ibm-dec-hp-transitions-d4f84c"
"ibm-as400","cnbc-technology-edge-ibm-dec-hp-transitions-d4f84c"
"ibm-rs6000","cnbc-technology-edge-ibm-dec-hp-transitions-d4f84c"
"hp-3000","cnbc-technology-edge-ibm-dec-hp-transitions-d4f84c"
"hp-9000","cnbc-technology-edge-ibm-dec-hp-transitions-d4f84c"
"powerpc","cnbc-technology-edge-ibm-dec-hp-transitions-d4f84c"
"intel-hp-alliance","cnbc-technology-edge-ibm-dec-hp-transitions-d4f84c"
"ole-object-orientation","cnbc-technology-edge-ibm-dec-hp-transitions-d4f84c"
"dial-up-modem","msnbc-aol-modem-shortage-customer-refunds-189b41"
"flat-rate-pricing","msnbc-aol-modem-shortage-customer-refunds-189b41"
"pots-dial-up","msnbc-aol-modem-shortage-customer-refunds-189b41"
"real-time-billing","portal-software-infranet-real-time-billing-742af3"
"portal-infranet","portal-software-infranet-real-time-billing-742af3"
"brm","portal-software-infranet-real-time-billing-742af3"
"internet-commerce","portal-software-infranet-real-time-billing-742af3"
"ingres-windows-4gl","ingres-windows-4gl-1990-gui-development-tools-75ade0"
"4gl","ingres-windows-4gl-1990-gui-development-tools-75ade0"
"gui-development","ingres-windows-4gl-1990-gui-development-tools-75ade0"
"macintosh-gui","ingres-windows-4gl-1990-gui-development-tools-75ade0"
"windows-gui","ingres-windows-4gl-1990-gui-development-tools-75ade0"
"dec-vax","ingres-windows-4gl-1990-gui-development-tools-75ade0"
"technical-workstations","ingres-windows-4gl-1990-gui-development-tools-75ade0"
"client-server","software-2000-it-paradigm-shift-client-server-9e9445"
"mainframe","software-2000-it-paradigm-shift-client-server-9e9445"
"mis-organization","software-2000-it-paradigm-shift-client-server-9e9445"
"enterprise-application-integration-eai","software-2000-it-paradigm-shift-client-server-9e9445"
"computational-chemistry","conflicting-trends-computational-chemistry-fe5c31"
"molecular-modeling","conflicting-trends-computational-chemistry-fe5c31"
"quantum-chemistry-codes","conflicting-trends-computational-chemistry-fe5c31"
"minisupercomputer","conflicting-trends-computational-chemistry-fe5c31"
"supercomputer","conflicting-trends-computational-chemistry-fe5c31"
"graphics-workstation","conflicting-trends-computational-chemistry-fe5c31"
"supermini","conflicting-trends-computational-chemistry-fe5c31"
"mainframe","conflicting-trends-computational-chemistry-fe5c31"
"ibm-pc-rt","conflicting-trends-computational-chemistry-fe5c31"
"array-processor","conflicting-trends-computational-chemistry-fe5c31"
"amd-athlon","dct-access-pc-deals-2002-2003"
"intel-celeron","dct-access-pc-deals-2002-2003"
"intel-pentium-4","dct-access-pc-deals-2002-2003"
"intel-pentium-4-ht","dct-access-pc-deals-2002-2003"
"smp","1994-surfing-the-parallel-architectures--c52d66"
"clustering","1994-surfing-the-parallel-architectures--c52d66"
"mpp","1994-surfing-the-parallel-architectures--c52d66"
"es9000","1994-surfing-the-parallel-architectures--c52d66"
"hp-9000","1994-surfing-the-parallel-architectures--c52d66"
"oltp","1994-surfing-the-parallel-architectures--c52d66"
"intel-pentium-pro","1994-surfing-the-parallel-architectures--c52d66"
"teradata-dbms","1994-surfing-the-parallel-architectures--c52d66"
"rdbms","1994-surfing-the-parallel-architectures--c52d66"
"oracle-rdbms","1994-surfing-the-parallel-architectures--c52d66"
"sybase-navigation-server","1994-surfing-the-parallel-architectures--c52d66"
"informix-dsa","1994-surfing-the-parallel-architectures--c52d66"
"himalaya","1994-surfing-the-parallel-architectures--c52d66"
"integrity-nr","1994-surfing-the-parallel-architectures--c52d66"
"dce","1994-surfing-the-parallel-architectures--c52d66"
"corba","1994-surfing-the-parallel-architectures--c52d66"
"oracle-parallel-server","1994-surfing-the-parallel-architectures--c52d66"
"db2-6000","1994-surfing-the-parallel-architectures--c52d66"
"db2","1994-surfing-the-parallel-architectures--c52d66"
"olap","1994-surfing-the-parallel-architectures--c52d66"
"data-warehouse","1994-surfing-the-parallel-architectures--c52d66"
"att-3600","1994-surfing-the-parallel-architectures--c52d66"
"red-brick-rdbms","1994-surfing-the-parallel-architectures--c52d66"
"express-mdb","1994-surfing-the-parallel-architectures--c52d66"
"nonstop-sql","1994-surfing-the-parallel-architectures--c52d66"
"rs6000","1995-midrange-oltp-platform-overview-pyr-44c8e4"
"sp2","1995-midrange-oltp-platform-overview-pyr-44c8e4"
"db2-6000","1995-midrange-oltp-platform-overview-pyr-44c8e4"
"hp-9000","1995-midrange-oltp-platform-overview-pyr-44c8e4"
"hp-3000","1995-midrange-oltp-platform-overview-pyr-44c8e4"
"pa-risc","1995-midrange-oltp-platform-overview-pyr-44c8e4"
"alphaserver","1995-midrange-oltp-platform-overview-pyr-44c8e4"
"vax","1995-midrange-oltp-platform-overview-pyr-44c8e4"
"sparccenter","1995-midrange-oltp-platform-overview-pyr-44c8e4"
"ultrasparc","1995-midrange-oltp-platform-overview-pyr-44c8e4"
"worldmark","1995-midrange-oltp-platform-overview-pyr-44c8e4"
"topend","1995-midrange-oltp-platform-overview-pyr-44c8e4"
"teradata-dbms","1995-midrange-oltp-platform-overview-pyr-44c8e4"
"windows-nt","1995-midrange-oltp-platform-overview-pyr-44c8e4"
"unix","1995-midrange-oltp-platform-overview-pyr-44c8e4"
"rdbms","1995-midrange-oltp-platform-overview-pyr-44c8e4"
"oltp","1995-midrange-oltp-platform-overview-pyr-44c8e4"
"intel-pentium-pro","1995-midrange-oltp-platform-overview-pyr-44c8e4"
"rdbms","1996-aberdeen-mercury-one-2-one-overview-a1c01a"
"supply-chain-management","1996-aberdeen-mercury-one-2-one-overview-a1c01a"
"client-server","1996-aberdeen-mercury-one-2-one-overview-a1c01a"
"object-technology","1996-aberdeen-mercury-one-2-one-overview-a1c01a"
"erp","1996-aberdeen-mercury-one-2-one-overview-a1c01a"
"workflow","1996-aberdeen-mercury-one-2-one-overview-a1c01a"
"olap","1996-aberdeen-mercury-one-2-one-overview-a1c01a"
"e-commerce","1996-aberdeen-mercury-one-2-one-overview-a1c01a"
"wireless","1996-aberdeen-mercury-one-2-one-overview-a1c01a"
"groupware","1996-oracle-interoffice-workgroup-collab-4e68a3"
"oracle-interoffice","1996-oracle-interoffice-workgroup-collab-4e68a3"
"lotus-notes","1996-oracle-interoffice-workgroup-collab-4e68a3"
"groupwise","1996-oracle-interoffice-workgroup-collab-4e68a3"
"intranet","1996-oracle-interoffice-workgroup-collab-4e68a3"
"internet-web","1996-oracle-interoffice-workgroup-collab-4e68a3"
"oracle-rdbms","1996-oracle-interoffice-workgroup-collab-4e68a3"
"olap","1996-oracle-interoffice-workgroup-collab-4e68a3"
"mapi","1996-oracle-interoffice-workgroup-collab-4e68a3"
"workflow-software","1996-oracle-interoffice-workgroup-collab-4e68a3"
"context","1996-oracle-interoffice-workgroup-collab-4e68a3"
"som","199x-us-insurance-industry-overview-saga-6ce857"
"windows-nt","199x-us-insurance-industry-overview-saga-6ce857"
"sql-server","199x-us-insurance-industry-overview-saga-6ce857"
"dcom","199x-us-insurance-industry-overview-saga-6ce857"
"data-warehouse","199x-us-insurance-industry-overview-saga-6ce857"
"oltp","199x-us-insurance-industry-overview-saga-6ce857"
"ordbms","199x-us-insurance-industry-overview-saga-6ce857"
"clustering","199x-us-insurance-industry-overview-saga-6ce857"
"sap-r3","199x-us-insurance-industry-overview-saga-6ce857"
"internet-web","199x-us-insurance-industry-overview-saga-6ce857"
"imaging-technology","199x-us-insurance-industry-overview-saga-6ce857"
"mvs","199x-y2k-live-dead-wounded-platforms-835ea1"
"as400","199x-y2k-live-dead-wounded-platforms-835ea1"
"aix","199x-y2k-live-dead-wounded-platforms-835ea1"
"hp-ux","199x-y2k-live-dead-wounded-platforms-835ea1"
"solaris","199x-y2k-live-dead-wounded-platforms-835ea1"
"windows-nt","199x-y2k-live-dead-wounded-platforms-835ea1"
"system-3x","199x-y2k-live-dead-wounded-platforms-835ea1"
"ibm-308x-309x","199x-y2k-live-dead-wounded-platforms-835ea1"
"vm-os","199x-y2k-live-dead-wounded-platforms-835ea1"
"hp-3000","199x-y2k-live-dead-wounded-platforms-835ea1"
"bull-6000","199x-y2k-live-dead-wounded-platforms-835ea1"
"dg-eclipse","199x-y2k-live-dead-wounded-platforms-835ea1"
"ibm-vse","199x-y2k-live-dead-wounded-platforms-835ea1"
"unisys-2200","199x-y2k-live-dead-wounded-platforms-835ea1"
"unisys-a-series","199x-y2k-live-dead-wounded-platforms-835ea1"
"wang-vs","199x-y2k-live-dead-wounded-platforms-835ea1"
"manman","199x-y2k-live-dead-wounded-platforms-835ea1"
"mapics-copics","199x-y2k-live-dead-wounded-platforms-835ea1"
"ssa-bpcs","199x-y2k-live-dead-wounded-platforms-835ea1"
"powerbuilder","2026-kastner-appdev-tools-gui-cade"
"visual-basic","2026-kastner-appdev-tools-gui-cade"
"omnis","2026-kastner-appdev-tools-gui-cade"
"java","2026-kastner-appdev-tools-gui-cade"
"eclipse","2026-kastner-appdev-tools-gui-cade"
"dotnet","2026-kastner-appdev-tools-gui-cade"
"direct-model","2026-kastner-compaq-dell-pc-clones-split"
"dealer-channel","2026-kastner-compaq-dell-pc-clones-split"
"tandem-nonstop","2026-kastner-compaq-long-fall-demise"
"dec-alpha","2026-kastner-compaq-long-fall-demise"
"tru64-unix","2026-kastner-compaq-long-fall-demise"
"relational-database","2026-kastner-database-decade-rdbms"
"tpc-benchmark","2026-kastner-database-decade-rdbms"
"debitcredit-benchmark","2026-kastner-database-decade-rdbms"
"oracle-rdbms","2026-kastner-database-decade-rdbms"
"sql-server","2026-kastner-database-decade-rdbms"
"tandem-nonstop","2026-kastner-fault-tolerant-wars"
"stratus-continuous-processing","2026-kastner-fault-tolerant-wars"
"ibm-system-88","2026-kastner-fault-tolerant-wars"
"dectp","2026-kastner-fault-tolerant-wars"
"vaxft-3000","2026-kastner-fault-tolerant-wars"
"sap-r3","2026-kastner-sap-r3-hana-longitudinal"
"sap-hana","2026-kastner-sap-r3-hana-longitudinal"
"oracle9i","2026-kastner-sap-r3-hana-longitudinal"
"tru64-unix","2026-kastner-sap-r3-hana-longitudinal"
