"row_id","article_id","horizon_label","horizon_int","analyst","headline","publication","date","quote","p2_score","p2_confidence","p2_bucket","p2_rationale","p2_elapsed_sec","p2_parse_ok","tiebreaker_invoked","p1_score","p1_confidence","p1_bucket","p1_rationale","p1_elapsed_sec","p1_parse_ok","final_score","final_confidence","final_bucket","final_pipeline","final_rationale","blog_scrape_contamination_flag","scorer_version","source_pass","promoted_at"
"883","pdf-0","SH-3y","3","","Unix draws a crowd","Computerworld","1990-03-19","went out of [its] way to be nothing like Stratus.","0","3","low","Kastner’s line is a qualitative description of Tandem’s then-current architectural choice for the Integrity S-2 relative to Stratus, not a forward-looking prediction about market direction or future technology behavior. While Tandem’s NonStop and Integrity designs did remain architecturally distinct from Stratus’s lockstep hardware approach in the early 1990s, that persistence is incidental; the quotation itself does not stake out a falsifiable claim about what would happen over the three-year horizon, so it cannot meaningfully be judged for prescience.","24.10","true","false","","","","","","","0","3","low","P2","Kastner’s line is a qualitative description of Tandem’s then-current architectural choice for the Integrity S-2 relative to Stratus, not a forward-looking prediction about market direction or future technology behavior. While Tandem’s NonStop and Integrity designs did remain architecturally distinct from Stratus’s lockstep hardware approach in the early 1990s, that persistence is incidental; the quotation itself does not stake out a falsifiable claim about what would happen over the three-year horizon, so it cannot meaningfully be judged for prescience.","false","quotations_corpus_v1","quotations_corpus","2026-06-19T20:32:56.595276+00:00"
"884","pdf-0","SH-3y","3","","Unix draws a crowd","Computerworld","1990-03-19","Does my application run better on a uniprocessor or spread over a bunch of general-purpose processors?","0","3","low","The quoted sentence is a rhetorical question about a perennial architectural tradeoff, not a concrete prediction about how workloads or system designs would evolve by roughly 1993. Both powerful uniprocessor systems and emerging multiprocessor Unix and fault-tolerant platforms coexisted throughout the early 1990s, with performance depending on workload and implementation rather than converging in a way that would clearly validate or falsify this question. Because it does not assert a specific future outcome, it cannot be meaningfully scored for prescience.","24.62","true","false","","","","","","","0","3","low","P2","The quoted sentence is a rhetorical question about a perennial architectural tradeoff, not a concrete prediction about how workloads or system designs would evolve by roughly 1993. Both powerful uniprocessor systems and emerging multiprocessor Unix and fault-tolerant platforms coexisted throughout the early 1990s, with performance depending on workload and implementation rather than converging in a way that would clearly validate or falsify this question. Because it does not assert a specific future outcome, it cannot be meaningfully scored for prescience.","false","quotations_corpus_v1","quotations_corpus","2026-06-19T20:32:56.595276+00:00"
"950","pdf-10","SH-3y","3","","Sybase sets its own direction","Computerworld","1993-05-03","Sybase has always been known for blazing their own technology path and not necessarily following the rest of the industry,","2","3","medium","Sybase did help pioneer commercial client/server relational databases in the late 1980s and early 1990s, so there was some basis for saying it had charted its own path up to 1993. However, over the 1993–1996 horizon its core database architecture and product roadmap converged with the mainstream RDBMS market, while competitors like Oracle, IBM, and Microsoft drove many of the major new directions (e.g., Windows NT, large-scale data warehousing) and Sybase lost share. By the mid‑1990s, industry perception was less that Sybase was blazing a unique technology trail and more that it was a solid but struggling follower, so the strong form of this characterization did not really hold up.","14.65","true","false","","","","","","","2","3","medium","P2","Sybase did help pioneer commercial client/server relational databases in the late 1980s and early 1990s, so there was some basis for saying it had charted its own path up to 1993. However, over the 1993–1996 horizon its core database architecture and product roadmap converged with the mainstream RDBMS market, while competitors like Oracle, IBM, and Microsoft drove many of the major new directions (e.g., Windows NT, large-scale data warehousing) and Sybase lost share. By the mid‑1990s, industry perception was less that Sybase was blazing a unique technology trail and more that it was a solid but struggling follower, so the strong form of this characterization did not really hold up.","false","quotations_corpus_v1","quotations_corpus","2026-06-19T20:32:56.595276+00:00"
"951","pdf-10","SH-3y","3","","Sybase sets its own direction","Computerworld","1993-05-03","Clearly, they can differentiate themselves by finding a better model for distributed enterprise computing, and that's what they believe they've got with System 10.","2","3","medium","System 10 did introduce a more fully featured client/server and distributed database platform for Sybase, but it did not become a clearly superior or market-defining model for distributed enterprise computing relative to Oracle7 or emerging competitors. Within three years, Sybase was losing share and momentum to Oracle and to Microsoft SQL Server, and System 10’s technical and quality problems hurt rather than strengthened Sybase’s differentiation, leading to subsequent corrective releases (System 11/ASE) and a long-term position as a niche rather than leading enterprise database vendor. Thus the idea that System 10 gave Sybase a sustainably differentiating and better model for distributed enterprise computing mostly failed to materialize.","8.26","true","false","","","","","","","2","3","medium","P2","System 10 did introduce a more fully featured client/server and distributed database platform for Sybase, but it did not become a clearly superior or market-defining model for distributed enterprise computing relative to Oracle7 or emerging competitors. Within three years, Sybase was losing share and momentum to Oracle and to Microsoft SQL Server, and System 10’s technical and quality problems hurt rather than strengthened Sybase’s differentiation, leading to subsequent corrective releases (System 11/ASE) and a long-term position as a niche rather than leading enterprise database vendor. Thus the idea that System 10 gave Sybase a sustainably differentiating and better model for distributed enterprise computing mostly failed to materialize.","false","quotations_corpus_v1","quotations_corpus","2026-06-19T20:32:56.595276+00:00"
"736","pdf-10","SH-5y","4","","Sybase sets its own direction","Computerworld","1993-05-03","Clearly, they can differentiate themselves by finding a better model for distributed enterprise computing, and that's what they believe they've got with System 10.","2","3","medium","Sybase System 10 did introduce notable distributed and client/server capabilities, including integrated replication and tools aimed at multi-node, heterogeneous enterprise environments, which provided some technical differentiation. However, between 1993 and the late 1990s Sybase’s overall database market share eroded as Oracle and Microsoft SQL Server became the dominant enterprise platforms, and System 10’s architecture did not translate into a sustained, market-defining advantage in distributed enterprise computing. By the end of the forecast window, Sybase was increasingly a niche player rather than a leader differentiated by a superior distributed model.","13.31","true","false","","","","","","","2","3","medium","P2","Sybase System 10 did introduce notable distributed and client/server capabilities, including integrated replication and tools aimed at multi-node, heterogeneous enterprise environments, which provided some technical differentiation. However, between 1993 and the late 1990s Sybase’s overall database market share eroded as Oracle and Microsoft SQL Server became the dominant enterprise platforms, and System 10’s architecture did not translate into a sustained, market-defining advantage in distributed enterprise computing. By the end of the forecast window, Sybase was increasingly a niche player rather than a leader differentiated by a superior distributed model.","false","quotations_corpus_v1","quotations_corpus","2026-06-19T20:32:56.595276+00:00"
"1088","pdf-114","SH-3y","3","","The problem, Kastner explains, is that ""it takes a lot of software to move icons, and that, in turn, requires a","AP","","The problem, Kastner explains, is that ""it takes a lot of software to move icons, and that, in turn, requires a lot of MIPS."" ""You need at least 6M bytes on the user's desk to do anything with Decwindows,"" says Charles Babcock, editor of Boston-based Digital","4","3","high","From the late 1980s into the early 1990s, GUI environments such as DECwindows (X11/Motif), OS/2 Presentation Manager, and Windows 3.0/3.1 did in practice require substantially more CPU and memory than character-mode systems, with ""usable"" setups typically needing several megabytes of RAM on 386-class PCs or VAXstations. Over the subsequent three-year horizon, the industry broadly validated this view: GUI rollouts went hand-in-hand with upgrades to higher-MIPS desktops and workstations, and GUI stacks continued to be regarded as resource-hungry rather than becoming lightweight. However, falling hardware prices and rapid adoption of 4–8 MB RAM PCs meant that while the technical assessment of GUIs as MIPS- and memory-intensive was accurate, the notion of this being a lasting *problem* diminished as such configurations quickly became mainstream.","36.44","true","false","","","","","","","4","3","high","P2","From the late 1980s into the early 1990s, GUI environments such as DECwindows (X11/Motif), OS/2 Presentation Manager, and Windows 3.0/3.1 did in practice require substantially more CPU and memory than character-mode systems, with ""usable"" setups typically needing several megabytes of RAM on 386-class PCs or VAXstations. Over the subsequent three-year horizon, the industry broadly validated this view: GUI rollouts went hand-in-hand with upgrades to higher-MIPS desktops and workstations, and GUI stacks continued to be regarded as resource-hungry rather than becoming lightweight. However, falling hardware prices and rapid adoption of 4–8 MB RAM PCs meant that while the technical assessment of GUIs as MIPS- and memory-intensive was accurate, the notion of this being a lasting *problem* diminished as such configurations quickly became mainstream.","false","quotations_corpus_v1","quotations_corpus","2026-06-19T20:32:56.595276+00:00"
"1089","pdf-115","SH-3y","3","","""Coding to a graphical interface borders on rocket science. It is very difficult and time-consuming,"" Kastner","AP","","""Coding to a graphical interface borders on rocket science. It is very difficult and time-consuming,"" Kastner explains. As a result, most developers have to be cautious about where and when they commit their limited resources. Compatibility with X Window and Motif may well be a critical deciding factor in how well DEC does with independents. Some","4","3","high","In the early 1990s, building native GUIs with X11 and Motif on VMS and UNIX was widely regarded as difficult and labor‑intensive, requiring event‑driven programming expertise and low‑level toolkit work that most traditional business developers lacked. Over roughly the next three years, DEC’s DECwindows strategy explicitly centered on X/Motif compatibility to court workstation‑style ISVs and meet enterprise RFP checkboxes, even as easier PC tools like Visual Basic and PowerBuilder began shifting new GUI development toward Windows and away from DEC platforms. The claim slightly overstates the long‑term difficulty of GUI coding as higher‑level tools spread, but for the stated timeframe and DEC/X/Motif context it captured the key technical and ecosystem constraints accurately.","115.24","true","false","","","","","","","4","3","high","P2","In the early 1990s, building native GUIs with X11 and Motif on VMS and UNIX was widely regarded as difficult and labor‑intensive, requiring event‑driven programming expertise and low‑level toolkit work that most traditional business developers lacked. Over roughly the next three years, DEC’s DECwindows strategy explicitly centered on X/Motif compatibility to court workstation‑style ISVs and meet enterprise RFP checkboxes, even as easier PC tools like Visual Basic and PowerBuilder began shifting new GUI development toward Windows and away from DEC platforms. The claim slightly overstates the long‑term difficulty of GUI coding as higher‑level tools spread, but for the stated timeframe and DEC/X/Motif context it captured the key technical and ecosystem constraints accurately.","false","quotations_corpus_v1","quotations_corpus","2026-06-19T20:32:56.595276+00:00"
"116","pdf-12","SH-3y","1","","IMRS TO PUSH CLIENT/SERVER","Computerworld","1993-04-19","A lot of companies haven't delivered products yet, and the reality is that purchases won't be made until 1994,'' said Peter Kastner, a vice president at Aberdeen Group in Boston.","4","2","high","Kastner’s timing that most client/server financial accounting purchases would not occur until 1994 aligns with the broader pattern that, while client/server architectures had existed since the 1980s, packaged client/server business applications (including financials and early ERP suites) did not see broad enterprise buying until the mid‑1990s. In 1993 many vendors were still finishing client/server rewrites of their GL/AP/AR products, and large organizations continued to run mainframe financials while planning or piloting client/server migrations that translated into significant purchase waves starting around 1994–1995. The claim slightly overstates how few purchases would occur before 1994, but it correctly characterizes that the real market ramp for client/server financial packages was just beginning and would not materialize in earnest until the following year.","12.65","true","false","","","","","","","4","2","high","P2","Kastner’s timing that most client/server financial accounting purchases would not occur until 1994 aligns with the broader pattern that, while client/server architectures had existed since the 1980s, packaged client/server business applications (including financials and early ERP suites) did not see broad enterprise buying until the mid‑1990s. In 1993 many vendors were still finishing client/server rewrites of their GL/AP/AR products, and large organizations continued to run mainframe financials while planning or piloting client/server migrations that translated into significant purchase waves starting around 1994–1995. The claim slightly overstates how few purchases would occur before 1994, but it correctly characterizes that the real market ramp for client/server financial packages was just beginning and would not materialize in earnest until the following year.","false","quotations_corpus_v1","quotations_corpus","2026-06-19T20:32:56.595276+00:00"
"735","pdf-12","SH-3y","1","","IMRS TO PUSH CLIENT/SERVER","Computerworld","1993-04-19","The client/server application market is wide open. A lot of companies haven't delivered products yet, and the reality is that purchases won't be made until 1994,","4","2","high","In 1993, most enterprises were still experimenting with client/server architectures, and large-scale adoption of client/server business applications, including financial suites, ramped materially in 1994–1996 with products such as SAP R/3, PeopleSoft Financials, and Oracle’s client/server financials. While some early client/server financial systems were purchased before 1994, the main wave of broad, enterprise-wide purchasing and competitive vendor activity did in fact emerge around 1994 and later, so his characterization of the market as still wide open in 1993 and poised for real purchasing starting in 1994 was directionally accurate, though somewhat overstated in implying almost no 1993 buying.","28.58","true","false","","","","","","","4","2","high","P2","In 1993, most enterprises were still experimenting with client/server architectures, and large-scale adoption of client/server business applications, including financial suites, ramped materially in 1994–1996 with products such as SAP R/3, PeopleSoft Financials, and Oracle’s client/server financials. While some early client/server financial systems were purchased before 1994, the main wave of broad, enterprise-wide purchasing and competitive vendor activity did in fact emerge around 1994 and later, so his characterization of the market as still wide open in 1993 and poised for real purchasing starting in 1994 was directionally accurate, though somewhat overstated in implying almost no 1993 buying.","false","quotations_corpus_v1","quotations_corpus","2026-06-19T20:32:56.595276+00:00"
"946","pdf-12","SH-3y","3","","IMRS TO PUSH CLIENT/SERVER","Computerworld","1993-04-19","The client/server application market is wide open. A lot of companies haven't delivered products yet, and the reality is that purchases won't be made until 1994,","4","3","high","In 1993 the client/server application market—particularly for packaged financial and ERP software—was still immature, with many vendors only then rolling out offerings and relatively few enterprises having fully deployed such systems. The main purchasing wave for client/server financial and business applications did in fact ramp up from roughly 1994 onward as products like SAP R/3, PeopleSoft, and Oracle Applications gained traction, so the prediction that most purchases would wait until 1994 was directionally and temporally sound, even though some early adopters bought earlier.","10.12","true","false","","","","","","","4","3","high","P2","In 1993 the client/server application market—particularly for packaged financial and ERP software—was still immature, with many vendors only then rolling out offerings and relatively few enterprises having fully deployed such systems. The main purchasing wave for client/server financial and business applications did in fact ramp up from roughly 1994 onward as products like SAP R/3, PeopleSoft, and Oracle Applications gained traction, so the prediction that most purchases would wait until 1994 was directionally and temporally sound, even though some early adopters bought earlier.","false","quotations_corpus_v1","quotations_corpus","2026-06-19T20:32:56.595276+00:00"
"921","pdf-13","SH-3y","3","","Streamlining restores Informix to health","Computerworld","1992-08-03","A lot of companies hit $150 million in annual revenue, as Informix did, and they have to stop and re-evaluate what business they are really in,","0","3","low","The quotation is a generic management observation about companies reassessing strategy at around $150 million in revenue rather than a concrete, falsifiable prediction about Informix’s future direction or performance. Informix did continue to grow and reposition around core database technology in the early to mid‑1990s, but this does not specifically validate or invalidate the broad claim, which lacks measurable outcomes within the 3‑year horizon. Because it is too vague and widely applicable to assess for prescience, it falls into the ‘cannot assess’ category.","6.68","true","false","","","","","","","0","3","low","P2","The quotation is a generic management observation about companies reassessing strategy at around $150 million in revenue rather than a concrete, falsifiable prediction about Informix’s future direction or performance. Informix did continue to grow and reposition around core database technology in the early to mid‑1990s, but this does not specifically validate or invalidate the broad claim, which lacks measurable outcomes within the 3‑year horizon. Because it is too vague and widely applicable to assess for prescience, it falls into the ‘cannot assess’ category.","false","quotations_corpus_v1","quotations_corpus","2026-06-19T20:32:56.595276+00:00"
"922","pdf-13","SH-3y","3","","Streamlining restores Informix to health","Computerworld","1992-08-03","They had a database, some office automation tools and [Innovative Software, Inc.'s] Wingz [graphical spreadsheet]. The synergy of those products wasn't all that obvious, and the company wasn't big enough to keep all those major product areas up to snuff,","4","3","high","Within a few years of 1992, Informix effectively exited the office tools and Wingz spreadsheet markets and doubled down on its core Unix relational database products such as Informix Online and the Dynamic Scalable Architecture (DSA) servers, confirming that it could not sustain multiple major, non-synergistic product lines. From roughly 1992–1995, Informix’s growth and competitive position came almost entirely from its database technologies rather than any integrated office/desktop suite, validating the view that the product mix lacked synergy and was too much for the company’s scale to keep competitive. The statement is somewhat descriptive rather than a bold forward forecast, but subsequent strategy and product cancellations align closely with the analyst’s characterization.","12.27","true","false","","","","","","","4","3","high","P2","Within a few years of 1992, Informix effectively exited the office tools and Wingz spreadsheet markets and doubled down on its core Unix relational database products such as Informix Online and the Dynamic Scalable Architecture (DSA) servers, confirming that it could not sustain multiple major, non-synergistic product lines. From roughly 1992–1995, Informix’s growth and competitive position came almost entirely from its database technologies rather than any integrated office/desktop suite, validating the view that the product mix lacked synergy and was too much for the company’s scale to keep competitive. The statement is somewhat descriptive rather than a bold forward forecast, but subsequent strategy and product cancellations align closely with the analyst’s characterization.","false","quotations_corpus_v1","quotations_corpus","2026-06-19T20:32:56.595276+00:00"
"1091","pdf-131","SH-3y","3","","For instance, Access already provides referential integrity for its native data at the engine level and allows","","","ting tables. Through Access Basic, developers can use commit and rollback features and locking for transaction operations. As a result, “You're going to see the PC databases pushing the bigger database development products down in price,'' Kastner says. It's going to be a lot harder to ask, say, $2,000 for SQLWindows when you can get any of the top PC databases for less than $500","4","2","high","By the mid-1990s, low-cost PC databases and tools such as Microsoft Access, Borland Paradox, FoxPro, Visual Basic, and later Delphi had normalized sub-$500–$1000 pricing for powerful development environments, putting clear competitive pressure on higher-priced 4GL/database development suites. Vendors of products like Gupta SQLWindows and PowerBuilder faced intense competition from these shrink‑wrapped tools and from Microsoft’s broader platform strategy, leading to more aggressive pricing, bundling, and discounting of higher-end development products within a few years, even if specific list prices did not always drop to the exact levels implied. Over the longer term, the trend intensified as development tools became cheaper or free (e.g., Visual Studio tiers, open-source stacks), validating the directional prediction that PC databases would push bigger database development products down in price.","12.86","true","false","","","","","","","4","2","high","P2","By the mid-1990s, low-cost PC databases and tools such as Microsoft Access, Borland Paradox, FoxPro, Visual Basic, and later Delphi had normalized sub-$500–$1000 pricing for powerful development environments, putting clear competitive pressure on higher-priced 4GL/database development suites. Vendors of products like Gupta SQLWindows and PowerBuilder faced intense competition from these shrink‑wrapped tools and from Microsoft’s broader platform strategy, leading to more aggressive pricing, bundling, and discounting of higher-end development products within a few years, even if specific list prices did not always drop to the exact levels implied. Over the longer term, the trend intensified as development tools became cheaper or free (e.g., Visual Studio tiers, open-source stacks), validating the directional prediction that PC databases would push bigger database development products down in price.","false","quotations_corpus_v1","quotations_corpus","2026-06-19T20:32:56.595276+00:00"
"910","pdf-14","SH-3y","3","","3,700 depart in DEC retirement plan","Computerworld","1992-06-08","Too many people are focused on a single variable the number of employees at DEC and its rate of change without looking at the bigger pictures,","4","3","high","From 1992–1995, DEC continued to face collapsing minicomputer sales, financial losses, and repeated restructurings, underscoring that its core problems lay in deteriorating product demand and strategic missteps rather than simply in the pace of headcount reduction[4][7][10]. DEC never resolved these deeper issues and was ultimately acquired by Compaq in 1998, confirming that workforce cuts alone could not repair its eroding market position and validating the emphasis on the broader business picture over employee numbers[4][6][9].","11.94","true","false","","","","","","","4","3","high","P2","From 1992–1995, DEC continued to face collapsing minicomputer sales, financial losses, and repeated restructurings, underscoring that its core problems lay in deteriorating product demand and strategic missteps rather than simply in the pace of headcount reduction[4][7][10]. DEC never resolved these deeper issues and was ultimately acquired by Compaq in 1998, confirming that workforce cuts alone could not repair its eroding market position and validating the emphasis on the broader business picture over employee numbers[4][6][9].","false","quotations_corpus_v1","quotations_corpus","2026-06-19T20:32:56.595276+00:00"
"911","pdf-14","SH-3y","3","","3,700 depart in DEC retirement plan","Computerworld","1992-06-08","DEC's product sales have been deteriorating for the past several years. While the service business has been growing by around 18%, it's not enough to take up the slack.","5","3","high","Throughout the early 1990s, DEC’s traditional hardware and VAX system product sales kept declining, driving revenue drops, losses, and repeated restructuring despite major cost-cutting.[1] DEC’s services and support operations did grow and became a more important part of the business, but this shift failed to restore sustained profitability, leaving the company in a weakened position that ultimately led to its 1998 acquisition by Compaq.[1] This shows that deteriorating product sales were not offset by expanding services in the three years after 1992 or thereafter, matching the analyst’s assessment.[1]","10.18","true","false","","","","","","","5","3","high","P2","Throughout the early 1990s, DEC’s traditional hardware and VAX system product sales kept declining, driving revenue drops, losses, and repeated restructuring despite major cost-cutting.[1] DEC’s services and support operations did grow and became a more important part of the business, but this shift failed to restore sustained profitability, leaving the company in a weakened position that ultimately led to its 1998 acquisition by Compaq.[1] This shows that deteriorating product sales were not offset by expanding services in the three years after 1992 or thereafter, matching the analyst’s assessment.[1]","false","quotations_corpus_v1","quotations_corpus","2026-06-19T20:32:56.595276+00:00"
"912","pdf-14","SH-3y","3","","3,700 depart in DEC retirement plan","Computerworld","1992-06-08","DEC is focused on Alpha as the answer to all future questions, and they're willing to rewrite history at the very dear expense of their [Mips Computer Systems, Inc.-based] customers,","5","3","high","Within three years of 1992, DEC had clearly bet the company's future on the 64-bit Alpha architecture, positioning it as the successor to both VAX and its Unix workstation lines.[5][11] DEC rapidly phased out its MIPS-based DECstation workstations in favor of AlphaStation and AlphaServer systems, leaving MIPS customers with limited upgrade paths and strong pressure to migrate to Alpha or other Unix vendors.[5][10] This matches the analyst’s characterization that DEC was focused on Alpha as the answer to future questions and was willing to disadvantage its existing MIPS customer base.","32.56","true","false","","","","","","","5","3","high","P2","Within three years of 1992, DEC had clearly bet the company's future on the 64-bit Alpha architecture, positioning it as the successor to both VAX and its Unix workstation lines.[5][11] DEC rapidly phased out its MIPS-based DECstation workstations in favor of AlphaStation and AlphaServer systems, leaving MIPS customers with limited upgrade paths and strong pressure to migrate to Alpha or other Unix vendors.[5][10] This matches the analyst’s characterization that DEC was focused on Alpha as the answer to future questions and was willing to disadvantage its existing MIPS customer base.","false","quotations_corpus_v1","quotations_corpus","2026-06-19T20:32:56.595276+00:00"
"91","pdf-14","SH-5y","5","","3,700 depart in DEC retirement plan","Computerworld","1992-06-08","“DEC is focused on Alpha as the answer to all future questions, and they're willing to rewrite history at the very dear expense of their [Mips Computer Systems, Inc.-based] customers,'' Kastner said.","5","3","high","Within five years of 1992, DEC had effectively terminated its MIPS-based DECstation workstation line and bet the company strategy on the Alpha architecture, offering only difficult migration paths rather than a smooth, cost-effective continuity for MIPS customers. Contemporary and retrospective accounts both highlight that DEC’s abrupt shift from MIPS to Alpha badly damaged customer confidence and stranded prior MIPS investments, matching Kastner’s warning that DEC would pursue Alpha at the dear expense of its MIPS-based customers.","12.27","true","false","","","","","","","5","3","high","P2","Within five years of 1992, DEC had effectively terminated its MIPS-based DECstation workstation line and bet the company strategy on the Alpha architecture, offering only difficult migration paths rather than a smooth, cost-effective continuity for MIPS customers. Contemporary and retrospective accounts both highlight that DEC’s abrupt shift from MIPS to Alpha badly damaged customer confidence and stranded prior MIPS investments, matching Kastner’s warning that DEC would pursue Alpha at the dear expense of its MIPS-based customers.","false","quotations_corpus_v1","quotations_corpus","2026-06-19T20:32:56.595276+00:00"
"1092","pdf-148","SH-3y","3","","""This indicates that Compaq is serious about developing a distributed architecture that is very scalable,"" said","Inc.","","""This indicates that Compaq is serious about developing a distributed architecture that is very scalable,"" said Peter Kastner, vice president at the Aberdeen Group Inc., in Boston. The ServerNet-based PCI cards and hubs are expected to be available by mid-1996, Rooke said. The companies also plan to promote ServerNet as an industry standard for the clustering of NT-based","4","3","high","Within three years, Compaq aggressively pursued scalable distributed architectures, acquiring Tandem in 1997 for its NonStop systems and ServerNet interconnect and Digital Equipment Corporation in 1998 for its high-end Unix and clustering technologies, confirming that it was indeed serious about this strategic direction. Compaq’s ProLiant line became a leading Windows NT server platform with supported clustering solutions, strengthening its position in scalable distributed systems. However, ServerNet itself did not emerge as a broadly adopted industry standard interconnect for NT clustering, limiting the broader industry impact of the specific technology mentioned around the quote even though the strategic characterization of Compaq was accurate.","11.78","true","false","","","","","","","4","3","high","P2","Within three years, Compaq aggressively pursued scalable distributed architectures, acquiring Tandem in 1997 for its NonStop systems and ServerNet interconnect and Digital Equipment Corporation in 1998 for its high-end Unix and clustering technologies, confirming that it was indeed serious about this strategic direction. Compaq’s ProLiant line became a leading Windows NT server platform with supported clustering solutions, strengthening its position in scalable distributed systems. However, ServerNet itself did not emerge as a broadly adopted industry standard interconnect for NT clustering, limiting the broader industry impact of the specific technology mentioned around the quote even though the strategic characterization of Compaq was accurate.","false","quotations_corpus_v1","quotations_corpus","2026-06-19T20:32:56.595276+00:00"
"903","pdf-15","SH-3y","3","","For start-up, $2 million is Serius money","Computerworld","1992-01-27","But Objectvision comes with 25 pounds of documentation,","0","3","low","The quoted remark is a present-day quip about the physical bulk of ObjectVision’s printed manuals, not a forward-looking prediction or enduring characterization to be tested over a 3-year horizon. While Borland ObjectVision did in fact ship with substantial printed documentation and was seen as complex relative to later tools, this is simply a contemporaneous description of its packaging rather than a claim about future trends or outcomes. As such, it does not meaningfully lend itself to a prescience judgment under the rubric.","9.80","true","false","","","","","","","0","3","low","P2","The quoted remark is a present-day quip about the physical bulk of ObjectVision’s printed manuals, not a forward-looking prediction or enduring characterization to be tested over a 3-year horizon. While Borland ObjectVision did in fact ship with substantial printed documentation and was seen as complex relative to later tools, this is simply a contemporaneous description of its packaging rather than a claim about future trends or outcomes. As such, it does not meaningfully lend itself to a prescience judgment under the rubric.","false","quotations_corpus_v1","quotations_corpus","2026-06-19T20:32:56.595276+00:00"
"1093","pdf-152","SH-3y","3","","Even partners that don't have to rely on Informix for matchmaking--namely client/server powerhouses such as SAP","AP","","Alex Ott, vice president of Strategic Partnerships at SAP. Call it the click of credibility. ""Informix has a catalog of applications the size of the Manhattan phone book, but the knock has been that those applications aren't world-class,"" says Peter Kastner, of the Aberdeen Group. ""You can't say that anymore, given that it's the database in one SAP sale a day."" Of course, it helps that Informix has ""the fresh","3","2","medium","In the mid‑1990s, Informix did become a mainstream, SAP‑certified database for R/3 deployments and was widely regarded as a technically capable, enterprise‑class platform, so the idea that it lacked world‑class credibility was no longer accurate for a few years. However, even within roughly three years, Oracle remained the dominant SAP database, and Informix’s momentum was undercut by its 1997 accounting scandal and subsequent loss of market share, leading to its eventual acquisition by IBM in 2001, so the implied durability of its elevated status did not really materialize. Overall, the statement captured a real but short‑lived upswing in Informix’s stature rather than a lasting shift in the competitive order.","14.17","true","true","3","3","medium","In the mid-1990s Informix was indeed regarded as technologically advanced, with its Universal Server and parallel architecture seen as competitive with Oracle and suitable for high-end workloads, including some SAP deployments, so the old knock that its products were not ""world-class"" was becoming outdated. However, within about three years of the article (1997–1999) Informix was hit by an accounting scandal, leadership turnover, revenue shortfalls, and steep market-share losses to Oracle and Microsoft SQL Server, which damaged its credibility and commercial momentum despite its technical strengths. By 2001 its database business was sold to IBM, so Kastner’s implication of a durable, credibility-driven upswing—anchored in being the database in frequent SAP wins—only partially held up over the stated horizon.","10.61","true","3","3","medium","P1_tiebreak","In the mid-1990s Informix was indeed regarded as technologically advanced, with its Universal Server and parallel architecture seen as competitive with Oracle and suitable for high-end workloads, including some SAP deployments, so the old knock that its products were not ""world-class"" was becoming outdated. However, within about three years of the article (1997–1999) Informix was hit by an accounting scandal, leadership turnover, revenue shortfalls, and steep market-share losses to Oracle and Microsoft SQL Server, which damaged its credibility and commercial momentum despite its technical strengths. By 2001 its database business was sold to IBM, so Kastner’s implication of a durable, credibility-driven upswing—anchored in being the database in frequent SAP wins—only partially held up over the stated horizon.","false","quotations_corpus_v1","quotations_corpus","2026-06-19T20:32:56.595276+00:00"
"1095","pdf-163","SH-3y","3","","""The APIs will allow application programmers to write software that can notify managers about applications-","AP","","""The APIs will allow application programmers to write software that can notify managers about applications- related events so they can catch system errors or errors in the making,"" Kastner adds. ICE will monitor HTTP servers for errors and exceptional events, and through its manager/ agent technology watch for system vital signs that signal outages and performance problems. An app written to the ICE APIs could generate an alert, and","5","3","high","Within a few years, enterprise system-management platforms such as HP OpenView, IBM Tivoli, CA Unicenter, and BMC Patrol were routinely using APIs and manager/agent architectures to monitor HTTP servers, application events, and system health metrics, and to trigger alerts when thresholds were crossed. These tools commonly integrated with email and other notification channels to proactively warn operations staff about emerging outages and performance problems, matching Kastner’s description of application-level, intranet-savvy monitoring and alerting behavior within the forecast horizon.","24.95","true","false","","","","","","","5","3","high","P2","Within a few years, enterprise system-management platforms such as HP OpenView, IBM Tivoli, CA Unicenter, and BMC Patrol were routinely using APIs and manager/agent architectures to monitor HTTP servers, application events, and system health metrics, and to trigger alerts when thresholds were crossed. These tools commonly integrated with email and other notification channels to proactively warn operations staff about emerging outages and performance problems, matching Kastner’s description of application-level, intranet-savvy monitoring and alerting behavior within the forecast horizon.","false","quotations_corpus_v1","quotations_corpus","2026-06-19T20:32:56.595276+00:00"
"1096","pdf-166","SH-3y","3","","Organizing shifting from mainframe environments to client/server networks do so for various reasons. One is to better","Inc.","","of end users. However, client/server, by nature, generates disparate databases. For IS, that means new headaches when end users want to be able to access them all from their desktops. Ideally, ""the fewer databases you have, the better,"" said Peter Kastner, group vice president of Aberdeen Group Inc., Boston. But in the real world, he said, companies are forced to provide access to multiple databases because they house critical information. ""Tying together","4","3","high","The shift from mainframe to client/server in the early–mid 1990s did in fact produce a proliferation of departmental and application-specific databases, including separate relational systems and groupware stores like Lotus Notes, creating significant integration headaches for IT.[5][8][10] Over the next several years, enterprises invested heavily in data warehousing, middleware, and later EAI/SOA tools to provide unified desktop and application access to these disparate databases, with integration routinely consuming large shares of IT budgets, confirming Kastner's characterization of the problem.[6][9]","14.58","true","false","","","","","","","4","3","high","P2","The shift from mainframe to client/server in the early–mid 1990s did in fact produce a proliferation of departmental and application-specific databases, including separate relational systems and groupware stores like Lotus Notes, creating significant integration headaches for IT.[5][8][10] Over the next several years, enterprises invested heavily in data warehousing, middleware, and later EAI/SOA tools to provide unified desktop and application access to these disparate databases, with integration routinely consuming large shares of IT budgets, confirming Kastner's characterization of the problem.[6][9]","false","quotations_corpus_v1","quotations_corpus","2026-06-19T20:32:56.595276+00:00"
"44","pdf-17","SH-5y","5","","Bull forms systems integration unit","Computerworld","1991-09-02","Referring to CICS/VSAM users as the ""bread and butter"" of the IBM mainframe world, Kastner pointed out that it is also the most vulnerable to the lower costs of downsizing strategies, due in part to the costliness of migrating to DB2.","3","3","medium","CICS/VSAM shops did come under strong pressure from early-1990s downsizing and client/server migrations, and the effort and licensing cost of moving legacy VSAM applications to DB2 on z/OS was a real concern in many enterprises. However, rather than making these customers the ""most vulnerable"" segment that abandoned mainframes en masse by the mid-1990s, most large CICS/VSAM workloads stayed on IBM platforms while IBM aggressively evolved DB2, introduced migration aids such as CICS VSAM Transparency, and kept CICS as the dominant transaction monitor. By the late 1990s and beyond, CICS with DB2 or VSAM remained central to banking, insurance, airlines, and retail, so the vulnerability was real but far less decisive than implied.","9.68","true","false","","","","","","","3","3","medium","P2","CICS/VSAM shops did come under strong pressure from early-1990s downsizing and client/server migrations, and the effort and licensing cost of moving legacy VSAM applications to DB2 on z/OS was a real concern in many enterprises. However, rather than making these customers the ""most vulnerable"" segment that abandoned mainframes en masse by the mid-1990s, most large CICS/VSAM workloads stayed on IBM platforms while IBM aggressively evolved DB2, introduced migration aids such as CICS VSAM Transparency, and kept CICS as the dominant transaction monitor. By the late 1990s and beyond, CICS with DB2 or VSAM remained central to banking, insurance, airlines, and retail, so the vulnerability was real but far less decisive than implied.","false","quotations_corpus_v1","quotations_corpus","2026-06-19T20:32:56.595276+00:00"
"45","pdf-17","SH-5y","5","","Bull forms systems integration unit","Computerworld","1991-09-02","The need for systems integration is so great, I don't see it changing significantly over the next five years,","4","3","high","From 1991 to 1996, demand for systems integration remained very strong as enterprises grappled with client/server migration, networked PCs, and heterogeneous mainframe–minicomputer–LAN environments, leading to rapid growth for integrators such as EDS, Andersen Consulting, IBM Global Services, and CSC. The mid‑90s ERP wave (e.g., SAP R/3 rollouts), early web projects, and large outsourcing deals all reinforced and expanded the systems integration market rather than reducing it. The need did not diminish and in fact grew, so the claim that it would remain high over the five‑year horizon was directionally accurate, though it understated how much integration demand would expand.","7.33","true","false","","","","","","","4","3","high","P2","From 1991 to 1996, demand for systems integration remained very strong as enterprises grappled with client/server migration, networked PCs, and heterogeneous mainframe–minicomputer–LAN environments, leading to rapid growth for integrators such as EDS, Andersen Consulting, IBM Global Services, and CSC. The mid‑90s ERP wave (e.g., SAP R/3 rollouts), early web projects, and large outsourcing deals all reinforced and expanded the systems integration market rather than reducing it. The need did not diminish and in fact grew, so the claim that it would remain high over the five‑year horizon was directionally accurate, though it understated how much integration demand would expand.","false","quotations_corpus_v1","quotations_corpus","2026-06-19T20:32:56.595276+00:00"
"714","pdf-17","SH-5y","5","","Bull forms systems integration unit","Computerworld","1991-09-02","it is also the most vulnerable to the lower costs of downsizing strategies, due in part to the costliness of migrating to DB2","3","2","medium","CICS/VSAM shops did face high costs to migrate legacy transaction applications to DB2, and this expense helped make some organizations more receptive to early‑1990s client–server downsizing and replatforming efforts to Unix and Windows with relational databases like Oracle and Sybase. However, over the subsequent five years many large IBM mainframe customers either left CICS/VSAM applications in place or gradually adopted DB2 on the mainframe rather than abandoning the platform, and mainframe transaction processing remained a core workload, so this segment did not become uniquely or predominantly vulnerable in the way implied.","26.70","true","true","3","2","medium","In the early to mid-1990s there was a strong industry push toward downsizing and client/server systems, and many organizations did move some applications off IBM mainframes to Unix and departmental servers, partly citing the high software and skills costs associated with mainframe databases like DB2. However, CICS/VSAM-centric shops also invested heavily in CICS/DB2 integration over that same period, and DB2 became the dominant mainframe relational database rather than a barrier that broadly pushed this core base off the platform. As a result, the observation about DB2 migration cost being a vulnerability captured one real pressure on these customers but overstated its role in driving them away from mainframes overall.","12.32","true","3","2","medium","P2","CICS/VSAM shops did face high costs to migrate legacy transaction applications to DB2, and this expense helped make some organizations more receptive to early‑1990s client–server downsizing and replatforming efforts to Unix and Windows with relational databases like Oracle and Sybase. However, over the subsequent five years many large IBM mainframe customers either left CICS/VSAM applications in place or gradually adopted DB2 on the mainframe rather than abandoning the platform, and mainframe transaction processing remained a core workload, so this segment did not become uniquely or predominantly vulnerable in the way implied.","false","quotations_corpus_v1","quotations_corpus","2026-06-19T20:32:56.595276+00:00"
"715","pdf-17","SH-5y","5","","Bull forms systems integration unit","Computerworld","1991-09-02","Bull has a reasonable opportunity to grow this service aggressively","3","2","medium","Demand for systems integration and related services did grow strongly through the mid‑1990s, as enterprises adopted client‑server computing, ERP suites, and large networking projects, creating substantial opportunity for many vendors. Bull did build up a services and integration arm over the decade, later reorganizing around its Integris services business, which by around 2000 represented a large share of company revenue, indicating that services did become a core growth vector. However, Bull struggled financially and remained a relatively niche, regionally focused player compared with leading global integrators like IBM, EDS, and Cap Gemini, so the idea of Bull growing systems integration ""aggressively"" within five years was only partially borne out.","11.39","true","true","3","2","medium","Demand for systems integration and consulting did surge in the early-to-mid 1990s, creating a genuine growth opportunity for vendors that could help large IBM mainframe and midrange shops downsize or replatform to open systems. Bull did expand and rebrand its services/integration activities during this period, but remained a relatively small, financially troubled player and never achieved the kind of aggressive, market-leading growth seen by IBM Global Services, EDS, or Andersen/Accenture. The claim that Bull had a reasonable opportunity was directionally fair about the market context, but overestimated Bull’s ability to capitalize on it.","12.15","true","3","2","medium","P2","Demand for systems integration and related services did grow strongly through the mid‑1990s, as enterprises adopted client‑server computing, ERP suites, and large networking projects, creating substantial opportunity for many vendors. Bull did build up a services and integration arm over the decade, later reorganizing around its Integris services business, which by around 2000 represented a large share of company revenue, indicating that services did become a core growth vector. However, Bull struggled financially and remained a relatively niche, regionally focused player compared with leading global integrators like IBM, EDS, and Cap Gemini, so the idea of Bull growing systems integration ""aggressively"" within five years was only partially borne out.","false","quotations_corpus_v1","quotations_corpus","2026-06-19T20:32:56.595276+00:00"
"712","pdf-18","SH-3y","3","","Sequoia rebounds with a vengeance;","Computerworld","1990-10-08","But Sequoia is leaping for the brass ring from on top of a house of cards.","0","1","low","The quotation concerns a specific firm named Sequoia active in the enterprise systems market around 1990, but there is very limited, fragmented public documentation about this company's operational and financial trajectory over the subsequent three-year period. Without clear evidence on whether its OEM-dependent rebound collapsed, stabilized, or succeeded by roughly 1993, the accuracy of describing it as a 'house of cards' cannot be reliably judged. Given the lack of solid historical data for that narrow time window and firm, any scored assessment would be speculative.","14.93","true","false","","","","","","","0","1","low","P2","The quotation concerns a specific firm named Sequoia active in the enterprise systems market around 1990, but there is very limited, fragmented public documentation about this company's operational and financial trajectory over the subsequent three-year period. Without clear evidence on whether its OEM-dependent rebound collapsed, stabilized, or succeeded by roughly 1993, the accuracy of describing it as a 'house of cards' cannot be reliably judged. Given the lack of solid historical data for that narrow time window and firm, any scored assessment would be speculative.","false","quotations_corpus_v1","quotations_corpus","2026-06-19T20:32:56.595276+00:00"
"893","pdf-18","SH-3y","3","","Sequoia rebounds with a vengeance","Computerworld","1990-10-08","Clearly, Sequoia went from living to zombie to living again, and very few companies have done that,","0","2","low","The quotation is a qualitative characterization of Sequoia’s past trajectory (“living to zombie to living again”) and a vague comparative claim (“very few companies have done that”), not a concrete forecast about Sequoia’s future performance or the broader market over the next three years. Turnarounds from near-failure did occur for multiple technology vendors in the 1980s–2000s (for example IBM’s early‑1990s restructuring and Apple’s late‑1990s revival), but there is no clear, widely-accepted baseline to judge how many such cases constitute “very few,” making the statement effectively untestable. Because it does not specify measurable outcomes or timing and hinges on an imprecise notion of rarity, it cannot be rigorously scored for prescience against a 3‑year horizon.","16.81","true","false","","","","","","","0","2","low","P2","The quotation is a qualitative characterization of Sequoia’s past trajectory (“living to zombie to living again”) and a vague comparative claim (“very few companies have done that”), not a concrete forecast about Sequoia’s future performance or the broader market over the next three years. Turnarounds from near-failure did occur for multiple technology vendors in the 1980s–2000s (for example IBM’s early‑1990s restructuring and Apple’s late‑1990s revival), but there is no clear, widely-accepted baseline to judge how many such cases constitute “very few,” making the statement effectively untestable. Because it does not specify measurable outcomes or timing and hinges on an imprecise notion of rarity, it cannot be rigorously scored for prescience against a 3‑year horizon.","false","quotations_corpus_v1","quotations_corpus","2026-06-19T20:32:56.595276+00:00"
"894","pdf-18","SH-3y","3","","Sequoia rebounds with a vengeance","Computerworld","1990-10-08","But Sequoia is leaping for the brass ring from on top of a house of cards.","0","1","low","The quote concerns a specific hardware vendor named Sequoia and its OEM dependence on HP around 1990, but detailed, widely accessible records of that firm’s business trajectory over the 1990–1993 period are scarce. Because it is not possible to reliably reconstruct whether Sequoia’s apparent rebound collapsed like a 'house of cards' or instead stabilized, the accuracy of the analyst’s warning cannot be confidently assessed. Given this lack of clear historical evidence, the only defensible choice is to mark the claim as not assessable.","48.59","true","false","","","","","","","0","1","low","P2","The quote concerns a specific hardware vendor named Sequoia and its OEM dependence on HP around 1990, but detailed, widely accessible records of that firm’s business trajectory over the 1990–1993 period are scarce. Because it is not possible to reliably reconstruct whether Sequoia’s apparent rebound collapsed like a 'house of cards' or instead stabilized, the accuracy of the analyst’s warning cannot be confidently assessed. Given this lack of clear historical evidence, the only defensible choice is to mark the claim as not assessable.","false","quotations_corpus_v1","quotations_corpus","2026-06-19T20:32:56.595276+00:00"
"1097","pdf-187","SH-3y","3","","NEW YORK--Two technologies continue to vie for the attention of network managers who need to provide decision-","AP","","on of network managers who need to provide decision- support applications to analyze huge data sources and archives--multidimensional database technology (MDD) and relational on-line analytical processing, or ROLAP. At DB Expo here last week, Peter Kastner, senior analyst at the Aberdeen Group Inc., Boston, moderated a debate between representatives of both vendor communities to highlight some advantages and disadvantages of each. A multidimensional database essentially compiles the contents of a dat","4","3","high","Within the three-year horizon, multidimensional OLAP products such as Arbor/Hyperion Essbase and Oracle Express were growing rapidly while ROLAP vendors like MicroStrategy, Business Objects, and Cognos were also gaining traction, confirming that both approaches were actively competing for enterprise decision-support workloads. The MDD (MOLAP) vs. ROLAP architectural debate was a central theme in mid‑ to late‑1990s data warehousing and BI conferences, and buyers genuinely evaluated tradeoffs in performance, scalability, and modeling flexibility when selecting tools. Although hybrid approaches (HOLAP) and relational star-schema warehouses began to blur the lines by the late 1990s, Kastner’s characterization of two vying technologies remained accurate over the specified short-term window.","10.67","true","false","","","","","","","4","3","high","P2","Within the three-year horizon, multidimensional OLAP products such as Arbor/Hyperion Essbase and Oracle Express were growing rapidly while ROLAP vendors like MicroStrategy, Business Objects, and Cognos were also gaining traction, confirming that both approaches were actively competing for enterprise decision-support workloads. The MDD (MOLAP) vs. ROLAP architectural debate was a central theme in mid‑ to late‑1990s data warehousing and BI conferences, and buyers genuinely evaluated tradeoffs in performance, scalability, and modeling flexibility when selecting tools. Although hybrid approaches (HOLAP) and relational star-schema warehouses began to blur the lines by the late 1990s, Kastner’s characterization of two vying technologies remained accurate over the specified short-term window.","false","quotations_corpus_v1","quotations_corpus","2026-06-19T20:32:56.595276+00:00"
"1098","pdf-189","SH-3y","3","","""We haven't discovered anything we don't really like. It's a definite improvement over System 10.""","AP","","ything we don't really like. It's a definite improvement over System 10."" System 11's release, says Dan Kusnetzky, research manager at International Data Corp, ""will put the performance issue to bed for Sybase."" ""Absolutely, without a doubt,"" says Kastner about System 11's improvements. ""Not only in the importance of performance, which they absolutely had to have, but it appears that the quality is much better as well. It's a solid product."" But providing good product might not be Sybase's only savi","4","2","high","Within about three years of its mid-1990s launch, Sybase System 11 (ASE 11.x) delivered roughly an order-of-magnitude TPC-C performance gain over its predecessors and was widely regarded as having resolved the worst performance concerns that had dogged System 10, validating the claim that it was a definite improvement and that performance had been “put to bed.” At the same time, ASE 11.x became the core of many stable production OLTP deployments through the late 1990s, supporting the characterization of it as a solid, higher-quality product, even though these technical gains did not ultimately stop Sybase’s longer-term market-share erosion against Oracle and Microsoft beyond the 3-year horizon.","16.17","true","false","","","","","","","4","2","high","P2","Within about three years of its mid-1990s launch, Sybase System 11 (ASE 11.x) delivered roughly an order-of-magnitude TPC-C performance gain over its predecessors and was widely regarded as having resolved the worst performance concerns that had dogged System 10, validating the claim that it was a definite improvement and that performance had been “put to bed.” At the same time, ASE 11.x became the core of many stable production OLTP deployments through the late 1990s, supporting the characterization of it as a solid, higher-quality product, even though these technical gains did not ultimately stop Sybase’s longer-term market-share erosion against Oracle and Microsoft beyond the 3-year horizon.","false","quotations_corpus_v1","quotations_corpus","2026-06-19T20:32:56.595276+00:00"
"1099","pdf-189","SH-3y","3","","""We haven't discovered anything we don't really like. It's a definite improvement over System 10.""","AP","","s improvements. ""Not only in the importance of performance, which they absolutely had to have, but it appears that the quality is much better as well. It's a solid product."" But providing good product might not be Sybase's only savior. According to Kastner, Sybase needs to make some marked improveme","4","2","high","System 10 was widely regarded as problematic, with serious performance and reliability issues that hurt Sybase’s reputation, so characterizing System 11 as a clear improvement in performance and quality relative to System 10 is directionally accurate. System 11 (SQL Server 11.0/11.5, soon rebranded as Adaptive Server Enterprise) delivered better performance and stability and remained a technically solid OLTP engine in production use, particularly in financial services, through the late 1990s and beyond. However, these technical gains did not translate into a market rebound against Oracle, Microsoft SQL Server, and IBM DB2, so the product’s solidity was real but not as transformative for Sybase’s overall position as the optimistic tone might imply.","69.86","true","false","","","","","","","4","2","high","P2","System 10 was widely regarded as problematic, with serious performance and reliability issues that hurt Sybase’s reputation, so characterizing System 11 as a clear improvement in performance and quality relative to System 10 is directionally accurate. System 11 (SQL Server 11.0/11.5, soon rebranded as Adaptive Server Enterprise) delivered better performance and stability and remained a technically solid OLTP engine in production use, particularly in financial services, through the late 1990s and beyond. However, these technical gains did not translate into a market rebound against Oracle, Microsoft SQL Server, and IBM DB2, so the product’s solidity was real but not as transformative for Sybase’s overall position as the optimistic tone might imply.","false","quotations_corpus_v1","quotations_corpus","2026-06-19T20:32:56.595276+00:00"
"1100","pdf-194","SH-3y","3","","""VARs are a very key part of the pie ultimately,"" says Mark Marron, senior vice president of sales and the person VARs","Inc.","","will have to increase. Our goal is to have 50 percent of revenue growing through the channel."" Analysts affirm this direction. ""They don't mess with their VARs. They understand that channel very, very well and it's significant for them,"" says Peter Kastner, analyst for the Aberdeen Group Inc.","0","1","low","The quotation is a qualitative endorsement of the vendor’s then-current VAR/channel strategy rather than a concrete, time-bound forecast about future performance or mix. Because the specific vendor, date, and subsequent channel-revenue trajectory over the stated three-year horizon are not clearly identifiable from widely documented history, the claim cannot be reliably checked against outcomes. Without those anchors or a measurable prediction (e.g., an achieved channel percentage or growth metric), its prescience cannot be meaningfully assessed.","15.68","true","false","","","","","","","0","1","low","P2","The quotation is a qualitative endorsement of the vendor’s then-current VAR/channel strategy rather than a concrete, time-bound forecast about future performance or mix. Because the specific vendor, date, and subsequent channel-revenue trajectory over the stated three-year horizon are not clearly identifiable from widely documented history, the claim cannot be reliably checked against outcomes. Without those anchors or a measurable prediction (e.g., an achieved channel percentage or growth metric), its prescience cannot be meaningfully assessed.","false","quotations_corpus_v1","quotations_corpus","2026-06-19T20:32:56.595276+00:00"
"867","pdf-2","SH-3y","3","","Mini vendors adapt in order to survive","Computerworld","1989-03-13","I think we'll be seeing people use their machines for only a few years,","4","3","high","Between 1989 and roughly 1992, the economics and pace of improvement in client systems (PCs and Unix workstations) were already pushing organizations toward 3–4 year refresh cycles, a sharp contrast with the decade-long lifetimes of many minicomputers and mainframes. Rapid performance jumps from 286 to 386 to 486 processors, falling hardware prices, and the rise of relatively low-cost Unix workstations from vendors like Sun, HP, and DEC made keeping older machines unattractive and normalized the idea that desktop and departmental systems would be replaced after only a few years. The prediction slightly overstates the immediacy and universality of “throwaway” behavior in that period, especially for servers, but it captured the emerging replacement-cycle dynamic for workstations and PCs quite well.","11.11","true","false","","","","","","","4","3","high","P2","Between 1989 and roughly 1992, the economics and pace of improvement in client systems (PCs and Unix workstations) were already pushing organizations toward 3–4 year refresh cycles, a sharp contrast with the decade-long lifetimes of many minicomputers and mainframes. Rapid performance jumps from 286 to 386 to 486 processors, falling hardware prices, and the rise of relatively low-cost Unix workstations from vendors like Sun, HP, and DEC made keeping older machines unattractive and normalized the idea that desktop and departmental systems would be replaced after only a few years. The prediction slightly overstates the immediacy and universality of “throwaway” behavior in that period, especially for servers, but it captured the emerging replacement-cycle dynamic for workstations and PCs quite well.","false","quotations_corpus_v1","quotations_corpus","2026-06-19T20:32:56.595276+00:00"
"868","pdf-2","SH-3y","3","","Mini vendors adapt in order to survive","Computerworld","1989-03-13","By then the technology will have leapfrogged anything you have and you'll get another. And the cost will allow that.","4","3","high","From 1989 to the early 1990s, CPU and graphics performance in both PCs and Unix workstations advanced rapidly (for example, the move from 80386 to 80486 PCs and the rise of affordable RISC workstations), making three- to four-year replacement cycles economically rational. Hardware prices declined while price/performance improved sharply, and by the early 1990s many enterprises had adopted short depreciation and refresh cycles for client systems, treating them as relatively disposable compared with earlier minicomputers. Kastner slightly overstates how universal and immediate this “throwaway” behavior was within three years, but the core idea that technology would quickly leapfrog installed systems and that lower cost would enable frequent replacement was largely borne out.","35.33","true","false","","","","","","","4","3","high","P2","From 1989 to the early 1990s, CPU and graphics performance in both PCs and Unix workstations advanced rapidly (for example, the move from 80386 to 80486 PCs and the rise of affordable RISC workstations), making three- to four-year replacement cycles economically rational. Hardware prices declined while price/performance improved sharply, and by the early 1990s many enterprises had adopted short depreciation and refresh cycles for client systems, treating them as relatively disposable compared with earlier minicomputers. Kastner slightly overstates how universal and immediate this “throwaway” behavior was within three years, but the core idea that technology would quickly leapfrog installed systems and that lower cost would enable frequent replacement was largely borne out.","false","quotations_corpus_v1","quotations_corpus","2026-06-19T20:32:56.595276+00:00"
"14","pdf-2","SH-5y","5","","Mini vendors adapt in order to survive","Computerworld","1989-03-13","I think we'll be seeing people use their machines for only a few years,","5","3","high","Between 1989 and the mid-1990s, workstation and PC hardware rapidly followed Moore’s law, driving steep price/performance improvements and making it economical to replace systems rather than upgrade them. By the early–mid 1990s, three- to five-year corporate refresh cycles for Unix workstations and Wintel PCs had become common, and organizations increasingly treated desktop systems as disposable assets superseded by newer generations. This “throwaway” pattern persisted into the 2000s and 2010s with commodity x86 servers and PCs, validating the idea that users would only keep machines a few years before technology leapfrogged what they owned and lower costs justified replacement.","10.29","true","false","","","","","","","5","3","high","P2","Between 1989 and the mid-1990s, workstation and PC hardware rapidly followed Moore’s law, driving steep price/performance improvements and making it economical to replace systems rather than upgrade them. By the early–mid 1990s, three- to five-year corporate refresh cycles for Unix workstations and Wintel PCs had become common, and organizations increasingly treated desktop systems as disposable assets superseded by newer generations. This “throwaway” pattern persisted into the 2000s and 2010s with commodity x86 servers and PCs, validating the idea that users would only keep machines a few years before technology leapfrogged what they owned and lower costs justified replacement.","false","quotations_corpus_v1","quotations_corpus","2026-06-19T20:32:56.595276+00:00"
"52","pdf-20","LH","10","","Compaq cleans up its act in battery disposal","Computerworld","1992-02-17","great PR, but eventually, it's quite possible that corporations will have to sort out their own toxic waste from ordinary office trash,'' said Peter Kastner, a senior analyst at Aberdeen Group in Boston.","4","3","high","From the mid-1990s through the 2000s, corporations increasingly had to segregate hazardous materials like nickel-cadmium batteries, fluorescent lamps, and toner/ink cartridges from ordinary office trash due to RCRA universal-waste rules in the U.S. and WEEE/RoHS in Europe, alongside OEM take-back schemes such as HP’s Planet Partners. Large enterprises commonly implemented separate collection bins and internal policies for these toxic or special wastes, but the practical burden was often shared with vendors and recyclers rather than every corporation fully managing all toxic sorting themselves, so the direction of the prediction was largely correct even if the extent and mechanisms differed somewhat.","12.41","true","false","","","","","","","4","3","high","P2","From the mid-1990s through the 2000s, corporations increasingly had to segregate hazardous materials like nickel-cadmium batteries, fluorescent lamps, and toner/ink cartridges from ordinary office trash due to RCRA universal-waste rules in the U.S. and WEEE/RoHS in Europe, alongside OEM take-back schemes such as HP’s Planet Partners. Large enterprises commonly implemented separate collection bins and internal policies for these toxic or special wastes, but the practical burden was often shared with vendors and recyclers rather than every corporation fully managing all toxic sorting themselves, so the direction of the prediction was largely correct even if the extent and mechanisms differed somewhat.","false","quotations_corpus_v1","quotations_corpus","2026-06-19T20:32:56.595276+00:00"
"53","pdf-20","LH","10","","Compaq cleans up its act in battery disposal","Computerworld","1992-02-17","y, it's quite possible that corporations will have to sort out their own toxic waste from ordinary office trash,'' said Peter Kastner, a senior analyst at Aberdeen Group in Boston.","4","2","high","From the mid‑1990s through the early 2000s, regulations such as the U.S. Universal Waste Rule and the 1996 Mercury‑Containing and Rechargeable Battery Management Act, along with the EU’s emerging WEEE and battery directives, pushed organizations to separate batteries and other hazardous office waste from regular trash. Large enterprises increasingly deployed internal programs and policies to collect nickel‑cadmium batteries, toner cartridges, and other e‑waste for vendor take‑back and specialized recyclers, so employees could not simply toss these items into ordinary bins. However, this behavior was far from universal across all corporations by 2002, and separation was often managed through centralized facilities and third‑party services rather than every corporation comprehensively sorting all toxic waste on its own, making the direction of his prediction largely correct but somewhat overstated in scope and speed.","11.48","true","false","","","","","","","4","2","high","P2","From the mid‑1990s through the early 2000s, regulations such as the U.S. Universal Waste Rule and the 1996 Mercury‑Containing and Rechargeable Battery Management Act, along with the EU’s emerging WEEE and battery directives, pushed organizations to separate batteries and other hazardous office waste from regular trash. Large enterprises increasingly deployed internal programs and policies to collect nickel‑cadmium batteries, toner cartridges, and other e‑waste for vendor take‑back and specialized recyclers, so employees could not simply toss these items into ordinary bins. However, this behavior was far from universal across all corporations by 2002, and separation was often managed through centralized facilities and third‑party services rather than every corporation comprehensively sorting all toxic waste on its own, making the direction of his prediction largely correct but somewhat overstated in scope and speed.","false","quotations_corpus_v1","quotations_corpus","2026-06-19T20:32:56.595276+00:00"
"717","pdf-20","SH-3y","3","","Compaq cleans up its act in battery disposal","Computerworld","1992-02-17","Compaq's release was . . . great PR, but eventually, it's quite possible that corporations will have to sort out their own toxic waste from ordinary office trash.","3","2","medium","Within a few years of 1992, regulations like the U.S. RCRA universal waste rules and emerging state battery laws pushed companies to segregate items such as nickel-cadmium batteries and other hazardous office wastes from general trash, and many large firms introduced separate collection streams for batteries, toner cartridges, and electronics. However, the dominant pattern was manufacturer take-back and specialized recyclers handling hazardous materials rather than corporations broadly being legally compelled to sort all of their own toxic waste at the trash-can level, so the direction toward greater corporate responsibility was right but the implied universality and manner were overstated for the 3‑year horizon.","28.42","true","true","2","2","medium","By the mid‑1990s, most corporations were not legally or operationally required to comprehensively sort their own toxic office waste (such as nickel‑cadmium batteries and toner) from ordinary trash, beyond existing, niche hazardous‑waste compliance that predated the quote. Battery recycling and e‑waste handling mainly evolved via manufacturer and industry take‑back programs and specialized recyclers in the mid‑ to late‑1990s, with broader, more systematic corporate e‑waste segregation only becoming common in the 2000s–2010s. The quote did anticipate growing concern and eventual separation of certain waste streams, but it overstated both the near‑term (3‑year) obligation and how universally corporations themselves would be doing hands‑on sorting rather than relying on external channels.","13.19","true","3","2","medium","P2","Within a few years of 1992, regulations like the U.S. RCRA universal waste rules and emerging state battery laws pushed companies to segregate items such as nickel-cadmium batteries and other hazardous office wastes from general trash, and many large firms introduced separate collection streams for batteries, toner cartridges, and electronics. However, the dominant pattern was manufacturer take-back and specialized recyclers handling hazardous materials rather than corporations broadly being legally compelled to sort all of their own toxic waste at the trash-can level, so the direction toward greater corporate responsibility was right but the implied universality and manner were overstated for the 3‑year horizon.","false","quotations_corpus_v1","quotations_corpus","2026-06-19T20:32:56.595276+00:00"
"904","pdf-20","SH-3y","3","","Compaq cleans up its act in battery disposal","Computerworld","1992-02-17","Compaq's release was . . . great PR, but eventually, it's quite possible that corporations will have to sort out their own toxic waste from ordinary office trash,","3","2","medium","Within three years of 1992, U.S. regulators moved to tighten controls on hazardous batteries, culminating in the EPA’s 1995 Universal Waste Rule and, shortly after the horizon, the 1996 Battery Act, which pushed organizations to keep nickel–cadmium cells and similar items out of ordinary trash streams. Large enterprises increasingly implemented internal recycling and take‑back programs for items like NiCd batteries and toner cartridges in the mid‑1990s, effectively requiring some separation of hazardous or recyclable office waste from general garbage. However, the obligation was not universally enforced at the individual corporate level within that three‑year window, and much of the operational burden was shared with manufacturers, retailers, and specialized recyclers rather than corporations being solely responsible for sorting all their toxic waste from office trash.","36.87","true","true","4","2","high","In the mid-1990s, regulators strengthened requirements that businesses segregate hazardous materials such as nickel‑cadmium batteries from ordinary trash, exemplified by the 1995 U.S. EPA Universal Waste Rule and tightening EU battery directives, which pushed organizations to manage such waste streams separately. Over the following decade, corporate environmental and EHS programs routinely implemented internal collection points and segregation practices for batteries, toner cartridges, fluorescent lamps, and electronics, even though much of the practical recycling was still outsourced to vendors rather than handled entirely in‑house. Kastner’s direction of increased corporate responsibility and separation of toxic waste from office trash was thus broadly accurate, although it evolved through compliance programs and vendor take‑back schemes rather than every corporation literally sorting all toxic items itself within three years.","15.48","true","3","2","medium","P2","Within three years of 1992, U.S. regulators moved to tighten controls on hazardous batteries, culminating in the EPA’s 1995 Universal Waste Rule and, shortly after the horizon, the 1996 Battery Act, which pushed organizations to keep nickel–cadmium cells and similar items out of ordinary trash streams. Large enterprises increasingly implemented internal recycling and take‑back programs for items like NiCd batteries and toner cartridges in the mid‑1990s, effectively requiring some separation of hazardous or recyclable office waste from general garbage. However, the obligation was not universally enforced at the individual corporate level within that three‑year window, and much of the operational burden was shared with manufacturers, retailers, and specialized recyclers rather than corporations being solely responsible for sorting all their toxic waste from office trash.","false","quotations_corpus_v1","quotations_corpus","2026-06-19T20:32:56.595276+00:00"
"905","pdf-20","SH-3y","3","","Compaq cleans up its act in battery disposal","Computerworld","1992-02-17","is not just hype. There is a need, and I believe over time, corporations will mandate that they recycle","2","3","medium","Between 1992 and roughly 1995, a few vendors and large organizations experimented with take‑back and recycling programs for NiCd batteries and toner cartridges, but broad internal corporate mandates to recycle these items were not yet common. Stronger, more generalized obligations emerged later, with measures like the 1996 U.S. Mercury-Containing and Rechargeable Battery Management Act and the expansion of corporate environmental management and e‑waste policies through the late 1990s and 2000s. The prediction correctly anticipated the long‑term direction, but within the 3‑year horizon it overstated the speed and breadth of corporate recycling mandates.","24.59","true","false","","","","","","","2","3","medium","P2","Between 1992 and roughly 1995, a few vendors and large organizations experimented with take‑back and recycling programs for NiCd batteries and toner cartridges, but broad internal corporate mandates to recycle these items were not yet common. Stronger, more generalized obligations emerged later, with measures like the 1996 U.S. Mercury-Containing and Rechargeable Battery Management Act and the expansion of corporate environmental management and e‑waste policies through the late 1990s and 2000s. The prediction correctly anticipated the long‑term direction, but within the 3‑year horizon it overstated the speed and breadth of corporate recycling mandates.","false","quotations_corpus_v1","quotations_corpus","2026-06-19T20:32:56.595276+00:00"
"1001","pdf-20","SH-3y","3","","Compaq cleans up its act in battery disposal","Computerworld","1992-02-17","is not just hype. There is a need, and I believe over time, corporations will mandate that they recycle these products.","2","2","medium","Within three years of 1992, concern about nickel-cadmium battery waste did grow and regulations like the EPA’s 1995 Universal Waste Rule and emerging state laws, followed shortly by the 1996 Mercury-Containing and Rechargeable Battery Management Act, pushed manufacturers and recyclers to create collection and recycling programs. However, by roughly 1995 most ordinary corporations had not yet broadly ‘mandated’ internal recycling of these batteries; adoption of formal corporate e-waste and battery recycling policies became common only in the 2000s and 2010s, well beyond the stated three-year horizon. The claim correctly anticipated a real need and eventual institutionalization of battery recycling, but its implied pace and locus of action (corporate mandates rather than primarily regulation and industry stewardship) were off for the early‑ to mid‑1990s.","46.43","true","true","4","2","high","Kastner predicted that corporations would eventually mandate recycling of toxic portable-computing batteries, such as nickel-cadmium packs. While widespread corporate battery-recycling mandates were still limited by about 1995, the mid‑ and late‑1990s saw formalization of rechargeable battery take‑back via industry programs like RBRC/Call2Recycle and the 1996 U.S. Mercury‑Containing and Rechargeable Battery Management Act, which pushed firms to segregate and recycle NiCd as hazardous waste. Through the 2000s–2020s, large enterprises and public-sector organizations increasingly embedded mandatory battery and e‑waste recycling into EHS and sustainability policies, validating his directional claim even though adoption took longer than the three‑year horizon.","9.46","true","2","2","medium","P2","Within three years of 1992, concern about nickel-cadmium battery waste did grow and regulations like the EPA’s 1995 Universal Waste Rule and emerging state laws, followed shortly by the 1996 Mercury-Containing and Rechargeable Battery Management Act, pushed manufacturers and recyclers to create collection and recycling programs. However, by roughly 1995 most ordinary corporations had not yet broadly ‘mandated’ internal recycling of these batteries; adoption of formal corporate e-waste and battery recycling policies became common only in the 2000s and 2010s, well beyond the stated three-year horizon. The claim correctly anticipated a real need and eventual institutionalization of battery recycling, but its implied pace and locus of action (corporate mandates rather than primarily regulation and industry stewardship) were off for the early‑ to mid‑1990s.","false","quotations_corpus_v1","quotations_corpus","2026-06-19T20:32:56.595276+00:00"
"1101","pdf-205","SH-3y","3","","Peter S Kastner Media Quotations","AP","","Peter S Kastner Media Quotations IDC STUDY SAYS WINDOWS COULD BE CHEAPER THAN LINUX A study funded by Microsoft and conducted by IDC shows that the total cost of ownership for Windows 2000 could be lower for many businesses than for Linux over a five-year period.","3","2","medium","The IDC study did find, in 2002, that Windows 2000 appeared to have lower TCO than Linux in several traditional midmarket server scenarios, largely because many enterprises then had more in-house Windows skills and treated Linux as a specialty platform. However, even by the mid‑2000s, rival TCO analyses and real‑world deployments showed Linux to be cheaper or comparable for web, application, and infrastructure workloads, and Linux quickly became mainstream on servers, undermining the notion of a sustained 30% staffing‑cost penalty. Over the longer run, Linux’s dominance in web hosting, its central role in enterprise infrastructure, and later its position as the default server OS in cloud environments all contradicted the idea that Linux was generally more expensive to operate than Windows.","65.88","true","true","3","2","medium","From 2002–2005, Windows 2000/Windows Server 2003 remained the dominant platform for mainstream enterprise file, print, directory, and groupware workloads, and many organizations with existing Windows skills and tooling did in fact see lower short-term operational and staffing costs versus adopting Linux from scratch. Over the same period, however, enterprise Linux distributions like Red Hat Enterprise Linux and SUSE Linux Enterprise Server rapidly matured, management tools and support ecosystems improved, and multiple non–Microsoft-funded TCO studies and high-profile deployments (e.g., large web hosting providers and internet companies) showed Linux could match or beat Windows TCO in many scenarios, undermining the idea of a durable 30% staffing-cost disadvantage. Kastner’s maturity/maintenance-cost argument was thus directionally reasonable for early-2000s brownfield Windows shops but not broadly predictive, even within a few years, across the wider range of enterprise and internet workloads.","12.29","true","3","2","medium","P2","The IDC study did find, in 2002, that Windows 2000 appeared to have lower TCO than Linux in several traditional midmarket server scenarios, largely because many enterprises then had more in-house Windows skills and treated Linux as a specialty platform. However, even by the mid‑2000s, rival TCO analyses and real‑world deployments showed Linux to be cheaper or comparable for web, application, and infrastructure workloads, and Linux quickly became mainstream on servers, undermining the notion of a sustained 30% staffing‑cost penalty. Over the longer run, Linux’s dominance in web hosting, its central role in enterprise infrastructure, and later its position as the default server OS in cloud environments all contradicted the idea that Linux was generally more expensive to operate than Windows.","false","quotations_corpus_v1","quotations_corpus","2026-06-19T20:32:56.595276+00:00"
"1102","pdf-207","SH-3y","3","","""Certainly no single operating system can be completely secure from","","","more than Microsoft,"" Bereskin said. BSD Unix -- Berkeley Software Distribution -- is a version of Unix developed in the 1970s. Designed from the outset as a network operating system, it has widely tested, refined and patched over 30 years. Peter Kastner, chief research officer at Aberdeen Group, said the storm in the Mac com","4","3","high","Within the early-2000s window when Mac OS X launched, Windows (especially Windows 2000 and XP pre‑SP2) suffered a series of high‑impact worms and malware outbreaks such as Code Red, Nimda, Blaster, and Sasser, while Mac OS X saw far fewer widespread compromises. Security researchers and enterprise buyers broadly perceived Mac OS X’s Unix/BSD underpinnings, protected memory, and user privilege model as contributing to a more secure default posture than contemporary consumer Windows systems, even though later years showed that macOS was still vulnerable and that market share and attacker focus also played major roles.","22.11","true","false","","","","","","","4","3","high","P2","Within the early-2000s window when Mac OS X launched, Windows (especially Windows 2000 and XP pre‑SP2) suffered a series of high‑impact worms and malware outbreaks such as Code Red, Nimda, Blaster, and Sasser, while Mac OS X saw far fewer widespread compromises. Security researchers and enterprise buyers broadly perceived Mac OS X’s Unix/BSD underpinnings, protected memory, and user privilege model as contributing to a more secure default posture than contemporary consumer Windows systems, even though later years showed that macOS was still vulnerable and that market share and attacker focus also played major roles.","false","quotations_corpus_v1","quotations_corpus","2026-06-19T20:32:56.595276+00:00"
"1103","pdf-208","SH-3y","3","","PC Advisor: 3GHz P4 launch date set for 14 November","PC Advisor","","ssor to include hyperthreading, the performance enhancing technology already found in Xeon server processors, that allows multiple software threads to run more efficiently on a single processor. Thanks to the inclusion of this new technology, Peter Kastner, chief research officer for A","4","3","high","The quote correctly describes Hyper-Threading as a technology that lets a single physical Pentium 4 core appear as two logical processors and execute multiple software threads more efficiently than a non-SMT core, which is exactly how Intel’s implementation of simultaneous multithreading worked in the 3.06 GHz Pentium 4 launched in November 2002.[2][3] Academic evaluation of the Pentium 4 with Hyper-Threading in the following years measured average multiprogramming speedups around 20–30% for suitable workloads, confirming that it did improve throughput for multiple threads even though gains were workload-dependent and sometimes negative.[7] Within three years, Hyper-Threading had become a standard feature across many Pentium 4 desktop SKUs and was widely recognized as a performance enhancer for multitasking and multithreaded applications, aligning well with the analyst’s characterization.[3][4]","13.87","true","false","","","","","","","4","3","high","P2","The quote correctly describes Hyper-Threading as a technology that lets a single physical Pentium 4 core appear as two logical processors and execute multiple software threads more efficiently than a non-SMT core, which is exactly how Intel’s implementation of simultaneous multithreading worked in the 3.06 GHz Pentium 4 launched in November 2002.[2][3] Academic evaluation of the Pentium 4 with Hyper-Threading in the following years measured average multiprogramming speedups around 20–30% for suitable workloads, confirming that it did improve throughput for multiple threads even though gains were workload-dependent and sometimes negative.[7] Within three years, Hyper-Threading had become a standard feature across many Pentium 4 desktop SKUs and was widely recognized as a performance enhancer for multitasking and multithreaded applications, aligning well with the analyst’s characterization.[3][4]","false","quotations_corpus_v1","quotations_corpus","2026-06-19T20:32:56.595276+00:00"
"961","pdf-21","SH-3y","3","","Stratus' Unix systems to act as SNA hosts","Computerworld","1993-08-16","Whether justified or not, FTX is regarded as less reliable,","0","1","low","The quotation is primarily a contemporaneous characterization of customer perception in 1993, not a clear forward-looking prediction about how FTX would be viewed over the following three years. While Stratus’ proprietary fault-tolerant VOS systems continued to define its reliability reputation and FTX never became a major Unix platform, there is little widely documented evidence about how market perceptions of FTX’s relative reliability evolved between 1993 and 1996. Because the historical record does not clearly track perceptions of FTX reliability as distinct from its limited commercial traction, the prescience of this specific perception claim cannot be confidently assessed.","12.54","true","false","","","","","","","0","1","low","P2","The quotation is primarily a contemporaneous characterization of customer perception in 1993, not a clear forward-looking prediction about how FTX would be viewed over the following three years. While Stratus’ proprietary fault-tolerant VOS systems continued to define its reliability reputation and FTX never became a major Unix platform, there is little widely documented evidence about how market perceptions of FTX’s relative reliability evolved between 1993 and 1996. Because the historical record does not clearly track perceptions of FTX reliability as distinct from its limited commercial traction, the prescience of this specific perception claim cannot be confidently assessed.","false","quotations_corpus_v1","quotations_corpus","2026-06-19T20:32:56.595276+00:00"
"962","pdf-21","SH-3y","3","","Stratus' Unix systems to act as SNA hosts","Computerworld","1993-08-16","And if FTX is not perceived as rock-solid, that kind of blows away the whole marketing rationale","3","2","medium","Stratus’ FTX Unix line never displaced its proprietary VOS systems in the core financial-transaction and SNA-hosting niches in the mid‑1990s, and banks largely continued to view VOS/mainframe platforms as the more rock‑solid choice. FTX-based fault-tolerant Unix servers remained a niche and were eventually overshadowed by Stratus’ later x86 ftServer products running Windows and Linux, suggesting that whatever marketing rationale existed for FTX as a high-reliability SNA host did not translate into broad market traction. However, specific evidence tying FTX’s limited success directly to perceived reliability shortfalls versus other factors (SNA’s decline, shifts to TCP/IP, and competitive SNA gateways) is sparse, so the causal claim can only be partially validated.","11.35","true","true","3","2","medium","FTX never became a major downsizing SNA-host platform in the mid-1990s, and Stratus’ Unix offerings remained a niche compared to IBM AIX, HP-UX, and Sun systems, suggesting that any perceived weakness in reliability did in fact blunt their differentiation as a fault-tolerant Unix host. By 1996, FTX on the Continuum PA-RISC line was reportedly sold only on an exceptional, limited basis, and Stratus’ long-term growth instead came from later Intel-based ftServer platforms and availability software rather than from broad success of FTX as an SNA host. However, the quote is a fairly generic conditional claim about marketing logic rather than a concrete forecast, and Stratus did sustain a loyal if small FTX customer base, so the prediction is only partially borne out.","11.94","true","3","2","medium","P2","Stratus’ FTX Unix line never displaced its proprietary VOS systems in the core financial-transaction and SNA-hosting niches in the mid‑1990s, and banks largely continued to view VOS/mainframe platforms as the more rock‑solid choice. FTX-based fault-tolerant Unix servers remained a niche and were eventually overshadowed by Stratus’ later x86 ftServer products running Windows and Linux, suggesting that whatever marketing rationale existed for FTX as a high-reliability SNA host did not translate into broad market traction. However, specific evidence tying FTX’s limited success directly to perceived reliability shortfalls versus other factors (SNA’s decline, shifts to TCP/IP, and competitive SNA gateways) is sparse, so the causal claim can only be partially validated.","false","quotations_corpus_v1","quotations_corpus","2026-06-19T20:32:56.595276+00:00"
"1104","pdf-217","SH-3y","3","","He carefully filled out a card with all the details needed for the rebate, sent in the packaging code and the original","Inc.","","a small amount. His experience is fairly typical: according to research by Vericours Inc., a consulting company, about 40 percent of rebate offers are never redeemed. ""People either don't turn them in or don't fill them out correctly,"" said Peter S. Kastner, a director of Vericours. Mr. Kastner estimate","4","3","high","Kastner’s claim that roughly 40% of rebate offers are never redeemed because consumers fail to submit them or complete them correctly was corroborated in subsequent late‑2000s analyses, which reported that about 60% of rebates go unfulfilled overall—40% never claimed and another 20% denied—explicitly using Vericours’ figures as a benchmark.[7] Mail‑in manufacturer rebates in sectors like consumer electronics and wireless (e.g., Cingular) continued to exhibit high slippage and became the subject of complaints, legislation, and class actions through 2006‑2009, with the Vericours 40% estimate repeatedly cited in press and legal documents, indicating his characterization of enduring non‑redemption patterns held up over the 3‑year horizon.[1][2][3][7]","15.04","true","false","","","","","","","4","3","high","P2","Kastner’s claim that roughly 40% of rebate offers are never redeemed because consumers fail to submit them or complete them correctly was corroborated in subsequent late‑2000s analyses, which reported that about 60% of rebates go unfulfilled overall—40% never claimed and another 20% denied—explicitly using Vericours’ figures as a benchmark.[7] Mail‑in manufacturer rebates in sectors like consumer electronics and wireless (e.g., Cingular) continued to exhibit high slippage and became the subject of complaints, legislation, and class actions through 2006‑2009, with the Vericours 40% estimate repeatedly cited in press and legal documents, indicating his characterization of enduring non‑redemption patterns held up over the 3‑year horizon.[1][2][3][7]","false","quotations_corpus_v1","quotations_corpus","2026-06-19T20:32:56.595276+00:00"
"1105","pdf-217","SH-3y","3","","He carefully filled out a card with all the details needed for the rebate, sent in the packaging code and the original","Inc.","","ly typical: according to research by Vericours Inc., a consulting company, about 40 percent of rebate offers are never redeemed. ""People either don't turn them in or don't fill them out correctly,"" said Peter S. Kastner, a director of Vericours. Mr. Kastner estimate","4","3","high","Kastner’s characterization that roughly 40% of rebates go unredeemed and that consumers often fail to submit forms or complete them correctly was consistent with other contemporaneous estimates and remained accurate in the following years.[1][6] Mid‑2000s reporting (e.g., Bloomberg, summarized later by John M. Jennings) likewise cited about 40% of rebates never being redeemed because consumers fail to apply or applications are rejected.[3] Well into the 2010s and 2020s, industry data still report that 40–60% of mail‑in rebates go unredeemed due to forgotten submissions, lost paperwork, and process complexity, indicating that his explanation held up beyond the 3‑year horizon.[2]","11.65","true","false","","","","","","","4","3","high","P2","Kastner’s characterization that roughly 40% of rebates go unredeemed and that consumers often fail to submit forms or complete them correctly was consistent with other contemporaneous estimates and remained accurate in the following years.[1][6] Mid‑2000s reporting (e.g., Bloomberg, summarized later by John M. Jennings) likewise cited about 40% of rebates never being redeemed because consumers fail to apply or applications are rejected.[3] Well into the 2010s and 2020s, industry data still report that 40–60% of mail‑in rebates go unredeemed due to forgotten submissions, lost paperwork, and process complexity, indicating that his explanation held up beyond the 3‑year horizon.[2]","false","quotations_corpus_v1","quotations_corpus","2026-06-19T20:32:56.595276+00:00"
"789","pdf-219","SH-3y","1","","A move to build PCs without Windows","The Christian Science Monitor","2002-10-21","I have been out on a limb saying 5 percent of the market could be on Linux a year from now.","1","3","low","Linux never reached anything close to 5% of the global desktop OS market within a year of 2002; contemporary measurements through the mid‑2000s kept desktop Linux in the low single digits and below that threshold according to industry trackers. Even by March 2025, over two decades later, Linux (excluding ChromeOS) is only reported at about 4.2% of the global desktop OS market, still under 5%.[3] Recent data from 2025–2026 likewise shows Linux around 3–5% of desktops worldwide, underscoring that a rapid jump to 5% in a single year from 2002 was far too aggressive.[1][2][3][4]","12.70","true","false","","","","","","","1","3","low","P2","Linux never reached anything close to 5% of the global desktop OS market within a year of 2002; contemporary measurements through the mid‑2000s kept desktop Linux in the low single digits and below that threshold according to industry trackers. Even by March 2025, over two decades later, Linux (excluding ChromeOS) is only reported at about 4.2% of the global desktop OS market, still under 5%.[3] Recent data from 2025–2026 likewise shows Linux around 3–5% of desktops worldwide, underscoring that a rapid jump to 5% in a single year from 2002 was far too aggressive.[1][2][3][4]","false","quotations_corpus_v1","quotations_corpus","2026-06-19T20:32:56.595276+00:00"
"790","pdf-219","SH-3y","1","","A move to build PCs without Windows","The Christian Science Monitor","2002-10-21","5 percent of a 100 million PC market is huge.","3","3","medium","Arithmetically and strategically, the characterization is correct: even in the early 2000s, annual PC shipments were on the order of 150–180 million units, so a 5% share would have meant many millions of systems and a substantial business in absolute terms. However, within the 3-year horizon, Linux desktop distributions such as Lindows/Linspire never approached anything like 5% of the PC market, and Windows remained overwhelmingly dominant on new PCs. The framing that a small percentage share of a large commodity market can be a meaningful opportunity was sound, but the implied near-term scale for Linux desktops did not materialize.","106.43","true","false","","","","","","","3","3","medium","P2","Arithmetically and strategically, the characterization is correct: even in the early 2000s, annual PC shipments were on the order of 150–180 million units, so a 5% share would have meant many millions of systems and a substantial business in absolute terms. However, within the 3-year horizon, Linux desktop distributions such as Lindows/Linspire never approached anything like 5% of the PC market, and Windows remained overwhelmingly dominant on new PCs. The framing that a small percentage share of a large commodity market can be a meaningful opportunity was sound, but the implied near-term scale for Linux desktops did not materialize.","false","quotations_corpus_v1","quotations_corpus","2026-06-19T20:32:56.595276+00:00"
"888","pdf-22","SH-3y","3","","Integration vs. specialization","Computerworld","1990-05-07","Major application suppliers are using 4GLs and CASE technology to allow users to maintain and customize their base-level applications,","4","3","high","By the early 1990s, major enterprise application vendors such as SAP, Oracle, and PeopleSoft broadly used proprietary 4GL-style environments (e.g., ABAP/4, Oracle Forms, PeopleTools) to let customers modify and extend packaged applications without working directly in low-level languages. CASE-style repositories and model-driven tools were also integrated into many package development and customization workflows, although in practice they were used more by IT professionals and implementers than by true end-users. The direction of the claim—that packaged application suppliers would embed 4GL/CASE technology to support ongoing maintenance and customization—held up well through roughly 1993, even if the ease-of-use and genuine “end-user” empowerment were more limited than the wording implies.","8.07","true","false","","","","","","","4","3","high","P2","By the early 1990s, major enterprise application vendors such as SAP, Oracle, and PeopleSoft broadly used proprietary 4GL-style environments (e.g., ABAP/4, Oracle Forms, PeopleTools) to let customers modify and extend packaged applications without working directly in low-level languages. CASE-style repositories and model-driven tools were also integrated into many package development and customization workflows, although in practice they were used more by IT professionals and implementers than by true end-users. The direction of the claim—that packaged application suppliers would embed 4GL/CASE technology to support ongoing maintenance and customization—held up well through roughly 1993, even if the ease-of-use and genuine “end-user” empowerment were more limited than the wording implies.","false","quotations_corpus_v1","quotations_corpus","2026-06-19T20:32:56.595276+00:00"
"889","pdf-22","SH-3y","3","","Integration vs. specialization","Computerworld","1990-05-07","If you're a company with multiple businesses,","4","3","high","From 1990–1993, large multi-division firms increasingly adopted integrated, general-purpose financial and ERP-style suites (e.g., SAP R/2 and early R/3, Oracle Financials, and emerging PeopleSoft modules) specifically because they could consolidate multiple subsidiaries and business units. At the same time, organizations with many lines of business found that stitching together disparate vertical packages created costly integration and reporting headaches, which directly reduced the perceived advantage of those siloed vertical systems and set up the broader ERP consolidation wave of the mid-1990s. The statement slightly overgeneralizes the loss of value from vertical packages, but its core point about integration and roll-up needs driving preference for general packages in multi-business firms was directionally and operationally correct in that early-1990s window.","11.29","true","false","","","","","","","4","3","high","P2","From 1990–1993, large multi-division firms increasingly adopted integrated, general-purpose financial and ERP-style suites (e.g., SAP R/2 and early R/3, Oracle Financials, and emerging PeopleSoft modules) specifically because they could consolidate multiple subsidiaries and business units. At the same time, organizations with many lines of business found that stitching together disparate vertical packages created costly integration and reporting headaches, which directly reduced the perceived advantage of those siloed vertical systems and set up the broader ERP consolidation wave of the mid-1990s. The statement slightly overgeneralizes the loss of value from vertical packages, but its core point about integration and roll-up needs driving preference for general packages in multi-business firms was directionally and operationally correct in that early-1990s window.","false","quotations_corpus_v1","quotations_corpus","2026-06-19T20:32:56.595276+00:00"
"890","pdf-22","SH-3y","3","","Integration vs. specialization","Computerworld","1990-05-07","you start to lose the edge of vertical packages that don't talk to each other too well. General packages are designed from the beginning to roll up subsidiaries.","4","3","high","From the early 1990s onward, multi-division firms increasingly standardized on general-purpose, integrated financial/ERP suites such as SAP (R/2, then R/3), Oracle Financials, and later PeopleSoft and Baan specifically because they supported multi-entity consolidation and subsidiary roll‑up better than disparate vertical accounting packages. By the mid‑ to late‑1990s and into the 2000s, these general suites dominated large enterprises while many verticals survived only by integrating into or coexisting with these systems rather than displacing them, confirming the direction of Kastner’s argument even if specialized verticals never fully “lost the edge” in all contexts.","11.05","true","false","","","","","","","4","3","high","P2","From the early 1990s onward, multi-division firms increasingly standardized on general-purpose, integrated financial/ERP suites such as SAP (R/2, then R/3), Oracle Financials, and later PeopleSoft and Baan specifically because they supported multi-entity consolidation and subsidiary roll‑up better than disparate vertical accounting packages. By the mid‑ to late‑1990s and into the 2000s, these general suites dominated large enterprises while many verticals survived only by integrating into or coexisting with these systems rather than displacing them, confirming the direction of Kastner’s argument even if specialized verticals never fully “lost the edge” in all contexts.","false","quotations_corpus_v1","quotations_corpus","2026-06-19T20:32:56.595276+00:00"
"891","pdf-22","SH-3y","3","","Integration vs. specialization","Computerworld","1990-05-07","If you supply software to a law firm and can speak their language, the customer can understand better what they're buying,","0","3","low","This statement is a generic observation about sales effectiveness and domain knowledge rather than a time-bound prediction about technology adoption or market structure. It would be true in almost any era, and there is no specific, falsifiable outcome by the 3-year horizon that would allow judging it as especially prescient or mistaken. While vertical legal software did grow through the early 1990s, that trend is not uniquely illuminated or riskily forecast by this truism about speaking the customer’s language.","13.91","true","false","","","","","","","0","3","low","P2","This statement is a generic observation about sales effectiveness and domain knowledge rather than a time-bound prediction about technology adoption or market structure. It would be true in almost any era, and there is no specific, falsifiable outcome by the 3-year horizon that would allow judging it as especially prescient or mistaken. While vertical legal software did grow through the early 1990s, that trend is not uniquely illuminated or riskily forecast by this truism about speaking the customer’s language.","false","quotations_corpus_v1","quotations_corpus","2026-06-19T20:32:56.595276+00:00"
"1106","pdf-239","SH-3y","3","","AMD has no plans for selling off business units, Denton said. The company really only has three main businesses, its","AP","","to deliver its Hammer processors for servers and desktops in the first half of next year, and will introduce a new Athlon XP with its higher-cache Barton core in the first quarter of 2003. The reasons behind AMD's struggles are apparent, said Peter Kastner","3","3","medium","AMD’s first Hammer-based server CPU, Opteron, launched in April 2003, which met the first-half-of-the-year target for servers, but the desktop Hammer (Athlon 64) did not arrive until September 2003, slipping into the second half of the year. Barton-core Athlon XP chips such as the 2500+, 2800+, and 3000+ did launch in February 2003, aligning well with the first-quarter 2003 forecast. Overall, the product roadmap materialized broadly as described within the three-year window, but with a notable timing miss for desktop Hammer, warranting a mid-range prescience score.","26.29","true","false","","","","","","","3","3","medium","P2","AMD’s first Hammer-based server CPU, Opteron, launched in April 2003, which met the first-half-of-the-year target for servers, but the desktop Hammer (Athlon 64) did not arrive until September 2003, slipping into the second half of the year. Barton-core Athlon XP chips such as the 2500+, 2800+, and 3000+ did launch in February 2003, aligning well with the first-quarter 2003 forecast. Overall, the product roadmap materialized broadly as described within the three-year window, but with a notable timing miss for desktop Hammer, warranting a mid-range prescience score.","false","quotations_corpus_v1","quotations_corpus","2026-06-19T20:32:56.595276+00:00"
"147","pdf-24","SH-3y","3","","Price wars pressure low end Forecast","Computerworld","1994-01-03","But users should be aware of the consequences of pricing wars on customer support for high-end development tools, according to Peter Kastner, vice president at the Aberdeen Group, a Boston-based consulting firm.","3","2","medium","From 1994–1997, low-priced, shrink‑wrapped development tools such as Microsoft Visual Basic/Visual C++ and Borland’s Delphi and C++ products were indeed sold with limited, largely self-service support (documentation, MSDN, books, and emerging online communities) compared with the contract-based support that accompanied higher-priced enterprise tools and 4GLs. At the same time, vendors of premium offerings like Rational Rose, PowerBuilder in enterprise editions, and IBM/Oracle tool suites maintained relatively strong, paid support and maintenance businesses rather than gutting support for their high-end tools, so the direct degradation of high-end support due to low-end price wars was limited in that three-year window. The quote is broadly correct that buyers of cheap tools should not expect much vendor support, but it overstates the impact of those pricing battles on the support quality of high-end development tools, which stayed largely tied to maintenance fees and service contracts.","12.14","true","true","3","3","medium","From 1994–1997, low-priced, shrink‑wrapped development tools such as Microsoft Visual Basic, Borland Delphi, and similar IDEs did in fact come with limited vendor hand‑holding, relying heavily on documentation and emerging community support rather than high-touch consulting or training. In parallel, higher-priced enterprise tools and 4GL environments like Powersoft PowerBuilder, Oracle, and IBM offerings maintained premium pricing structures that explicitly bundled substantial support, training, and services, so buyers did not get that level of service at $199. However, the forecast that price wars would materially undermine support for high-end tools was not clearly borne out within three years; the market instead stratified into low-cost, lower-touch tools and high-cost, high-touch platforms, which makes the claim directionally right but somewhat generic and overstated.","14.02","true","3","3","medium","P1_tiebreak","From 1994–1997, low-priced, shrink‑wrapped development tools such as Microsoft Visual Basic, Borland Delphi, and similar IDEs did in fact come with limited vendor hand‑holding, relying heavily on documentation and emerging community support rather than high-touch consulting or training. In parallel, higher-priced enterprise tools and 4GL environments like Powersoft PowerBuilder, Oracle, and IBM offerings maintained premium pricing structures that explicitly bundled substantial support, training, and services, so buyers did not get that level of service at $199. However, the forecast that price wars would materially undermine support for high-end tools was not clearly borne out within three years; the market instead stratified into low-cost, lower-touch tools and high-cost, high-touch platforms, which makes the claim directionally right but somewhat generic and overstated.","false","quotations_corpus_v1","quotations_corpus","2026-06-19T20:32:56.595276+00:00"
"148","pdf-24","SH-3y","3","","Price wars pressure low end Forecast","Computerworld","1994-01-03","hould be aware of the consequences of pricing wars on customer support for high-end development tools, according to Peter Kastner, vice president at the Aberdeen Group, a Boston-based consulting firm.","3","3","medium","From 1994–1997, mainstream shrink‑wrapped development tools such as Microsoft Visual Basic, Visual C++, Borland Delphi, and PowerBuilder were indeed sold at a few hundred dollars per seat and generally came with limited, largely self-service support compared with high-end CASE and 4GL tools that were bundled with expensive maintenance and consulting contracts. At the same time, vendors of higher-end enterprise tools (e.g., IBM, Oracle, and later Rational) continued to rely on high license and support fees to cover substantial R&D and provide hands-on services, while cheaper tools and, increasingly, open-source toolchains shifted users toward community forums and lower-touch vendor support. However, this was more an extension of existing software economics than a surprising new development, and the quote does not anticipate how acceptable minimal vendor support for low-cost tools would become, which tempers its prescience.","12.24","true","false","","","","","","","3","3","medium","P2","From 1994–1997, mainstream shrink‑wrapped development tools such as Microsoft Visual Basic, Visual C++, Borland Delphi, and PowerBuilder were indeed sold at a few hundred dollars per seat and generally came with limited, largely self-service support compared with high-end CASE and 4GL tools that were bundled with expensive maintenance and consulting contracts. At the same time, vendors of higher-end enterprise tools (e.g., IBM, Oracle, and later Rational) continued to rely on high license and support fees to cover substantial R&D and provide hands-on services, while cheaper tools and, increasingly, open-source toolchains shifted users toward community forums and lower-touch vendor support. However, this was more an extension of existing software economics than a surprising new development, and the quote does not anticipate how acceptable minimal vendor support for low-cost tools would become, which tempers its prescience.","false","quotations_corpus_v1","quotations_corpus","2026-06-19T20:32:56.595276+00:00"
"977","pdf-24","SH-3y","3","","Price wars pressure low end Forecast","Computerworld","1994-01-03","Buyers should not be fooled you don't get a lot of support with a shrink-wrapped product,","4","3","high","Through the mid‑1990s, popular shrink‑wrapped development tools such as Microsoft Visual Basic, Borland Delphi, and PowerBuilder were sold at relatively low prices with limited bundled vendor support, typically offering manuals, patches, and paid-per-incident assistance rather than extensive hand-holding. In contrast, higher-priced enterprise platforms from vendors like IBM, Oracle, and SAP routinely packaged substantial implementation help, training, and ongoing support into large contracts, and this basic divide between low-cost mass-market tools with minimal direct support and high-end platforms justified partly by intensive vendor support continued into the 2000s, validating Kastner’s warning within and beyond the 3‑year horizon.","11.67","true","false","","","","","","","4","3","high","P2","Through the mid‑1990s, popular shrink‑wrapped development tools such as Microsoft Visual Basic, Borland Delphi, and PowerBuilder were sold at relatively low prices with limited bundled vendor support, typically offering manuals, patches, and paid-per-incident assistance rather than extensive hand-holding. In contrast, higher-priced enterprise platforms from vendors like IBM, Oracle, and SAP routinely packaged substantial implementation help, training, and ongoing support into large contracts, and this basic divide between low-cost mass-market tools with minimal direct support and high-end platforms justified partly by intensive vendor support continued into the 2000s, validating Kastner’s warning within and beyond the 3‑year horizon.","false","quotations_corpus_v1","quotations_corpus","2026-06-19T20:32:56.595276+00:00"
"978","pdf-24","SH-3y","3","","Price wars pressure low end Forecast","Computerworld","1994-01-03","The [high-end] suppliers have to cover their very high R&D costs [up to 25% of sales] and marketing and support, as they help hand-hold users in learning how to use the more powerful tools. If you think that you're going to get that for $199, wish again.","5","3","high","From 1994–1997, high-end enterprise systems such as SAP R/3, Oracle databases and applications, PeopleSoft, and Lotus Notes sold for thousands to millions of dollars per deployment, with customers paying separately for extensive consulting, training, and premium support rather than getting it bundled into low-cost licenses. Over the same period, shrink-wrapped packages like Microsoft Office, consumer databases, and development tools were priced in the low hundreds of dollars and came with only limited phone support or manuals, not the intensive hand-holding characteristic of enterprise vendors. This structural separation between low-priced boxed software and high-cost, high-touch enterprise offerings persisted well beyond the three-year horizon, validating the claim that users would not get high-end tools plus heavy support for around $199.","9.97","true","false","","","","","","","5","3","high","P2","From 1994–1997, high-end enterprise systems such as SAP R/3, Oracle databases and applications, PeopleSoft, and Lotus Notes sold for thousands to millions of dollars per deployment, with customers paying separately for extensive consulting, training, and premium support rather than getting it bundled into low-cost licenses. Over the same period, shrink-wrapped packages like Microsoft Office, consumer databases, and development tools were priced in the low hundreds of dollars and came with only limited phone support or manuals, not the intensive hand-holding characteristic of enterprise vendors. This structural separation between low-priced boxed software and high-cost, high-touch enterprise offerings persisted well beyond the three-year horizon, validating the claim that users would not get high-end tools plus heavy support for around $199.","false","quotations_corpus_v1","quotations_corpus","2026-06-19T20:32:56.595276+00:00"
"1108","pdf-248","SH-3y","3","","""I don't see any loss of momentum for Apple,"" Kastner said. ""Our research shows that people are coming into","AP","","""I don't see any loss of momentum for Apple,"" Kastner said. ""Our research shows that people are coming into stores and asking for the iPod by name, not just any music player."" One possible negative for Apple this holiday season is price. For example, the 10 gigabyte (GB) version of the iPod (which hold","5","3","high","Within roughly three years of this comment (mid-2000s), iPod unit sales and revenue were still rapidly growing, and the iPod brand had become the de facto name consumers used for hard-disk music players. Apple’s momentum in digital music players continued strongly through 2005–2006 while rivals like Dell’s DJ and Creative’s Nomad failed to gain lasting share, so concerns about price did not materially slow Apple’s trajectory in that period.","27.09","true","false","","","","","","","5","3","high","P2","Within roughly three years of this comment (mid-2000s), iPod unit sales and revenue were still rapidly growing, and the iPod brand had become the de facto name consumers used for hard-disk music players. Apple’s momentum in digital music players continued strongly through 2005–2006 while rivals like Dell’s DJ and Creative’s Nomad failed to gain lasting share, so concerns about price did not materially slow Apple’s trajectory in that period.","false","quotations_corpus_v1","quotations_corpus","2026-06-19T20:32:56.595276+00:00"
"975","pdf-25","SH-3y","3","","NEW! GREAT! LATE!","Computerworld","1994-01-03","That's the line you walk [when] talking about the future,","0","3","low","The quotation is a generic observation about the tension between forward-looking product talk and overhyping future technology, not a concrete forecast about specific technologies, vendors, or market outcomes over the next three years. While the 1994–1997 period did feature ongoing issues with preannouncements and hype backfiring (e.g., Apple’s Copland OS troubles and various ‘vaporware’ concerns around major vendors), those are examples of a longstanding dynamic rather than validation of a specific predictive claim made here. Because the statement is effectively timeless and not framed as a falsifiable prediction for the stated horizon, it cannot be meaningfully scored for prescience under this rubric.","6.72","true","false","","","","","","","0","3","low","P2","The quotation is a generic observation about the tension between forward-looking product talk and overhyping future technology, not a concrete forecast about specific technologies, vendors, or market outcomes over the next three years. While the 1994–1997 period did feature ongoing issues with preannouncements and hype backfiring (e.g., Apple’s Copland OS troubles and various ‘vaporware’ concerns around major vendors), those are examples of a longstanding dynamic rather than validation of a specific predictive claim made here. Because the statement is effectively timeless and not framed as a falsifiable prediction for the stated horizon, it cannot be meaningfully scored for prescience under this rubric.","false","quotations_corpus_v1","quotations_corpus","2026-06-19T20:32:56.595276+00:00"
"976","pdf-25","SH-3y","3","","NEW! GREAT! LATE!","Computerworld","1994-01-03","Users see no reason to buy from a tiny, unknown object company if they can wait, safe and warm, for Oracle to get [them] to where they want to go,","4","3","high","Through the mid-1990s, most enterprise buyers standardized on major relational vendors such as Oracle, Sybase, and Informix and were reluctant to bet core systems on small object database specialists like Object Design, Versant, GemStone, or O2, which remained niche despite heavy buzz. By the three-year mark, Oracle8 (1997) and other object-relational releases from the big vendors had shipped, giving conservative customers a way to add object-like features while staying with their incumbent supplier, while many pure OODBMS vendors stayed confined to specialized CAD/CAM, telecom, and finance use cases. The quote slightly overstates things (“no reason”) because some organizations did adopt products from those smaller object vendors, but its core characterization of mainstream buyer behavior and the safety appeal of waiting for Oracle largely held true.","18.60","true","false","","","","","","","4","3","high","P2","Through the mid-1990s, most enterprise buyers standardized on major relational vendors such as Oracle, Sybase, and Informix and were reluctant to bet core systems on small object database specialists like Object Design, Versant, GemStone, or O2, which remained niche despite heavy buzz. By the three-year mark, Oracle8 (1997) and other object-relational releases from the big vendors had shipped, giving conservative customers a way to add object-like features while staying with their incumbent supplier, while many pure OODBMS vendors stayed confined to specialized CAD/CAM, telecom, and finance use cases. The quote slightly overstates things (“no reason”) because some organizations did adopt products from those smaller object vendors, but its core characterization of mainstream buyer behavior and the safety appeal of waiting for Oracle largely held true.","false","quotations_corpus_v1","quotations_corpus","2026-06-19T20:32:56.595276+00:00"
"402","pdf-250","SH-3y","3","","Apple to answer rumors with facts","MarketWatch","2003-04-26","It's highly likely that anything they do will have a hardware product at its core,","4","3","high","From 2003–2006, Apple’s major strategic and growth moves were indeed centered on **hardware**: expansion of the iPod line, continued Mac hardware evolution, and preparation for the iPhone-era shift, all with tightly integrated software and services around those devices.[1][6] While Apple did launch and grow the iTunes Music Store and Mac OS X during this period, these software and service initiatives were primarily positioned to drive and differentiate hardware sales, especially iPods and Macs.[1][6] The claim slightly overstates by implying virtually everything Apple did was hardware-first, but for the three‑year horizon it captured the company’s hardware-centric reality quite well.","7.71","true","false","","","","","","","4","3","high","P2","From 2003–2006, Apple’s major strategic and growth moves were indeed centered on **hardware**: expansion of the iPod line, continued Mac hardware evolution, and preparation for the iPhone-era shift, all with tightly integrated software and services around those devices.[1][6] While Apple did launch and grow the iTunes Music Store and Mac OS X during this period, these software and service initiatives were primarily positioned to drive and differentiate hardware sales, especially iPods and Macs.[1][6] The claim slightly overstates by implying virtually everything Apple did was hardware-first, but for the three‑year horizon it captured the company’s hardware-centric reality quite well.","false","quotations_corpus_v1","quotations_corpus","2026-06-19T20:32:56.595276+00:00"
"404","pdf-250","SH-3y","3","","Apple to answer rumors with facts","MarketWatch","2003-04-26","Without any changes, it's not ideal because investors won't like a low-growth company that continues to be frustrated by comparisons from the Windows world,","3","3","medium","In 2003 Apple was a small-share PC maker (around 2% global market share) and was still often compared directly to Windows OEMs, which did limit its investor appeal at the time. Between 2003 and 2006, however, rapid growth from the iPod and iTunes ecosystem and a modest Mac resurgence turned Apple into a high-growth story that investors embraced, so the low-growth, Windows-framed scenario he warned about did not persist, even though his generic point about investor dislike of low-growth PC vendors was sound.","32.42","true","false","","","","","","","3","3","medium","P2","In 2003 Apple was a small-share PC maker (around 2% global market share) and was still often compared directly to Windows OEMs, which did limit its investor appeal at the time. Between 2003 and 2006, however, rapid growth from the iPod and iTunes ecosystem and a modest Mac resurgence turned Apple into a high-growth story that investors embraced, so the low-growth, Windows-framed scenario he warned about did not persist, even though his generic point about investor dislike of low-growth PC vendors was sound.","false","quotations_corpus_v1","quotations_corpus","2026-06-19T20:32:56.595276+00:00"
"810","pdf-250","SH-3y","3","","Apple to answer rumors with facts","MarketWatch","2003-04-26","Chip technology is small enough that Apple might be close to developing a new IPod that is as thick as just two or three credit cards and capable of carrying more information than any of its current devices.","3","2","medium","Between 2003 and 2006 Apple did release significantly thinner, higher‑capacity iPods, but nothing close to the physical thinness implied by “two or three credit cards.” The third‑generation iPod announced on April 28, 2003 was redesigned and thinner than its predecessors, and subsequent generations (4G in 2004, 5G with video in 2005) continued the trend to thinner bodies while increasing storage capacities up to 60 GB within the 3‑year window.[8] However, even the thinnest hard‑disk iPods and the first‑generation iPod nano (introduced in 2005) were several millimeters thick—far thicker than a few stacked credit cards—so the directional idea of much thinner, higher‑capacity iPods was right, but the specific form‑factor expectation was off by a wide margin.","9.19","true","true","3","3","medium","The claim correctly anticipated that advances in chip technology would enable significantly thinner iPods, and within three years Apple introduced the flash-based iPod nano (2005) and slimmer hard-drive iPods, confirming the general direction. However, by 2006 no iPod was anywhere near as thin as two or three credit cards, and the highest-capacity models were still relatively thick hard-drive iPods (up to roughly 40–60GB) while the very thin nano topped out at only a few gigabytes, so the specific prediction of a device that was both ultra-thin and higher-capacity than all existing iPods did not materialize. Overall, the forecast captured the form-factor trend but missed the capacity trade-offs and exact form-factor extremity in the stated horizon.","10.00","true","3","3","medium","P1_tiebreak","The claim correctly anticipated that advances in chip technology would enable significantly thinner iPods, and within three years Apple introduced the flash-based iPod nano (2005) and slimmer hard-drive iPods, confirming the general direction. However, by 2006 no iPod was anywhere near as thin as two or three credit cards, and the highest-capacity models were still relatively thick hard-drive iPods (up to roughly 40–60GB) while the very thin nano topped out at only a few gigabytes, so the specific prediction of a device that was both ultra-thin and higher-capacity than all existing iPods did not materialize. Overall, the forecast captured the form-factor trend but missed the capacity trade-offs and exact form-factor extremity in the stated horizon.","false","quotations_corpus_v1","quotations_corpus","2026-06-19T20:32:56.595276+00:00"
"1109","pdf-251","SH-3y","3","","With PC sales making up the overwhelming majority of Apple revenue, the company's worldwide PC shipments also","AP","","ear-ago period, and the 743,000 shipments it recorded in its 2002 first quarter. Research firm IDC said that during the first calendar quarter of this year, Apple held a 2.1 percent stake in the worldwide PC market, down from 2.4 percent a year ago. Kastner, of the Aberdeen Group, said such figures can't be ignored when looking at Apple from a l","0","3","low","The quotation as given is truncated and merely observes that Apple’s then-declining unit volumes and 2–2.5% global PC share “can’t be ignored,” without stating any clear forward-looking claim about whether Apple’s position would worsen or improve. In reality, within roughly three years Apple’s Mac business stabilized and then grew, with unit shipments and market share rising in the mid-2000s alongside the iPod halo effect and later the Intel transition, but since no concrete prediction is articulated here, its prescience cannot be meaningfully scored.","10.69","true","false","","","","","","","0","3","low","P2","The quotation as given is truncated and merely observes that Apple’s then-declining unit volumes and 2–2.5% global PC share “can’t be ignored,” without stating any clear forward-looking claim about whether Apple’s position would worsen or improve. In reality, within roughly three years Apple’s Mac business stabilized and then grew, with unit shipments and market share rising in the mid-2000s alongside the iPod halo effect and later the Intel transition, but since no concrete prediction is articulated here, its prescience cannot be meaningfully scored.","false","quotations_corpus_v1","quotations_corpus","2026-06-19T20:32:56.595276+00:00"
"1110","pdf-252","SH-3y","3","","""It is a little higher than expected,"" said Roger Kay, computer analyst with IDC. ""There's not that much of a gap in price","AP","","ap in price since the 15-gigabyte iPod is only $50 more. Still, it's a very good product."" Kay said he would expect Apple to do some price adjustments in the coming months, especially if the company sees sales of its 15-gigabyte iPod stagnate. Peter Kastner, computer analyst with the Aberdeen Group, said Apple is trying to make sure it maintains its lead in a market that is close to becoming flooded with low-priced competitors. ""Apple has always been a Porsche in a sea of Toyotas,"" Ka","4","3","high","Within the following three years, the portable music player market did see a flood of low-priced flash-based and hard-drive competitors from brands like Creative, SanDisk, Samsung, and numerous white-label OEMs, validating the expectation of a low-price sea. At the same time, Apple maintained a clear leadership position in digital music players, with iPod line share above roughly two-thirds of the market in many regions and a premium brand aura supported by iTunes integration and industrial design. The only reason this is not a 5 is that Apple’s pricing strategy also pushed iPods into more mass-market price tiers, making the ‘Porsche’ analogy directionally right on brand and margins but somewhat less precise on how broad and mainstream the iPod became by 2007.","24.05","true","false","","","","","","","4","3","high","P2","Within the following three years, the portable music player market did see a flood of low-priced flash-based and hard-drive competitors from brands like Creative, SanDisk, Samsung, and numerous white-label OEMs, validating the expectation of a low-price sea. At the same time, Apple maintained a clear leadership position in digital music players, with iPod line share above roughly two-thirds of the market in many regions and a premium brand aura supported by iTunes integration and industrial design. The only reason this is not a 5 is that Apple’s pricing strategy also pushed iPods into more mass-market price tiers, making the ‘Porsche’ analogy directionally right on brand and margins but somewhat less precise on how broad and mainstream the iPod became by 2007.","false","quotations_corpus_v1","quotations_corpus","2026-06-19T20:32:56.595276+00:00"
"1111","pdf-255","SH-3y","3","","Aberdeen's Kastner, who said the G5 will benefit from the faster processors, new cache and massive memory","AP","","Aberdeen's Kastner, who said the G5 will benefit from the faster processors, new cache and massive memory support, added that graphics designers and image manipulators will see vast improvements in their ability to apply filters, for example, because the code has been","4","3","high","The Power Mac G5, introduced in 2003, delivered significant performance gains for creative professionals, with its 64-bit PowerPC 970, higher clocks, large caches, and much larger RAM ceilings enabling markedly faster rendering and filter application in tools like Adobe Photoshop compared to both prior G4 systems and contemporary Pentium 4 workstations. However, the full potential of 64-bit optimization was constrained because macOS user applications and many key creative suites remained largely 32-bit for much of this three‑year window, and the G5 line itself was short‑lived as Apple began transitioning to Intel in 2005–2006, so the benefits were real but not as transformative or enduring as the rhetoric implied.","10.51","true","false","","","","","","","4","3","high","P2","The Power Mac G5, introduced in 2003, delivered significant performance gains for creative professionals, with its 64-bit PowerPC 970, higher clocks, large caches, and much larger RAM ceilings enabling markedly faster rendering and filter application in tools like Adobe Photoshop compared to both prior G4 systems and contemporary Pentium 4 workstations. However, the full potential of 64-bit optimization was constrained because macOS user applications and many key creative suites remained largely 32-bit for much of this three‑year window, and the G5 line itself was short‑lived as Apple began transitioning to Intel in 2005–2006, so the benefits were real but not as transformative or enduring as the rhetoric implied.","false","quotations_corpus_v1","quotations_corpus","2026-06-19T20:32:56.595276+00:00"
"1113","pdf-259","SH-3y","3","","Far from the exponential growth curves and hype, analyst firm The Aberdeen Group's digital consumer technology","","","Far from the exponential growth curves and hype, analyst firm The Aberdeen Group's digital consumer technology analyst Peter Kastner predicts an ""urban WiFi crash"" in 2004. ""The coming urban WiFi crash of 2004 is not in anyone's predictions, nor is the solution neat,"" Kastner says. For about $400, anyone can buy an 802.11b access point and wireless PCMCIA card and, with a broadba","2","3","medium","The predicted “urban WiFi crash of 2004” did not materialize as a widely observed systemic failure; instead, Wi-Fi usage in cities grew rapidly through 2004–2006 as 802.11b/g home routers and public hotspots proliferated and remained usable despite congestion. While dense 2.4GHz environments did experience interference and performance degradation in apartment buildings and offices, the industry mitigated this with better channel planning, the use of 5GHz (802.11a, later 802.11n dual‑band), and improved radios rather than suffering a crash. The claim correctly anticipated congestion as an issue in urban Wi-Fi, but its framing as a near-term crash in 2004 substantially overstated the severity and timing of the problem.","10.74","true","false","","","","","","","2","3","medium","P2","The predicted “urban WiFi crash of 2004” did not materialize as a widely observed systemic failure; instead, Wi-Fi usage in cities grew rapidly through 2004–2006 as 802.11b/g home routers and public hotspots proliferated and remained usable despite congestion. While dense 2.4GHz environments did experience interference and performance degradation in apartment buildings and offices, the industry mitigated this with better channel planning, the use of 5GHz (802.11a, later 802.11n dual‑band), and improved radios rather than suffering a crash. The claim correctly anticipated congestion as an issue in urban Wi-Fi, but its framing as a near-term crash in 2004 substantially overstated the severity and timing of the problem.","false","quotations_corpus_v1","quotations_corpus","2026-06-19T20:32:56.595276+00:00"
"1114","pdf-259","SH-3y","3","","Far from the exponential growth curves and hype, analyst firm The Aberdeen Group's digital consumer technology","","","ntial growth curves and hype, analyst firm The Aberdeen Group's digital consumer technology analyst Peter Kastner predicts an ""urban WiFi crash"" in 2004. ""The coming urban WiFi crash of 2004 is not in anyone's predictions, nor is the solution neat,"" Kastner says. For about $400, anyone can buy an 802.11b access point and wireless PCMCIA card and, with a broadband connection, can hook up their own wireless network. Unfortunately, both 802.11b/g technologies share three RF channels in the 2.4GHz band alo","2","3","medium","Dense 2.4 GHz Wi-Fi environments in cities did experience increasing interference and performance degradation as 802.11b/g home routers and hotspots proliferated from 2003–2006, but there was no widely recognized “urban WiFi crash” in 2004 that materially disrupted consumer or enterprise usage. Instead, Wi-Fi adoption accelerated in homes, enterprises, and public hotspots, and vendors mitigated congestion with better channel management and migration to 5 GHz and 802.11n, so the predicted dramatic systemic breakdown never occurred even though the underlying concern about spectrum crowding was technically valid.","10.06","true","false","","","","","","","2","3","medium","P2","Dense 2.4 GHz Wi-Fi environments in cities did experience increasing interference and performance degradation as 802.11b/g home routers and hotspots proliferated from 2003–2006, but there was no widely recognized “urban WiFi crash” in 2004 that materially disrupted consumer or enterprise usage. Instead, Wi-Fi adoption accelerated in homes, enterprises, and public hotspots, and vendors mitigated congestion with better channel management and migration to 5 GHz and 802.11n, so the predicted dramatic systemic breakdown never occurred even though the underlying concern about spectrum crowding was technically valid.","false","quotations_corpus_v1","quotations_corpus","2026-06-19T20:32:56.595276+00:00"
"27","pdf-26","LH","10","","Support for open systems builds piece by piece","Computerworld","1989-12-25","I just don't see all the various players getting together in 1990, or possibly ever,","4","3","high","Kastner’s skepticism that “all the various players” would come together in 1990 was accurate: the Unix wars between AT&T/Unix International and the Open Software Foundation continued into the early 1990s, and no grand unification materialized that year. Through the 1990s, standards like POSIX, the X/Open specifications, and later the Single UNIX Specification under The Open Group improved source-level compatibility, but vendors maintained distinct System V, BSD, and vendor-specific Unix flavors while Linux emerged as yet another, eventually dominant, Unix-like platform rather than a unifying vendor coalition. His stronger suggestion that they might never truly “get together” was directionally right—there was convergence on standards but never a single unified Unix or fully aligned vendor front—so the timing and basic thrust were prescient even if the absolute “ever” overstates the case.","15.67","true","false","","","","","","","4","3","high","P2","Kastner’s skepticism that “all the various players” would come together in 1990 was accurate: the Unix wars between AT&T/Unix International and the Open Software Foundation continued into the early 1990s, and no grand unification materialized that year. Through the 1990s, standards like POSIX, the X/Open specifications, and later the Single UNIX Specification under The Open Group improved source-level compatibility, but vendors maintained distinct System V, BSD, and vendor-specific Unix flavors while Linux emerged as yet another, eventually dominant, Unix-like platform rather than a unifying vendor coalition. His stronger suggestion that they might never truly “get together” was directionally right—there was convergence on standards but never a single unified Unix or fully aligned vendor front—so the timing and basic thrust were prescient even if the absolute “ever” overstates the case.","false","quotations_corpus_v1","quotations_corpus","2026-06-19T20:32:56.595276+00:00"
"28","pdf-26","SH-3y","3","","Support for open systems builds piece by piece","Computerworld","1989-12-25","","5","3","high","Between 1989 and roughly 1992, the huge installed base of MS‑DOS PCs remained dominant, and DOS applications continued to run as the primary workload even as Windows 3.0 (1990) and 3.1 (1992) emerged as graphical environments layered on top of DOS rather than replacing it.[10] DOS extenders such as Phar Lap and DOS/4GW enabled 32‑bit protected‑mode applications and games to keep using DOS hardware and software well into the early 1990s, effectively extending the useful life of existing DOS systems. Over the same period, OS/2 saw only modest adoption and never provided the expected mass‑market successor to DOS, while Unix remained relatively niche on desktops, so Kastner’s core claim that the DOS base and extenders would prolong DOS systems’ life even without a broad OS/2 “awakening” was borne out by subsequent history.","13.22","true","false","","","","","","","5","3","high","P2","Between 1989 and roughly 1992, the huge installed base of MS‑DOS PCs remained dominant, and DOS applications continued to run as the primary workload even as Windows 3.0 (1990) and 3.1 (1992) emerged as graphical environments layered on top of DOS rather than replacing it.[10] DOS extenders such as Phar Lap and DOS/4GW enabled 32‑bit protected‑mode applications and games to keep using DOS hardware and software well into the early 1990s, effectively extending the useful life of existing DOS systems. Over the same period, OS/2 saw only modest adoption and never provided the expected mass‑market successor to DOS, while Unix remained relatively niche on desktops, so Kastner’s core claim that the DOS base and extenders would prolong DOS systems’ life even without a broad OS/2 “awakening” was borne out by subsequent history.","false","quotations_corpus_v1","quotations_corpus","2026-06-19T20:32:56.595276+00:00"
"882","pdf-26","SH-3y","3","","Support for open systems builds piece by piece","Computerworld","1989-12-25","I just don't see all the various players getting together in 1990, or possibly ever,","5","3","high","Kastner’s skepticism that “all the various players” would come together around open systems in 1990 proved accurate: the UNIX community remained split between AT&T/Sun’s Unix International and the Open Software Foundation, and no unified USO-style consolidation materialized by the early 1990s. Even beyond the 3‑year horizon, attempts such as COSE (1993) and later X/Open/Single UNIX Specification created standards but did not produce a single unified UNIX or truly harmonious vendor coalition, while fragmentation persisted across Solaris, AIX, HP‑UX, and others. Over the longer term, the commercial UNIX vendors never fully “got together” before being strategically eclipsed by Windows NT and then Linux, aligning with his “possibly ever” qualifier as well as the near-term 1990 timeframe.","54.18","true","false","","","","","","","5","3","high","P2","Kastner’s skepticism that “all the various players” would come together around open systems in 1990 proved accurate: the UNIX community remained split between AT&T/Sun’s Unix International and the Open Software Foundation, and no unified USO-style consolidation materialized by the early 1990s. Even beyond the 3‑year horizon, attempts such as COSE (1993) and later X/Open/Single UNIX Specification created standards but did not produce a single unified UNIX or truly harmonious vendor coalition, while fragmentation persisted across Solaris, AIX, HP‑UX, and others. Over the longer term, the commercial UNIX vendors never fully “got together” before being strategically eclipsed by Windows NT and then Linux, aligning with his “possibly ever” qualifier as well as the near-term 1990 timeframe.","false","quotations_corpus_v1","quotations_corpus","2026-06-19T20:32:56.595276+00:00"
"422","pdf-262","SH-5y","4","","Blade Servers: Wait 'Til Next Year","Computerworld","2002-11-18","what once could be done with an expensive eight-way or larger Intel or Unix server can now be done with a handful of powerful blades.","4","3","high","From 2002–2006, the industry did shift many workloads that previously ran on expensive 8‑way+ SMP Intel/Unix boxes onto clusters of cheaper x86 blades such as IBM BladeCenter (launched 2002) and HP BladeSystem (c‑Class in 2006), especially for web/application tiers, hosting, and HPC. Virtualization (VMware ESX, Xen) and rapidly improving multi-core x86 CPUs increased per‑blade performance and consolidation ratios, so a small number of blades could match or exceed the throughput of prior large SMP servers for many scale‑out use cases. However, high-end OLTP databases and large SAP/ERP instances remained on big Unix and large SMP x86 systems through the late 2000s, so the statement slightly overgeneralized even though its overall direction and economics were largely correct within the 4‑year horizon.","23.39","true","false","","","","","","","4","3","high","P2","From 2002–2006, the industry did shift many workloads that previously ran on expensive 8‑way+ SMP Intel/Unix boxes onto clusters of cheaper x86 blades such as IBM BladeCenter (launched 2002) and HP BladeSystem (c‑Class in 2006), especially for web/application tiers, hosting, and HPC. Virtualization (VMware ESX, Xen) and rapidly improving multi-core x86 CPUs increased per‑blade performance and consolidation ratios, so a small number of blades could match or exceed the throughput of prior large SMP servers for many scale‑out use cases. However, high-end OLTP databases and large SAP/ERP instances remained on big Unix and large SMP x86 systems through the late 2000s, so the statement slightly overgeneralized even though its overall direction and economics were largely correct within the 4‑year horizon.","false","quotations_corpus_v1","quotations_corpus","2026-06-19T20:32:56.595276+00:00"
"421","pdf-262","SH-5y","5","","Blade Servers: Wait 'Til Next Year","Computerworld","2002-11-18","The relatively low cost of ramp-up - combined with the improving automation of server management functions - will attract customers,","4","3","high","By roughly 2007, blade servers had moved from niche to meaningful share, with Gartner estimating blades at about 10% of server shipments and vendors explicitly emphasizing easier deployment and management as adoption drivers.[6] Industry analyses later reinforced that lower hardware and deployment costs, along with centralized chassis-based management and improving automation tools, were key reasons organizations adopted blades.[3][6] Although density and virtualization were also major factors, Kastner’s specific claim that relatively low ramp‑up cost plus improving server management automation would attract customers was largely borne out in the mid‑2000s enterprise market.","8.64","true","false","","","","","","","4","3","high","P2","By roughly 2007, blade servers had moved from niche to meaningful share, with Gartner estimating blades at about 10% of server shipments and vendors explicitly emphasizing easier deployment and management as adoption drivers.[6] Industry analyses later reinforced that lower hardware and deployment costs, along with centralized chassis-based management and improving automation tools, were key reasons organizations adopted blades.[3][6] Although density and virtualization were also major factors, Kastner’s specific claim that relatively low ramp‑up cost plus improving server management automation would attract customers was largely borne out in the mid‑2000s enterprise market.","false","quotations_corpus_v1","quotations_corpus","2026-06-19T20:32:56.595276+00:00"
"1116","pdf-264","SH-3y","3","","Koo says AOL expects to deploy a considerable number of blade servers during the next few years and will likely test","AP","","expects to deploy a considerable number of blade servers during the next few years and will likely test blades running other data center applications, such as data warehousing, as well. Melding Servers While standards are sorely needed, Aberdeen's Kastner says it's becoming increasingly clear that ""what once could be done with an expensive eight-way or larger Intel or Unix server can now be done with a handful of powerful blades."" However, it's still unclear how data centers will monitor and manage","4","3","high","Within roughly three years of this statement, blade platforms like IBM BladeCenter and early HP/Dell blade systems were widely adopted to run many workloads that had previously justified costly 8‑way (and larger) Unix or Intel SMP servers, especially in web, application, and general-purpose enterprise tiers.[1][4][5][8] Industry reports from the mid‑2000s emphasize blades’ high density, shared infrastructure, and maturing multi‑socket designs, which enabled organizations to replace single large SMP boxes with a small cluster of blades for many (though not all) workloads.[1][4][5] However, very large monolithic database and OLTP systems remained on high-end Unix or proprietary SMP platforms longer, so the claim slightly overgeneralizes even though its overall direction—scale-out blade clusters displacing big SMP machines—proved correct over the horizon.","49.38","true","false","","","","","","","4","3","high","P2","Within roughly three years of this statement, blade platforms like IBM BladeCenter and early HP/Dell blade systems were widely adopted to run many workloads that had previously justified costly 8‑way (and larger) Unix or Intel SMP servers, especially in web, application, and general-purpose enterprise tiers.[1][4][5][8] Industry reports from the mid‑2000s emphasize blades’ high density, shared infrastructure, and maturing multi‑socket designs, which enabled organizations to replace single large SMP boxes with a small cluster of blades for many (though not all) workloads.[1][4][5] However, very large monolithic database and OLTP systems remained on high-end Unix or proprietary SMP platforms longer, so the claim slightly overgeneralizes even though its overall direction—scale-out blade clusters displacing big SMP machines—proved correct over the horizon.","false","quotations_corpus_v1","quotations_corpus","2026-06-19T20:32:56.595276+00:00"
"1117","pdf-266","SH-3y","3","","Peter Kastner, Vice President at Aberdeen Group, stated, ""The partnership between Informix and Blyth is a win-","AP","","Peter Kastner, Vice President at Aberdeen Group, stated, ""The partnership between Informix and Blyth is a win- win, combining great database technology with superb development tools. Blyth's web tools integrated into the INFORMIX-ONLINE DYNAMIC Server should prov","2","2","medium","Within three years, Informix struggled in the broader database and web development market, suffering an accounting scandal in 1997 and losing ground to Oracle, Microsoft SQL Server, and emerging Java-based web stacks, which limited the impact of any single tools partnership. Blyth’s Omnis-based web development tools remained niche compared to rapidly standardizing corporate choices like Microsoft’s IIS/ASP, Allaire ColdFusion, and Java servlets/JSP, so the collaboration did not define “state of the art” intranet/Internet products or materially shift corporate visibility. The quote was directionally right that such integrations were desirable, but substantially overstated the strategic and market importance of this specific partnership.","23.61","true","true","2","2","medium","Within roughly three years of the statement, Informix was struggling with an accounting scandal and competitive pressure, and by 2001 IBM acquired its database business, underscoring that the Informix platform did not establish a durable, mainstream ""state-of-the-art"" intranet/Internet stack in the enterprise market.[3][4] Blyth/Omnis tools remained a niche RAD environment and did not achieve major corporate visibility compared with rapidly ascendant web platforms such as Microsoft’s IIS/ASP and Java-based application servers, so the touted ""win-win"" impact and visibility boost were largely unrealized.","34.46","true","2","2","medium","P2","Within three years, Informix struggled in the broader database and web development market, suffering an accounting scandal in 1997 and losing ground to Oracle, Microsoft SQL Server, and emerging Java-based web stacks, which limited the impact of any single tools partnership. Blyth’s Omnis-based web development tools remained niche compared to rapidly standardizing corporate choices like Microsoft’s IIS/ASP, Allaire ColdFusion, and Java servlets/JSP, so the collaboration did not define “state of the art” intranet/Internet products or materially shift corporate visibility. The quote was directionally right that such integrations were desirable, but substantially overstated the strategic and market importance of this specific partnership.","false","quotations_corpus_v1","quotations_corpus","2026-06-19T20:32:56.595276+00:00"
"1119","pdf-278","SH-3y","3","","The underlying technologies of InterBiz solutions, including Unicenter TNG, Jasmine, 3-D visualizations and Neugents","eWEEK","","rBiz solutions, including Unicenter TNG, Jasmine, 3-D visualizations and Neugents neural network pattern recognition, provide realtime and information-rich reporting on business processes, Battat said. ""This is totally new and different,"" said Peter Kastner, executive vice president and chief research officer of the Aberdeen Group, Boston. ""No one else is working in this space."" The new division is ""not a traditional enterprise management play,"" said Colin Mahony, an analyst with Yankee Group, also bas","1","3","low","Within three years, CA’s InterBiz, Jasmine, 3‑D visualization, and Neugents technologies failed to define a new, durable category and saw limited market traction, with InterBiz’s application portfolio sold off to SSA Global by 2002. Other vendors such as IBM Tivoli, HP OpenView, BMC Patrol, and ERP/BI players like SAP, Oracle, Tibco, and SAS were already building or soon shipped real-time, information-rich monitoring and analytics for business processes, so CA was not alone in this space even at the time. The claim that this was “totally new and different” and uniquely positioned therefore did not hold up against subsequent enterprise management and business activity monitoring trends.","12.74","true","false","","","","","","","1","3","low","P2","Within three years, CA’s InterBiz, Jasmine, 3‑D visualization, and Neugents technologies failed to define a new, durable category and saw limited market traction, with InterBiz’s application portfolio sold off to SSA Global by 2002. Other vendors such as IBM Tivoli, HP OpenView, BMC Patrol, and ERP/BI players like SAP, Oracle, Tibco, and SAS were already building or soon shipped real-time, information-rich monitoring and analytics for business processes, so CA was not alone in this space even at the time. The claim that this was “totally new and different” and uniquely positioned therefore did not hold up against subsequent enterprise management and business activity monitoring trends.","false","quotations_corpus_v1","quotations_corpus","2026-06-19T20:32:56.595276+00:00"
"1120","pdf-279","SH-3y","3","","""Our research shows that CA customers are a lot happier than they were a year ago, when CA started its new","AP","","""Our research shows that CA customers are a lot happier than they were a year ago, when CA started its new sales model,"" Aberdeen’s Kastner said. Wyly asserted that CA has also dropped its pro forma financial reporting practices in favor of strict adherence to Generally Accepted Accounting Principles thanks to his pressure. Pro forma results are often difficult to understand and can pu","2","2","medium","Within roughly three years of this statement, Computer Associates was still widely viewed as a difficult, hardball enterprise software vendor, and its reputation for contentious licensing and customer dissatisfaction persisted rather than showing a clear structural turnaround. The company was also engulfed in a major accounting scandal culminating in 2004–2005 restatements, SEC enforcement, and executive guilty pleas, indicating that its financial reporting and governance issues had not been cleanly resolved as implied. Although CA did move toward more conventional GAAP-focused reporting and subscription-style contracts in the early 2000s, these changes did not translate into a sustained, broadly recognized surge in customer happiness over the subsequent few years.","30.07","true","true","0","1","low","The quotation is a contemporaneous description of Aberdeen’s survey finding that CA customers were happier after a change in the sales model, not a forward-looking prediction about CA’s future product success, financial trajectory, or longer-term customer satisfaction. It lacks specific, time-indexed claims that can be checked three years out (e.g., on renewal rates, market share, product adoption, or reputation), and available public histories of Computer Associates in this period focus on broader issues such as its accounting investigations and rebranding to CA Inc., not on verifiable follow-up measurements of this short-term shift in customer sentiment. Because the statement is both narrow and weakly connected to observable market or technology outcomes, there is insufficient historical evidence to rigorously judge its prescience over a three‑year horizon.","7.97","true","2","2","medium","P2","Within roughly three years of this statement, Computer Associates was still widely viewed as a difficult, hardball enterprise software vendor, and its reputation for contentious licensing and customer dissatisfaction persisted rather than showing a clear structural turnaround. The company was also engulfed in a major accounting scandal culminating in 2004–2005 restatements, SEC enforcement, and executive guilty pleas, indicating that its financial reporting and governance issues had not been cleanly resolved as implied. Although CA did move toward more conventional GAAP-focused reporting and subscription-style contracts in the early 2000s, these changes did not translate into a sustained, broadly recognized surge in customer happiness over the subsequent few years.","false","quotations_corpus_v1","quotations_corpus","2026-06-19T20:32:56.595276+00:00"
"1000","pdf-28","SH-3y","3","","Technology Forecast Forecast '96","Computerworld","1996-01-02","Users will have one box for all their server needs one box to buy and one box to manage,","2","3","medium","By 1999, Windows NT had indeed gained share and many organizations standardized more of their infrastructure on NT-based servers, reducing some NetWare and Unix diversity. However, medium and large enterprises continued to deploy multiple specialized servers for file/print, email (e.g., Exchange), databases (e.g., SQL Server, Oracle), and web hosting, and even many small businesses ran more than one server as needs grew. The longer-term trend also moved toward more, not fewer, logical server instances via web farms, clustering, and later virtualization and cloud, so the notion of a single box handling all server needs did not hold up beyond a few very small environments.","14.18","true","false","","","","","","","2","3","medium","P2","By 1999, Windows NT had indeed gained share and many organizations standardized more of their infrastructure on NT-based servers, reducing some NetWare and Unix diversity. However, medium and large enterprises continued to deploy multiple specialized servers for file/print, email (e.g., Exchange), databases (e.g., SQL Server, Oracle), and web hosting, and even many small businesses ran more than one server as needs grew. The longer-term trend also moved toward more, not fewer, logical server instances via web farms, clustering, and later virtualization and cloud, so the notion of a single box handling all server needs did not hold up beyond a few very small environments.","false","quotations_corpus_v1","quotations_corpus","2026-06-19T20:32:56.595276+00:00"
"173","pdf-28","SH-5y","5","","Technology Forecast Forecast '96","Computerworld","1996-01-02","But it is bad news for Novell, Inc.'s NetWare, which is losing market share to NT Server, according to Peter Kastner, an analyst at Aberdeen Group, Inc., a market research firm in Boston.","5","3","high","In the early 1990s Novell NetWare held the dominant LAN/server OS share, often cited above 60–70%, but from the mid-1990s through the early 2000s its share steadily eroded as organizations migrated file, print, and application workloads to Microsoft Windows NT Server and then Windows 2000 Server. By roughly 1999–2001, industry reports from firms such as IDC and Gartner showed Windows NT/2000 surpassing NetWare in new server OS licenses and installed base, and Novell’s core NetWare business entered long-term decline that led it to pivot toward directory services and later Linux (e.g., the 2003 SUSE acquisition), confirming that NetWare’s market-share losses to NT not only continued but accelerated over the five-year horizon.","9.21","true","false","","","","","","","5","3","high","P2","In the early 1990s Novell NetWare held the dominant LAN/server OS share, often cited above 60–70%, but from the mid-1990s through the early 2000s its share steadily eroded as organizations migrated file, print, and application workloads to Microsoft Windows NT Server and then Windows 2000 Server. By roughly 1999–2001, industry reports from firms such as IDC and Gartner showed Windows NT/2000 surpassing NetWare in new server OS licenses and installed base, and Novell’s core NetWare business entered long-term decline that led it to pivot toward directory services and later Linux (e.g., the 2003 SUSE acquisition), confirming that NetWare’s market-share losses to NT not only continued but accelerated over the five-year horizon.","false","quotations_corpus_v1","quotations_corpus","2026-06-19T20:32:56.595276+00:00"
"1124","pdf-309","SH-3y","3","","Manufacturers count on a low redemption rate, as do retailers, because they can advertise a discounted price but sell","","","Manufacturers count on a low redemption rate, as do retailers, because they can advertise a discounted price but sell at full price and keep the difference. ''It is a primary reason for using rebates instead of sales,'' Mr. Kastner said. ''It also boggles the mind that otherwise upstanding product companies would pursue this tawdry strategy, which can alienate their consumers.'' Manufacturers and companies that process rebates say they are being blamed for problems they do not","4","3","high","Kastner’s characterization that manufacturers and retailers rely on low rebate redemption rates to advertise discounted prices while mostly selling at full price held up: studies through the 2000s consistently found many consumer rebate programs with redemption rates well under 50%, often in the teens for complex mail‑in offers, making breakage a core economic driver. Within roughly three years, backlash over confusing, delayed, and denied rebates led several major U.S. retailers and PC/electronics vendors to scale back or eliminate mail‑in rebates in favor of instant discounts or simpler promotions, explicitly citing consumer dissatisfaction, which aligns with his warning that the practice could alienate customers. The only reason this is not a perfect score is that subsequent industry analysis emphasized additional major motives for rebates (price discrimination, data capture, and channel incentives), so “primary reason” was somewhat overstated.","39.28","true","false","","","","","","","4","3","high","P2","Kastner’s characterization that manufacturers and retailers rely on low rebate redemption rates to advertise discounted prices while mostly selling at full price held up: studies through the 2000s consistently found many consumer rebate programs with redemption rates well under 50%, often in the teens for complex mail‑in offers, making breakage a core economic driver. Within roughly three years, backlash over confusing, delayed, and denied rebates led several major U.S. retailers and PC/electronics vendors to scale back or eliminate mail‑in rebates in favor of instant discounts or simpler promotions, explicitly citing consumer dissatisfaction, which aligns with his warning that the practice could alienate customers. The only reason this is not a perfect score is that subsequent industry analysis emphasized additional major motives for rebates (price discrimination, data capture, and channel incentives), so “primary reason” was somewhat overstated.","false","quotations_corpus_v1","quotations_corpus","2026-06-19T20:32:56.595276+00:00"
"1127","pdf-321","SH-3y","3","","Dell executives said shipments of its OptiPlex and Dimension desktop computers rose 25 percent in the three","","","of its OptiPlex and Dimension desktop computers rose 25 percent in the three months ended Aug. 1, while server shipments rose 27 percent over the year-ago period. Revenue from external storage systems rose 46 percent to more than $1.5 billion. Peter Kastner, a personal computer analyst with Aberdeen Group, said Dell's performance supports the company's focus on standardized computing technologies. ""This is a very good quarter, again, for Dell,"" Kastner said. ""Profits continue to outpace revenue growth,","4","3","high","Kastner links Dell’s strong quarter and above-revenue profit growth to its focus on standardized computing, essentially endorsing the direct, Wintel-based, highly standardized product strategy as structurally sound. Over the subsequent three years, Dell’s revenues and unit volumes grew far faster than the overall PC and server markets, it rose to the top tier of global PC suppliers, and it maintained industry-leading margins, confirming that this standardized, low-cost model delivered sustained outperformance despite intense price competition. The statement is mostly an accurate characterization of a durable competitive advantage rather than a precise forecast, but it aligns well with how Dell’s business actually performed in that period.","27.93","true","false","","","","","","","4","3","high","P2","Kastner links Dell’s strong quarter and above-revenue profit growth to its focus on standardized computing, essentially endorsing the direct, Wintel-based, highly standardized product strategy as structurally sound. Over the subsequent three years, Dell’s revenues and unit volumes grew far faster than the overall PC and server markets, it rose to the top tier of global PC suppliers, and it maintained industry-leading margins, confirming that this standardized, low-cost model delivered sustained outperformance despite intense price competition. The statement is mostly an accurate characterization of a durable competitive advantage rather than a precise forecast, but it aligns well with how Dell’s business actually performed in that period.","false","quotations_corpus_v1","quotations_corpus","2026-06-19T20:32:56.595276+00:00"
"1128","pdf-321","SH-3y","3","","Dell executives said shipments of its OptiPlex and Dimension desktop computers rose 25 percent in the three","","","s rose 46 percent to more than $1.5 billion. Peter Kastner, a personal computer analyst with Aberdeen Group, said Dell's performance supports the company's focus on standardized computing technologies. ""This is a very good quarter, again, for Dell,"" Kastner said. ""Profits continue to outpace revenue growth, (and) in spite of anemic economic conditions and relentless d","4","2","high","Over the subsequent three years, Dell’s strategy of standardized, Wintel-based OptiPlex/Dimension desktops and PowerEdge x86 servers continued to deliver strong growth and margins, and the company became (and remained for a time) the world’s largest PC supplier by units and revenue. Dell’s profits and return on invested capital stayed ahead of many rivals in the 2003–2006 window, validating the idea that its standardized, cost-focused model was performing well even as overall IT spending was still recovering from the dot-com bust. The comment is mostly an affirmation of then-current performance, but its implicit endorsement of Dell’s standardized-computing focus held up well over the stated short horizon.","11.46","true","false","","","","","","","4","2","high","P2","Over the subsequent three years, Dell’s strategy of standardized, Wintel-based OptiPlex/Dimension desktops and PowerEdge x86 servers continued to deliver strong growth and margins, and the company became (and remained for a time) the world’s largest PC supplier by units and revenue. Dell’s profits and return on invested capital stayed ahead of many rivals in the 2003–2006 window, validating the idea that its standardized, cost-focused model was performing well even as overall IT spending was still recovering from the dot-com bust. The comment is mostly an affirmation of then-current performance, but its implicit endorsement of Dell’s standardized-computing focus held up well over the stated short horizon.","false","quotations_corpus_v1","quotations_corpus","2026-06-19T20:32:56.595276+00:00"
"1129","pdf-323","SH-3y","3","","Dell is clearly serious about its expansion efforts. “Do not overlook the fact that Dell Computer Inc. changed its","Inc.","","Dell is clearly serious about its expansion efforts. “Do not overlook the fact that Dell Computer Inc. changed its name to Dell Inc.,” Kastner says. “That's a direct message from the board of directors that computers are not Dell's only business anymore.” That may be good news for consumers and bad news for other consumer electronics marketers. Russ Craig, director of research of semicondu","4","3","high","Within three years of its early-2000s name change to Dell Inc., Dell did in fact broaden beyond PCs into a range of consumer and peripheral categories, including Dell-branded printers, LCD TVs, handhelds like the Axim, and music players such as the Dell DJ, alongside a growing peripherals and services business. This expansion validated the idea that the company no longer saw itself as only a computer maker, and helped intensify price competition in several PC-adjacent consumer electronics segments, even though Dell remained heavily PC-centric and many of the new categories later underperformed or were exited.","14.38","true","false","","","","","","","4","3","high","P2","Within three years of its early-2000s name change to Dell Inc., Dell did in fact broaden beyond PCs into a range of consumer and peripheral categories, including Dell-branded printers, LCD TVs, handhelds like the Axim, and music players such as the Dell DJ, alongside a growing peripherals and services business. This expansion validated the idea that the company no longer saw itself as only a computer maker, and helped intensify price competition in several PC-adjacent consumer electronics segments, even though Dell remained heavily PC-centric and many of the new categories later underperformed or were exited.","false","quotations_corpus_v1","quotations_corpus","2026-06-19T20:32:56.595276+00:00"
"1130","pdf-327","SH-3y","3","","Although the asset recovery business is profitable, its success rests with helping customers purchase additional Dell","Inc.","","to do with old equipment, Arbogast says. ""Given that our primary focus is enabling Dell's to sell additional hardware, Dell's focus on this service is not to build a huge portfolio of highly profitable asset recovery services,"" Arbogast says. Peter Kastner, an analyst at Boston-based research firm The Aberdeen Group Inc., says the asset recovery program isn't likely to generate the 30 percent profit margins that Dell typically seeks, but it","4","2","high","Over the following years, Dell’s asset recovery offerings remained a relatively small, ancillary service positioned to support hardware refreshes and sustainability goals rather than a major, high-margin profit engine. The service has consistently been marketed as a way to securely retire legacy equipment and potentially apply residual value toward new Dell purchases, not as a standalone business generating premium margins comparable to Dell’s core product lines. There is no evidence that asset recovery evolved into a portfolio with 30%‑type margins within the near term after launch, suggesting the analyst’s directional call on its modest profitability and sales-enablement role was largely accurate, even if exact margin figures are not publicly documented.","10.25","true","false","","","","","","","4","2","high","P2","Over the following years, Dell’s asset recovery offerings remained a relatively small, ancillary service positioned to support hardware refreshes and sustainability goals rather than a major, high-margin profit engine. The service has consistently been marketed as a way to securely retire legacy equipment and potentially apply residual value toward new Dell purchases, not as a standalone business generating premium margins comparable to Dell’s core product lines. There is no evidence that asset recovery evolved into a portfolio with 30%‑type margins within the near term after launch, suggesting the analyst’s directional call on its modest profitability and sales-enablement role was largely accurate, even if exact margin figures are not publicly documented.","false","quotations_corpus_v1","quotations_corpus","2026-06-19T20:32:56.595276+00:00"
"750","pdf-33","SH-3y","3","","Popular Himalaya gives Tandem new options, markets","Computerworld","1994-09-12","They're trying to change their stripes,","4","3","high","Within three years of 1994, Tandem did in fact push the NonStop line toward greater openness, including extending the NonStop Kernel with Open System Services (OSS), a POSIX-compliant Unix environment, and adding more standard interfaces and tools. They also introduced ServerNet interconnect technology and worked on interoperability with mainstream platforms such as large Windows NT Server networks, which reduced the architectural isolation of classic NonStop systems even though the underlying architecture remained proprietary and the company was acquired by Compaq in 1997.","10.11","true","false","","","","","","","4","3","high","P2","Within three years of 1994, Tandem did in fact push the NonStop line toward greater openness, including extending the NonStop Kernel with Open System Services (OSS), a POSIX-compliant Unix environment, and adding more standard interfaces and tools. They also introduced ServerNet interconnect technology and worked on interoperability with mainstream platforms such as large Windows NT Server networks, which reduced the architectural isolation of classic NonStop systems even though the underlying architecture remained proprietary and the company was acquired by Compaq in 1997.","false","quotations_corpus_v1","quotations_corpus","2026-06-19T20:32:56.595276+00:00"
"987","pdf-33","SH-3y","3","","Popular Himalaya gives Tandem new options, markets","Computerworld","1994-09-12","They're trying to change their stripes,","4","2","high","Between 1994 and 1997 Tandem rolled out the MIPS-based NonStop Himalaya S- and K-series with ServerNet interconnects, improving price/performance and positioning the line more competitively for mainstream OLTP and commercial workloads. In the same period Tandem introduced POSIX/Open System Services, Unix-style interfaces, standard networking, and closer integration with Windows NT, so NonStop systems did become substantially more open than earlier Guardian-only generations, even though they remained a specialized proprietary platform.","14.08","true","false","","","","","","","4","2","high","P2","Between 1994 and 1997 Tandem rolled out the MIPS-based NonStop Himalaya S- and K-series with ServerNet interconnects, improving price/performance and positioning the line more competitively for mainstream OLTP and commercial workloads. In the same period Tandem introduced POSIX/Open System Services, Unix-style interfaces, standard networking, and closer integration with Windows NT, so NonStop systems did become substantially more open than earlier Guardian-only generations, even though they remained a specialized proprietary platform.","false","quotations_corpus_v1","quotations_corpus","2026-06-19T20:32:56.595276+00:00"
"988","pdf-33","SH-3y","3","","Popular Himalaya gives Tandem new options, markets","Computerworld","1994-09-12","They are trying to give people more bang for the buck, and they're more open than they ever have been.","4","3","high","Between 1994 and 1997, Tandem did in fact move its NonStop/Himalaya line toward greater openness and better price/performance relative to its own earlier systems, adding the POSIX-based Open System Services environment to the NonStop Kernel in 1995 and emphasizing parallel, scalable 'open' Himalaya servers in marketing and alliances.[1][2] The 1996 strategic alliance with Microsoft to bring NonStop-style capabilities to Windows NT Server further reinforced a shift toward industry-standard platforms and interfaces, even though Tandem systems remained premium-priced and the company was acquired by Compaq in 1997, showing that improved openness and value did not translate into long-term independence.[1][2][4]","16.76","true","false","","","","","","","4","3","high","P2","Between 1994 and 1997, Tandem did in fact move its NonStop/Himalaya line toward greater openness and better price/performance relative to its own earlier systems, adding the POSIX-based Open System Services environment to the NonStop Kernel in 1995 and emphasizing parallel, scalable 'open' Himalaya servers in marketing and alliances.[1][2] The 1996 strategic alliance with Microsoft to bring NonStop-style capabilities to Windows NT Server further reinforced a shift toward industry-standard platforms and interfaces, even though Tandem systems remained premium-priced and the company was acquired by Compaq in 1997, showing that improved openness and value did not translate into long-term independence.[1][2][4]","false","quotations_corpus_v1","quotations_corpus","2026-06-19T20:32:56.595276+00:00"
"1131","pdf-335","SH-3y","3","","Peter Kastner, a personal computer analyst with the Aberdeen Group, said Dell's performance supports the","","","Peter Kastner, a personal computer analyst with the Aberdeen Group, said Dell's performance supports the company's focus on standardized computing technologies. ""This is a very good quarter, again, for Dell,"" Kastner said. ""Profits continue to outpace revenue gro","4","3","high","Over the subsequent three years, Dell’s strategy of focusing on standardized, Intel/Windows-based commodity hardware and a tightly optimized direct model continued to deliver industry-leading growth and profits, validating the link Kastner made between its performance and standardized computing technologies.[6][9] Dell became and remained the world’s largest PC vendor in the early 2000s and was widely noted for outpacing many rivals on margins and growth despite intense price competition and deflation in PC prices.[6][3] The model only started to show meaningful strain later in the decade, beyond the 3-year forecast window, so his characterization held up well over the stated horizon.[3]","9.56","true","false","","","","","","","4","3","high","P2","Over the subsequent three years, Dell’s strategy of focusing on standardized, Intel/Windows-based commodity hardware and a tightly optimized direct model continued to deliver industry-leading growth and profits, validating the link Kastner made between its performance and standardized computing technologies.[6][9] Dell became and remained the world’s largest PC vendor in the early 2000s and was widely noted for outpacing many rivals on margins and growth despite intense price competition and deflation in PC prices.[6][3] The model only started to show meaningful strain later in the decade, beyond the 3-year forecast window, so his characterization held up well over the stated horizon.[3]","false","quotations_corpus_v1","quotations_corpus","2026-06-19T20:32:56.595276+00:00"
"1132","pdf-335","SH-3y","3","","Peter Kastner, a personal computer analyst with the Aberdeen Group, said Dell's performance supports the","","","Peter Kastner, a personal computer analyst with the Aberdeen Group, said Dell's performance supports the company's focus on standardized computing technologies. ""This is a very good quarter, again, for Dell,"" Kastner said. ""Profits continue to outpace revenue growth, (and) in spite of anemic economic conditions and relentless deflation in prices, Dell is leading the industry in performance on a percentage basis."" In after-hours trading, Dell's shares gave up 45","0","3","low","The quotation is almost entirely a descriptive comment on Dell’s then-current quarterly performance and its comparative standing during a weak PC market, not a concrete, time-bounded forecast about what would happen over the next three years. While Dell did remain a leading PC vendor with strong results in the early‑mid 2000s, there is no specific, falsifiable 3‑year prediction here to judge (no stated expectations about future growth, margins, market share, or strategy durability). Because the statement is essentially a present-tense assessment rather than a forward-looking claim, it cannot meaningfully be scored for prescience over a 3‑year horizon.","12.56","true","false","","","","","","","0","3","low","P2","The quotation is almost entirely a descriptive comment on Dell’s then-current quarterly performance and its comparative standing during a weak PC market, not a concrete, time-bounded forecast about what would happen over the next three years. While Dell did remain a leading PC vendor with strong results in the early‑mid 2000s, there is no specific, falsifiable 3‑year prediction here to judge (no stated expectations about future growth, margins, market share, or strategy durability). Because the statement is essentially a present-tense assessment rather than a forward-looking claim, it cannot meaningfully be scored for prescience over a 3‑year horizon.","false","quotations_corpus_v1","quotations_corpus","2026-06-19T20:32:56.595276+00:00"
"747","pdf-34","SH-3y","1","","IBM and CA enhance database features","Computerworld","1994-07-18","how the competitive market pressured IBM to add stored procedures capabilities to the next release of DB2","5","3","high","Kastner’s claim that competitive pressure would push IBM to add stored procedures to the next DB2 release was borne out when DB2 for MVS/ESA Version 4 introduced stored procedures as a headline feature in the mid‑1990s.[2][5] This release arrived roughly a year after the 1994 article, and IBM’s own and independent historical accounts consistently describe Version 4 as the point where DB2 for z/OS first gained stored procedure support, aligning with market trends set earlier by Oracle, Sybase, and SQL Server.[2][5][7]","15.74","true","false","","","","","","","5","3","high","P2","Kastner’s claim that competitive pressure would push IBM to add stored procedures to the next DB2 release was borne out when DB2 for MVS/ESA Version 4 introduced stored procedures as a headline feature in the mid‑1990s.[2][5] This release arrived roughly a year after the 1994 article, and IBM’s own and independent historical accounts consistently describe Version 4 as the point where DB2 for z/OS first gained stored procedure support, aligning with market trends set earlier by Oracle, Sybase, and SQL Server.[2][5][7]","false","quotations_corpus_v1","quotations_corpus","2026-06-19T20:32:56.595276+00:00"
"982","pdf-34","SH-3y","3","","IBM and CA enhance database features","Computerworld","1994-07-18","are forcing the mainframe database bunch to extend and enhance their products,","4","3","high","From 1994 to roughly 1997, IBM and other mainframe database vendors did in fact extend and enhance their products significantly under pressure from Unix-based relational systems such as Oracle, Sybase, and Informix, adding features like stored procedures, richer SQL, and stronger client/server and distributed capabilities. IBM DB2 for MVS/ESA Version 4 (mid‑1990s) and Version 5 (1997) delivered substantial functional upgrades aligned with these trends, while CA and others similarly modernized their mainframe databases to remain competitive. The statement is somewhat generic rather than a sharply defined prediction, but its core characterization—that competitive pressure from distributed RDBMS vendors was actively driving mainframe database feature expansion in that period—held up well over the 3‑year horizon.","36.67","true","false","","","","","","","4","3","high","P2","From 1994 to roughly 1997, IBM and other mainframe database vendors did in fact extend and enhance their products significantly under pressure from Unix-based relational systems such as Oracle, Sybase, and Informix, adding features like stored procedures, richer SQL, and stronger client/server and distributed capabilities. IBM DB2 for MVS/ESA Version 4 (mid‑1990s) and Version 5 (1997) delivered substantial functional upgrades aligned with these trends, while CA and others similarly modernized their mainframe databases to remain competitive. The statement is somewhat generic rather than a sharply defined prediction, but its core characterization—that competitive pressure from distributed RDBMS vendors was actively driving mainframe database feature expansion in that period—held up well over the 3‑year horizon.","false","quotations_corpus_v1","quotations_corpus","2026-06-19T20:32:56.595276+00:00"
"153","pdf-34","SH-5y","5","","IBM and CA enhance database features","Computerworld","1994-07-18","Enhancements brought to the fore by the Unix-oriented database vendors “are forcing the mainframe database bunch to extend and enhance their products,'' said Peter Kastner, a vice president at Aberdeen Group, a Boston consultancy.","4","3","high","From the early to late 1990s, Oracle, Sybase, and Informix on Unix platforms grew rapidly and differentiated with features such as stored procedures, triggers, and advanced client/server capabilities, putting clear competitive pressure on mainframe-centric databases. In that same period IBM’s DB2 for MVS/ESA introduced and then significantly enhanced stored procedures and related programmability and performance features (e.g., in DB2 V4 and subsequent releases), and CA likewise evolved IDMS and other mainframe data products to maintain parity with Unix-oriented SQL databases. This matches Kastner’s characterization that Unix database innovation was forcing the ‘mainframe database bunch’ to extend and enhance their products over the ensuing years, though it described a trend already underway rather than predicting a surprising new turn.","28.90","true","false","","","","","","","4","3","high","P2","From the early to late 1990s, Oracle, Sybase, and Informix on Unix platforms grew rapidly and differentiated with features such as stored procedures, triggers, and advanced client/server capabilities, putting clear competitive pressure on mainframe-centric databases. In that same period IBM’s DB2 for MVS/ESA introduced and then significantly enhanced stored procedures and related programmability and performance features (e.g., in DB2 V4 and subsequent releases), and CA likewise evolved IDMS and other mainframe data products to maintain parity with Unix-oriented SQL databases. This matches Kastner’s characterization that Unix database innovation was forcing the ‘mainframe database bunch’ to extend and enhance their products over the ensuing years, though it described a trend already underway rather than predicting a surprising new turn.","false","quotations_corpus_v1","quotations_corpus","2026-06-19T20:32:56.595276+00:00"
"1133","pdf-340","SH-3y","3","","Pescatore added that Cisco should work to reduce the impact of future code exposures by joining the File Signature","","","wire, IBM (NYSE: IBM) More about IBM, Sun Microsystems and others, aims to create a library of legitimate software products and their signatures. Trouble Ahead? Although enterprises may be protected from harm as a result of the reported code leak, Kastner posited that Cisco itself could have difficulties because of the theft. ""Any code posted to the Net gives hackers an opportunity,"" Kastner said. Armed with the stolen code, hackers will be","2","2","medium","Kastner suggested Cisco would face significant difficulties because leaked source code would give hackers new opportunities, but in the roughly three years after the well‑known Cisco IOS code leak, there were no widely documented large‑scale compromises or business setbacks clearly attributable to that specific theft. Cisco continued to dominate routing and switching, and while IOS vulnerabilities and patches remained common, they were part of the normal security lifecycle rather than a step‑change in exploitation linked to the leak. The general principle that leaked source can aid attackers has proven true in other contexts, but the specific forecast of notable Cisco difficulties within a few years of this incident did not meaningfully materialize.","16.14","true","true","3","2","medium","Kastner warned in 2004 that leaked Cisco IOS source code on the Internet would give attackers an opportunity to study it for holes and exploit vulnerabilities, forcing Cisco to intensify its router security efforts.[4][6] In the three years that followed, researchers and attackers continued to find and exploit IOS vulnerabilities, Cisco increased its formal PSIRT advisories and patch cadence, and IOS security hardening became a higher-profile, ongoing process, but there was no widely documented, catastrophic wave of attacks clearly traced to the 2004 code leak itself.[4][6] His general point—that exposed source code increases attacker opportunity and compels a vendor to reinforce security—held up in broad industry practice and later Cisco-related leaks, yet the specific short-term impact of this particular theft appears to have been more limited than the quote implies, making the prediction only partially borne out.","23.24","true","2","2","medium","P2","Kastner suggested Cisco would face significant difficulties because leaked source code would give hackers new opportunities, but in the roughly three years after the well‑known Cisco IOS code leak, there were no widely documented large‑scale compromises or business setbacks clearly attributable to that specific theft. Cisco continued to dominate routing and switching, and while IOS vulnerabilities and patches remained common, they were part of the normal security lifecycle rather than a step‑change in exploitation linked to the leak. The general principle that leaked source can aid attackers has proven true in other contexts, but the specific forecast of notable Cisco difficulties within a few years of this incident did not meaningfully materialize.","false","quotations_corpus_v1","quotations_corpus","2026-06-19T20:32:56.595276+00:00"
"1134","pdf-340","SH-3y","3","","Pescatore added that Cisco should work to reduce the impact of future code exposures by joining the File Signature","","","ures. Trouble Ahead? Although enterprises may be protected from harm as a result of the reported code leak, Kastner posited that Cisco itself could have difficulties because of the theft. ""Any code posted to the Net gives hackers an opportunity,"" Kastner said. Armed with the stolen code, hackers will be","2","3","medium","After the 2004 theft and leak of Cisco IOS source code, there were no widely documented large-scale compromises or worms clearly attributed to attackers analyzing the stolen code within the following three years. Cisco’s core router and switch business continued to grow, and the company did not face notable, enduring commercial or security crises traceable specifically to that code leak, even though the general principle that exposed source code can aid vulnerability discovery is valid.","25.52","true","false","","","","","","","2","3","medium","P2","After the 2004 theft and leak of Cisco IOS source code, there were no widely documented large-scale compromises or worms clearly attributed to attackers analyzing the stolen code within the following three years. Cisco’s core router and switch business continued to grow, and the company did not face notable, enduring commercial or security crises traceable specifically to that code leak, even though the general principle that exposed source code can aid vulnerability discovery is valid.","false","quotations_corpus_v1","quotations_corpus","2026-06-19T20:32:56.595276+00:00"
"1135","pdf-343","SH-3y","3","","""As a nation, we have to innovate faster than the rest of the world,"" he said. ""Clearly, this technology will have an","AP","","to innovate faster than the rest of the world,"" he said. ""Clearly, this technology will have an impact for all nations, but it's in our best interest to have it here for economic competitiveness and faster innovation."" Aberdeen Group analyst Peter Kastner told the E-Commerce Times that such a supercomputer also would be handy for military applications, as it would eliminate the need for real-world testing. Beyond Science Zacharia added that beyond scientific applications, such a powerful supercompu","4","2","high","Within a few years of the statement, national competition around high-end supercomputers (e.g., U.S. DOE systems and Japan’s Earth Simulator) was explicitly framed in terms of economic competitiveness and scientific leadership, validating the link between supercomputing and national innovation agendas. Over the same period, military and defense programs increasingly relied on large-scale simulation for tasks like nuclear stockpile stewardship and weapons design, reducing but not fully eliminating the need for certain categories of real-world tests, while commercial sectors such as automotive and aerospace deepened their use of HPC for virtual crash tests and design optimization. The only overstatement is the implication that real-world testing could be eliminated rather than substantially reduced, which is why the assessment is largely but not perfectly accurate.","10.88","true","false","","","","","","","4","2","high","P2","Within a few years of the statement, national competition around high-end supercomputers (e.g., U.S. DOE systems and Japan’s Earth Simulator) was explicitly framed in terms of economic competitiveness and scientific leadership, validating the link between supercomputing and national innovation agendas. Over the same period, military and defense programs increasingly relied on large-scale simulation for tasks like nuclear stockpile stewardship and weapons design, reducing but not fully eliminating the need for certain categories of real-world tests, while commercial sectors such as automotive and aerospace deepened their use of HPC for virtual crash tests and design optimization. The only overstatement is the implication that real-world testing could be eliminated rather than substantially reduced, which is why the assessment is largely but not perfectly accurate.","false","quotations_corpus_v1","quotations_corpus","2026-06-19T20:32:56.595276+00:00"
"1136","pdf-344","SH-3y","3","","As the Microsoft appeal goes forward, it will be interesting to note which companies emerge as allies to the","AP","","As the Microsoft appeal goes forward, it will be interesting to note which companies emerge as allies to the Redmond, Washington-based giant, said Aberdeen Group chief research officer Peter Kastner. In an interview with the E-Commerce Times, Kastner noted that Microsoft has many ""silent friends"" who might become vocal as the case goes forward. ""How Microsoft does business has been determined as legal in the U.S.,"" Kastner said. ""So, for the","2","2","medium","In the 3 years after the statement, Microsoft’s EU antitrust case proceeded with strong, vocal support mainly from its rivals’ camp and complainants like Sun and RealNetworks, not from “silent friend” allies rallying publicly to its side.[2][11] The EU’s 2004 decision focused remedies and fines on Microsoft’s specific abuses and did not immediately impose broad, crisis-level new standards that visibly threatened “every other global company,” though later cases against firms such as Intel showed EU competition scrutiny expanding over a longer horizon.[2][4][11]","11.26","true","true","2","2","medium","During Microsoft's EU antitrust appeal, few large technology companies publicly emerged as strong allies; most major vendors such as Sun, Oracle, RealNetworks and others were complainants or on the opposite side, and the Court of First Instance largely upheld the Commission’s 2004 decision in 2007. The notion that EU standards would “threaten” every other global company also did not materialize within the three‑year horizon, as firms generally adapted to EU competition and interoperability requirements even as Brussels later pursued aggressive cases against other U.S. tech firms like Intel and Google. Overall, the prediction of vocal corporate allies was mostly off, while the broader warning about divergent EU standards affecting global tech was only weakly borne out in the short term.","53.60","true","2","2","medium","P2","In the 3 years after the statement, Microsoft’s EU antitrust case proceeded with strong, vocal support mainly from its rivals’ camp and complainants like Sun and RealNetworks, not from “silent friend” allies rallying publicly to its side.[2][11] The EU’s 2004 decision focused remedies and fines on Microsoft’s specific abuses and did not immediately impose broad, crisis-level new standards that visibly threatened “every other global company,” though later cases against firms such as Intel showed EU competition scrutiny expanding over a longer horizon.[2][4][11]","false","quotations_corpus_v1","quotations_corpus","2026-06-19T20:32:56.595276+00:00"
"1137","pdf-344","SH-3y","3","","As the Microsoft appeal goes forward, it will be interesting to note which companies emerge as allies to the","AP","","As the Microsoft appeal goes forward, it will be interesting to note which companies emerge as allies to the Redmond, Washington-based giant, said Aberdeen Group chief research officer Peter Kastner. In an interview with the E-Commerce Times, Kastner noted that Microsoft has many ""silent friends"" who might become vocal as the case goes forward. ""How Microsoft does business has been determined as legal in the U.S.,"" Kastner said. ""So, for the EU to set a totally different standard for business c","2","2","medium","Over the three years following the EU’s 2004 antitrust decision, Microsoft’s appeal to the European Court of First Instance culminated in 2007 with the court largely upholding the Commission’s ruling on Windows Media Player bundling and server interoperability, leaving Microsoft relatively isolated rather than backed by a broad coalition of corporate allies. Most active intervenors in the EU case were competitors and open-source or consumer groups (such as Sun Microsystems, Oracle, RealNetworks, and the Free Software Foundation Europe), not the “silent friends” from large global firms that Kastner suggested would become vocal supporters. While EU competition standards did indeed diverge from the U.S. approach and were later applied to other global technology firms like Intel and Google, this did not translate into those companies publicly rallying around Microsoft in the 2004–2007 appeal window.","31.88","true","true","3","3","medium","The forecast that Microsoft’s EU antitrust appeal would galvanize many ‘silent friends’ into vocal allies did not really materialize; the 2007 judgment largely upheld the Commission’s 2004 decision and most prominent technology firms (Sun, Oracle, RealNetworks, IBM) were complainants or on the opposing side rather than public allies. However, the broader warning that the EU was articulating a competition standard meaningfully different from the U.S. did prove directionally correct, as EU competition law became a more aggressive constraint on dominant firms and later investigations extended to other global companies like Intel and, in the following decade, Google and other large platforms beyond the initial three‑year horizon.","15.19","true","3","3","medium","P1_tiebreak","The forecast that Microsoft’s EU antitrust appeal would galvanize many ‘silent friends’ into vocal allies did not really materialize; the 2007 judgment largely upheld the Commission’s 2004 decision and most prominent technology firms (Sun, Oracle, RealNetworks, IBM) were complainants or on the opposing side rather than public allies. However, the broader warning that the EU was articulating a competition standard meaningfully different from the U.S. did prove directionally correct, as EU competition law became a more aggressive constraint on dominant firms and later investigations extended to other global companies like Intel and, in the following decade, Google and other large platforms beyond the initial three‑year horizon.","false","quotations_corpus_v1","quotations_corpus","2026-06-19T20:32:56.595276+00:00"
"1138","pdf-344","SH-3y","3","","As the Microsoft appeal goes forward, it will be interesting to note which companies emerge as allies to the","AP","","earch officer Peter Kastner. In an interview with the E-Commerce Times, Kastner noted that Microsoft has many ""silent friends"" who might become vocal as the case goes forward. ""How Microsoft does business has been determined as legal in the U.S.,"" Kastner said. ""So, for the EU to set a totally different standard for business conduct threatens not only Microsoft, but every other global company as well."" Desler agreed the ru","2","3","medium","Within three years of the EU’s 2004 antitrust decision against Microsoft, the European Court of First Instance largely upheld the ruling in 2007 and Microsoft paid fines and offered remedies, but there was no broad wave of public corporate allies rallying to Microsoft as “silent friends” becoming vocal. The EU did apply a somewhat different and more aggressive competition standard than the post-settlement U.S. approach in United States v. Microsoft, yet this did not quickly translate into a generalized threat to “every other global company,” instead evolving into targeted cases against specific dominant firms over a longer period (e.g., Intel and later Google) rather than a wholesale challenge to global business models.","11.60","true","false","","","","","","","2","3","medium","P2","Within three years of the EU’s 2004 antitrust decision against Microsoft, the European Court of First Instance largely upheld the ruling in 2007 and Microsoft paid fines and offered remedies, but there was no broad wave of public corporate allies rallying to Microsoft as “silent friends” becoming vocal. The EU did apply a somewhat different and more aggressive competition standard than the post-settlement U.S. approach in United States v. Microsoft, yet this did not quickly translate into a generalized threat to “every other global company,” instead evolving into targeted cases against specific dominant firms over a longer period (e.g., Intel and later Google) rather than a wholesale challenge to global business models.","false","quotations_corpus_v1","quotations_corpus","2026-06-19T20:32:56.595276+00:00"
"1140","pdf-356","SH-3y","3","","Kastner pointed out that the elected position of state attorney general is often a stepping-stone to higher","AP","","Kastner pointed out that the elected position of state attorney general is often a stepping-stone to higher political office, and that the Microsoft case offers high visibility to the attorneys general involved. ""Draw your own conclusions,"" Kastner said.","4","2","high","Within three years of the 2004 comment, prominent Microsoft-case state attorney general Eliot Spitzer parlayed his national antitrust profile into a successful run for New York governor in 2006, illustrating the office as a springboard to higher office. More broadly, the early 2000s continued a longstanding U.S. pattern in which high-visibility state attorneys general, including those active in major tech and tobacco litigation, used the position to build name recognition for gubernatorial or senatorial campaigns. However, not all of the attorneys general involved in the Microsoft case moved up within that short window, so the observation remained more directionally accurate than specifically predictive.","94.19","true","false","","","","","","","4","2","high","P2","Within three years of the 2004 comment, prominent Microsoft-case state attorney general Eliot Spitzer parlayed his national antitrust profile into a successful run for New York governor in 2006, illustrating the office as a springboard to higher office. More broadly, the early 2000s continued a longstanding U.S. pattern in which high-visibility state attorneys general, including those active in major tech and tobacco litigation, used the position to build name recognition for gubernatorial or senatorial campaigns. However, not all of the attorneys general involved in the Microsoft case moved up within that short window, so the observation remained more directionally accurate than specifically predictive.","false","quotations_corpus_v1","quotations_corpus","2026-06-19T20:32:56.595276+00:00"
"1141","pdf-356","SH-3y","3","","Kastner pointed out that the elected position of state attorney general is often a stepping-stone to higher","AP","","Kastner pointed out that the elected position of state attorney general is often a stepping-stone to higher political office, and that the Microsoft case offers high visibility to the attorneys general involved. ""Draw your own conclusions,"" Kastner said. Microsoft Patches IE Security Flaws By Helen Gallagher, E-Commerce Times 02/03/04 7:28 AM PT Users, especially home workers, small businesses and individuals, could lower their risk of attack immediately by using the Mozilla or Netscape brow","0","1","low","The quote is primarily a political-career observation about state attorneys general using high-visibility cases as a springboard to higher office, rather than a concrete, testable forecast tied to a specific technology or market outcome over the next three years. While historically some state AGs have indeed moved on to governorships or U.S. Senate seats, the statement here is framed as a generic, open-ended ""draw your own conclusions"" comment about possible political benefits from the Microsoft antitrust case, without naming particular individuals, offices, or timelines that can be evaluated against outcomes by ~2007.[2][7] Because it lacks a clearly specified prediction or measurable horizon-linked claim, it cannot be meaningfully scored for prescience under the rubric.","51.19","true","false","","","","","","","0","1","low","P2","The quote is primarily a political-career observation about state attorneys general using high-visibility cases as a springboard to higher office, rather than a concrete, testable forecast tied to a specific technology or market outcome over the next three years. While historically some state AGs have indeed moved on to governorships or U.S. Senate seats, the statement here is framed as a generic, open-ended ""draw your own conclusions"" comment about possible political benefits from the Microsoft antitrust case, without naming particular individuals, offices, or timelines that can be evaluated against outcomes by ~2007.[2][7] Because it lacks a clearly specified prediction or measurable horizon-linked claim, it cannot be meaningfully scored for prescience under the rubric.","false","quotations_corpus_v1","quotations_corpus","2026-06-19T20:32:56.595276+00:00"
"966","pdf-36","SH-3y","3","","Software AG forms client/server team with NCR, Apple","Computerworld","1993-10-25","Both NCR and Software AG are trying to come to grips with the market demand for comprehensive, easy-to-use tools to develop client/server applications with all the robustness that people need to run their business,","4","3","high","From 1993 to roughly 1996, enterprise IT spending and architectural strategy were heavily focused on moving from mainframe to client/server systems, with strong demand for tools that combined PC-style ease of use with mainframe-grade robustness for line-of-business applications.[1][9] This demand manifested in rapid adoption of client/server-oriented development environments and middleware (for example Visual Basic, PowerBuilder, Oracle Developer tools, and 4GLs tied to relational databases), confirming Kastner’s characterization of the market’s desire for comprehensive, easy-to-use but robust client/server application tooling. While NCR and Software AG did not become dominant in this tools segment, the quote is directionally accurate about both their efforts and, more importantly, about the nature of market demand in the mid‑1990s client/server era.","13.55","true","false","","","","","","","4","3","high","P2","From 1993 to roughly 1996, enterprise IT spending and architectural strategy were heavily focused on moving from mainframe to client/server systems, with strong demand for tools that combined PC-style ease of use with mainframe-grade robustness for line-of-business applications.[1][9] This demand manifested in rapid adoption of client/server-oriented development environments and middleware (for example Visual Basic, PowerBuilder, Oracle Developer tools, and 4GLs tied to relational databases), confirming Kastner’s characterization of the market’s desire for comprehensive, easy-to-use but robust client/server application tooling. While NCR and Software AG did not become dominant in this tools segment, the quote is directionally accurate about both their efforts and, more importantly, about the nature of market demand in the mid‑1990s client/server era.","false","quotations_corpus_v1","quotations_corpus","2026-06-19T20:32:56.595276+00:00"
"1145","pdf-365","SH-3y","3","","Gartner's Smith concurred that the platform's basic security features are paramount. He rated the partitioning feature","","","important bulwark against malware and denial-of-service attacks. As for .NET, Smith said those in the know already have it. ""You didn't need to wait for Win2003 to deploy .NET. If you did, you didn't really understand the software."" But Aberdeen's Kastner said that, nonetheless, integration of .NET with Win2003 is important because it makes .NET more reliable. ""You have to realize Win2003 is a long-term project to bring underlying stabili","4","3","high","IIS 6.0 in Windows Server 2003 introduced worker process isolation and application pools, which materially improved containment of faults and reduced the kind of broad IIS-compromising worms seen with Code Red and Nimda, making it a meaningful, if not complete, bulwark against many web-facing malware and denial-of-service conditions. .NET Framework 1.0/1.1 was already deployable on Windows 2000 and XP, and early adopters did so, while Windows Server 2003’s tighter integration of the CLR and ASP.NET into IIS 6.0 became the standard, more reliable hosting environment for .NET applications by the mid-2000s. In practice Windows Server 2003 gained a strong reputation for stability and security and became the dominant Windows server platform through the second half of the 2000s, validating the idea that it was a long-term project to improve underlying system stability, even though Windows overall continued to face significant security challenges.","13.30","true","false","","","","","","","4","3","high","P2","IIS 6.0 in Windows Server 2003 introduced worker process isolation and application pools, which materially improved containment of faults and reduced the kind of broad IIS-compromising worms seen with Code Red and Nimda, making it a meaningful, if not complete, bulwark against many web-facing malware and denial-of-service conditions. .NET Framework 1.0/1.1 was already deployable on Windows 2000 and XP, and early adopters did so, while Windows Server 2003’s tighter integration of the CLR and ASP.NET into IIS 6.0 became the standard, more reliable hosting environment for .NET applications by the mid-2000s. In practice Windows Server 2003 gained a strong reputation for stability and security and became the dominant Windows server platform through the second half of the 2000s, validating the idea that it was a long-term project to improve underlying system stability, even though Windows overall continued to face significant security challenges.","false","quotations_corpus_v1","quotations_corpus","2026-06-19T20:32:56.595276+00:00"
"741","pdf-37","SH-3y","3","","NCR eyes software growth with new unit","Computerworld","1993-09-27","he believes NCR will be better positioned to expand and develop its product cache","3","2","medium","Within three years of the 1993 article, NCR’s software assets such as Teradata and its retail/financial systems software were increasingly organized and marketed as part of integrated solution portfolios, and the company was spun off from AT&T in 1996 with a clearer focus on data warehousing and industry-specific systems. However, during this 1993–1996 window AT&T’s NCR/Global Information Solutions unit significantly underperformed expectations, prompted write‑downs, and did not show the kind of strong software-led growth that would clearly validate the idea that a new software division had unlocked major expansion. The prediction that NCR would be better positioned to expand and develop its product portfolio was directionally correct in organizational terms, but the business results and market impact in the stated horizon were mixed.","14.04","true","true","2","2","medium","Within three years of 1993, AT&T’s integration of NCR (rebranded as AT&T Global Information Solutions) was widely judged a failure, leading to large write‑offs, repeated restructurings, and an announced spin‑off of NCR by 1996. NCR did not emerge as a notably stronger, broadly recognized software vendor in this period; its identity and revenues remained dominated by hardware-centric businesses such as ATMs and POS systems rather than an expanded, standalone software product portfolio. The new software division therefore did not materially translate into the kind of clear expansion and development of NCR’s software product cache that the quote anticipated for the mid‑1990s.","8.87","true","3","2","medium","P2","Within three years of the 1993 article, NCR’s software assets such as Teradata and its retail/financial systems software were increasingly organized and marketed as part of integrated solution portfolios, and the company was spun off from AT&T in 1996 with a clearer focus on data warehousing and industry-specific systems. However, during this 1993–1996 window AT&T’s NCR/Global Information Solutions unit significantly underperformed expectations, prompted write‑downs, and did not show the kind of strong software-led growth that would clearly validate the idea that a new software division had unlocked major expansion. The prediction that NCR would be better positioned to expand and develop its product portfolio was directionally correct in organizational terms, but the business results and market impact in the stated horizon were mixed.","false","quotations_corpus_v1","quotations_corpus","2026-06-19T20:32:56.595276+00:00"
"964","pdf-37","SH-3y","3","","NCR eyes software growth with new unit","Computerworld","1993-09-27","a several hundred million dollar business","1","3","low","DEC’s VAXft fault‑tolerant systems remained a niche product and never approached a several hundred million dollar annual business, with limited sales and minimal impact compared to Tandem and Stratus through the mid‑1990s. The VAXft line was effectively discontinued within a few years and DEC’s overall decline culminated in its acquisition by Compaq in 1998, confirming that the scale implied by the original expectation was not achieved. Thus, the characterization of VAXft as a prospective several hundred million dollar per year business was contradicted by subsequent market outcomes.","29.69","true","false","","","","","","","1","3","low","P2","DEC’s VAXft fault‑tolerant systems remained a niche product and never approached a several hundred million dollar annual business, with limited sales and minimal impact compared to Tandem and Stratus through the mid‑1990s. The VAXft line was effectively discontinued within a few years and DEC’s overall decline culminated in its acquisition by Compaq in 1998, confirming that the scale implied by the original expectation was not achieved. Thus, the characterization of VAXft as a prospective several hundred million dollar per year business was contradicted by subsequent market outcomes.","false","quotations_corpus_v1","quotations_corpus","2026-06-19T20:32:56.595276+00:00"
"1146","pdf-370","SH-3y","3","","Microsoft has said it is investigating the file-name spoofing vulnerability, but the company has not disclosed whether","E-Commerce Times","","ft has said it is investigating the file-name spoofing vulnerability, but the company has not disclosed whether a patch will become available at the same time as the patch for the IE spoofing flaw discovered last month. Aberdeen Group analyst Peter Kastner told the E-Commerce Times that although Microsoft is often criticized for patch delays, he believes the company should be given some leeway on the issue. ""You're not seeing a whole lot of functionality creeping through the micro patch process,"" he","3","2","medium","Kastner’s characterization that Microsoft’s security patches were largely focused on fixes rather than adding new functionality held up over the next several years, as the company formalized Patch Tuesday and delivered mostly security-only updates across Windows and Internet Explorer. However, the assertion that Microsoft fixed flaws “as quickly as possible” was only partially borne out: while Microsoft did respond relatively quickly to some issues (and had already begun the Trustworthy Computing and SDL initiatives), high-profile incidents like Blaster, Sasser, and the WMF vulnerability fueled ongoing criticism that its patch cadence and response were still too slow. Overall, his defense of Microsoft’s intent and direction was directionally right, but it understated the real and widely acknowledged lag and controversy around Microsoft’s patch responsiveness in the 2003–2006 period.","15.80","true","false","","","","","","","3","2","medium","P2","Kastner’s characterization that Microsoft’s security patches were largely focused on fixes rather than adding new functionality held up over the next several years, as the company formalized Patch Tuesday and delivered mostly security-only updates across Windows and Internet Explorer. However, the assertion that Microsoft fixed flaws “as quickly as possible” was only partially borne out: while Microsoft did respond relatively quickly to some issues (and had already begun the Trustworthy Computing and SDL initiatives), high-profile incidents like Blaster, Sasser, and the WMF vulnerability fueled ongoing criticism that its patch cadence and response were still too slow. Overall, his defense of Microsoft’s intent and direction was directionally right, but it understated the real and widely acknowledged lag and controversy around Microsoft’s patch responsiveness in the 2003–2006 period.","false","quotations_corpus_v1","quotations_corpus","2026-06-19T20:32:56.595276+00:00"
"1147","pdf-372","SH-3y","3","","This build-to-order model has worked not only with PCs, but in other segments where Dell has been capturing market","AP","","ld-to-order model has worked not only with PCs, but in other segments where Dell has been capturing market share, including servers, workstations and notebook computers. In an atmosphere in which cutting spending remains a major competitive factor, Kastner said, Dell is poised to ride out tough times while positioning itself for the recovery, when corporate IT investment increases. ""They're able to move the throttle much more quickly than the competition,"" he noted. According to Dell spokesperson Mi","5","3","high","Within the early‑2000s downturn and subsequent recovery window, Dell’s build‑to‑order direct model did in fact allow it to keep inventory very low, adjust configurations rapidly, and undercut rivals on cost, which case studies describe as a key reason it outperformed competitors during industry slowdowns.[3][5][8] These same analyses document Dell extending the build‑to‑order, just‑in‑time approach beyond desktop PCs into notebooks and servers, using its high‑velocity, low‑inventory operations and direct customer relationships to capture additional market share.[5][7] Given that the quote’s 3‑year horizon aligns with this period of Dell riding out the post‑dot‑com slump and gaining share as IT spending recovered, the characterization of Dell as being able to “move the throttle” faster than competitors was borne out in practice.","13.44","true","false","","","","","","","5","3","high","P2","Within the early‑2000s downturn and subsequent recovery window, Dell’s build‑to‑order direct model did in fact allow it to keep inventory very low, adjust configurations rapidly, and undercut rivals on cost, which case studies describe as a key reason it outperformed competitors during industry slowdowns.[3][5][8] These same analyses document Dell extending the build‑to‑order, just‑in‑time approach beyond desktop PCs into notebooks and servers, using its high‑velocity, low‑inventory operations and direct customer relationships to capture additional market share.[5][7] Given that the quote’s 3‑year horizon aligns with this period of Dell riding out the post‑dot‑com slump and gaining share as IT spending recovered, the characterization of Dell as being able to “move the throttle” faster than competitors was borne out in practice.","false","quotations_corpus_v1","quotations_corpus","2026-06-19T20:32:56.595276+00:00"
"1148","pdf-374","SH-3y","3","","Now more than ever, said Kastner, basic business principles are coming into play for e-commerce, and","","","Now more than ever, said Kastner, basic business principles are coming into play for e-commerce, and companies can no longer build their futures on spending-fueled buzz and marketing hype. ""The Internet gold rush is over,"" said Kastner. ""Businesses are putting their dreams more in","5","3","high","Kastner’s claim that the “Internet gold rush is over” and that e‑commerce firms would be forced back to basic business principles closely matches what happened in the 2001–2004 period after the dot‑com crash. Venture funding and IPO windows for money-losing dot‑coms effectively shut, thousands of firms failed, and surviving players like Amazon shifted emphasis to unit economics, cost control, and clear paths to profitability, with Amazon posting its first full-year profit in 2003. While e‑commerce continued to grow, the late‑1990s model of spending-fueled buzz and hype-driven valuations largely disappeared in the early 2000s, replaced by more disciplined planning, consolidation, and focus on sustainable business models within the forecast horizon.","14.43","true","false","","","","","","","5","3","high","P2","Kastner’s claim that the “Internet gold rush is over” and that e‑commerce firms would be forced back to basic business principles closely matches what happened in the 2001–2004 period after the dot‑com crash. Venture funding and IPO windows for money-losing dot‑coms effectively shut, thousands of firms failed, and surviving players like Amazon shifted emphasis to unit economics, cost control, and clear paths to profitability, with Amazon posting its first full-year profit in 2003. While e‑commerce continued to grow, the late‑1990s model of spending-fueled buzz and hype-driven valuations largely disappeared in the early 2000s, replaced by more disciplined planning, consolidation, and focus on sustainable business models within the forecast horizon.","false","quotations_corpus_v1","quotations_corpus","2026-06-19T20:32:56.595276+00:00"
"1149","pdf-374","SH-3y","3","","Now more than ever, said Kastner, basic business principles are coming into play for e-commerce, and","","","Now more than ever, said Kastner, basic business principles are coming into play for e-commerce, and companies can no longer build their futures on spending-fueled buzz and marketing hype. ""The Internet gold rush is over,"" said Kastner. ""Businesses are putting their dreams more in line with reality. They're using a much sharper pencil when making their plans and decisions."" Preparing for 2002, companies need more stringent, focused planning than they might have settled for in pas","5","3","high","Between 2000 and 2002 the dot-com bubble burst, the NASDAQ collapsed, and high-burn, hype-driven e-commerce firms like Pets.com and Webvan failed, forcing investors and boards to insist on basic business metrics such as unit economics, profitability paths, and sustainable customer acquisition costs. From 2001–2004, enterprise and online retailers sharply tightened IT and e-commerce spending, demanded clearer ROI and disciplined planning, and the surviving players like Amazon and eBay shifted focus from land-grab marketing to operating efficiency and profits, matching Kastner’s depiction of the post–“gold rush” environment. While later waves of Internet exuberance appeared, in the three-year horizon the sector clearly transitioned from buzz-fueled growth to more stringent, fundamentals-driven planning and investment.","15.41","true","false","","","","","","","5","3","high","P2","Between 2000 and 2002 the dot-com bubble burst, the NASDAQ collapsed, and high-burn, hype-driven e-commerce firms like Pets.com and Webvan failed, forcing investors and boards to insist on basic business metrics such as unit economics, profitability paths, and sustainable customer acquisition costs. From 2001–2004, enterprise and online retailers sharply tightened IT and e-commerce spending, demanded clearer ROI and disciplined planning, and the surviving players like Amazon and eBay shifted focus from land-grab marketing to operating efficiency and profits, matching Kastner’s depiction of the post–“gold rush” environment. While later waves of Internet exuberance appeared, in the three-year horizon the sector clearly transitioned from buzz-fueled growth to more stringent, fundamentals-driven planning and investment.","false","quotations_corpus_v1","quotations_corpus","2026-06-19T20:32:56.595276+00:00"
"1150","pdf-377","SH-3y","3","","Aberdeen Group chief research officer Peter Kastner noted that other improvements, which are likely to play","","","Aberdeen Group chief research officer Peter Kastner noted that other improvements, which are likely to play out for the rest of the decade, will transform e-commerce in even more ways. As wireless devices become more Web-compatible, and as server size continues to shrink, e-businesses will be able to","4","3","high","Within roughly three years of the quote, server density and price/performance improved rapidly via 1U rack servers, x86/Linux web farms, and emerging blade servers from HP and IBM, letting e-commerce sites add more functionality without large footprint increases. At the same time, basic mobile web access via WAP/GPRS, NTT DoCoMo’s i-mode, and early smartphones/PDAs (e.g., BlackBerry, Palm) did make wireless devices more web-compatible, although they were still far from the rich mobile e-commerce experiences that only took off after the iPhone (2007) and app stores. The prediction about smarter, more targeted e-marketing was strongly validated in this early-2000s window by Amazon-style collaborative filtering recommendations, personalization engines, and email targeting, even if the full transformative impact of mobile on e-commerce took longer than the nominal 3-year horizon.","13.87","true","false","","","","","","","4","3","high","P2","Within roughly three years of the quote, server density and price/performance improved rapidly via 1U rack servers, x86/Linux web farms, and emerging blade servers from HP and IBM, letting e-commerce sites add more functionality without large footprint increases. At the same time, basic mobile web access via WAP/GPRS, NTT DoCoMo’s i-mode, and early smartphones/PDAs (e.g., BlackBerry, Palm) did make wireless devices more web-compatible, although they were still far from the rich mobile e-commerce experiences that only took off after the iPhone (2007) and app stores. The prediction about smarter, more targeted e-marketing was strongly validated in this early-2000s window by Amazon-style collaborative filtering recommendations, personalization engines, and email targeting, even if the full transformative impact of mobile on e-commerce took longer than the nominal 3-year horizon.","false","quotations_corpus_v1","quotations_corpus","2026-06-19T20:32:56.595276+00:00"
"1151","pdf-378","SH-3y","3","","And Aberdeen Group chief research officer Peter Kastner has said users are ""waiting with bated breath for","","","And Aberdeen Group chief research officer Peter Kastner has said users are ""waiting with bated breath for Passport service"" to relieve them of the hassle of ""entering information 14 times."" But Gartner has dispatched this caveat to businesses interested in procuring Passport: ""Be aware of consumers' pri","1","3","low","Within roughly three years of this statement, Microsoft Passport failed to attract broad consumer enthusiasm or merchant adoption and remained largely confined to Microsoft’s own services, undermined by privacy concerns, low trust, and regulatory scrutiny. Users continued to enter information separately on most sites or rely on emerging browser-based form-fill and password tools, and Passport never became the eagerly awaited, widely adopted solution implied by the quote. Although the underlying pain point of repetitive data entry was real, it was later addressed more by alternatives like federated logins (e.g., Google/Facebook) and integrated browser and OS features than by Passport itself.","16.03","true","false","","","","","","","1","3","low","P2","Within roughly three years of this statement, Microsoft Passport failed to attract broad consumer enthusiasm or merchant adoption and remained largely confined to Microsoft’s own services, undermined by privacy concerns, low trust, and regulatory scrutiny. Users continued to enter information separately on most sites or rely on emerging browser-based form-fill and password tools, and Passport never became the eagerly awaited, widely adopted solution implied by the quote. Although the underlying pain point of repetitive data entry was real, it was later addressed more by alternatives like federated logins (e.g., Google/Facebook) and integrated browser and OS features than by Passport itself.","false","quotations_corpus_v1","quotations_corpus","2026-06-19T20:32:56.595276+00:00"
"1152","pdf-380","SH-3y","3","","Betting on the Lazy","AP","","Betting on the Lazy Indeed, the most important reason why manufacturers like rebates is simple: Many people never attempt to collect what they are owed. Kastner estimated that 40 percent of consumers do not follow through on rebate offers. When IT rebates are separated from the pack, the proportion of unclaimed checks can be even more startling. Hsia said the typical redemption rate for his company's produ","4","2","high","Kastner’s explanation that manufacturers favor rebates because many buyers never redeem them aligns with well-documented breakage economics, as typical mail‑in rebate redemption rates for consumer electronics and IT products in the 2000s often ranged from roughly single digits to a few tens of percent, leaving a large share unclaimed. Estimates in that era frequently cited non‑redemption rates of 40% or higher for mass‑market offers, and technology hardware and peripherals commonly saw sub‑15% redemption, matching the specific 2–15% range described. Over the following years rebate programs persisted in IT and electronics, and while online and paperless submissions modestly raised redemption rates, a substantial fraction of rebates still went unclaimed, confirming the basic behavioral pattern he described.","56.29","true","false","","","","","","","4","2","high","P2","Kastner’s explanation that manufacturers favor rebates because many buyers never redeem them aligns with well-documented breakage economics, as typical mail‑in rebate redemption rates for consumer electronics and IT products in the 2000s often ranged from roughly single digits to a few tens of percent, leaving a large share unclaimed. Estimates in that era frequently cited non‑redemption rates of 40% or higher for mass‑market offers, and technology hardware and peripherals commonly saw sub‑15% redemption, matching the specific 2–15% range described. Over the following years rebate programs persisted in IT and electronics, and while online and paperless submissions modestly raised redemption rates, a substantial fraction of rebates still went unclaimed, confirming the basic behavioral pattern he described.","false","quotations_corpus_v1","quotations_corpus","2026-06-19T20:32:56.595276+00:00"
"1153","pdf-381","SH-3y","3","","The much-talked-about 64-bit microprocessors coming down the pike from Intel (Nasdaq: INTC) and Advanced","E-Commerce Times","","ew processors right away. And an important question looms: Do businesses really want to make the switch to 64-bit computing? In the short term, the answer is probably no. ""The imminent arrival of 64-bit computing has been wildly exaggerated,"" Peter Kastner, executive vice president at Aberdeen Group, told the E-Commerce Times.","5","3","high","Over the three years after this claim, 64-bit processors like Intel’s Itanium (launched 2001) saw very limited business uptake, and AMD’s Opteron/Athlon 64 (launched 2003) were only beginning to penetrate server and enthusiast niches rather than the mainstream enterprise desktop. Most business PCs and standard Windows deployments stayed on 32-bit x86 through the early 2000s, with broad 64-bit operating system and application adoption not arriving until later in the decade. This slow, niche-heavy trajectory means the hyped, near-term ‘arrival’ of 64-bit business computing was indeed exaggerated in the short term, matching Kastner’s assessment for the 3-year horizon.","18.27","true","false","","","","","","","5","3","high","P2","Over the three years after this claim, 64-bit processors like Intel’s Itanium (launched 2001) saw very limited business uptake, and AMD’s Opteron/Athlon 64 (launched 2003) were only beginning to penetrate server and enthusiast niches rather than the mainstream enterprise desktop. Most business PCs and standard Windows deployments stayed on 32-bit x86 through the early 2000s, with broad 64-bit operating system and application adoption not arriving until later in the decade. This slow, niche-heavy trajectory means the hyped, near-term ‘arrival’ of 64-bit business computing was indeed exaggerated in the short term, matching Kastner’s assessment for the 3-year horizon.","false","quotations_corpus_v1","quotations_corpus","2026-06-19T20:32:56.595276+00:00"
"1154","pdf-382","SH-3y","3","","But although AMD and Intel seem to be preparing for battle, Kastner noted that very few applications currently","AP","","But although AMD and Intel seem to be preparing for battle, Kastner noted that very few applications currently could benefit from the power of 64-bit computing. ""Those that crunch huge numbers or need a lot of memory"" could use the technology, he said. ""Some middleware, particularly databases, can take advantage of","5","3","high","Within about three years of AMD64 and Intel’s 64-bit x86 introductions (Opteron in 2003 and Intel’s EM64T in 2004), the primary real-world beneficiaries were exactly the kinds of workloads Kastner named: database and middleware servers, high-performance and scientific computing, and other memory-intensive applications such as knowledge management and analytics. Most client and line-of-business applications remained 32-bit through the mid-2000s, typical PCs still shipped with 1–2 GB of RAM, and enterprises continued to run substantial investments on established 32-bit and Unix systems, so 64-bit did not yet justify a wholesale abandonment of 32-bit architectures within that three-year window.","13.16","true","false","","","","","","","5","3","high","P2","Within about three years of AMD64 and Intel’s 64-bit x86 introductions (Opteron in 2003 and Intel’s EM64T in 2004), the primary real-world beneficiaries were exactly the kinds of workloads Kastner named: database and middleware servers, high-performance and scientific computing, and other memory-intensive applications such as knowledge management and analytics. Most client and line-of-business applications remained 32-bit through the mid-2000s, typical PCs still shipped with 1–2 GB of RAM, and enterprises continued to run substantial investments on established 32-bit and Unix systems, so 64-bit did not yet justify a wholesale abandonment of 32-bit architectures within that three-year window.","false","quotations_corpus_v1","quotations_corpus","2026-06-19T20:32:56.595276+00:00"
"1155","pdf-389","SH-3y","3","","""They never had a really strong case to begin with, particularly from the consumer's standpoint,"" Peter Kastner, chief","E-Commerce Times","","""They never had a really strong case to begin with, particularly from the consumer's standpoint,"" Peter Kastner, chief research officer at Aberdeen Group, told the E-Commerce Times. ""At this point, it can only be for the political visibility gain for the attorneys general and the potential for class-action litigation fees by the supporting council."" Fundamen","1","2","low","Within three years of the quote, the federal and state antitrust actions against Microsoft were widely regarded as legally solid, with the D.C. Circuit’s 2001 decision upholding key monopoly and tying findings and forming an important modern antitrust precedent. Multiple state cases led to sizeable consumer voucher and refund settlements in places like California and New York and to additional behavioral remedies from Microsoft, indicating there was more than just political visibility and fee-seeking at stake. Kastner’s claim that the attorneys general “never had a really strong case” and were acting only for politics and class-action fees is therefore largely contradicted by the legal outcomes, settlements, and conduct changes that followed in the early 2000s.","12.41","true","false","","","","","","","1","2","low","P2","Within three years of the quote, the federal and state antitrust actions against Microsoft were widely regarded as legally solid, with the D.C. Circuit’s 2001 decision upholding key monopoly and tying findings and forming an important modern antitrust precedent. Multiple state cases led to sizeable consumer voucher and refund settlements in places like California and New York and to additional behavioral remedies from Microsoft, indicating there was more than just political visibility and fee-seeking at stake. Kastner’s claim that the attorneys general “never had a really strong case” and were acting only for politics and class-action fees is therefore largely contradicted by the legal outcomes, settlements, and conduct changes that followed in the early 2000s.","false","quotations_corpus_v1","quotations_corpus","2026-06-19T20:32:56.595276+00:00"
"953","pdf-39","SH-3y","3","","NCR taps Pentium for mainframe-class servers","Computerworld","1993-06-14","With the Pentium processor and added symmetric processing head room, NCR has clearly pushed its midrange performance target well into the mainframe class with the 3575,","2","2","medium","By the mid-1990s, large SMP Unix and Intel-based servers did begin to nibble at the low end of mainframe workloads, but machines like NCR’s Pentium-based 3575 were not generally regarded as truly equivalent to contemporary IBM and Hitachi mainframes in throughput, scalability, and RAS for the most demanding high-volume OLTP. Over the 3-year horizon, mainframes such as IBM’s System/390 Parallel Enterprise Server families still dominated the upper tiers of transaction processing, and most enterprises continued to treat Pentium midrange servers as departmental or mid-tier OLTP platforms rather than “well into the mainframe class.” The statement correctly spotted the long-run direction of commodity SMP encroaching on mainframe territory but overstated both the specific product’s position and the near-term degree of parity.","11.13","true","true","3","3","medium","By the mid‑1990s, Pentium-based symmetric multiprocessing Unix servers from vendors like NCR, HP, and Sun were indeed taking on some online transaction processing workloads that had previously required smaller mainframes, so in raw performance terms the direction of Kastner’s remark was partially borne out. However, IBM’s ES/9000 and later System/390 mainframes retained a clear lead in scalability, I/O bandwidth, and reliability, and most core banking and large enterprise transaction systems remained on traditional mainframes through at least the late 1990s, so NCR’s 3575 was not broadly regarded as truly “mainframe-class.” Thus the claim captured an emerging performance trend but overstated how far and how quickly midrange Pentium servers had moved “well into the mainframe class” over the three-year horizon.","10.98","true","3","3","medium","P1_tiebreak","By the mid‑1990s, Pentium-based symmetric multiprocessing Unix servers from vendors like NCR, HP, and Sun were indeed taking on some online transaction processing workloads that had previously required smaller mainframes, so in raw performance terms the direction of Kastner’s remark was partially borne out. However, IBM’s ES/9000 and later System/390 mainframes retained a clear lead in scalability, I/O bandwidth, and reliability, and most core banking and large enterprise transaction systems remained on traditional mainframes through at least the late 1990s, so NCR’s 3575 was not broadly regarded as truly “mainframe-class.” Thus the claim captured an emerging performance trend but overstated how far and how quickly midrange Pentium servers had moved “well into the mainframe class” over the three-year horizon.","false","quotations_corpus_v1","quotations_corpus","2026-06-19T20:32:56.595276+00:00"
"954","pdf-39","SH-3y","3","","NCR taps Pentium for mainframe-class servers","Computerworld","1993-06-14","We are seeing an increasing interest in the marketplace for high-availability systems for people who are not willing to pay the substantial price penalty for fault-tolerant systems,","4","3","high","From 1993 to about 1996, enterprise buyers increasingly adopted lower-cost high-availability Unix and emerging Windows NT clusters (e.g., IBM HACMP, HP MC/ServiceGuard, early Microsoft Wolfpack) instead of classic lockstep fault-tolerant systems from Tandem, Stratus, and Sequoia for many workloads. These HA offerings, built on commodity or midrange servers, provided ""good enough"" resilience at far lower prices and became the volume segment, while fully fault-tolerant platforms remained specialized and relatively niche. Kastner’s characterization of rising market interest in high-availability over premium fault-tolerance thus captured the direction and economics of the mid-1990s server market accurately, even if it was more a sharp observation of an unfolding trend than a bold, contrarian forecast.","11.68","true","false","","","","","","","4","3","high","P2","From 1993 to about 1996, enterprise buyers increasingly adopted lower-cost high-availability Unix and emerging Windows NT clusters (e.g., IBM HACMP, HP MC/ServiceGuard, early Microsoft Wolfpack) instead of classic lockstep fault-tolerant systems from Tandem, Stratus, and Sequoia for many workloads. These HA offerings, built on commodity or midrange servers, provided ""good enough"" resilience at far lower prices and became the volume segment, while fully fault-tolerant platforms remained specialized and relatively niche. Kastner’s characterization of rising market interest in high-availability over premium fault-tolerance thus captured the direction and economics of the mid-1990s server market accurately, even if it was more a sharp observation of an unfolding trend than a bold, contrarian forecast.","false","quotations_corpus_v1","quotations_corpus","2026-06-19T20:32:56.595276+00:00"
"955","pdf-39","SH-3y","3","","NCR taps Pentium for mainframe-class servers","Computerworld","1993-06-14","probably the most important thing [DEC] could do for their customers this year,","4","3","high","DEC’s ability to run mixed VAX/Alpha OpenVMS clusters did become a central mechanism for customers to test and adopt Alpha incrementally between 1993 and 1996, preserving investments in existing VAX systems while adding new Alpha capacity. Over this period, AlphaServers gained a reputation for high performance and began to make inroads in DEC’s installed base, largely via gradual migrations rather than forklift replacements. However, while crucial for existing DEC customers, this did not reverse DEC’s overall competitive decline, so calling it the single most important thing they could do slightly overstates its ultimate impact.","10.89","true","false","","","","","","","4","3","high","P2","DEC’s ability to run mixed VAX/Alpha OpenVMS clusters did become a central mechanism for customers to test and adopt Alpha incrementally between 1993 and 1996, preserving investments in existing VAX systems while adding new Alpha capacity. Over this period, AlphaServers gained a reputation for high performance and began to make inroads in DEC’s installed base, largely via gradual migrations rather than forklift replacements. However, while crucial for existing DEC customers, this did not reverse DEC’s overall competitive decline, so calling it the single most important thing they could do slightly overstates its ultimate impact.","false","quotations_corpus_v1","quotations_corpus","2026-06-19T20:32:56.595276+00:00"
"956","pdf-39","SH-3y","3","","NCR taps Pentium for mainframe-class servers","Computerworld","1993-06-14","It means that those customers can plan to install mixed clusters almost immediately and that their investment in clustering has been protected,","5","3","high","DEC’s OpenVMS Cluster (VMScluster) on Alpha did in fact support mixed VAX/Alpha configurations in the mid-1990s, and customers were able to deploy these mixed clusters in production shortly after the announcement. This provided a clear, widely used upgrade path that preserved existing clustering investments—hardware, software, and operational models—for many years, well within and beyond the three-year horizon, even as DEC transitioned to Alpha and later passed through Compaq to HP. The specific promise of protecting prior clustering investments via mixed clusters was thus fulfilled both technically and commercially in that period.","12.62","true","false","","","","","","","5","3","high","P2","DEC’s OpenVMS Cluster (VMScluster) on Alpha did in fact support mixed VAX/Alpha configurations in the mid-1990s, and customers were able to deploy these mixed clusters in production shortly after the announcement. This provided a clear, widely used upgrade path that preserved existing clustering investments—hardware, software, and operational models—for many years, well within and beyond the three-year horizon, even as DEC transitioned to Alpha and later passed through Compaq to HP. The specific promise of protecting prior clustering investments via mixed clusters was thus fulfilled both technically and commercially in that period.","false","quotations_corpus_v1","quotations_corpus","2026-06-19T20:32:56.595276+00:00"
"1156","pdf-391","SH-3y","3","","""There are applications in the military, in medical research, in all fields of science,"" Kastner said. ""This is an","AP","","""There are applications in the military, in medical research, in all fields of science,"" Kastner said. ""This is an example of how the less expensive computing power can really become important."" Early hopes quickly dashed Sep 24, 2001 12:00 PM, by Vincent Ryan NEON Communications, an upstart Northeast fiber carrier, has had a busy two weeks f","4","3","high","From 2001–2004, steadily cheaper commodity compute power rapidly expanded use of clusters and high-performance computing in military simulation, intelligence analysis, and command-and-control systems, validating the claim of military applications. In the same period, medical and life-sciences research leaned heavily on inexpensive compute for genomics (including completion of the Human Genome Project in 2003), molecular modeling, and medical imaging, while Beowulf clusters and early grid/distributed computing spread across many scientific disciplines. The statement is broad and not tied to a specific technology or deployment metric, but its core assertion—that falling compute costs would matter across military, medical, and scientific domains—was directionally and demonstrably correct within three years and has only become more true since.","26.02","true","false","","","","","","","4","3","high","P2","From 2001–2004, steadily cheaper commodity compute power rapidly expanded use of clusters and high-performance computing in military simulation, intelligence analysis, and command-and-control systems, validating the claim of military applications. In the same period, medical and life-sciences research leaned heavily on inexpensive compute for genomics (including completion of the Human Genome Project in 2003), molecular modeling, and medical imaging, while Beowulf clusters and early grid/distributed computing spread across many scientific disciplines. The statement is broad and not tied to a specific technology or deployment metric, but its core assertion—that falling compute costs would matter across military, medical, and scientific domains—was directionally and demonstrably correct within three years and has only become more true since.","false","quotations_corpus_v1","quotations_corpus","2026-06-19T20:32:56.595276+00:00"
"1157","pdf-392","SH-3y","3","","Becky Replogle-Wilkes, director of collaborative applications marketing for Sprint, agrees. ""You decide that you no","AP","","pplications marketing for Sprint, agrees. ""You decide that you no longer want to drive across town because [audio] conferencing is a much more effective use of time,"" she said. It's also an effective use of money compared with the alternative. Peter Kastner, chief research officer for Aberdeen Group, said, ""It costs about $30 an hour for full-motion video. That's dirt cheap compared with a coast-to-coast flight."" Changing the communications habits of businesses won't be easy, according to Christine Har","0","2","low","The quoted remark is primarily a contemporaneous cost comparison (video at ~$30/hour vs. a coast-to-coast flight) rather than a forward-looking prediction about adoption, technology evolution, or business behavior. While videoconferencing did remain much cheaper than air travel and would eventually see massive substitution effects (notably after widespread broadband and later during the COVID-19 era), those are not explicitly forecast in this statement, making it too narrow and descriptive to score for prescience over a three-year horizon. Without a clearer predictive claim (e.g., about uptake, displacement of travel, or specific usage patterns), it cannot be meaningfully evaluated against later outcomes.","11.29","true","false","","","","","","","0","2","low","P2","The quoted remark is primarily a contemporaneous cost comparison (video at ~$30/hour vs. a coast-to-coast flight) rather than a forward-looking prediction about adoption, technology evolution, or business behavior. While videoconferencing did remain much cheaper than air travel and would eventually see massive substitution effects (notably after widespread broadband and later during the COVID-19 era), those are not explicitly forecast in this statement, making it too narrow and descriptive to score for prescience over a three-year horizon. Without a clearer predictive claim (e.g., about uptake, displacement of travel, or specific usage patterns), it cannot be meaningfully evaluated against later outcomes.","false","quotations_corpus_v1","quotations_corpus","2026-06-19T20:32:56.595276+00:00"
"1158","pdf-394","SH-3y","3","","Kollar-Kotelly has played her own cards close to the vest, only hinting here and there about how the case might play","E-Commerce Times","","close to the vest, only hinting here and there about how the case might play out. Analysts said they expect the states will not get exactly what they want. ""I don't believe the states will get Windows chopped up the way they have suggested,"" Peter Kastner, chief research officer at the Aberdeen Group, told the E-Commerce Times. ""But I do believe the judge will [do more than] simply reaffirm the agreement the Justice Department and Microsoft reached last November,"" he added. June 2004 Step Up to 64-","3","3","medium","Kastner correctly anticipated that the U.S. state plaintiffs would not get the structural remedy they wanted, such as having Windows ‘chopped up’ or made modular, which Judge Kollar-Kotelly ultimately rejected in the final U.S. v. Microsoft remedies decision in late 2002 and which remained off the table through the mid‑2000s.[2] However, his expectation that the judge would go meaningfully beyond simply reaffirming the November 2001 DOJ–Microsoft settlement did not really materialize: the final judgment largely adopted the federal settlement terms, added only limited refinements, and withstood appeals without being materially strengthened between 2002 and 2005.[2] Thus the forecast was partly accurate on the outcome for the states but overstated how far the court would go beyond the existing DOJ agreement.","16.04","true","false","","","","","","","3","3","medium","P2","Kastner correctly anticipated that the U.S. state plaintiffs would not get the structural remedy they wanted, such as having Windows ‘chopped up’ or made modular, which Judge Kollar-Kotelly ultimately rejected in the final U.S. v. Microsoft remedies decision in late 2002 and which remained off the table through the mid‑2000s.[2] However, his expectation that the judge would go meaningfully beyond simply reaffirming the November 2001 DOJ–Microsoft settlement did not really materialize: the final judgment largely adopted the federal settlement terms, added only limited refinements, and withstood appeals without being materially strengthened between 2002 and 2005.[2] Thus the forecast was partly accurate on the outcome for the states but overstated how far the court would go beyond the existing DOJ agreement.","false","quotations_corpus_v1","quotations_corpus","2026-06-19T20:32:56.595276+00:00"
"1159","pdf-395","SH-3y","3","","Sixty-four-bit architectures can theoretically address millions of terabytes worth of memory, which translates directly","AP","","into better performance for complex applications. ""If you're running a relational database and you can do all of your math computations in memory, your performance can be several times faster than if you have to write everything to disk,"" says Peter Kastner, executive vice president and chief research officer with the market research and consulting firm, Aberdeen Group Inc., Boston, Mass. A possible performance advantage isn't the only factor driving 64-bit interest. The ong","4","3","high","The statement that running relational database workloads entirely in memory on 64-bit systems can be several times faster than relying on disk I/O accurately reflects how larger address spaces and RAM were used in early 64-bit Unix and Windows servers to grow buffer caches and reduce disk access for Oracle, DB2, and similar databases in the early 2000s. Over the subsequent decade, the same principle underpinned the rise of explicitly in-memory database systems and caches (for example SAP HANA and large in-memory OLTP/OLAP configurations), which consistently demonstrated multi‑x speedups over disk-bound architectures. The claim slightly over-implies how quickly typical enterprise databases would move to “all in memory” within a three-year horizon, but its core performance characterization proved directionally correct and enduring.","10.92","true","false","","","","","","","4","3","high","P2","The statement that running relational database workloads entirely in memory on 64-bit systems can be several times faster than relying on disk I/O accurately reflects how larger address spaces and RAM were used in early 64-bit Unix and Windows servers to grow buffer caches and reduce disk access for Oracle, DB2, and similar databases in the early 2000s. Over the subsequent decade, the same principle underpinned the rise of explicitly in-memory database systems and caches (for example SAP HANA and large in-memory OLTP/OLAP configurations), which consistently demonstrated multi‑x speedups over disk-bound architectures. The claim slightly over-implies how quickly typical enterprise databases would move to “all in memory” within a three-year horizon, but its core performance characterization proved directionally correct and enduring.","false","quotations_corpus_v1","quotations_corpus","2026-06-19T20:32:56.595276+00:00"
"1160","pdf-396","SH-3y","3","","The technology can also save money on software licenses, thanks to server consolidation. In some cases, ""a two-","","","The technology can also save money on software licenses, thanks to server consolidation. In some cases, ""a two- way Itanium [chip] can do the work of a four-way Xeon computer,"" notes Kastner. ""So if a company is paying a database license on a per-processor basis, that can swing the economic argument rather easily,"" he says. Finally, 64-bit processors are gaining traction among systems vendors. IBM was the first major systems vendor to","3","3","medium","The narrow technical-economic point that server consolidation on higher-performance sockets could save money under per-processor database licensing was valid and did influence some Itanium and other high-end RISC/EPIC deployments in the mid‑2000s. However, within roughly three years x86‑64 Xeon and Opteron rapidly closed and then surpassed Itanium’s price/performance and became the dominant platforms for 64‑bit database servers, while major vendors and ISVs began adjusting licensing metrics toward cores and other factors, so the specific advantage of a two‑way Itanium over four‑way Xeon did not hold broadly. Over the longer term, Itanium remained a niche architecture with small market share and was ultimately discontinued, whereas the general idea of consolidation to reduce per‑socket licensing thrived mainly on x86‑64 platforms rather than on Itanium.","9.33","true","false","","","","","","","3","3","medium","P2","The narrow technical-economic point that server consolidation on higher-performance sockets could save money under per-processor database licensing was valid and did influence some Itanium and other high-end RISC/EPIC deployments in the mid‑2000s. However, within roughly three years x86‑64 Xeon and Opteron rapidly closed and then surpassed Itanium’s price/performance and became the dominant platforms for 64‑bit database servers, while major vendors and ISVs began adjusting licensing metrics toward cores and other factors, so the specific advantage of a two‑way Itanium over four‑way Xeon did not hold broadly. Over the longer term, Itanium remained a niche architecture with small market share and was ultimately discontinued, whereas the general idea of consolidation to reduce per‑socket licensing thrived mainly on x86‑64 platforms rather than on Itanium.","false","quotations_corpus_v1","quotations_corpus","2026-06-19T20:32:56.595276+00:00"
"861","pdf-4","SH-3y","3","","Users finding ESA alternatives","Computerworld","1989-02-20","A lot of 4381 users are saying they don't really need ESA,","4","2","high","From 1989 to the early 1990s, ESA/370 and MVS/ESA were adopted first and most aggressively by large IBM 3090 and later ES/9000-class mainframe shops, while many lower-end 4300/4381 customers stayed on 370/XA-era hardware and operating systems or deferred upgrades to ESA-capable ES/4381 models. Smaller 4381 sites often lacked workloads needing ESA features like extended addressing and dataspaces and instead either sweated existing 4381 assets or migrated to AS/400 and emerging UNIX/RISC servers rather than paying for ESA migrations in that three-year window. Over the longer term ESA became the baseline for IBM mainframes, but within roughly three years of the 1989 article many low-end 4381 users indeed behaved as if they did not yet ‘need’ ESA, making the short-horizon claim largely prescient.","24.48","true","false","","","","","","","4","2","high","P2","From 1989 to the early 1990s, ESA/370 and MVS/ESA were adopted first and most aggressively by large IBM 3090 and later ES/9000-class mainframe shops, while many lower-end 4300/4381 customers stayed on 370/XA-era hardware and operating systems or deferred upgrades to ESA-capable ES/4381 models. Smaller 4381 sites often lacked workloads needing ESA features like extended addressing and dataspaces and instead either sweated existing 4381 assets or migrated to AS/400 and emerging UNIX/RISC servers rather than paying for ESA migrations in that three-year window. Over the longer term ESA became the baseline for IBM mainframes, but within roughly three years of the 1989 article many low-end 4381 users indeed behaved as if they did not yet ‘need’ ESA, making the short-horizon claim largely prescient.","false","quotations_corpus_v1","quotations_corpus","2026-06-19T20:32:56.595276+00:00"
"862","pdf-4","SH-3y","3","","Users finding ESA alternatives","Computerworld","1989-02-20","There are tens of thousands of companies that can only afford a $250,000 to $500,000 machine. The 4381s will be around for a long time.","4","3","high","IBM’s 4300 series, including the 4381, remained marketed and supported through the early 1990s, with the family being sold up to around 1992, so 4381 systems were indeed still widely deployed within the three-year horizon after 1989. Many smaller and mid-sized organizations continued using older System/370-class machines rather than moving immediately to ESA-based high-end systems, because ESA/370 and later ESA/390 platforms (e.g., 3090, early ES/9000/System/390) were significantly more expensive and targeted at larger enterprises. However, although the 4381s persisted into the early 1990s as cost-conscious choices, they were clearly on a migration path toward ESA-era hardware and did not remain a major strategic platform much beyond that, so describing them as being around “for a long time” slightly overstates their enduring centrality.","9.82","true","false","","","","","","","4","3","high","P2","IBM’s 4300 series, including the 4381, remained marketed and supported through the early 1990s, with the family being sold up to around 1992, so 4381 systems were indeed still widely deployed within the three-year horizon after 1989. Many smaller and mid-sized organizations continued using older System/370-class machines rather than moving immediately to ESA-based high-end systems, because ESA/370 and later ESA/390 platforms (e.g., 3090, early ES/9000/System/390) were significantly more expensive and targeted at larger enterprises. However, although the 4381s persisted into the early 1990s as cost-conscious choices, they were clearly on a migration path toward ESA-era hardware and did not remain a major strategic platform much beyond that, so describing them as being around “for a long time” slightly overstates their enduring centrality.","false","quotations_corpus_v1","quotations_corpus","2026-06-19T20:32:56.595276+00:00"
"731","pdf-40","SH-3y","3","","DEC moves to VAX, Alpha mixed clusters","Computerworld","1993-03-22","probably the most important thing [DEC] could do for their customers this year.","3","2","medium","Digital’s OpenVMS Cluster support for mixed VAX/Alpha clusters did become a key practical enabler of migration for existing VAX/VMS sites in the mid‑1990s, allowing customers to add Alpha nodes while preserving their investment in VAX-based clusters. This capability was heavily used and marketed as the primary low-risk transition path to Alpha, so for installed-base customers it was indeed among DEC’s most consequential moves in that period, even though it did not alter DEC’s broader commercial decline or Alpha’s ultimately limited market share.","11.97","true","true","4","3","high","From 1993–1996, DEC’s mixed-architecture VAX/Alpha OpenVMS clusters became a cornerstone of its Alpha migration story, allowing existing VAXcluster customers to add Alpha nodes and preserve their clustering investments while moving workloads gradually. This compatibility was heavily emphasized in DEC and later Compaq/HPE OpenVMS materials and remained a key differentiator of the platform, validating the claim that such mixed clusters were among the most critical customer-focused moves of that period, even though they did not reverse DEC’s broader commercial decline.","12.30","true","4","3","high","P1_tiebreak","From 1993–1996, DEC’s mixed-architecture VAX/Alpha OpenVMS clusters became a cornerstone of its Alpha migration story, allowing existing VAXcluster customers to add Alpha nodes and preserve their clustering investments while moving workloads gradually. This compatibility was heavily emphasized in DEC and later Compaq/HPE OpenVMS materials and remained a key differentiator of the platform, validating the claim that such mixed clusters were among the most critical customer-focused moves of that period, even though they did not reverse DEC’s broader commercial decline.","false","quotations_corpus_v1","quotations_corpus","2026-06-19T20:32:56.595276+00:00"
"1002","pdf-40","SH-3y","3","","DEC moves to VAX, Alpha mixed clusters","Computerworld","1993-03-22","It means that those customers can plan to install mixed clusters almost immediately and that their investment in clustering has been protected.","4","2","high","Digital’s OpenVMS quickly supported mixed-architecture VAX/Alpha clusters, and by the mid-1990s DEC was explicitly documenting and promoting VAX–Alpha mixed VMScluster configurations as the standard migration path, allowing customers to add Alpha nodes into existing VAX clusters rather than replace them outright. Through roughly 1993–1996, many OpenVMS sites did exactly this, reusing their cluster infrastructure, storage, and operational practices while introducing Alpha hardware, so their original clustering investments were largely preserved even though some high-availability and layered-product scenarios took longer to be fully supported.","10.33","true","false","","","","","","","4","2","high","P2","Digital’s OpenVMS quickly supported mixed-architecture VAX/Alpha clusters, and by the mid-1990s DEC was explicitly documenting and promoting VAX–Alpha mixed VMScluster configurations as the standard migration path, allowing customers to add Alpha nodes into existing VAX clusters rather than replace them outright. Through roughly 1993–1996, many OpenVMS sites did exactly this, reusing their cluster infrastructure, storage, and operational practices while introducing Alpha hardware, so their original clustering investments were largely preserved even though some high-availability and layered-product scenarios took longer to be fully supported.","false","quotations_corpus_v1","quotations_corpus","2026-06-19T20:32:56.595276+00:00"
"412","pdf-400","SH-3y","2","","Apple's Supercomputing Scientists","Forbes","2004-01-12","I don't see it putting many pennies on the bottom line,","5","3","high","From 2004–2007, Apple’s revenue and profit growth came overwhelmingly from consumer products like the iPod, iTunes Store, and later the iPhone, while Xserve and G5-based high-performance clusters (including showcase installations like Virginia Tech’s) remained a tiny, niche business line. High-performance computing and life-sciences clusters never became a material revenue or profit driver for Apple, and the eventual discontinuation of Xserve in 2011 underscores that these offerings contributed little to the company’s long-term bottom line. Kastner’s view that Apple’s supercomputing push would not add many “pennies on the bottom line” was therefore strongly borne out within the 3-year horizon and beyond.","8.41","true","false","","","","","","","5","3","high","P2","From 2004–2007, Apple’s revenue and profit growth came overwhelmingly from consumer products like the iPod, iTunes Store, and later the iPhone, while Xserve and G5-based high-performance clusters (including showcase installations like Virginia Tech’s) remained a tiny, niche business line. High-performance computing and life-sciences clusters never became a material revenue or profit driver for Apple, and the eventual discontinuation of Xserve in 2011 underscores that these offerings contributed little to the company’s long-term bottom line. Kastner’s view that Apple’s supercomputing push would not add many “pennies on the bottom line” was therefore strongly borne out within the 3-year horizon and beyond.","false","quotations_corpus_v1","quotations_corpus","2026-06-19T20:32:56.595276+00:00"
"812","pdf-400","SH-3y","3","","Apple's Supercomputing Scientists","Forbes","2004-01-12","I think 2004 is the year when Apple will make up its mind whether to seriously go back into the enterprise space.","0","2","low","The claim hinges on Apple ‘making up its mind’ about enterprise specifically in 2004, which is an internal strategic decision point that is not documented in a way outsiders can reliably date. What is observable is that Xserve and Mac OS X Server remained niche through 2004–2007 and Apple later exited the traditional server market by discontinuing Xserve in 2010, while strategically emphasizing consumer devices like the iPod and iPhone rather than a broad enterprise infrastructure push. Because no clear, dated inflection in 2004 distinguishes Apple’s enterprise stance from adjacent years, the timing element of this prediction cannot be confidently verified or falsified.","15.63","true","false","","","","","","","0","2","low","P2","The claim hinges on Apple ‘making up its mind’ about enterprise specifically in 2004, which is an internal strategic decision point that is not documented in a way outsiders can reliably date. What is observable is that Xserve and Mac OS X Server remained niche through 2004–2007 and Apple later exited the traditional server market by discontinuing Xserve in 2010, while strategically emphasizing consumer devices like the iPod and iPhone rather than a broad enterprise infrastructure push. Because no clear, dated inflection in 2004 distinguishes Apple’s enterprise stance from adjacent years, the timing element of this prediction cannot be confidently verified or falsified.","false","quotations_corpus_v1","quotations_corpus","2026-06-19T20:32:56.595276+00:00"
"1161","pdf-404","SH-3y","3","","In addition to supporting current versions of Microsoft Windows(1), the","","","dition 2004, so TV content recorded via the Media Center's Personal Video Recorder (PVR) functionality, as well as any other digital media, can also be streamed to the Wireless Connected DVD at another location in the home. Industry analyst Peter Kastner of the Boston-based research firm Aberdeen Group purchased the premiere version of the Gateway Wireless Connected DVD and commented, ""When it came to upgrading my own media center, I l","0","3","low","The quotation is truncated and contains no complete claim beyond noting that Kastner bought the Gateway Wireless Connected DVD and began to describe his experience, so there is no concrete prediction or generalization to evaluate against later events. The surrounding text merely states that the device could stream Windows XP Media Center Edition 2004 PVR content elsewhere in the home, which was accurate as a product feature description rather than a forward-looking forecast. Because the actual opinion or prediction he was about to express is missing, it is not possible to judge its prescience relative to subsequent developments in home media streaming between 2004 and 2007.","8.91","true","false","","","","","","","0","3","low","P2","The quotation is truncated and contains no complete claim beyond noting that Kastner bought the Gateway Wireless Connected DVD and began to describe his experience, so there is no concrete prediction or generalization to evaluate against later events. The surrounding text merely states that the device could stream Windows XP Media Center Edition 2004 PVR content elsewhere in the home, which was accurate as a product feature description rather than a forward-looking forecast. Because the actual opinion or prediction he was about to express is missing, it is not possible to judge its prescience relative to subsequent developments in home media streaming between 2004 and 2007.","false","quotations_corpus_v1","quotations_corpus","2026-06-19T20:32:56.595276+00:00"
"1162","pdf-408","SH-3y","3","","""They've been boxed in by Dell in online sales and by H-P in the big-box retail market,"" Kastner said. ""This","","","""They've been boxed in by Dell in online sales and by H-P in the big-box retail market,"" Kastner said. ""This should help them get lots of shelf space with a top-value PC brand."" EMachines plans to sell Gateway-branded consumer and business desktop and notebook PCs, servers and storage products through Gateway's existing direct channels, while","4","3","high","Within three years of the eMachines acquisition in 2004, Gateway/eMachines did in fact leverage eMachines’ strong retail channels to gain substantial big-box shelf space and briefly become the No. 3 U.S. PC vendor with roughly 7% share, positioned as a value-oriented PC supplier.[1][2][3] However, while the retail presence and value positioning materialized, the combined company remained financially weak and never escaped intense pressure from Dell and HP, leading to Gateway’s acquisition by Acer in 2007.[2][7] Thus, the prediction about gaining shelf space with a top-value PC brand was directionally correct, but it overstated the durability and broader business impact of that advantage.","7.91","true","false","","","","","","","4","3","high","P2","Within three years of the eMachines acquisition in 2004, Gateway/eMachines did in fact leverage eMachines’ strong retail channels to gain substantial big-box shelf space and briefly become the No. 3 U.S. PC vendor with roughly 7% share, positioned as a value-oriented PC supplier.[1][2][3] However, while the retail presence and value positioning materialized, the combined company remained financially weak and never escaped intense pressure from Dell and HP, leading to Gateway’s acquisition by Acer in 2007.[2][7] Thus, the prediction about gaining shelf space with a top-value PC brand was directionally correct, but it overstated the durability and broader business impact of that advantage.","false","quotations_corpus_v1","quotations_corpus","2026-06-19T20:32:56.595276+00:00"
"1163","pdf-409","SH-3y","3","","So far, Gateway has put out 45 new digital devices this year and plans on releases a total of 50 products by the end of","","","ee, the moves of the top two PC makers, Dell (DELL) and Hewlett-Packard (HPQ) , which have also stepped out from their traditional product lines into new areas such as digital cameras, printers and storage technologies for business customers. Peter Kastner, an analyst with the Aberdeen Group, said Gateway's moves through the year have been","0","3","low","The quotation is truncated before Peter Kastner actually characterizes Gateway’s strategy, so there is no discernible prediction or evaluative claim to test against subsequent events. It only sets up a comparison to Dell and HP diversifying into devices, which is a descriptive observation rather than a forecast, making prescience impossible to judge even though Gateway’s later struggles and 2007 acquisition by Acer show that its diversification did not succeed.","7.59","true","false","","","","","","","0","3","low","P2","The quotation is truncated before Peter Kastner actually characterizes Gateway’s strategy, so there is no discernible prediction or evaluative claim to test against subsequent events. It only sets up a comparison to Dell and HP diversifying into devices, which is a descriptive observation rather than a forecast, making prescience impossible to judge even though Gateway’s later struggles and 2007 acquisition by Acer show that its diversification did not succeed.","false","quotations_corpus_v1","quotations_corpus","2026-06-19T20:32:56.595276+00:00"
"939","pdf-41","SH-3y","3","","CA's Unicenter outlines plans to go distributed","Computerworld","1993-02-22","Our research shows that enterprise buyers who are looking at distributed systems view Unix as a difficult and expensive operating system. They want the same quality of tools they're used to using in the corporate data center,","4","3","high","From 1993 to 1996, enterprise Unix remained concentrated on proprietary platforms like Solaris, HP-UX, and AIX, which were widely perceived as requiring scarce, specialized administrators and expensive hardware compared with emerging Windows NT on commodity x86. During this period, the rapid growth of systems management suites such as CA Unicenter, IBM Tivoli (acquired in 1996), HP OpenView, and BMC Patrol specifically targeted the gap in Unix and distributed-systems management tooling, reflecting buyers’ desire for mainframe-style operations tools on Unix. Although Unix adoption continued to grow in servers and technical workstations, the characterization of it as difficult and costly to manage, and of enterprises wanting data-center-grade management tools for distributed Unix environments, held up well over the three-year horizon.","8.74","true","false","","","","","","","4","3","high","P2","From 1993 to 1996, enterprise Unix remained concentrated on proprietary platforms like Solaris, HP-UX, and AIX, which were widely perceived as requiring scarce, specialized administrators and expensive hardware compared with emerging Windows NT on commodity x86. During this period, the rapid growth of systems management suites such as CA Unicenter, IBM Tivoli (acquired in 1996), HP OpenView, and BMC Patrol specifically targeted the gap in Unix and distributed-systems management tooling, reflecting buyers’ desire for mainframe-style operations tools on Unix. Although Unix adoption continued to grow in servers and technical workstations, the characterization of it as difficult and costly to manage, and of enterprises wanting data-center-grade management tools for distributed Unix environments, held up well over the three-year horizon.","false","quotations_corpus_v1","quotations_corpus","2026-06-19T20:32:56.595276+00:00"
"729","pdf-41","SH-5y","5","","CA's Unicenter outlines plans to go distributed","Computerworld","1993-02-22","Our research shows that enterprise buyers who are looking at distributed systems view Unix as a difficult and expensive operating system. They want the same quality of tools they're used to using in the corporate data center,","4","3","high","In the mid-1990s, commercial Unix on proprietary RISC hardware was widely regarded by enterprise buyers as complex to administer and relatively expensive compared with emerging Intel-based Windows NT servers, which rapidly gained share for distributed client–server workloads. At the same time, the growth of systems-management suites such as CA Unicenter, Tivoli, and HP OpenView explicitly targeted bringing mainframe-style monitoring, automation, and operations tools to Unix and other distributed platforms, confirming the demand for “data center quality” tools in the distributed environment over the 1993–1998 horizon.","25.88","true","false","","","","","","","4","3","high","P2","In the mid-1990s, commercial Unix on proprietary RISC hardware was widely regarded by enterprise buyers as complex to administer and relatively expensive compared with emerging Intel-based Windows NT servers, which rapidly gained share for distributed client–server workloads. At the same time, the growth of systems-management suites such as CA Unicenter, Tivoli, and HP OpenView explicitly targeted bringing mainframe-style monitoring, automation, and operations tools to Unix and other distributed platforms, confirming the demand for “data center quality” tools in the distributed environment over the 1993–1998 horizon.","false","quotations_corpus_v1","quotations_corpus","2026-06-19T20:32:56.595276+00:00"
"1164","pdf-410","SH-3y","3","","Gateway's chances that last week he started his coverage of Gateway with an ""outperform"" rating, and a 12-month","","","Gateway's chances that last week he started his coverage of Gateway with an ""outperform"" rating, and a 12-month price target of $7 on the company's stock. Peter Kastner, a PC analyst with the Aberdeen Group, agreed with Santiago's assessment of how eMachines could provide the spark that gets Gateway back into prominence in the PC market. ""I think eMachines has never been that well understood, but they really have a","2","3","medium","After Gateway acquired eMachines in 2004, the combined company never returned to real prominence in the PC market; its share lagged far behind leaders like Dell and HP, and Gateway was ultimately acquired by Acer in 2007, ending its run as an independent major OEM. While eMachines did give Gateway a stronger big‑box retail foothold and value positioning, this channel strength did not translate into the kind of renewed market prominence the analyst expected over the subsequent three years.","10.93","true","false","","","","","","","2","3","medium","P2","After Gateway acquired eMachines in 2004, the combined company never returned to real prominence in the PC market; its share lagged far behind leaders like Dell and HP, and Gateway was ultimately acquired by Acer in 2007, ending its run as an independent major OEM. While eMachines did give Gateway a stronger big‑box retail foothold and value positioning, this channel strength did not translate into the kind of renewed market prominence the analyst expected over the subsequent three years.","false","quotations_corpus_v1","quotations_corpus","2026-06-19T20:32:56.595276+00:00"
"1165","pdf-410","SH-3y","3","","Gateway's chances that last week he started his coverage of Gateway with an ""outperform"" rating, and a 12-month","","","ago's assessment of how eMachines could provide the spark that gets Gateway back into prominence in the PC market. ""I think eMachines has never been that well understood, but they really have a foundation in the big-box electronics retailer market,"" Kastner said. Gateway shares rose 5 cents Friday to close at $4.45. The stock reached a 52-week high of $6.85 on Sept. 18. G","3","3","medium","Kastner’s descriptive point that eMachines had a strong foundation in big‑box electronics retail was accurate: eMachines was a leading low‑cost retail PC seller and the acquisition was explicitly about leveraging its retail channels and low‑price model.[4][5][7] After Gateway bought eMachines in 2004, the combined company briefly reclaimed the number three spot among U.S. PC manufacturers and the eighth-largest position globally, which did amount to some renewed market prominence.[2][5] However, Gateway remained in a prolonged slump and was sold to Acer in 2007 after losing the vast majority of its market value, indicating that eMachines did not ultimately provide a durable turnaround within the three-year horizon.[2][6]","25.72","true","false","","","","","","","3","3","medium","P2","Kastner’s descriptive point that eMachines had a strong foundation in big‑box electronics retail was accurate: eMachines was a leading low‑cost retail PC seller and the acquisition was explicitly about leveraging its retail channels and low‑price model.[4][5][7] After Gateway bought eMachines in 2004, the combined company briefly reclaimed the number three spot among U.S. PC manufacturers and the eighth-largest position globally, which did amount to some renewed market prominence.[2][5] However, Gateway remained in a prolonged slump and was sold to Acer in 2007 after losing the vast majority of its market value, indicating that eMachines did not ultimately provide a durable turnaround within the three-year horizon.[2][6]","false","quotations_corpus_v1","quotations_corpus","2026-06-19T20:32:56.595276+00:00"
"1166","pdf-415","SH-3y","3","","SanDisk (SNDK 14.89, +0.08, +0.54%) shares climbed 19 cents to $52,80, after the company introduced new","AP","","2,80, after the company introduced new memory-stick products. Rival Lexar Media fell 8 cents to $12.39. Here, There, WiFi Anywhere Wireless Web's Spread Is Crossing Our Signals By Mike Musgrove Washington Post Sunday, April 25, 2004; Page F01 Peter Kastner moved from the suburbs to an apartment in Boston last summer while his new home was under construction. As soon as he got set up in the temporary digs, Kastner -- chief technology analyst at the research firm Aberdeen Group -- set up his WiFi home n","0","3","low","The quoted passage is a narrative fragment about Peter Kastner setting up a WiFi home network and stock price moves for SanDisk and Lexar, but it contains no clear prediction, quantified expectation, or directional industry claim that can be evaluated over a three‑year horizon. While WiFi home networking and flash memory products did grow rapidly between 2004 and 2007, this snippet does not attribute any specific forward‑looking statement to the analyst, so its prescience cannot be meaningfully judged.","7.33","true","false","","","","","","","0","3","low","P2","The quoted passage is a narrative fragment about Peter Kastner setting up a WiFi home network and stock price moves for SanDisk and Lexar, but it contains no clear prediction, quantified expectation, or directional industry claim that can be evaluated over a three‑year horizon. While WiFi home networking and flash memory products did grow rapidly between 2004 and 2007, this snippet does not attribute any specific forward‑looking statement to the analyst, so its prescience cannot be meaningfully judged.","false","quotations_corpus_v1","quotations_corpus","2026-06-19T20:32:56.595276+00:00"
"1167","pdf-415","SH-3y","3","","SanDisk (SNDK 14.89, +0.08, +0.54%) shares climbed 19 cents to $52,80, after the company introduced new","AP","","ssing Our Signals By Mike Musgrove Washington Post Sunday, April 25, 2004; Page F01 Peter Kastner moved from the suburbs to an apartment in Boston last summer while his new home was under construction. As soon as he got set up in the temporary digs, Kastner -- chief technology analyst at the research firm Aberdeen Group -- set up his WiFi home network to enjoy some wireles","0","3","low","The excerpt only describes that Peter Kastner set up a WiFi home network in a temporary apartment in 2003–2004 and does not contain a discernible prediction or evaluative claim about future technology trends. Without a specific forecast or causal statement (e.g., about WiFi adoption, interference issues, or market outcomes), there is nothing to compare against what actually happened between 2004 and 2007. The text is anecdotal rather than predictive, so it cannot be scored for prescience under this rubric.","6.70","true","false","","","","","","","0","3","low","P2","The excerpt only describes that Peter Kastner set up a WiFi home network in a temporary apartment in 2003–2004 and does not contain a discernible prediction or evaluative claim about future technology trends. Without a specific forecast or causal statement (e.g., about WiFi adoption, interference issues, or market outcomes), there is nothing to compare against what actually happened between 2004 and 2007. The text is anecdotal rather than predictive, so it cannot be scored for prescience under this rubric.","false","quotations_corpus_v1","quotations_corpus","2026-06-19T20:32:56.595276+00:00"
"1170","pdf-430","SH-3y","3","","Peter Kastner, chief research officer of Boston-based Aberdeen Group Inc., said the company faces formidable","Inc.","","Peter Kastner, chief research officer of Boston-based Aberdeen Group Inc., said the company faces formidable challenges in sales of printers and ink cartridges. ""They are seeing more competition from third-party toner cartridges,"" Kastner said. ""And in the coming","4","3","high","Within about three years, Dell did enter the printer market with Dell-branded inkjet and laser printers, becoming a noticeable new competitor to HP in both consumer and business segments[1][7][10]. Over the same period and beyond, HP's core printer and supplies business remained profitable but experienced growing price pressure and recurring technical and legal skirmishes over remanufactured and third-party ink and toner cartridges, confirming that aftermarket alternatives were a significant competitive challenge rather than a trivial niche[2][14].","32.48","true","false","","","","","","","4","3","high","P2","Within about three years, Dell did enter the printer market with Dell-branded inkjet and laser printers, becoming a noticeable new competitor to HP in both consumer and business segments[1][7][10]. Over the same period and beyond, HP's core printer and supplies business remained profitable but experienced growing price pressure and recurring technical and legal skirmishes over remanufactured and third-party ink and toner cartridges, confirming that aftermarket alternatives were a significant competitive challenge rather than a trivial niche[2][14].","false","quotations_corpus_v1","quotations_corpus","2026-06-19T20:32:56.595276+00:00"
"1171","pdf-430","SH-3y","3","","Peter Kastner, chief research officer of Boston-based Aberdeen Group Inc., said the company faces formidable","Inc.","","Peter Kastner, chief research officer of Boston-based Aberdeen Group Inc., said the company faces formidable challenges in sales of printers and ink cartridges. ""They are seeing more competition from third-party toner cartridges,"" Kastner said. ""And in the coming quarter, it's widely rumored that Dell (NSDQ:Dell) (NSDQ:Dell) will be entering the printer business."" The company released its results after the close of markets. Shares of HP closed 43 cents higher, to $18.18, in Tuesday t","4","3","high","This quote makes two concrete short-horizon claims: intensifying **third‑party toner/ink competition** for HP and Dell’s imminent entry into the printer business. By the early–mid 2000s, the aftermarket for compatible and remanufactured cartridges had indeed become a significant structural challenge to HP’s high‑margin supplies business, pressuring pricing and share of supplies revenue, validating the competitive concern within a few years. Dell did in fact enter the printer market in the early 2000s with Dell‑branded inkjet and laser printers manufactured by partners such as Lexmark, and maintained an extensive Dell‑branded printer line through the 2000s before finally exiting the segment around 2016.[1][3][7] The direction and substance of Kastner’s short‑term assessment therefore held up well, even though Dell ultimately failed in printers over a longer horizon than the 3‑year window being scored.","6.57","true","false","","","","","","","4","3","high","P2","This quote makes two concrete short-horizon claims: intensifying **third‑party toner/ink competition** for HP and Dell’s imminent entry into the printer business. By the early–mid 2000s, the aftermarket for compatible and remanufactured cartridges had indeed become a significant structural challenge to HP’s high‑margin supplies business, pressuring pricing and share of supplies revenue, validating the competitive concern within a few years. Dell did in fact enter the printer market in the early 2000s with Dell‑branded inkjet and laser printers manufactured by partners such as Lexmark, and maintained an extensive Dell‑branded printer line through the 2000s before finally exiting the segment around 2016.[1][3][7] The direction and substance of Kastner’s short‑term assessment therefore held up well, even though Dell ultimately failed in printers over a longer horizon than the 3‑year window being scored.","false","quotations_corpus_v1","quotations_corpus","2026-06-19T20:32:56.595276+00:00"
"1172","pdf-437","SH-3y","3","","ISV application support across its Linux-based eServer platforms, the Aberdeen Group says. But there is little, if any,","AP","","understand that with the exception of IBM's own middleware products, the company is dependent on its Linux operating system platform partners -- Red Hat, SuSE, The SCO Group, and Turbolinux -- and its ISV partners to improve consistency,"" says Peter Kastner, executive vice president and chief research officer at Aberdeen. ""Because porting IBM middleware and ISV applications to Linux on eServer platforms is based on customer demand and busine","4","3","high","Within three years, IBM's Linux strategy still relied heavily on distribution partners like Red Hat, SUSE, Turbolinux and (briefly) SCO for platform consistency and packaging across its eServer lines, rather than IBM unilaterally dictating a uniform stack.[1][3][15] ISV and IBM middleware support on Linux for zSeries, iSeries, and pSeries grew rapidly in this period, but porting decisions remained driven by customer demand and business cases, with many applications arriving first on dominant x86-oriented enterprise distributions before propagating unevenly to all eServer platforms.[6][8]","20.71","true","false","","","","","","","4","3","high","P2","Within three years, IBM's Linux strategy still relied heavily on distribution partners like Red Hat, SUSE, Turbolinux and (briefly) SCO for platform consistency and packaging across its eServer lines, rather than IBM unilaterally dictating a uniform stack.[1][3][15] ISV and IBM middleware support on Linux for zSeries, iSeries, and pSeries grew rapidly in this period, but porting decisions remained driven by customer demand and business cases, with many applications arriving first on dominant x86-oriented enterprise distributions before propagating unevenly to all eServer platforms.[6][8]","false","quotations_corpus_v1","quotations_corpus","2026-06-19T20:32:56.595276+00:00"
"934","pdf-44","SH-3y","3","","Middleware speeds client connection","Computerworld","1992-12-21","We're finding that gateway technology is definitely going into production,","4","3","high","Between 1992 and roughly 1995, middleware and gateway products such as database gateways (e.g., Oracle and IBM mainframe/database gateways), protocol-conversion gateways (TCP/IP-to-SNA, NetWare/IP, LAN Manager-to-NetWare), and email gateways (linking LAN-based mail with X.400 and Internet SMTP) moved rapidly from pilots into mainstream production in large enterprises. This period coincides with the client/server boom, where packaged integration and gateway products became a standard part of enterprise architectures rather than experimental tools. The statement is somewhat observational and near-term, but it correctly captures that gateway technology was not just theoretical and was broadly entering production use in the early to mid‑1990s.","11.08","true","false","","","","","","","4","3","high","P2","Between 1992 and roughly 1995, middleware and gateway products such as database gateways (e.g., Oracle and IBM mainframe/database gateways), protocol-conversion gateways (TCP/IP-to-SNA, NetWare/IP, LAN Manager-to-NetWare), and email gateways (linking LAN-based mail with X.400 and Internet SMTP) moved rapidly from pilots into mainstream production in large enterprises. This period coincides with the client/server boom, where packaged integration and gateway products became a standard part of enterprise architectures rather than experimental tools. The statement is somewhat observational and near-term, but it correctly captures that gateway technology was not just theoretical and was broadly entering production use in the early to mid‑1990s.","false","quotations_corpus_v1","quotations_corpus","2026-06-19T20:32:56.595276+00:00"
"935","pdf-44","SH-3y","3","","Middleware speeds client connection","Computerworld","1992-12-21","That means that users are getting their sleeves rolled up to do client/server applications.","5","3","high","From roughly 1992–1995, enterprises did in fact ""roll up their sleeves"" and build large amounts of custom client/server software, enabled by database gateways and middleware and tools such as PowerBuilder, Visual Basic, and Oracle client/server development environments, as client/server architectures moved into mainstream production use[1][5]. Within three years of the quote, client/server networks and applications had become a dominant enterprise computing model and a major focus of corporate IT projects, validating the observation that users themselves were actively developing client/server applications rather than waiting solely for packaged solutions[1][5].","12.11","true","false","","","","","","","5","3","high","P2","From roughly 1992–1995, enterprises did in fact ""roll up their sleeves"" and build large amounts of custom client/server software, enabled by database gateways and middleware and tools such as PowerBuilder, Visual Basic, and Oracle client/server development environments, as client/server architectures moved into mainstream production use[1][5]. Within three years of the quote, client/server networks and applications had become a dominant enterprise computing model and a major focus of corporate IT projects, validating the observation that users themselves were actively developing client/server applications rather than waiting solely for packaged solutions[1][5].","false","quotations_corpus_v1","quotations_corpus","2026-06-19T20:32:56.595276+00:00"
"936","pdf-44","SH-3y","3","","Middleware speeds client connection","Computerworld","1992-12-21","SQL is like Victorian children: It should not be seen or heard,","4","3","high","Within about three years of 1992, mainstream client/server development heavily adopted tools such as PowerBuilder, Gupta SQLWindows, Oracle Forms, Visual Basic data controls, Delphi, and various 4GLs that auto-generated most CRUD SQL from higher-level form and report definitions, so many business developers interacted with databases without writing much raw SQL. From the 2000s onward, dominant application stacks increasingly hid SQL behind ORMs and database abstraction layers (Hibernate, Rails ActiveRecord, Django ORM, Entity Framework), although SQL skills remained essential for DBAs, tuning, and complex queries, meaning SQL became less visible to most front-end developers but was never completely “unseen or unheard.”","9.04","true","false","","","","","","","4","3","high","P2","Within about three years of 1992, mainstream client/server development heavily adopted tools such as PowerBuilder, Gupta SQLWindows, Oracle Forms, Visual Basic data controls, Delphi, and various 4GLs that auto-generated most CRUD SQL from higher-level form and report definitions, so many business developers interacted with databases without writing much raw SQL. From the 2000s onward, dominant application stacks increasingly hid SQL behind ORMs and database abstraction layers (Hibernate, Rails ActiveRecord, Django ORM, Entity Framework), although SQL skills remained essential for DBAs, tuning, and complex queries, meaning SQL became less visible to most front-end developers but was never completely “unseen or unheard.”","false","quotations_corpus_v1","quotations_corpus","2026-06-19T20:32:56.595276+00:00"
"937","pdf-44","SH-3y","3","","Middleware speeds client connection","Computerworld","1992-12-21","We're moving into a new generation of smart front-end tools that know how to spit out the relevant SQL.","5","3","high","Within three years of 1992, mainstream client/server development heavily adopted front-end tools that automatically generated SQL, such as Microsoft Access (1992) with its graphical query designer, Visual Basic 3.0 (1993) data controls, and Sybase PowerBuilder’s DataWindow technology (1993–94), all of which emitted vendor-specific SQL under the hood. Fourth-generation languages and report/query tools like Oracle Forms, Gupta SQLWindows, Business Objects, and Crystal Reports similarly insulated developers and business users from writing raw SQL while producing dialect-appropriate queries. This pattern not only matched his short-term horizon but continued into the late 1990s and 2000s with ORMs and BI tools further entrenching the idea that smart front ends would handle SQL generation automatically.","10.46","true","false","","","","","","","5","3","high","P2","Within three years of 1992, mainstream client/server development heavily adopted front-end tools that automatically generated SQL, such as Microsoft Access (1992) with its graphical query designer, Visual Basic 3.0 (1993) data controls, and Sybase PowerBuilder’s DataWindow technology (1993–94), all of which emitted vendor-specific SQL under the hood. Fourth-generation languages and report/query tools like Oracle Forms, Gupta SQLWindows, Business Objects, and Crystal Reports similarly insulated developers and business users from writing raw SQL while producing dialect-appropriate queries. This pattern not only matched his short-term horizon but continued into the late 1990s and 2000s with ORMs and BI tools further entrenching the idea that smart front ends would handle SQL generation automatically.","false","quotations_corpus_v1","quotations_corpus","2026-06-19T20:32:56.595276+00:00"
"1173","pdf-440","SH-3y","3","","IBM (IBM 107.35, +0.03, +0.03%) shares fell more than 2 percent to $84.55 in after-hours trading. The stock had","","","IBM (IBM 107.35, +0.03, +0.03%) shares fell more than 2 percent to $84.55 in after-hours trading. The stock had risen 30 cents to close at $86.74 in regular-session trading on the New York Stock Exchange. ""It was a fairly sober report,"" said Peter Kastner, an analyst with the Aberdeen Group in Boston. ""When you take it back to constant currency, they're growing at the rate of inflation. So there's no joy in Armonk about a recovery in technology or the company's ability to grow faster than the economy","3","2","medium","Kastner’s comment is mostly a contemporaneous characterization: IBM’s early-2000s revenue growth in constant currency was indeed low single digit and only modestly above inflation, fitting the description of a “sober” report with little top-line excitement. Over the following three years, IBM’s nominal revenue growth remained relatively muted compared with faster-growing tech peers and the broader post–dot-com IT rebound, reinforcing the idea that IBM was not clearly outgrowing the economy, though the overall tech sector did recover more strongly than his tone implied. Because the quote blends accurate near-term assessment with a somewhat overstated pessimism about tech recovery and IBM’s long-run growth prospects, it is only partially prescient rather than strongly predictive.","12.74","true","false","","","","","","","3","2","medium","P2","Kastner’s comment is mostly a contemporaneous characterization: IBM’s early-2000s revenue growth in constant currency was indeed low single digit and only modestly above inflation, fitting the description of a “sober” report with little top-line excitement. Over the following three years, IBM’s nominal revenue growth remained relatively muted compared with faster-growing tech peers and the broader post–dot-com IT rebound, reinforcing the idea that IBM was not clearly outgrowing the economy, though the overall tech sector did recover more strongly than his tone implied. Because the quote blends accurate near-term assessment with a somewhat overstated pessimism about tech recovery and IBM’s long-run growth prospects, it is only partially prescient rather than strongly predictive.","false","quotations_corpus_v1","quotations_corpus","2026-06-19T20:32:56.595276+00:00"
"679","pdf-443","SH-3y","1","","IBM's Itanium Server Goes on Sale","CNET News.com","2003-04-29","IBM had to have a strong Intel 32-bit and 64-bit product line in order not to confuse customers into thinking that there's some unannounced transition to AMD in the cards,","3","2","medium","Within three years, IBM did maintain a broad Intel-based 32- and 64-bit server portfolio (chiefly Xeon with EM64T/Intel 64) alongside its emerging AMD Opteron systems, so customers never saw a wholesale shift to AMD as the exclusive x86 supplier. However, the specific idea that IBM needed a ""strong"" Itanium-based 64-bit line to avoid perceptions of an AMD transition aged poorly, as IBM quickly backed away from Itanium and focused its Intel commitment on mainstream x86 Xeon rather than IA-64, making the Intel-vs-AMD signaling logic only partially accurate.","9.77","true","true","4","2","high","In the 2003–2006 period, IBM did exactly what the quote implies: it kept a broad and competitive Intel-based xSeries line (32-bit Xeon, then 64-bit Intel EM64T/x86-64) while adding a limited set of Opteron-based servers, rather than pivoting its x86 server franchise wholesale to AMD. IBM quickly deemphasized Itanium and ultimately exited Itanium systems while still positioning Intel-based x86 and Power as its primary server architectures, so there was never an ""unannounced transition to AMD"" for customers to interpret, aligning with the analyst’s framing that AMD was a complement and Intel had to remain visibly strong. The part that cannot really be verified is whether customers would, in fact, have assumed a hidden AMD transition absent this Intel breadth, but the observed vendor and market behavior is consistent with the analyst’s logic.","52.71","true","3","2","medium","P2","Within three years, IBM did maintain a broad Intel-based 32- and 64-bit server portfolio (chiefly Xeon with EM64T/Intel 64) alongside its emerging AMD Opteron systems, so customers never saw a wholesale shift to AMD as the exclusive x86 supplier. However, the specific idea that IBM needed a ""strong"" Itanium-based 64-bit line to avoid perceptions of an AMD transition aged poorly, as IBM quickly backed away from Itanium and focused its Intel commitment on mainstream x86 Xeon rather than IA-64, making the Intel-vs-AMD signaling logic only partially accurate.","false","quotations_corpus_v1","quotations_corpus","2026-06-19T20:32:56.595276+00:00"
"290","pdf-443","SH-5y","5","","IBM's Itanium Server Goes on Sale","CNET News.com","2003-04-29","There's no doubt that Itanium machines will begin to take material market share away from other architectures going forward this year.","1","3","low","By 2003–2008, Itanium remained a niche platform and did not take ""material"" market share from other architectures; x86 (Xeon/Opteron) and IBM Power dominated volume and growth while Itanium shipments stayed relatively small.[2][4] IBM itself exited the Itanium server business after gaining only about 10% of the already tiny Itanium segment, underscoring that Itanium was not materially displacing other architectures in the broader server market.[1] Analyst and Gartner data show that by 2007–2008, HP accounted for the overwhelming majority of the modest Itanium server shipments, with overall volumes and share far below initial expectations and not materially eroding x86 or RISC markets.[3][6]","6.28","true","false","","","","","","","1","3","low","P2","By 2003–2008, Itanium remained a niche platform and did not take ""material"" market share from other architectures; x86 (Xeon/Opteron) and IBM Power dominated volume and growth while Itanium shipments stayed relatively small.[2][4] IBM itself exited the Itanium server business after gaining only about 10% of the already tiny Itanium segment, underscoring that Itanium was not materially displacing other architectures in the broader server market.[1] Analyst and Gartner data show that by 2007–2008, HP accounted for the overwhelming majority of the modest Itanium server shipments, with overall volumes and share far below initial expectations and not materially eroding x86 or RISC markets.[3][6]","false","quotations_corpus_v1","quotations_corpus","2026-06-19T20:32:56.595276+00:00"
"680","pdf-443","SH-5y","5","","IBM's Itanium Server Goes on Sale","CNET News.com","2003-04-29","IBM's Itanium support trails that of rival Hewlett-Packard, which is betting the company on Itanium.","4","3","high","By the mid-2000s, IBM had effectively exited serious Itanium investment, having already abandoned its AIX-on-IA-64 Project Monterey and instead doubling down on POWER, leaving only limited and short-lived Itanium server offerings compared with its mainlines.[3][9] Over the same period, HP became the overwhelmingly dominant and effectively sole major system vendor backing Itanium, using nearly all Intel Itanium processors in its Integrity and high-end server lines and tying HP-UX, OpenVMS, and NonStop futures to the architecture.[3][4] The phrase ""betting the company"" is somewhat hyperbolic given HP’s broader businesses, but as a characterization of relative commitment to Itanium in servers through roughly 2008, it was directionally and substantially correct.","8.14","true","false","","","","","","","4","3","high","P2","By the mid-2000s, IBM had effectively exited serious Itanium investment, having already abandoned its AIX-on-IA-64 Project Monterey and instead doubling down on POWER, leaving only limited and short-lived Itanium server offerings compared with its mainlines.[3][9] Over the same period, HP became the overwhelmingly dominant and effectively sole major system vendor backing Itanium, using nearly all Intel Itanium processors in its Integrity and high-end server lines and tying HP-UX, OpenVMS, and NonStop futures to the architecture.[3][4] The phrase ""betting the company"" is somewhat hyperbolic given HP’s broader businesses, but as a characterization of relative commitment to Itanium in servers through roughly 2008, it was directionally and substantially correct.","false","quotations_corpus_v1","quotations_corpus","2026-06-19T20:32:56.595276+00:00"
"1174","pdf-445","SH-3y","3","","Unix) applications, the rest of us waited until Windows XP was launched in October 2000 to end the legacy ties to 16-","AP","","ns, the rest of us waited until Windows XP was launched in October 2000 to end the legacy ties to 16- bit software. That’s a long time — fifteen years before the software caught up with the hardware. That won’t happen again to the computer industry. Aberdeen Group expects 64-bit operating support for consumer desktops to arrive over the next year. Early adopters will enjoy some exciting experiences. Hard as it is to imagine, the majority of the consumer market for 64-bit computing will arrive at the end of t","2","3","medium","Within three years of the article, mainstream consumer desktops did not have broad 64‑bit OS support; AMD’s Athlon 64 only appeared in 2003 and most shipped systems still ran 32‑bit Windows and applications. The prediction that the industry would avoid a long lag between 64‑bit hardware and software also failed, as Windows XP Professional x64 Edition did not arrive until 2005 and 64‑bit Windows and application adoption remained minority well into the Windows 7 era. While 64‑bit did eventually become the norm, both the near‑term timing and the implied short hardware–software lag were substantially overoptimistic.","66.21","true","false","","","","","","","2","3","medium","P2","Within three years of the article, mainstream consumer desktops did not have broad 64‑bit OS support; AMD’s Athlon 64 only appeared in 2003 and most shipped systems still ran 32‑bit Windows and applications. The prediction that the industry would avoid a long lag between 64‑bit hardware and software also failed, as Windows XP Professional x64 Edition did not arrive until 2005 and 64‑bit Windows and application adoption remained minority well into the Windows 7 era. While 64‑bit did eventually become the norm, both the near‑term timing and the implied short hardware–software lag were substantially overoptimistic.","false","quotations_corpus_v1","quotations_corpus","2026-06-19T20:32:56.595276+00:00"
"239","pdf-446","SH-5y","6","","HP Reinvented","InformationWeek","2002-05-13","The division should take on more outsourcing and systems integration work, but at the same time, it needs to be careful of competing too closely with partners such as EDS.","3","3","medium","HP did exactly what the quote prescribes in the first half: over the 2002–2008 period it aggressively expanded into outsourcing and systems integration, and by acquiring EDS in 2008 for about $13.9B it roughly doubled services revenue and became the No. 2 IT services provider behind IBM.[1][2][7][10] However, this growth explicitly came by competing directly with, and ultimately absorbing, its former partner EDS—rebranding it as HP Enterprise Services in 2009—rather than by avoiding such competition, so the caution about not competing too closely with EDS did not hold.[7][9]","23.61","true","false","","","","","","","3","3","medium","P2","HP did exactly what the quote prescribes in the first half: over the 2002–2008 period it aggressively expanded into outsourcing and systems integration, and by acquiring EDS in 2008 for about $13.9B it roughly doubled services revenue and became the No. 2 IT services provider behind IBM.[1][2][7][10] However, this growth explicitly came by competing directly with, and ultimately absorbing, its former partner EDS—rebranding it as HP Enterprise Services in 2009—rather than by avoiding such competition, so the caution about not competing too closely with EDS did not hold.[7][9]","false","quotations_corpus_v1","quotations_corpus","2026-06-19T20:32:56.595276+00:00"
"171","pdf-45","SH-3y","1","","DBMS tool meets demand","Computerworld","1995-12-11","“Enterprise Manager will be the [database administrator] Relief Act of 1996, a boon to [the administrators] and their bosses,'' said Peter Kastner, an analyst at Aberdeen Group, Inc.","3","2","medium","Oracle Enterprise Manager in the mid‑1990s did introduce a centralized GUI console, event monitoring, and job automation for distributed Oracle databases, moving DBA work toward more automated, ""lights out"" management and clearly easing some routine administrative burdens.[7][10] Over the late 1990s it became the standard Oracle DBA console and a genuine productivity booster, but DBAs still relied heavily on scripts and command‑line tools, and rival platforms such as Microsoft SQL Server shipped their own increasingly capable GUI management tools, so OEM was helpful rather than the transformative, uniquely unmatched ""Relief Act of 1996"" implied in the quote.[7][8]","15.50","true","false","","","","","","","3","2","medium","P2","Oracle Enterprise Manager in the mid‑1990s did introduce a centralized GUI console, event monitoring, and job automation for distributed Oracle databases, moving DBA work toward more automated, ""lights out"" management and clearly easing some routine administrative burdens.[7][10] Over the late 1990s it became the standard Oracle DBA console and a genuine productivity booster, but DBAs still relied heavily on scripts and command‑line tools, and rival platforms such as Microsoft SQL Server shipped their own increasingly capable GUI management tools, so OEM was helpful rather than the transformative, uniquely unmatched ""Relief Act of 1996"" implied in the quote.[7][8]","false","quotations_corpus_v1","quotations_corpus","2026-06-19T20:32:56.595276+00:00"
"766","pdf-45","SH-3y","3","","DBMS tool meets demand","Computerworld","1995-12-11","No other vendor has anything close to this.","2","2","medium","By the mid-1990s, major RDBMS vendors such as Oracle, IBM, and Sybase were already rolling out increasingly sophisticated GUI administration suites (e.g., Oracle Enterprise Manager, DB2 administration tools, Sybase SQL Central), so the assertion that no other vendor had anything close was overstated even at the time. Within the three-year window to roughly 1998, competitive DBA tools continued to mature rapidly and closed most gaps in ease-of-use and automation, meaning Enterprise Manager did not retain a uniquely differentiated position. The claim captured a short-lived lead in integrated DBA tooling but failed as a durable forecast of uniqueness.","26.55","true","true","2","3","medium","By the late 1990s, Oracle Enterprise Manager had indeed become an important and long-lived DBA console, but it was not uniquely advanced for long, nor was it unmatched across vendors. Microsoft SQL Server Enterprise Manager (bundled with SQL Server 6.0/6.5 and then 7.0), IBM’s DB2 Control Center, and Sybase’s SQL Central/Adaptive Server administration tools all provided centralized, GUI-based management and automation that were clearly “close to” Oracle’s offering within the 3‑year window. Over the longer term, every major relational platform shipped robust integrated administration suites and third‑party tools like BMC Patrol and CA Unicenter also competed strongly, so the claim of having no comparable rivals does not hold up historically.","69.63","true","2","3","medium","P1_tiebreak","By the late 1990s, Oracle Enterprise Manager had indeed become an important and long-lived DBA console, but it was not uniquely advanced for long, nor was it unmatched across vendors. Microsoft SQL Server Enterprise Manager (bundled with SQL Server 6.0/6.5 and then 7.0), IBM’s DB2 Control Center, and Sybase’s SQL Central/Adaptive Server administration tools all provided centralized, GUI-based management and automation that were clearly “close to” Oracle’s offering within the 3‑year window. Over the longer term, every major relational platform shipped robust integrated administration suites and third‑party tools like BMC Patrol and CA Unicenter also competed strongly, so the claim of having no comparable rivals does not hold up historically.","false","quotations_corpus_v1","quotations_corpus","2026-06-19T20:32:56.595276+00:00"
"996","pdf-45","SH-3y","3","","DBMS tool meets demand","Computerworld","1995-12-11","Enterprise Manager will be the [database administrator] Relief Act of 1996, a boon to [the administrators] and their bosses,","2","2","medium","Oracle Enterprise Manager and similar GUI consoles did make routine administration tasks easier for Oracle and Rdb DBAs in the mid‑ to late‑1990s, so the general idea that such a tool would be welcomed by administrators was directionally correct. However, Enterprise Manager did not become a transformative “Relief Act” for DBAs across the industry, and within three years competitors such as IBM’s DB2 Control Center and Microsoft SQL Server Enterprise Manager offered comparable centralized management, contradicting the claim that no other vendor had anything close. DBAs also remained in high demand and heavily burdened through the late 1990s, indicating the tool was an incremental aid rather than the sweeping boon implied.","11.75","true","true","3","2","medium","Oracle Enterprise Manager, bundled with Oracle7.3 from 1996 onward, did become the primary graphical console for administering distributed Oracle databases and materially streamlined routine tasks like user management, backup, and performance monitoring for many Oracle DBAs. However, its impact fell short of being a transformative “Relief Act,” as DBAs still faced significant complexity, adoption remained mixed (with many continuing to favor scripts and command-line tools), and competing products such as Microsoft’s SQL Server Enterprise Manager, Sybase’s tools, and broader frameworks like Tivoli and CA Unicenter narrowed any early lead within a few years. The claim was directionally right that this class of tool would be an important boon to administrators, but it overstated both Oracle’s uniqueness and the degree of workload relief within the 3‑year horizon.","27.84","true","2","2","medium","P2","Oracle Enterprise Manager and similar GUI consoles did make routine administration tasks easier for Oracle and Rdb DBAs in the mid‑ to late‑1990s, so the general idea that such a tool would be welcomed by administrators was directionally correct. However, Enterprise Manager did not become a transformative “Relief Act” for DBAs across the industry, and within three years competitors such as IBM’s DB2 Control Center and Microsoft SQL Server Enterprise Manager offered comparable centralized management, contradicting the claim that no other vendor had anything close. DBAs also remained in high demand and heavily burdened through the late 1990s, indicating the tool was an incremental aid rather than the sweeping boon implied.","false","quotations_corpus_v1","quotations_corpus","2026-06-19T20:32:56.595276+00:00"
"997","pdf-45","SH-3y","3","","DBMS tool meets demand","Computerworld","1995-12-11","No other vendor has anything close to this.","1","2","low","By the 1995–1998 horizon, other major RDBMS vendors had very comparable GUI-based administration suites, including Oracle Enterprise Manager, IBM DB2’s Control Center and related tools, and Sybase Central for Sybase SQL Server and Adaptive Server. These tools similarly aimed to ease DBA workload with graphical consoles, monitoring, and configuration, so the assertion that no other vendor had anything close to the cited Enterprise Manager did not hold even within a few years. The comment thus reads more as short-term marketing hype than a durable, accurate characterization of competitive reality.","27.39","true","false","","","","","","","1","2","low","P2","By the 1995–1998 horizon, other major RDBMS vendors had very comparable GUI-based administration suites, including Oracle Enterprise Manager, IBM DB2’s Control Center and related tools, and Sybase Central for Sybase SQL Server and Adaptive Server. These tools similarly aimed to ease DBA workload with graphical consoles, monitoring, and configuration, so the assertion that no other vendor had anything close to the cited Enterprise Manager did not hold even within a few years. The comment thus reads more as short-term marketing hype than a durable, accurate characterization of competitive reality.","false","quotations_corpus_v1","quotations_corpus","2026-06-19T20:32:56.595276+00:00"
"1175","pdf-456","SH-3y","3","","""You won't see a heck of a lot of difference in Word, but software like [Adobe Systems'] Photoshop or video-","AP","","of difference in Word, but software like [Adobe Systems'] Photoshop or video- rendering software will benefit considerably,"" he said. Another benefit of hyperthreading is that it is a proven technology, having been in Xeon processors since February, Kastner said. Intel, based in Santa Clara, California, will likely include hyperthreading in all of its future Pentium 4 processors, he said. Joris Evers of the IDG News Service contributed to this report. Apr 15, 2003, 6:29 p.m. EST Intel shares gain on r","4","3","high","Between 2003 and 2006, benchmarks consistently showed that Hyper-Threading on Pentium 4 delivered its largest gains in multithreaded or compute-heavy workloads like video encoding and image processing, while offering little to no benefit—and sometimes minor regressions—in lightly threaded applications such as Microsoft Office, aligning well with his Word vs. Photoshop/video distinction.[1][3][7] Hyper-Threading was indeed already shipping and validated in Xeon processors before being brought to Pentium 4 desktops, so calling it a “proven technology” was reasonable.[2][7] However, Intel did not end up including Hyper-Threading in all future Pentium 4-branded processors (several Prescott-based and low-end variants lacked HT), so that part of the prediction was overstated even within the 3-year window.[2]","13.25","true","false","","","","","","","4","3","high","P2","Between 2003 and 2006, benchmarks consistently showed that Hyper-Threading on Pentium 4 delivered its largest gains in multithreaded or compute-heavy workloads like video encoding and image processing, while offering little to no benefit—and sometimes minor regressions—in lightly threaded applications such as Microsoft Office, aligning well with his Word vs. Photoshop/video distinction.[1][3][7] Hyper-Threading was indeed already shipping and validated in Xeon processors before being brought to Pentium 4 desktops, so calling it a “proven technology” was reasonable.[2][7] However, Intel did not end up including Hyper-Threading in all future Pentium 4-branded processors (several Prescott-based and low-end variants lacked HT), so that part of the prediction was overstated even within the 3-year window.[2]","false","quotations_corpus_v1","quotations_corpus","2026-06-19T20:32:56.595276+00:00"
"1176","pdf-458","SH-3y","3","","Five years ago, major service companies told Kastner that the TCO outcomes they saw were in the range of","","","Five years ago, major service companies told Kastner that the TCO outcomes they saw were in the range of $700 to $3,000 per PC per year. On the low end, Intel's vPro technology has cut that down ""to under $500 per PC per year, and that's not all that much more than just the device itself,"" Kastner sai","3","2","medium","Enterprise PC total cost of ownership did decline through the 2010s and early 2020s as hardware costs fell and remote management, automation, and platform features like Intel vPro reduced desk-side support and outage costs. However, fully loaded PC TCO in large organizations remained well above bare device cost because labor, software, security, and compliance stayed dominant cost drivers, and many organizations did not fully exploit vPro’s manageability capabilities. The claim that vPro would push typical TCO to “not all that much more than just the device itself” was therefore directionally right about savings but overstated the magnitude and generality of the effect over the following few years.","8.97","true","false","","","","","","","3","2","medium","P2","Enterprise PC total cost of ownership did decline through the 2010s and early 2020s as hardware costs fell and remote management, automation, and platform features like Intel vPro reduced desk-side support and outage costs. However, fully loaded PC TCO in large organizations remained well above bare device cost because labor, software, security, and compliance stayed dominant cost drivers, and many organizations did not fully exploit vPro’s manageability capabilities. The claim that vPro would push typical TCO to “not all that much more than just the device itself” was therefore directionally right about savings but overstated the magnitude and generality of the effect over the following few years.","false","quotations_corpus_v1","quotations_corpus","2026-06-19T20:32:56.595276+00:00"
"1178","pdf-458","SH-3y","3","","Five years ago, major service companies told Kastner that the TCO outcomes they saw were in the range of","","","PC per year. On the low end, Intel's vPro technology has cut that down ""to under $500 per PC per year, and that's not all that much more than just the device itself,"" Kastner said. On the high end, the vPro has pushed the cost to less than $2,000, Kastner noted. ""So that the not-quite-so- efficient companies have whacked out $1,000 per employee per year,"" which is a ""huge savings that can go right to the bottom line,"" he explained. The technology's new IT Director ""dash","3","2","medium","Kastner’s core idea that Intel vPro–style remote management would materially reduce per‑PC TCO and deliver meaningful savings per employee broadly held up, as later Forrester and Intel-sponsored TEI studies consistently reported significant multi-year TCO reductions, lower support labor, fewer onsite visits, and strong ROI from vPro deployments.[1][3][5] However, the specific magnitude he implies (cutting typical TCO bands to under $500 on the low end and knocking $1,000 per employee per year off costs for less efficient companies) is higher than what most documented case studies show, which tend to report percentage savings (e.g., ~17–20% and six- to seven-fold ROI) rather than such dramatic absolute per-PC annual reductions.[1][3] Enterprise adoption of vPro and continued investment in its manageability and security features through the 2010s and 2020s validate the direction of his argument, but the exact cost ranges and attribution of savings primarily to vPro were overstated.[7][9]","17.11","true","true","3","2","medium","The claim correctly anticipated that Intel vPro’s hardware-based remote management and automation (e.g., AMT, out-of-band patching) would contribute to measurable reductions in deskside visits and support labor, helping lower PC support costs over the following years. However, broad industry TCO studies and Forrester/IDC-style ROI analyses through the 2010s generally showed more modest, incremental percentage savings from vPro within a larger mix of tools, and many enterprises either underused or never enabled vPro features, so typical TCO did not drop to “just above device cost” or deliver a ubiquitous $1,000-per-employee-per-year reduction. Overall, the direction was right—that manageability platforms like vPro reduce TCO—but the magnitude and implied universality of the savings were overstated.","16.13","true","3","2","medium","P2","Kastner’s core idea that Intel vPro–style remote management would materially reduce per‑PC TCO and deliver meaningful savings per employee broadly held up, as later Forrester and Intel-sponsored TEI studies consistently reported significant multi-year TCO reductions, lower support labor, fewer onsite visits, and strong ROI from vPro deployments.[1][3][5] However, the specific magnitude he implies (cutting typical TCO bands to under $500 on the low end and knocking $1,000 per employee per year off costs for less efficient companies) is higher than what most documented case studies show, which tend to report percentage savings (e.g., ~17–20% and six- to seven-fold ROI) rather than such dramatic absolute per-PC annual reductions.[1][3] Enterprise adoption of vPro and continued investment in its manageability and security features through the 2010s and 2020s validate the direction of his argument, but the exact cost ranges and attribution of savings primarily to vPro were overstated.[7][9]","false","quotations_corpus_v1","quotations_corpus","2026-06-19T20:32:56.595276+00:00"
"991","pdf-46","SH-3y","3","","Developers extend user support with PowerBuilder","Computerworld","1994-12-12","It's not for the faint of heart and not for people who need applications to get into production right away,","4","3","high","From 1994 through roughly 1997, building three-tier client/server systems with amalgamated tools (PowerBuilder plus application servers, TP monitors, and heterogeneous databases) was widely regarded as complex, brittle, and demanding of highly skilled teams, not something organizations could usually push into production quickly. Most rapid-application-development success in that period remained in simpler two-tier client/server or departmental apps, while scalable three-tier deployments lagged and required substantial infrastructure and expertise, so his caution that it was not for the faint of heart or for rapid rollout largely held true over the stated horizon.","11.13","true","false","","","","","","","4","3","high","P2","From 1994 through roughly 1997, building three-tier client/server systems with amalgamated tools (PowerBuilder plus application servers, TP monitors, and heterogeneous databases) was widely regarded as complex, brittle, and demanding of highly skilled teams, not something organizations could usually push into production quickly. Most rapid-application-development success in that period remained in simpler two-tier client/server or departmental apps, while scalable three-tier deployments lagged and required substantial infrastructure and expertise, so his caution that it was not for the faint of heart or for rapid rollout largely held true over the stated horizon.","false","quotations_corpus_v1","quotations_corpus","2026-06-19T20:32:56.595276+00:00"
"992","pdf-46","SH-3y","3","","Developers extend user support with PowerBuilder","Computerworld","1994-12-12","And it's not for someone with a staff of a hundred Cobol programmers who wouldn't know a PC if it bit them. With those caveats, the three-tier architecture is now becoming the de facto topology of choice for serious [on-line transaction processing]-based applications.","4","3","high","Within roughly three years of 1994, three-tier (presentation, application, data) client/server and early web architectures had become the preferred design pattern for new distributed and OLTP-style enterprise systems, as vendors such as Microsoft and others formalized three-tier models and promoted COM+/application-server middle tiers for mission-critical business logic.[3][6][7] While legacy mainframe COBOL OLTP systems remained dominant in installed base, industry guidance and major new projects in banking, e-commerce, and large transactional systems increasingly standardized on three-tier or n-tier approaches for scalability and maintainability, making it effectively the topology of choice for serious new OLTP applications even if not yet universal.[2][3][8] The claim slightly overstates the speed and breadth of displacement of existing mainframe OLTP, but its direction and architectural emphasis proved largely accurate over the period.","14.00","true","false","","","","","","","4","3","high","P2","Within roughly three years of 1994, three-tier (presentation, application, data) client/server and early web architectures had become the preferred design pattern for new distributed and OLTP-style enterprise systems, as vendors such as Microsoft and others formalized three-tier models and promoted COM+/application-server middle tiers for mission-critical business logic.[3][6][7] While legacy mainframe COBOL OLTP systems remained dominant in installed base, industry guidance and major new projects in banking, e-commerce, and large transactional systems increasingly standardized on three-tier or n-tier approaches for scalability and maintainability, making it effectively the topology of choice for serious new OLTP applications even if not yet universal.[2][3][8] The claim slightly overstates the speed and breadth of displacement of existing mainframe OLTP, but its direction and architectural emphasis proved largely accurate over the period.","false","quotations_corpus_v1","quotations_corpus","2026-06-19T20:32:56.595276+00:00"
"163","pdf-46","SH-5y","5","","Developers extend user support with PowerBuilder","Computerworld","1994-12-12","ose caveats, the three-tier architecture is now becoming the de facto topology of choice for serious [on-line transaction processing]-based applications.'' Developers who opt for the creation of three-tier applications with PowerBuilder must be prepared for some “serious system integration,'' Kastner added, because they will be dealing with from multiple vendors and managing multiple tiers.","4","3","high","Within about five years of 1994, three-tier (presentation, application, data) architectures had become the standard pattern for scalable, internet-facing OLTP systems such as banking and e‑commerce, and are still described as the most common form of multitier architecture for such applications.[6][2][3] Kastner’s warning about “serious system integration” across multiple vendors also held up: three-tier designs typically involve distinct web/UI, application/middleware, and database products, increasing integration overhead compared with simpler two-tier client/server setups.[4][7] The only caveat is that many departmental and legacy client/server OLTP systems remained two-tier through the late 1990s, so calling three-tier the de facto choice was somewhat ahead of broad practice, even though it correctly anticipated where serious, high-scale transactional development was heading.[6][8]","11.36","true","false","","","","","","","4","3","high","P2","Within about five years of 1994, three-tier (presentation, application, data) architectures had become the standard pattern for scalable, internet-facing OLTP systems such as banking and e‑commerce, and are still described as the most common form of multitier architecture for such applications.[6][2][3] Kastner’s warning about “serious system integration” across multiple vendors also held up: three-tier designs typically involve distinct web/UI, application/middleware, and database products, increasing integration overhead compared with simpler two-tier client/server setups.[4][7] The only caveat is that many departmental and legacy client/server OLTP systems remained two-tier through the late 1990s, so calling three-tier the de facto choice was somewhat ahead of broad practice, even though it correctly anticipated where serious, high-scale transactional development was heading.[6][8]","false","quotations_corpus_v1","quotations_corpus","2026-06-19T20:32:56.595276+00:00"
"753","pdf-46","SH-5y","5","","Developers extend user support with PowerBuilder","Computerworld","1994-12-12","And it's not for someone with a staff of a hundred Cobol programmers who wouldn't know a PC if it bit them. With those caveats, the three-tier architecture is now becoming the de facto topology of choice for serious [on-line transaction processing]-based applications.","4","3","high","By the late 1990s, three-tier and broader n‑tier architectures had become the mainstream pattern for new large-scale business and transactional applications, especially web-based banking, e‑commerce, and enterprise portals, matching his claim that three-tier would become the de facto topology for serious OLTP-style systems.[3][5][7] Industry practice shifted from two-tier client/server toward a presentation–application–data split, with dedicated application servers such as WebLogic, WebSphere, and later J2EE/.NET adopting this model as the standard enterprise approach.[2][5][7] Kastner slightly overstated how immediate and universal this was in 1994—mainframe COBOL OLTP remained dominant for many incumbents—but within the five-year horizon his directional call about three‑tier becoming the preferred architecture for serious new transactional workloads was largely borne out.","9.13","true","false","","","","","","","4","3","high","P2","By the late 1990s, three-tier and broader n‑tier architectures had become the mainstream pattern for new large-scale business and transactional applications, especially web-based banking, e‑commerce, and enterprise portals, matching his claim that three-tier would become the de facto topology for serious OLTP-style systems.[3][5][7] Industry practice shifted from two-tier client/server toward a presentation–application–data split, with dedicated application servers such as WebLogic, WebSphere, and later J2EE/.NET adopting this model as the standard enterprise approach.[2][5][7] Kastner slightly overstated how immediate and universal this was in 1994—mainframe COBOL OLTP remained dominant for many incumbents—but within the five-year horizon his directional call about three‑tier becoming the preferred architecture for serious new transactional workloads was largely borne out.","false","quotations_corpus_v1","quotations_corpus","2026-06-19T20:32:56.595276+00:00"
"1179","pdf-462","SH-3y","3","","The chip giant has funded a new report from Aberdeen, AMD's Gigahertz Equivalency: Inexperienced Buyers Accept","AP","","The chip giant has funded a new report from Aberdeen, AMD's Gigahertz Equivalency: Inexperienced Buyers Accept Bad Science [written by Peter Kastner], which heavily criticises AMD's model-number system as confusing to consumers and as ""not justifiable in the benchmark science"". The report predicts that ""AMD... must soon retreat from the gigahertz equivalency positioning and take another performa","1","3","low","Within three years of the Aberdeen report (early‑2000s), AMD not only did *not* retreat from its gigahertz‑equivalency/model‑number scheme, it extended it across Athlon XP and Athlon 64 (e.g., 2500+, 3200+, 3800+) and Opteron parts, and consumers and reviewers routinely used those PR‑style numbers as the primary way to distinguish SKUs. Intel itself moved away from clock‑speed branding after the NetBurst era, shifting to Core 2 and then Core i3/i5/i7 naming where GHz was de‑emphasized, which undercut the report’s premise that AMD’s approach was untenable and would “soon” have to be abandoned. AMD only gradually transitioned away from the “+” performance ratings later in the decade, well beyond the stated short horizon, so the specific short‑term prediction that AMD ‘must soon retreat’ from gigahertz equivalency was contradicted by what actually happened.","64.20","true","false","","","","","","","1","3","low","P2","Within three years of the Aberdeen report (early‑2000s), AMD not only did *not* retreat from its gigahertz‑equivalency/model‑number scheme, it extended it across Athlon XP and Athlon 64 (e.g., 2500+, 3200+, 3800+) and Opteron parts, and consumers and reviewers routinely used those PR‑style numbers as the primary way to distinguish SKUs. Intel itself moved away from clock‑speed branding after the NetBurst era, shifting to Core 2 and then Core i3/i5/i7 naming where GHz was de‑emphasized, which undercut the report’s premise that AMD’s approach was untenable and would “soon” have to be abandoned. AMD only gradually transitioned away from the “+” performance ratings later in the decade, well beyond the stated short horizon, so the specific short‑term prediction that AMD ‘must soon retreat’ from gigahertz equivalency was contradicted by what actually happened.","false","quotations_corpus_v1","quotations_corpus","2026-06-19T20:32:56.595276+00:00"
"1180","pdf-467","SH-3y","3","","Peter S Kastner Blogging at oncomputerstips.blogspot.com","AP","","Peter S Kastner Blogging at oncomputerstips.blogspot.com Monday, February 07, 2005 Who is Peter S. Kastner? Peter Kastner has over thirty-five years experience in information-technology business and market development, management, and entrepreneurial success. He i","0","3","low","The quoted passage is purely biographical, describing Peter S. Kastner’s background, roles, and experience as of early 2005, without making any forward-looking statement or technology/market prediction to be evaluated for accuracy.[4] His continued status as a prominent Aberdeen Group co-founder and IT market researcher in subsequent years confirms the bio was factual, not speculative.[1][4] Because there is no explicit or implicit forecast about future developments, it cannot be scored for prescience under the given rubric.","6.37","true","false","","","","","","","0","3","low","P2","The quoted passage is purely biographical, describing Peter S. Kastner’s background, roles, and experience as of early 2005, without making any forward-looking statement or technology/market prediction to be evaluated for accuracy.[4] His continued status as a prominent Aberdeen Group co-founder and IT market researcher in subsequent years confirms the bio was factual, not speculative.[1][4] Because there is no explicit or implicit forecast about future developments, it cannot be scored for prescience under the given rubric.","true","quotations_corpus_v1","quotations_corpus","2026-06-19T20:32:56.595276+00:00"
"1183","pdf-477","SH-3y","3","","You must be careful when making any changes or modifications to the firmware of your GPS because there is a risk","","","You must be careful when making any changes or modifications to the firmware of your GPS because there is a risk that things can go wrong and render the GPS inoperable. And sorry, I won't go sailing with you and your hacked GPS. Peter S. Kastner Posted by Anonymous at 2:23?AM Monday, June 06, 2005 The Implications of Doubling the Number of the World's Computer Users Intel research suggests that the next wave of computing users will look very different than the first. They will be less affl","4","3","high","The claim that modifying GPS firmware can render a device inoperable and make it unsafe to rely on for navigation aligns with how embedded and navigation systems evolved after 2005. Later GPS issues such as the 2019 GPS Week Number Rollover showed that firmware problems could cause older GPS units to malfunction, crash, or misdirect users, underscoring how fragile these devices can be when firmware is incorrect or mishandled.[2][4][7] More broadly, industry treatment of firmware and over‑the‑air updates across safety-related systems (including automotive) has consistently emphasized that update or modification errors can lead to malfunction or new vulnerabilities, validating his caution about not trusting a “hacked” navigation device for something like sailing.[6]","16.49","true","false","","","","","","","4","3","high","P2","The claim that modifying GPS firmware can render a device inoperable and make it unsafe to rely on for navigation aligns with how embedded and navigation systems evolved after 2005. Later GPS issues such as the 2019 GPS Week Number Rollover showed that firmware problems could cause older GPS units to malfunction, crash, or misdirect users, underscoring how fragile these devices can be when firmware is incorrect or mishandled.[2][4][7] More broadly, industry treatment of firmware and over‑the‑air updates across safety-related systems (including automotive) has consistently emphasized that update or modification errors can lead to malfunction or new vulnerabilities, validating his caution about not trusting a “hacked” navigation device for something like sailing.[6]","true","quotations_corpus_v1","quotations_corpus","2026-06-19T20:32:56.595276+00:00"
"986","pdf-48","SH-3y","3","","High-end tools gain steam","Computerworld","1994-09-12","This is not your 20-user workgroup problem. Dynasty, Seer, Forte, along with many other industry players are heading upscale into enterprise client/server both to meet market demand and to avoid the bottom-clearing juggernaut that is Microsoft's tools division,","4","2","high","By 1997, Microsoft's Visual Basic, Visual C++, and then Visual Studio had largely captured the mass-market Windows client/server and departmental development tools segment, putting strong price and volume pressure on low-end rivals such as Borland and Gupta. In response, high-end client/server and 4GL vendors including Forte Software, Seer Technologies, and Dynasty focused their offerings on large-scale, multi-tier enterprise applications and major relational databases rather than small 20-user workgroup deployments. Although many of these upscale vendors later struggled as web and Java architectures rose, within the three-year window the pattern Kastner described—Microsoft as a bottom-clearing tools juggernaut and niche tools vendors moving upmarket into enterprise client/server—reflected how the market actually evolved.","14.87","true","false","","","","","","","4","2","high","P2","By 1997, Microsoft's Visual Basic, Visual C++, and then Visual Studio had largely captured the mass-market Windows client/server and departmental development tools segment, putting strong price and volume pressure on low-end rivals such as Borland and Gupta. In response, high-end client/server and 4GL vendors including Forte Software, Seer Technologies, and Dynasty focused their offerings on large-scale, multi-tier enterprise applications and major relational databases rather than small 20-user workgroup deployments. Although many of these upscale vendors later struggled as web and Java architectures rose, within the three-year window the pattern Kastner described—Microsoft as a bottom-clearing tools juggernaut and niche tools vendors moving upmarket into enterprise client/server—reflected how the market actually evolved.","false","quotations_corpus_v1","quotations_corpus","2026-06-19T20:32:56.595276+00:00"
"159","pdf-48","SH-5y","4","","High-end tools gain steam","Computerworld","1994-09-12","Dynasty, Seer, Forte, along with many other industry players are heading upscale into enterprise client/server both to meet market demand and to avoid the bottom-clearing juggernaut that is Microsoft's tools division,'' Kastner said.","4","2","high","By the late 1990s, Microsoft’s development tools (Visual Basic, Visual C++, and then Visual Studio) had effectively swept the mass‑market Windows client/server and departmental tools space, pushing many non-Microsoft 4GL and RAD competitors out of the low end. Vendors like Forte Software and Seer Technologies indeed positioned themselves as high-end, enterprise application development and multi-tier client/server platforms, selling into large banks and telecoms rather than competing head‑on with Microsoft desktop tools. While those companies did not thrive long term as independent giants, the pattern Kastner described—niche players moving upscale to escape Microsoft’s commoditizing “juggernaut” at the bottom of the market—accurately characterized the competitive dynamics over the ensuing several years.","50.48","true","false","","","","","","","4","2","high","P2","By the late 1990s, Microsoft’s development tools (Visual Basic, Visual C++, and then Visual Studio) had effectively swept the mass‑market Windows client/server and departmental tools space, pushing many non-Microsoft 4GL and RAD competitors out of the low end. Vendors like Forte Software and Seer Technologies indeed positioned themselves as high-end, enterprise application development and multi-tier client/server platforms, selling into large banks and telecoms rather than competing head‑on with Microsoft desktop tools. While those companies did not thrive long term as independent giants, the pattern Kastner described—niche players moving upscale to escape Microsoft’s commoditizing “juggernaut” at the bottom of the market—accurately characterized the competitive dynamics over the ensuing several years.","false","quotations_corpus_v1","quotations_corpus","2026-06-19T20:32:56.595276+00:00"
"1186","pdf-485","SH-3y","3","","-- Peter S. Kastner","AP","","-- Peter S. Kastner Posted by Anonymous at 12:28?AM No comments: Email ThisBlogThis!Share to TwitterShare to FacebookShare to Pinterest Monday, June 06, 2005 Apple on Intel is a 3 Year Old Story With a little web sleuthing, the blogged article tells it all -- in August","5","3","high","Kastner’s conclusion that Apple had maintained a current, parallel Intel port of Mac OS X and a secret Intel-focused development team was later confirmed directly by Apple. At WWDC on June 6, 2005, Steve Jobs revealed that for the previous five years every Mac OS X release had been built for both PowerPC and Intel, confirming an ongoing, up-to-date Intel port and internal project (later known as Project Marklar).[5][3] The subsequent public transition to Intel-based Macs beginning in January 2006 and the complete move of the Mac product line to Intel by August 2006 further validated that Apple had been keeping that Intel codebase current and production-ready well before announcement.[1][2]","14.49","true","false","","","","","","","5","3","high","P2","Kastner’s conclusion that Apple had maintained a current, parallel Intel port of Mac OS X and a secret Intel-focused development team was later confirmed directly by Apple. At WWDC on June 6, 2005, Steve Jobs revealed that for the previous five years every Mac OS X release had been built for both PowerPC and Intel, confirming an ongoing, up-to-date Intel port and internal project (later known as Project Marklar).[5][3] The subsequent public transition to Intel-based Macs beginning in January 2006 and the complete move of the Mac product line to Intel by August 2006 further validated that Apple had been keeping that Intel codebase current and production-ready well before announcement.[1][2]","true","quotations_corpus_v1","quotations_corpus","2026-06-19T20:32:56.595276+00:00"
"582","pdf-489","SH-3y","3","","Microsoft Grants Indonesian Pirates Amnsety","Kastner Blog","","","0","2","low","The specific analyst quotation to be scored was not provided, only the headline and metadata for the blog post. Without the actual claim text or its immediate context, it is impossible to determine what was being predicted or characterized and thus impossible to compare it against subsequent events. As a result, no meaningful prescience assessment can be made relative to the stated three‑year horizon.","3.70","true","false","","","","","","","0","2","low","P2","The specific analyst quotation to be scored was not provided, only the headline and metadata for the blog post. Without the actual claim text or its immediate context, it is impossible to determine what was being predicted or characterized and thus impossible to compare it against subsequent events. As a result, no meaningful prescience assessment can be made relative to the stated three‑year horizon.","false","quotations_corpus_v1","quotations_corpus","2026-06-19T20:32:56.595276+00:00"
"598","pdf-493","SH-3y","3","","Monday, May 30, 2005","Kastner Blog","","","0","2","low","The analyst quotation and its immediate context are missing, so there is no concrete claim to compare against subsequent industry developments. Without the actual text of the prediction, it is impossible to determine whether events between 2005 and 2008 validated or contradicted it.","4.43","true","false","","","","","","","0","2","low","P2","The analyst quotation and its immediate context are missing, so there is no concrete claim to compare against subsequent industry developments. Without the actual text of the prediction, it is impossible to determine whether events between 2005 and 2008 validated or contradicted it.","false","quotations_corpus_v1","quotations_corpus","2026-06-19T20:32:56.595276+00:00"
"1187","pdf-494","SH-3y","3","","What is controversial about this site is shooting live game over the Internet. You will be hearing more about this web","","","er the Internet. You will be hearing more about this web site as soon as (fill in the blank from a very long list) finds out about it and a Congressman calls a press conference covered on the nightly news. Hey, you heard it here first. -- Peter S. Kastner Posted by Anonymous at 11:18?PM No comments: Email ThisBlogThis!Share to TwitterShare to FacebookShare to Pinterest First Digital Mop Debuts If you have any doubts that twenty years from now our lives will be fundamentally changed by digital consume","5","3","high","Kastner predicts that a controversial website enabling users to shoot live game over the Internet will trigger broader attention once advocacy groups and a member of Congress get involved and the story hits national news. That is essentially what happened with remote hunting services such as Live-Shot.com in 2004–2005, which provoked strong reactions from animal-rights organizations, led to bills in the U.S. Congress and bans in numerous U.S. states, and received widespread coverage on major national TV news outlets. His forecast of rapid political and media escalation around this specific type of website was realized well within a three‑year horizon.","8.59","true","false","","","","","","","5","3","high","P2","Kastner predicts that a controversial website enabling users to shoot live game over the Internet will trigger broader attention once advocacy groups and a member of Congress get involved and the story hits national news. That is essentially what happened with remote hunting services such as Live-Shot.com in 2004–2005, which provoked strong reactions from animal-rights organizations, led to bills in the U.S. Congress and bans in numerous U.S. states, and received widespread coverage on major national TV news outlets. His forecast of rapid political and media escalation around this specific type of website was realized well within a three‑year horizon.","true","quotations_corpus_v1","quotations_corpus","2026-06-19T20:32:56.595276+00:00"
"1188","pdf-498","SH-3y","3","","These tests also show that ""normal users"" will see a considerably better user experience with a dual core","AP","","These tests also show that ""normal users"" will see a considerably better user experience with a dual core microprocessor. The hour glass may not be a thing of the past, but it will take over your cursor much less often. -- Peter S. Kastner Posted by Anonymous at 11:58?PM No comments: Email ThisBlogThis!Share to TwitterShare to FacebookShare to Pinterest Game Consoles: Place Your Bets First Microsoft then Sony have announced specs for the next generation of game stations, which will be","4","3","high","Within about three years of the 2005 console and CPU transition window, dual-core processors such as AMD’s Athlon 64 X2 and Intel’s Core Duo/Core 2 Duo had become mainstream in consumer PCs, delivering noticeable responsiveness gains and smoother multitasking versus single-core Pentium 4–class systems.[13][5][9] As operating systems and everyday applications increasingly ran background tasks (antivirus, indexing, media players, and more complex browsers), the second core reduced UI stalls and the frequency of visible wait cursors for typical home and office users, aligning with the prediction of a considerably better user experience.[5][7] However, many individual applications remained lightly threaded, so performance improvements were workload-dependent rather than universally dramatic, making the claim directionally and largely correct rather than perfectly so.[7][9]","15.15","true","false","","","","","","","4","3","high","P2","Within about three years of the 2005 console and CPU transition window, dual-core processors such as AMD’s Athlon 64 X2 and Intel’s Core Duo/Core 2 Duo had become mainstream in consumer PCs, delivering noticeable responsiveness gains and smoother multitasking versus single-core Pentium 4–class systems.[13][5][9] As operating systems and everyday applications increasingly ran background tasks (antivirus, indexing, media players, and more complex browsers), the second core reduced UI stalls and the frequency of visible wait cursors for typical home and office users, aligning with the prediction of a considerably better user experience.[5][7] However, many individual applications remained lightly threaded, so performance improvements were workload-dependent rather than universally dramatic, making the claim directionally and largely correct rather than perfectly so.[7][9]","true","quotations_corpus_v1","quotations_corpus","2026-06-19T20:32:56.595276+00:00"
"1190","pdf-504","SH-3y","3","","Expect to see these drives in servers for midline storage and in high-end consumer desktops. Is the end of the SCSI","","","Expect to see these drives in servers for midline storage and in high-end consumer desktops. Is the end of the SCSI disk drive ara in sight? Peter S. Kastner Posted by Anonymous at 7:32?PM No comments: Email ThisBlogThis!Share to TwitterShare to FacebookShare to Pinterest An Introduction to RAID6 IT professionals will want to read this article to understand the problem that RAID6 solves compared to RAID5","4","2","high","Within a few years of the mid‑2000s, SATA hard drives became standard in high-end consumer desktops and were widely used for midline/nearline server storage, displacing many legacy parallel SCSI disks. In the same timeframe, new enterprise servers shifted rapidly from parallel SCSI HDDs to SAS and SATA, effectively ending the era of classic SCSI disk drives in new deployments even though SCSI-derived protocols persisted. The lack of an exact publication date and the ambiguous reference to “these drives” limits how precisely the forecast can be judged, but the broad direction proved accurate.","8.42","true","false","","","","","","","4","2","high","P2","Within a few years of the mid‑2000s, SATA hard drives became standard in high-end consumer desktops and were widely used for midline/nearline server storage, displacing many legacy parallel SCSI disks. In the same timeframe, new enterprise servers shifted rapidly from parallel SCSI HDDs to SAS and SATA, effectively ending the era of classic SCSI disk drives in new deployments even though SCSI-derived protocols persisted. The lack of an exact publication date and the ambiguous reference to “these drives” limits how precisely the forecast can be judged, but the broad direction proved accurate.","true","quotations_corpus_v1","quotations_corpus","2026-06-19T20:32:56.595276+00:00"
"1193","pdf-508","SH-3y","3","","That makes the introduction of dual core processors for personal computing this spring not just another product","","","tory of the information technology industry. Bottom Line: intense computing users who do lots of multi-tasking will ""feel"" better performance in every day work with a dual-core processor, even though some individual tasks may take longer. Peter S. Kastner Posted by Anonymous at 3:14?PM No comments: Email ThisBlogThis!Share to TwitterShare to FacebookShare to Pinterest Your Computer Legal Rights and Responsibilities We talk about digital rights manage","5","3","high","Dual-core CPUs such as AMD’s Athlon 64 X2 (2005) and Intel’s Pentium D/Core Duo (2005–2006) quickly proved that everyday multitasking workloads felt significantly smoother because background tasks could move to the second core, even though many single-threaded applications saw little gain or ran slower due to lower clock speeds. By roughly three years out, dual-core had become the mainstream client configuration and was widely regarded as the inflection point where the industry shifted from frequency scaling to multicore designs, confirming the characterization of dual-core’s introduction as a landmark in personal computing history.","8.94","true","false","","","","","","","5","3","high","P2","Dual-core CPUs such as AMD’s Athlon 64 X2 (2005) and Intel’s Pentium D/Core Duo (2005–2006) quickly proved that everyday multitasking workloads felt significantly smoother because background tasks could move to the second core, even though many single-threaded applications saw little gain or ran slower due to lower clock speeds. By roughly three years out, dual-core had become the mainstream client configuration and was widely regarded as the inflection point where the industry shifted from frequency scaling to multicore designs, confirming the characterization of dual-core’s introduction as a landmark in personal computing history.","true","quotations_corpus_v1","quotations_corpus","2026-06-19T20:32:56.595276+00:00"
"1194","pdf-509","SH-3y","3","","The price as low as $722 (qty 1,000) makes the Cranford value chips attractive for a new generation of low-cost 4-","AP","","The price as low as $722 (qty 1,000) makes the Cranford value chips attractive for a new generation of low-cost 4- way servers. Dell immediately jumped in with its offering. These will sell by the boxcar for web processing and Tier 1 apps. Peter S. Kastner Posted by Anonymous at 1:33?AM No comments: Email ThisBlogThis!Share to TwitterShare to FacebookShare to Pinterest Open-Source Fans Often Miss Business Basics I love this op ed piece. Could not have said it better myself: If open source really want","3","2","medium","Intel’s low-cost 4-socket Xeon MP parts (widely associated with the Cranford codename) did underpin a wave of Dell and other OEM 4-way x86 servers that were adopted for web-serving, application, and departmental database workloads in the mid‑2000s, so the basic direction of the claim was correct. However, shipment data from 2004‑2008 show that the bulk of x86 volume and “boxcar”–scale web infrastructure growth centered on 1- and especially 2-socket rack servers, with 4-socket systems remaining a relatively small share of units, so the magnitude of demand for these specific value 4-way chips was overstated. There is limited public documentation tying the Cranford codename and this exact price point to unit volumes, so the assessment is conservative.","59.98","true","true","2","2","medium","Intel’s Cranford Xeon MP parts did enable relatively inexpensive 4-socket x86 boxes in 2005, and vendors like Dell offered such systems, but they remained a modest niche compared with rapidly growing 2-socket volume servers. Over the 2005–2008 horizon, large-scale web and Tier 1 enterprise workloads largely standardized on scale-out 1- and 2-socket x86 servers and then on virtualized 2-socket platforms, rather than buying 4-way systems “by the boxcar.” The prediction that this specific value 4-way segment would become a major, mass-volume platform for web processing and Tier 1 apps was therefore mostly overstated, even though the general shift from proprietary RISC/UNIX to x86 for such workloads did occur.","11.25","true","3","2","medium","P2","Intel’s low-cost 4-socket Xeon MP parts (widely associated with the Cranford codename) did underpin a wave of Dell and other OEM 4-way x86 servers that were adopted for web-serving, application, and departmental database workloads in the mid‑2000s, so the basic direction of the claim was correct. However, shipment data from 2004‑2008 show that the bulk of x86 volume and “boxcar”–scale web infrastructure growth centered on 1- and especially 2-socket rack servers, with 4-socket systems remaining a relatively small share of units, so the magnitude of demand for these specific value 4-way chips was overstated. There is limited public documentation tying the Cranford codename and this exact price point to unit volumes, so the assessment is conservative.","true","quotations_corpus_v1","quotations_corpus","2026-06-19T20:32:56.595276+00:00"
"535","pdf-513","SH-3y","3","","Couch surfers: too lazy to even type a URL","Kastner Blog","","","0","1","low","The specific quotation to be scored is missing, so there is no concrete claim to evaluate against subsequent history. Without the actual text of the prediction, its content, scope, or timing cannot be determined, making prescience assessment impossible.","4.21","true","false","","","","","","","0","1","low","P2","The specific quotation to be scored is missing, so there is no concrete claim to evaluate against subsequent history. Without the actual text of the prediction, its content, scope, or timing cannot be determined, making prescience assessment impossible.","false","quotations_corpus_v1","quotations_corpus","2026-06-19T20:32:56.595276+00:00"
"1199","pdf-517","SH-3y","3","","In this case, the electronic bank robber was caught. However, this writer can assure our dear readers that electronic","AP","","y, risking jail for the part of half a billion dollars has a better risk-reward than driving off with an ATM. [Update} Phishing also appears to be quite lucrative. The Brazilian police just landed a perp accused of $37M in phishing fraud. Peter S. Kastner Posted by Anonymous at 10:46?PM No comments: Email ThisBlogThis!Share to TwitterShare to FacebookShare to Pinterest Tuesday, March 22, 2005 Psst, Sony Playstations","4","3","high","From 2005–2008, online banking and card‑not‑present fraud grew rapidly, with large phishing operations (such as the Rock Phish group and botnet‑driven campaigns) targeting millions of users and generating losses in the hundreds of millions of dollars, far exceeding typical physical ATM robberies on a per‑incident basis. Law‑enforcement and industry reports in this period increasingly described cybercrime ""business models"" where relatively low physical risk and high potential payout made electronic fraud more attractive than traditional bank robbery, and phishing quickly became one of the dominant attack vectors against retail banking customers. Subsequent years only reinforced this pattern, as credential‑stealing malware like Zeus (emerging around 2007–2008) helped turn electronic bank fraud into a routine, high‑yield revenue source for organized crime, validating the claim that such scams were real, growing, and offered compelling risk‑reward for criminals.","13.06","true","false","","","","","","","4","3","high","P2","From 2005–2008, online banking and card‑not‑present fraud grew rapidly, with large phishing operations (such as the Rock Phish group and botnet‑driven campaigns) targeting millions of users and generating losses in the hundreds of millions of dollars, far exceeding typical physical ATM robberies on a per‑incident basis. Law‑enforcement and industry reports in this period increasingly described cybercrime ""business models"" where relatively low physical risk and high potential payout made electronic fraud more attractive than traditional bank robbery, and phishing quickly became one of the dominant attack vectors against retail banking customers. Subsequent years only reinforced this pattern, as credential‑stealing malware like Zeus (emerging around 2007–2008) helped turn electronic bank fraud into a routine, high‑yield revenue source for organized crime, validating the claim that such scams were real, growing, and offered compelling risk‑reward for criminals.","true","quotations_corpus_v1","quotations_corpus","2026-06-19T20:32:56.595276+00:00"
"1200","pdf-518","SH-3y","3","","Caveat: Be sure to have your user manual so that you can get back to factory settings if you really mess up. You also","","","Caveat: Be sure to have your user manual so that you can get back to factory settings if you really mess up. You also ought to have a copy of the latest Linksys firmware available. Peter S. Kastner Posted by Anonymous at 12:12?AM No comments: Email ThisBlogThis!Share to TwitterShare to FacebookShare to Pinterest Sunday, March 20, 2005 SIA, Barrett Renew Call For funds To Preserve U.S. Leadership U.S. leadership in technology is under assault,""","0","3","low","The quoted passage gives operational advice for configuring a Linksys router—keep the user manual handy for factory resets and have a copy of the latest firmware—not a time-bounded prediction about future technology or market trends.[5][13] While factory resets and firmware management have remained standard procedures for consumer routers, this is a narrow, evergreen best practice rather than a forecast that can be meaningfully judged over a three-year horizon.[5][13]","15.62","true","false","","","","","","","0","3","low","P2","The quoted passage gives operational advice for configuring a Linksys router—keep the user manual handy for factory resets and have a copy of the latest firmware—not a time-bounded prediction about future technology or market trends.[5][13] While factory resets and firmware management have remained standard procedures for consumer routers, this is a narrow, evergreen best practice rather than a forecast that can be meaningfully judged over a three-year horizon.[5][13]","true","quotations_corpus_v1","quotations_corpus","2026-06-19T20:32:56.595276+00:00"
"579","pdf-521","SH-3y","3","","Look for Mac OS X 10.4 ""Tiger""","Kastner Blog","","","0","3","low","The analyst quotation to be scored is not provided, so there is no specific claim or prediction to compare against subsequent events. Although Mac OS X 10.4 Tiger was released in April 2005 and became a long-lived, highly regarded OS X version, without the actual text of Peter S. Kastner’s statement it is impossible to judge whether his characterization or forecast about Tiger matched what occurred within the three-year horizon.","5.19","true","false","","","","","","","0","3","low","P2","The analyst quotation to be scored is not provided, so there is no specific claim or prediction to compare against subsequent events. Although Mac OS X 10.4 Tiger was released in April 2005 and became a long-lived, highly regarded OS X version, without the actual text of Peter S. Kastner’s statement it is impossible to judge whether his characterization or forecast about Tiger matched what occurred within the three-year horizon.","false","quotations_corpus_v1","quotations_corpus","2026-06-19T20:32:56.595276+00:00"
"616","pdf-532","SH-3y","3","","Software Patents Create Havoc in Eurpoe","Kastner Blog","","","0","3","low","No actual quotation or substantive claim is provided to evaluate, so there is nothing concrete to compare against subsequent events in European software patent policy. Without knowing whether the author predicted, for example, EU-wide legalization, rejection, or particular economic impacts of software patents, the claim cannot be mapped to the well-documented history of the EU Computer-Implemented Inventions directive debates and their aftermath. In the absence of a specific, testable statement, the only responsible assessment is to mark this as not assessable.","5.91","true","false","","","","","","","0","3","low","P2","No actual quotation or substantive claim is provided to evaluate, so there is nothing concrete to compare against subsequent events in European software patent policy. Without knowing whether the author predicted, for example, EU-wide legalization, rejection, or particular economic impacts of software patents, the claim cannot be mapped to the well-documented history of the EU Computer-Implemented Inventions directive debates and their aftermath. In the absence of a specific, testable statement, the only responsible assessment is to mark this as not assessable.","false","quotations_corpus_v1","quotations_corpus","2026-06-19T20:32:56.595276+00:00"
"1208","pdf-544","SH-3y","3","","All the major microprocessor manufacturers are drooling over the next generation of digital lifestyle electronics,","AP","","ilable for servers and desktops. Units will be measured in billion over a decade, so market planners are paying more than the usual attention. While digital toasters are not on the 2005 Christmas list, I think this trend is worth watching. Peter S. Kastner Posted by Anonymous at 6:48?PM No comments: Napster takes rental media to portables Gearing up for a US$30 million anti-Apple iPod mar","5","3","high","Between 2005 and roughly 2008, all major chip vendors (Intel with Atom and CE chips, TI OMAP, Qualcomm, Samsung, Freescale, etc.) aggressively targeted ""digital lifestyle"" devices such as MP3 players, set‑top boxes, game consoles, and especially smartphones, all built around programmable CPUs, full operating systems (Symbian, Windows Mobile, embedded Linux, and then iOS in 2007 and Android in 2008), and server/desktop‑class development tools. Over the following decade, annual smartphone shipments alone scaled to well over 1 billion units per year, with additional billions of other connected consumer devices, validating his forecast that units would be measured in the billions and that this class of digital lifestyle electronics would become a core focus for processor makers. His humorous caveat about “digital toasters” not being imminent also aligns with the slower, later emergence of more trivial IoT appliances compared to the explosive growth of phones and media devices.","15.20","true","false","","","","","","","5","3","high","P2","Between 2005 and roughly 2008, all major chip vendors (Intel with Atom and CE chips, TI OMAP, Qualcomm, Samsung, Freescale, etc.) aggressively targeted ""digital lifestyle"" devices such as MP3 players, set‑top boxes, game consoles, and especially smartphones, all built around programmable CPUs, full operating systems (Symbian, Windows Mobile, embedded Linux, and then iOS in 2007 and Android in 2008), and server/desktop‑class development tools. Over the following decade, annual smartphone shipments alone scaled to well over 1 billion units per year, with additional billions of other connected consumer devices, validating his forecast that units would be measured in the billions and that this class of digital lifestyle electronics would become a core focus for processor makers. His humorous caveat about “digital toasters” not being imminent also aligns with the slower, later emergence of more trivial IoT appliances compared to the explosive growth of phones and media devices.","true","quotations_corpus_v1","quotations_corpus","2026-06-19T20:32:56.595276+00:00"
"725","pdf-7","SH-3y","3","","Microsoft lays out tiered DBMS plan Comdex","Computerworld","1992-11-23","The bad news is that Access alone should not be viewed as a tool that can craft all the applications in an enterprise.","5","3","high","From 1992–1995, Microsoft Access quickly became popular for small workgroup and departmental applications, but enterprises continued to build their core systems on client–server platforms such as Oracle, IBM DB2, Sybase, and later Microsoft SQL Server, typically using tools like PowerBuilder, Visual Basic, and 4GLs rather than Access. Access’s technical limits in scalability, multi-user concurrency, security, and manageability meant it was rarely adopted as the primary platform for all enterprise applications, instead serving as a desktop or departmental front end to larger databases. This matches Kastner’s warning that Access should not be viewed as a tool to build all enterprise applications, which was borne out both in the mid‑1990s and in its long-term positioning as a niche productivity database rather than an enterprise-wide application platform.","15.39","true","false","","","","","","","5","3","high","P2","From 1992–1995, Microsoft Access quickly became popular for small workgroup and departmental applications, but enterprises continued to build their core systems on client–server platforms such as Oracle, IBM DB2, Sybase, and later Microsoft SQL Server, typically using tools like PowerBuilder, Visual Basic, and 4GLs rather than Access. Access’s technical limits in scalability, multi-user concurrency, security, and manageability meant it was rarely adopted as the primary platform for all enterprise applications, instead serving as a desktop or departmental front end to larger databases. This matches Kastner’s warning that Access should not be viewed as a tool to build all enterprise applications, which was borne out both in the mid‑1990s and in its long-term positioning as a niche productivity database rather than an enterprise-wide application platform.","false","quotations_corpus_v1","quotations_corpus","2026-06-19T20:32:56.595276+00:00"
"930","pdf-7","SH-3y","3","","Microsoft lays out tiered DBMS plan Comdex","Computerworld","1992-11-23","The good news is that it will empower users who are demanding access to corporate data,","5","3","high","Access 1.0 launched in late 1992 as a Windows desktop relational DBMS with a graphical interface designed for non-programmers to create queries, forms, and reports.[7] Within a few years it became widely used as part of Microsoft Office Professional and as a front end to corporate databases via linked tables and ODBC connections, enabling power users and departmental staff to work directly with enterprise data without waiting on central IT.[6][7] This matches the analyst’s claim that Access would empower users demanding access to corporate data within the 3‑year window.","6.33","true","false","","","","","","","5","3","high","P2","Access 1.0 launched in late 1992 as a Windows desktop relational DBMS with a graphical interface designed for non-programmers to create queries, forms, and reports.[7] Within a few years it became widely used as part of Microsoft Office Professional and as a front end to corporate databases via linked tables and ODBC connections, enabling power users and departmental staff to work directly with enterprise data without waiting on central IT.[6][7] This matches the analyst’s claim that Access would empower users demanding access to corporate data within the 3‑year window.","false","quotations_corpus_v1","quotations_corpus","2026-06-19T20:32:56.595276+00:00"
"931","pdf-7","SH-3y","3","","Microsoft lays out tiered DBMS plan Comdex","Computerworld","1992-11-23","The bad news is that Access alone should not be viewed as a tool that can craft all the applications in an enterprise.","4","3","high","Access launched in 1992 as a user-friendly desktop DBMS and quickly became popular for small workgroup and departmental applications, but it was not adopted as the primary platform for building all enterprise applications.[4][5] Through the mid-1990s, larger organizations continued to rely on more scalable platforms like SQL Server, Oracle, and mainframe or client–server tools for mission-critical and high-concurrency systems, with Access often serving only as a front end or for smaller solutions.[4] Over time, concerns about scalability, multi-user limits, and advanced database features reinforced that Access alone was insufficient for an enterprise-wide application portfolio, validating the analyst’s caution even beyond the 3-year horizon.[6][8]","10.97","true","false","","","","","","","4","3","high","P2","Access launched in 1992 as a user-friendly desktop DBMS and quickly became popular for small workgroup and departmental applications, but it was not adopted as the primary platform for building all enterprise applications.[4][5] Through the mid-1990s, larger organizations continued to rely on more scalable platforms like SQL Server, Oracle, and mainframe or client–server tools for mission-critical and high-concurrency systems, with Access often serving only as a front end or for smaller solutions.[4] Over time, concerns about scalability, multi-user limits, and advanced database features reinforced that Access alone was insufficient for an enterprise-wide application portfolio, validating the analyst’s caution even beyond the 3-year horizon.[6][8]","false","quotations_corpus_v1","quotations_corpus","2026-06-19T20:32:56.595276+00:00"
"967","pdf-72","SH-3y","3","","Start-ups bring heavyweight tools","Computerworld","1993-11-01","These new tools use object technology without the complexity of object-oriented programming languages to let developers create graphical clients with multiple back ends,","4","3","high","Between 1993 and 1996, client/server RAD tools such as PowerBuilder, Gupta SQLWindows, Forte, Delphi, and Visual Basic did in fact let developers build graphical front ends against multiple database and middleware back ends while exposing only simplified, object-like components rather than full-blown OO languages. These tools became mainstream in enterprise IT for line-of-business applications, validating the idea that “object technology” could be packaged into higher-level visual environments to reduce OO complexity, even though longer-term architectural shifts to web and Java-based systems later changed the dominant model after the forecast horizon.","9.18","true","false","","","","","","","4","3","high","P2","Between 1993 and 1996, client/server RAD tools such as PowerBuilder, Gupta SQLWindows, Forte, Delphi, and Visual Basic did in fact let developers build graphical front ends against multiple database and middleware back ends while exposing only simplified, object-like components rather than full-blown OO languages. These tools became mainstream in enterprise IT for line-of-business applications, validating the idea that “object technology” could be packaged into higher-level visual environments to reduce OO complexity, even though longer-term architectural shifts to web and Java-based systems later changed the dominant model after the forecast horizon.","false","quotations_corpus_v1","quotations_corpus","2026-06-19T20:32:56.595276+00:00"
"968","pdf-72","SH-3y","3","","Start-ups bring heavyweight tools","Computerworld","1993-11-01","And business objects will allow businesses to create units, such as a purchasing function, and then snap together applications from templates.","2","3","medium","By the 1996 horizon, object-oriented tools and client/server RAD environments had improved reuse, but most enterprises were still building bespoke applications rather than snapping together domain-level business objects like a complete purchasing function from templates. Componentized, template-based business-object frameworks for line-of-business domains emerged more meaningfully in the later 1990s and 2000s, as reflected by work on business-object–centric platforms and patents for building business objects and applications from templates filed toward the end of the decade.[6] The quote anticipated a longer-term direction toward componentized, higher-level business constructs, but its implied near-term ease and modularity were not realized within three years of 1993.","16.41","true","false","","","","","","","2","3","medium","P2","By the 1996 horizon, object-oriented tools and client/server RAD environments had improved reuse, but most enterprises were still building bespoke applications rather than snapping together domain-level business objects like a complete purchasing function from templates. Componentized, template-based business-object frameworks for line-of-business domains emerged more meaningfully in the later 1990s and 2000s, as reflected by work on business-object–centric platforms and patents for building business objects and applications from templates filed toward the end of the decade.[6] The quote anticipated a longer-term direction toward componentized, higher-level business constructs, but its implied near-term ease and modularity were not realized within three years of 1993.","false","quotations_corpus_v1","quotations_corpus","2026-06-19T20:32:56.595276+00:00"
"168","pdf-9","LH","10","","IBM, Lotus iron out agreement","Computerworld","1995-06-19","“They will continue to whip their companies [and] continue to innovate so that IBM or anybody else can never catch up,'' Kastner said.","3","3","medium","From 1995 through the mid‑2000s, Microsoft remained dominant in PC operating systems and office suites, while IBM never caught up in those categories and ultimately exited the PC business by selling it to Lenovo in 2004–2005.[3] Over roughly the same period Intel’s x86 processors under Andy Grove’s leadership stayed at the center of the Wintel ecosystem, though AMD gained periods of technical leadership with Athlon and Opteron and Grove left the CEO role in 1998, undercutting the idea of an indefinitely unassailable lead. After the early 2000s, both firms faced strong new competitors (Linux, Google, Apple, ARM-based chips), so the “never catch up” claim and the focus on Grove and Gates personally proved overstated even though IBM specifically did not regain parity in the core PC platform arena.","8.90","true","false","","","","","","","3","3","medium","P2","From 1995 through the mid‑2000s, Microsoft remained dominant in PC operating systems and office suites, while IBM never caught up in those categories and ultimately exited the PC business by selling it to Lenovo in 2004–2005.[3] Over roughly the same period Intel’s x86 processors under Andy Grove’s leadership stayed at the center of the Wintel ecosystem, though AMD gained periods of technical leadership with Athlon and Opteron and Grove left the CEO role in 1998, undercutting the idea of an indefinitely unassailable lead. After the early 2000s, both firms faced strong new competitors (Linux, Google, Apple, ARM-based chips), so the “never catch up” claim and the focus on Grove and Gates personally proved overstated even though IBM specifically did not regain parity in the core PC platform arena.","false","quotations_corpus_v1","quotations_corpus","2026-06-19T20:32:56.595276+00:00"
"759","pdf-9","SH-3y","3","","IBM, Lotus iron out agreement","Computerworld","1995-06-19","IBM has a strategy that includes PowerPC-based hardware, desktop and groupware applications from Lotus and future applications under development","0","3","low","The quotation simply describes IBM’s then-current strategy of combining PowerPC-based hardware with Lotus desktop and groupware applications after the 1995 acquisition, which is a contemporaneous fact rather than a forward-looking prediction. IBM did ship PowerPC-based desktop systems and OS/2 Warp PowerPC Edition in 1995–1996 and continued to develop and sell Lotus Notes and related applications, but the statement does not assert any future outcome or trend to be evaluated over the three-year horizon. Because it is descriptive rather than predictive, there is no meaningful basis to score its prescience.","24.47","true","false","","","","","","","0","3","low","P2","The quotation simply describes IBM’s then-current strategy of combining PowerPC-based hardware with Lotus desktop and groupware applications after the 1995 acquisition, which is a contemporaneous fact rather than a forward-looking prediction. IBM did ship PowerPC-based desktop systems and OS/2 Warp PowerPC Edition in 1995–1996 and continued to develop and sell Lotus Notes and related applications, but the statement does not assert any future outcome or trend to be evaluated over the three-year horizon. Because it is descriptive rather than predictive, there is no meaningful basis to score its prescience.","false","quotations_corpus_v1","quotations_corpus","2026-06-19T20:32:56.595276+00:00"
"993","pdf-9","SH-3y","3","","IBM, Lotus iron out agreement","Computerworld","1995-06-19","execute nearly perfectly because they are so far behind,","3","3","medium","Kastner correctly characterized IBM as far behind Microsoft in desktop platforms and 32-bit enterprise networking in 1995, as Windows 95/NT and Office rapidly consolidated their dominance through the late 1990s while OS/2 and IBM’s PowerPC desktop initiatives faded. Over the 1995–1998 horizon, the Lotus Notes/Domino groupware franchise became a substantial but niche enterprise product relative to Exchange/Outlook, and IBM’s broader success came from pivoting to services and server-side software rather than from near-perfect execution of the original PowerPC-plus-Lotus desktop strategy he described. Thus his emphasis on the severity of IBM’s competitive gap and the execution risk was directionally right, but it did not anticipate the strategic shift that reduced the relevance of that particular “must execute nearly perfectly” path.","66.68","true","false","","","","","","","3","3","medium","P2","Kastner correctly characterized IBM as far behind Microsoft in desktop platforms and 32-bit enterprise networking in 1995, as Windows 95/NT and Office rapidly consolidated their dominance through the late 1990s while OS/2 and IBM’s PowerPC desktop initiatives faded. Over the 1995–1998 horizon, the Lotus Notes/Domino groupware franchise became a substantial but niche enterprise product relative to Exchange/Outlook, and IBM’s broader success came from pivoting to services and server-side software rather than from near-perfect execution of the original PowerPC-plus-Lotus desktop strategy he described. Thus his emphasis on the severity of IBM’s competitive gap and the execution risk was directionally right, but it did not anticipate the strategic shift that reduced the relevance of that particular “must execute nearly perfectly” path.","false","quotations_corpus_v1","quotations_corpus","2026-06-19T20:32:56.595276+00:00"
"994","pdf-9","SH-3y","3","","IBM, Lotus iron out agreement","Computerworld","1995-06-19","They will continue to whip their companies [and] continue to innovate so that IBM or anybody else can never catch up,","4","3","high","From 1995 to 1998, Microsoft and Intel aggressively iterated on Windows 95/NT and the Pentium Pro/Pentium II lines, cementing the Wintel PC platform as the de facto enterprise standard while IBM’s OS/2 and PC hardware strategies failed to regain leadership. IBM increasingly pivoted toward services and middleware in this period and did not come close to catching up to Microsoft or Intel in desktop operating systems or volume client computing, matching the short‑term thrust of the prediction. However, the absolutist “never catch up” framing is overstated in a longer historical sense, as subsequent waves like web, mobile, and cloud shifted the competitive landscape beyond the PC-centric race he was describing.","15.21","true","false","","","","","","","4","3","high","P2","From 1995 to 1998, Microsoft and Intel aggressively iterated on Windows 95/NT and the Pentium Pro/Pentium II lines, cementing the Wintel PC platform as the de facto enterprise standard while IBM’s OS/2 and PC hardware strategies failed to regain leadership. IBM increasingly pivoted toward services and middleware in this period and did not come close to catching up to Microsoft or Intel in desktop operating systems or volume client computing, matching the short‑term thrust of the prediction. However, the absolutist “never catch up” framing is overstated in a longer historical sense, as subsequent waves like web, mobile, and cloud shifted the competitive landscape beyond the PC-centric race he was describing.","false","quotations_corpus_v1","quotations_corpus","2026-06-19T20:32:56.595276+00:00"
"131","rtf-0","SH-3y","2","","Windows-to-DOS tools get boost","Computerworld","1993-09-20","But over the long term, Microsoft's stated direction is to make this [connection] nearly transparent with Chicago,'' said Peter Kastner, a vice president at Aberdeen Group, a Boston consulting firm.","4","3","high","Windows 95 (Chicago) shipped in August 1995 and significantly integrated DOS and Windows into a single user experience, with most DOS applications running in virtual DOS machines under the Windows GUI, making the DOS/Windows boundary far less visible than in Windows 3.x.[1] This direction matched Microsoft’s stated aim and did make the connection between DOS and Windows ‘nearly transparent’ for many mainstream users, though low-level DOS utilities and some games still exposed underlying DOS quirks and configuration, so the transparency was not complete.[1]","10.24","true","false","","","","","","","4","3","high","P2","Windows 95 (Chicago) shipped in August 1995 and significantly integrated DOS and Windows into a single user experience, with most DOS applications running in virtual DOS machines under the Windows GUI, making the DOS/Windows boundary far less visible than in Windows 3.x.[1] This direction matched Microsoft’s stated aim and did make the connection between DOS and Windows ‘nearly transparent’ for many mainstream users, though low-level DOS utilities and some games still exposed underlying DOS quirks and configuration, so the transparency was not complete.[1]","false","quotations_corpus_v1","quotations_corpus","2026-06-19T20:32:56.595276+00:00"
"739","rtf-0","SH-3y","2","","Windows-to-DOS tools get boost","Computerworld","1993-09-20","There's no doubt that if you have a DOS-to-Windows problem today, Wingate sure looks like it beats rolling your own code. But over the long term, Microsoft's stated direction is to make this [connection] nearly transparent with Chicago,","4","3","high","Within the 2–3 year horizon, Microsoft shipped Chicago as Windows 95 in August 1995, integrating MS-DOS and Windows into a single product with a new 32-bit architecture and GUI, significantly reducing the visible boundary between DOS and Windows for end users.[2][8][9] Windows 95 preserved strong backward compatibility so that most DOS applications could run in windowed or full-screen DOS sessions without special third-party bridging tools, making the DOS-to-Windows transition far more transparent than under Windows 3.x, even though some edge cases and hardware-intensive DOS software still required workarounds.[2][8]","8.90","true","false","","","","","","","4","3","high","P2","Within the 2–3 year horizon, Microsoft shipped Chicago as Windows 95 in August 1995, integrating MS-DOS and Windows into a single product with a new 32-bit architecture and GUI, significantly reducing the visible boundary between DOS and Windows for end users.[2][8][9] Windows 95 preserved strong backward compatibility so that most DOS applications could run in windowed or full-screen DOS sessions without special third-party bridging tools, making the DOS-to-Windows transition far more transparent than under Windows 3.x, even though some edge cases and hardware-intensive DOS software still required workarounds.[2][8]","false","quotations_corpus_v1","quotations_corpus","2026-06-19T20:32:56.595276+00:00"
"963","rtf-0","SH-3y","3","","Windows-to-DOS tools get boost","Computerworld","1993-09-20","There's no doubt that if you have a DOS-to-Windows problem today, Wingate sure looks like it beats rolling your own code. But over the long term, Microsoft's stated direction is to make this [connection] nearly transparent with Chicago,","4","3","high","Windows 95 (code-named Chicago) shipped in August 1995 and tightly integrated the DOS and Windows environments, allowing most DOS applications to run in virtual DOS sessions and making day-to-day DOS/Windows interoperability far more seamless than under Windows 3.x. Within about a year it had very large market share on business and consumer PCs, reducing the need for specialized DOS-to-Windows migration shims like Wingate, although some edge cases and power users still depended on lower-level DOS access and tools, so the connection was not entirely transparent for all workloads.","6.74","true","false","","","","","","","4","3","high","P2","Windows 95 (code-named Chicago) shipped in August 1995 and tightly integrated the DOS and Windows environments, allowing most DOS applications to run in virtual DOS sessions and making day-to-day DOS/Windows interoperability far more seamless than under Windows 3.x. Within about a year it had very large market share on business and consumer PCs, reducing the need for specialized DOS-to-Windows migration shims like Wingate, although some edge cases and power users still depended on lower-level DOS access and tools, so the connection was not entirely transparent for all workloads.","false","quotations_corpus_v1","quotations_corpus","2026-06-19T20:32:56.595276+00:00"
"104","rtf-1","LH","8","","Stratus still rock solid as it moves CISC users to RISC","Computerworld","1992-11-02","“Stratus is coping with increasing competition from the rest of the industry, which is catching up on overall systems availability and pushing Stratus into a smaller and smaller fault-tolerant corner of the market,'' Kastner said.","5","3","high","By the late 1990s and 2000s, mainstream UNIX and Windows servers using high-availability clustering and redundant components had greatly improved uptime, leaving specialized fault-tolerant hardware as a niche solution.[9][6][15] Stratus was acquired in 1998 and reconstituted as Stratus Technologies with a focused business in fault-tolerant servers and software for mission-critical workloads, never achieving broad, mainstream server market penetration.[13][4][1] Into the 2010s and 2020s, Stratus remained a specialist vendor selling fault-tolerant platforms for edge and always-on use cases, with steady but modest growth that underscored its role in a relatively small corner of the overall server market.[7][1][13]","17.31","true","false","","","","","","","5","3","high","P2","By the late 1990s and 2000s, mainstream UNIX and Windows servers using high-availability clustering and redundant components had greatly improved uptime, leaving specialized fault-tolerant hardware as a niche solution.[9][6][15] Stratus was acquired in 1998 and reconstituted as Stratus Technologies with a focused business in fault-tolerant servers and software for mission-critical workloads, never achieving broad, mainstream server market penetration.[13][4][1] Into the 2010s and 2020s, Stratus remained a specialist vendor selling fault-tolerant platforms for edge and always-on use cases, with steady but modest growth that underscored its role in a relatively small corner of the overall server market.[7][1][13]","false","quotations_corpus_v1","quotations_corpus","2026-06-19T20:32:56.595276+00:00"
"926","rtf-1","SH-3y","3","","Stratus still rock solid as it moves CISC users to RISC","Computerworld","1992-11-02","Stratus right now is in a state of transition; on the product side, the company is moving to a wide range of RISC-based products on both its proprietary VOS and Unix System V, Release 4 operating systems,","4","2","high","Within three years of late 1992, Stratus rolled out PA-RISC-based fault-tolerant systems (such as its Continuum line) and offered multiple RISC server models, making RISC a major focus of its hardware roadmap. Both its proprietary VOS and its Unix SVR4-derived environment (FTX/HP-UX) were available on these PA-RISC platforms, so the company was clearly in a real transition toward RISC even though CISC systems and customers continued to be supported beyond that window.","82.16","true","false","","","","","","","4","2","high","P2","Within three years of late 1992, Stratus rolled out PA-RISC-based fault-tolerant systems (such as its Continuum line) and offered multiple RISC server models, making RISC a major focus of its hardware roadmap. Both its proprietary VOS and its Unix SVR4-derived environment (FTX/HP-UX) were available on these PA-RISC platforms, so the company was clearly in a real transition toward RISC even though CISC systems and customers continued to be supported beyond that window.","false","quotations_corpus_v1","quotations_corpus","2026-06-19T20:32:56.595276+00:00"
"927","rtf-1","SH-3y","3","","Stratus still rock solid as it moves CISC users to RISC","Computerworld","1992-11-02","Stratus is coping with increasing competition from the rest of the industry, which is catching up on overall systems availability and pushing Stratus into a smaller and smaller fault-tolerant corner of the market,","4","2","high","From 1992 to roughly 1995, Stratus’s proprietary fault-tolerant hardware saw slowing growth as RISC/UNIX servers from vendors like Sun, HP, and IBM improved reliability and added clustering and high-availability software, reducing the need for specialized fault-tolerant platforms. Stratus increasingly concentrated on niches such as telecom and financial transaction processing, while mainstream enterprise workloads shifted toward general-purpose RISC servers and, later, commodity platforms, effectively confining Stratus to a relatively narrow high-availability segment. The direction and competitive dynamic the quote describes were correct, though Stratus remained a viable niche player rather than being rapidly marginalized within the three-year window.","12.18","true","false","","","","","","","4","2","high","P2","From 1992 to roughly 1995, Stratus’s proprietary fault-tolerant hardware saw slowing growth as RISC/UNIX servers from vendors like Sun, HP, and IBM improved reliability and added clustering and high-availability software, reducing the need for specialized fault-tolerant platforms. Stratus increasingly concentrated on niches such as telecom and financial transaction processing, while mainstream enterprise workloads shifted toward general-purpose RISC servers and, later, commodity platforms, effectively confining Stratus to a relatively narrow high-availability segment. The direction and competitive dynamic the quote describes were correct, though Stratus remained a viable niche player rather than being rapidly marginalized within the three-year window.","false","quotations_corpus_v1","quotations_corpus","2026-06-19T20:32:56.595276+00:00"
"928","rtf-1","SH-3y","3","","Stratus still rock solid as it moves CISC users to RISC","Computerworld","1992-11-02","Where fault tolerance is absolutely required, Stratus is a standout leader, but the company will be experiencing greater difficulty in reaching a wide section of the market.","5","2","high","Through the mid‑1990s Stratus remained a leading supplier for ultra‑high‑availability transaction systems in telecom and financial switching, but shipped comparatively modest volumes next to fast‑growing Unix/RISC and PC server vendors. Between 1992 and 1995, clustering, RAID storage, and software‑based replication on commodity servers spread rapidly, allowing most enterprises to achieve acceptable uptime without specialized fault‑tolerant hardware and confining Stratus largely to a high‑end niche. Later developments, including Stratus’s focus on specialized fault‑tolerant x86 servers and its sequence of acquisitions, further demonstrate that it stayed a standout in strict fault‑tolerance use cases while failing to capture a broad share of the general server market.","12.24","true","false","","","","","","","5","2","high","P2","Through the mid‑1990s Stratus remained a leading supplier for ultra‑high‑availability transaction systems in telecom and financial switching, but shipped comparatively modest volumes next to fast‑growing Unix/RISC and PC server vendors. Between 1992 and 1995, clustering, RAID storage, and software‑based replication on commodity servers spread rapidly, allowing most enterprises to achieve acceptable uptime without specialized fault‑tolerant hardware and confining Stratus largely to a high‑end niche. Later developments, including Stratus’s focus on specialized fault‑tolerant x86 servers and its sequence of acquisitions, further demonstrate that it stayed a standout in strict fault‑tolerance use cases while failing to capture a broad share of the general server market.","false","quotations_corpus_v1","quotations_corpus","2026-06-19T20:32:56.595276+00:00"
"985","rtf-10","SH-3y","3","","CA slashes Ingres prices","Computerworld","1994-09-12","I think it's a very astute move by CA because it creates [software] bundles that are highly attractive to the Ingres installed base,","0","2","low","Computer Associates' Ingres database continued to lose market and mindshare to Oracle, Sybase, and other relational databases through the late 1990s and 2000s, eventually being spun out as a separate company in 2004 and later rebranded Actian. However, the specific 1994 price cuts and bundles aimed at the existing Ingres installed base are not well documented in terms of customer reception or retention impact, so it is not possible to say with confidence whether they were actually 'highly attractive' as claimed.","35.56","true","false","","","","","","","0","2","low","P2","Computer Associates' Ingres database continued to lose market and mindshare to Oracle, Sybase, and other relational databases through the late 1990s and 2000s, eventually being spun out as a separate company in 2004 and later rebranded Actian. However, the specific 1994 price cuts and bundles aimed at the existing Ingres installed base are not well documented in terms of customer reception or retention impact, so it is not possible to say with confidence whether they were actually 'highly attractive' as claimed.","false","quotations_corpus_v1","quotations_corpus","2026-06-19T20:32:56.595276+00:00"
"155","rtf-11","SH-5y","5","","Compaq, TI to team on fast Ethernet","Computerworld","1994-08-15","technology,'' so there could be a growing demand for higher-performance technologies, said Peter Kastner, president of Aberdeen Group in Boston.","5","3","high","In 1994, 10 Mbps Ethernet was the prevalent LAN standard, and within five years Fast Ethernet (100Base-TX at 100 Mbps) had become the dominant choice for new desktop and workgroup deployments, validating expectations of strong demand for higher-speed network technologies as workloads grew.[9][15][6] The rise of bandwidth-intensive uses such as multimedia-rich training, early streaming media, and large client-server file transfers in the mid-to-late 1990s drove enterprises to upgrade access links to 100 Mbps and begin adopting Gigabit Ethernet in backbone roles, directly aligning with the forecast of growing demand beyond 10 Mbps.[9][6][15]","13.20","true","false","","","","","","","5","3","high","P2","In 1994, 10 Mbps Ethernet was the prevalent LAN standard, and within five years Fast Ethernet (100Base-TX at 100 Mbps) had become the dominant choice for new desktop and workgroup deployments, validating expectations of strong demand for higher-speed network technologies as workloads grew.[9][15][6] The rise of bandwidth-intensive uses such as multimedia-rich training, early streaming media, and large client-server file transfers in the mid-to-late 1990s drove enterprises to upgrade access links to 100 Mbps and begin adopting Gigabit Ethernet in backbone roles, directly aligning with the forecast of growing demand beyond 10 Mbps.[9][6][15]","false","quotations_corpus_v1","quotations_corpus","2026-06-19T20:32:56.595276+00:00"
"984","rtf-12","SH-3y","3","","Reaction split on CA's plan for ASK products","Computerworld","1994-08-15","Reading between the lines of CA's white papers, these are not maintenance releases CA has planned. They're planning to integrate ASK technologies into [their] broad product set and into the CA '90s architecture,","3","2","medium","Within a few years of acquiring ASK in 1994, CA rebranded Ingres as CA-OpenIngres and tied it into elements of its broader portfolio such as CA-OpenROAD and the Unicenter management framework, which aligns with the prediction that ASK technologies would be integrated rather than merely put in maintenance mode. However, the integration was uneven: core database and tools saw some architectural alignment, while other ASK products like the MANMAN ERP line remained relatively isolated and over time CA treated much of the ASK/Ingres estate as a maintenance business, eventually spinning Ingres out in 2005, suggesting the prediction was only partially borne out even in spirit.","29.91","true","true","4","2","high","Within three years of the ASK acquisition, CA rebranded and advanced Ingres and OpenROAD as CA-Ingres and CA-OpenROAD, delivering new client/server releases, multi-OS ports, and positioning them as core elements of its enterprise application and database strategy rather than mere maintenance lines. These products were folded into CA’s broader portfolio and management frameworks (such as integration with CA’s Unicenter-oriented ""CA 90s"" architecture), indicating that CA did, in the mid‑1990s, actively integrate ASK technologies into its wider product set rather than simply milking maintenance revenue. Over the longer term CA underinvested relative to competitors and eventually divested Ingres, but that divergence mostly played out beyond the three-year forecast horizon.","9.96","true","3","2","medium","P2","Within a few years of acquiring ASK in 1994, CA rebranded Ingres as CA-OpenIngres and tied it into elements of its broader portfolio such as CA-OpenROAD and the Unicenter management framework, which aligns with the prediction that ASK technologies would be integrated rather than merely put in maintenance mode. However, the integration was uneven: core database and tools saw some architectural alignment, while other ASK products like the MANMAN ERP line remained relatively isolated and over time CA treated much of the ASK/Ingres estate as a maintenance business, eventually spinning Ingres out in 2005, suggesting the prediction was only partially borne out even in spirit.","false","quotations_corpus_v1","quotations_corpus","2026-06-19T20:32:56.595276+00:00"
"748","rtf-12","SH-5y","5","","Reaction split on CA's plan for ASK products","Computerworld","1994-08-15","Reading between the lines of CA's white papers, these are not maintenance releases CA has planned. They're planning to integrate ASK technologies into [their] broad product set and into the CA '90s architecture,","2","2","medium","CA did acquire ASK in 1994 and publicly positioned the ASK portfolio, including Ingres and MANMAN, as part of its broader CA 90s architecture, but over the subsequent five years these products largely remained aging, standalone lines with modest enhancements rather than being deeply woven into a unified platform. CA became known for running acquired software as maintenance cash cows, and Ingres in particular stagnated relative to Oracle, DB2, and SQL Server before ultimately being spun out in the 2000s, indicating that genuine, strategic integration of ASK technologies into CA’s broader product set was limited. Detailed public records of CA’s internal architectural efforts are sparse, but the product trajectories and market perception by the late 1990s contradict the claim that these were anything more than lightly-modernized legacy offerings.","16.35","true","true","2","2","medium","Within five years of the ASK acquisition, CA had rebranded and modestly extended ASK assets like Ingres and OpenROAD, but these remained relatively standalone products rather than deeply woven into a cohesive, widely adopted 'CA 90s architecture.' CA did not become a dominant client/server platform vendor, Ingres steadily lost market share to Oracle, Microsoft SQL Server, and others, and by the early 2000s CA was widely criticized for underinvesting in Ingres and ultimately spun it out rather than leveraging it as a foundation technology across its portfolio. This outcome suggests that while some integration work occurred, the analyst’s reading that ASK technologies would be broadly integrated as strategic architectural elements was mostly not borne out.","48.33","true","2","2","medium","P2","CA did acquire ASK in 1994 and publicly positioned the ASK portfolio, including Ingres and MANMAN, as part of its broader CA 90s architecture, but over the subsequent five years these products largely remained aging, standalone lines with modest enhancements rather than being deeply woven into a unified platform. CA became known for running acquired software as maintenance cash cows, and Ingres in particular stagnated relative to Oracle, DB2, and SQL Server before ultimately being spun out in the 2000s, indicating that genuine, strategic integration of ASK technologies into CA’s broader product set was limited. Detailed public records of CA’s internal architectural efforts are sparse, but the product trajectories and market perception by the late 1990s contradict the claim that these were anything more than lightly-modernized legacy offerings.","false","quotations_corpus_v1","quotations_corpus","2026-06-19T20:32:56.595276+00:00"
"983","rtf-13","SH-3y","3","","Unix, NT links to ship in 1995","Computerworld","1994-07-25","The open systems environment is forced with so many different suppliers and so many different products that the costs and complexity have gotten totally out of hand,","4","3","high","By the mid‑1990s, enterprises were indeed struggling with highly fragmented 'open systems' environments, with multiple incompatible Unix variants (Solaris, HP‑UX, AIX, Digital UNIX, SCO) alongside NetWare and emerging Windows NT, which drove up integration and administration costs. Systems management suites such as HP OpenView, IBM Tivoli, and CA Unicenter grew rapidly precisely to tame the operational complexity of heterogeneous multi‑vendor networks and servers, and high total cost of ownership for these environments became a major theme in mid‑ to late‑1990s IT strategy. Over the longer term, the continued proliferation of Unix and then Linux distributions, middleware stacks, and open‑source components kept integration complexity and indirect costs as central concerns into the 2000s and 2010s, confirming that his characterization captured a real and persistent problem rather than a transient issue.","12.01","true","false","","","","","","","4","3","high","P2","By the mid‑1990s, enterprises were indeed struggling with highly fragmented 'open systems' environments, with multiple incompatible Unix variants (Solaris, HP‑UX, AIX, Digital UNIX, SCO) alongside NetWare and emerging Windows NT, which drove up integration and administration costs. Systems management suites such as HP OpenView, IBM Tivoli, and CA Unicenter grew rapidly precisely to tame the operational complexity of heterogeneous multi‑vendor networks and servers, and high total cost of ownership for these environments became a major theme in mid‑ to late‑1990s IT strategy. Over the longer term, the continued proliferation of Unix and then Linux distributions, middleware stacks, and open‑source components kept integration complexity and indirect costs as central concerns into the 2000s and 2010s, confirming that his characterization captured a real and persistent problem rather than a transient issue.","false","quotations_corpus_v1","quotations_corpus","2026-06-19T20:32:56.595276+00:00"
"979","rtf-14","SH-3y","3","","IBM adds EISA server to PS/2 family","Computerworld","1994-06-20","IBM is belatedly waking up to the fact that Compaq [Computer Corp.] is walking off the playing field with the server marketplace just when it seems to be taking off,","4","3","high","Within three years, Compaq had become a clear leader in PC-compatible servers, with its ProLiant line driving strong growth and share gains in the Intel-based server segment, while IBM’s PS/2 and early PC Server offerings lagged.[2][4][7] Over the same period, IBM’s server strength was concentrated in proprietary platforms like AS/400 and mainframes rather than the rapidly growing commodity PC server market, and it took the rest of the decade and the Netfinity/xSeries line for IBM to mount a strong x86 competitive response.[3][8][15] This makes the quote directionally accurate about Compaq ""walking off the playing field"" in the emerging volume server space, though somewhat overstated for the overall server market where IBM remained a major player.[2][3]","14.43","true","false","","","","","","","4","3","high","P2","Within three years, Compaq had become a clear leader in PC-compatible servers, with its ProLiant line driving strong growth and share gains in the Intel-based server segment, while IBM’s PS/2 and early PC Server offerings lagged.[2][4][7] Over the same period, IBM’s server strength was concentrated in proprietary platforms like AS/400 and mainframes rather than the rapidly growing commodity PC server market, and it took the rest of the decade and the Netfinity/xSeries line for IBM to mount a strong x86 competitive response.[3][8][15] This makes the quote directionally accurate about Compaq ""walking off the playing field"" in the emerging volume server space, though somewhat overstated for the overall server market where IBM remained a major player.[2][3]","false","quotations_corpus_v1","quotations_corpus","2026-06-19T20:32:56.595276+00:00"
"980","rtf-14","SH-3y","3","","IBM adds EISA server to PS/2 family","Computerworld","1994-06-20","IBM really needed to jump-start its server business.","3","3","medium","By 1994, Compaq had taken a clear lead in Intel-based servers while IBM’s PS/2 and PC Server lines lagged, even though IBM remained strong in mainframes and AS/400. Over the next three years the x86 server market grew rapidly, IBM introduced refreshed PC Server and AS/400e offerings to stay relevant, and servers became a strategic battleground, confirming that revitalizing its server business was indeed necessary, but this was more an obvious contemporaneous assessment than a sharply predictive insight.","17.96","true","false","","","","","","","3","3","medium","P2","By 1994, Compaq had taken a clear lead in Intel-based servers while IBM’s PS/2 and PC Server lines lagged, even though IBM remained strong in mainframes and AS/400. Over the next three years the x86 server market grew rapidly, IBM introduced refreshed PC Server and AS/400e offerings to stay relevant, and servers became a strategic battleground, confirming that revitalizing its server business was indeed necessary, but this was more an obvious contemporaneous assessment than a sharply predictive insight.","false","quotations_corpus_v1","quotations_corpus","2026-06-19T20:32:56.595276+00:00"
"151","rtf-14","SH-5y","4","","IBM adds EISA server to PS/2 family","Computerworld","1994-06-20","“IBM is belatedly waking up to the fact that Compaq [Computer Corp.] is walking off the playing field with the server marketplace just when it seems to be taking off,'' said Peter Kastner, vice president at Aberdeen Group in Boston.","4","3","high","Compaq became the leading vendor of Intel-based PC servers and overall PC shipments in the mid-1990s, capitalizing on the Windows NT and x86 server boom while IBM’s proprietary PS/2 and Micro Channel Architecture strategies stumbled and IBM had to retool around more standard PC Server/Netfinity lines. Over the 1994–1998 period Compaq maintained a strong lead in the volume server segment, but IBM remained a major force in higher-end Unix and mainframe servers and later regained overall server revenue leadership, so Compaq did not permanently 'walk off' with the entire server marketplace.","13.75","true","false","","","","","","","4","3","high","P2","Compaq became the leading vendor of Intel-based PC servers and overall PC shipments in the mid-1990s, capitalizing on the Windows NT and x86 server boom while IBM’s proprietary PS/2 and Micro Channel Architecture strategies stumbled and IBM had to retool around more standard PC Server/Netfinity lines. Over the 1994–1998 period Compaq maintained a strong lead in the volume server segment, but IBM remained a major force in higher-end Unix and mainframe servers and later regained overall server revenue leadership, so Compaq did not permanently 'walk off' with the entire server marketplace.","false","quotations_corpus_v1","quotations_corpus","2026-06-19T20:32:56.595276+00:00"
"981","rtf-15","SH-3y","3","","PC servers join pricing free fall","Computerworld","1994-06-20","One-third of the price of servers is in the CPU and memory,","3","2","medium","In the mid-1990s, CPU and DRAM were indeed major portions of x86 server bills of materials, and falling Intel CPU prices combined with commodity DRAM trends contributed meaningfully to declining prices for PC servers between roughly 1994 and 1997. However, the exact “one-third” ratio was only a rough rule of thumb, and other cost drivers such as disks, chassis, networking, and bundled support and software remained large enough that system prices did not track CPU price declines in a simple, linear way.","13.97","true","true","3","2","medium","In mid-1990s x86 servers, CPU and DRAM did account for a major but not dominant fraction of system cost, and a rough ""about one-third"" share of hardware value was plausible for many low-end PC servers through the mid-1990s. However, overall server pricing from 1994 to roughly 1997 was also heavily influenced by disk subsystems, vendor margins, and bundled software and services, so CPU price declines did not map mechanically to system prices and the simple one-third cost breakdown was only an approximate, not enduringly precise, characterization.","13.85","true","3","2","medium","P2","In the mid-1990s, CPU and DRAM were indeed major portions of x86 server bills of materials, and falling Intel CPU prices combined with commodity DRAM trends contributed meaningfully to declining prices for PC servers between roughly 1994 and 1997. However, the exact “one-third” ratio was only a rough rule of thumb, and other cost drivers such as disks, chassis, networking, and bundled support and software remained large enough that system prices did not track CPU price declines in a simple, linear way.","false","quotations_corpus_v1","quotations_corpus","2026-06-19T20:32:56.595276+00:00"
"969","rtf-16","SH-3y","3","","Software vendors converge on database market","Computerworld","1993-11-29","As a result, IS is starting to put more controls on in order to limit the number of products they have to support,","4","3","high","From 1993 to roughly 1996, many enterprise IT organizations did move to standardize and limit the number of supported products, especially around databases and end‑user tools, in order to control support and integration costs. Large firms increasingly designated a small set of “strategic” database platforms (e.g., Oracle, DB2, Sybase, later SQL Server) and a narrow set of query/reporting tools, while rolling out managed Windows desktops and formal approved‑software lists. Tool proliferation continued at the departmental level and was never entirely eliminated, so the consolidation pressure Kastner described was directionally accurate but not fully determinative, which is why this rates as largely rather than perfectly prescient.","26.87","true","false","","","","","","","4","3","high","P2","From 1993 to roughly 1996, many enterprise IT organizations did move to standardize and limit the number of supported products, especially around databases and end‑user tools, in order to control support and integration costs. Large firms increasingly designated a small set of “strategic” database platforms (e.g., Oracle, DB2, Sybase, later SQL Server) and a narrow set of query/reporting tools, while rolling out managed Windows desktops and formal approved‑software lists. Tool proliferation continued at the departmental level and was never entirely eliminated, so the consolidation pressure Kastner described was directionally accurate but not fully determinative, which is why this rates as largely rather than perfectly prescient.","false","quotations_corpus_v1","quotations_corpus","2026-06-19T20:32:56.595276+00:00"
"970","rtf-16","SH-3y","3","","Software vendors converge on database market","Computerworld","1993-11-29","The database vendor focus for these tools has a lot of merit because IS needs to keep control of the implementation, as opposed to letting individual departments go out and buy all their own query tools,","2","3","medium","By the mid-1990s, while major DBMS vendors like Oracle, Sybase, IBM, and Informix did ship their own query and reporting tools, organizations increasingly adopted independent BI/query products such as Business Objects, Cognos Impromptu/PowerPlay, Brio, and Crystal Reports, often purchased and driven by departments rather than centralized IS. ODBC and later JDBC made it easy for generic desktop tools—including Microsoft Access and Excel (with pivot tables)—to connect to enterprise databases, which strongly enabled departmental and end‑user query tool proliferation rather than tight IS control over a single database-vendor tool stack. Within the 3-year horizon (through ~1996), the dominant trajectory was toward a mix of central IT–sanctioned tools plus rapidly growing departmental and end‑user tools, so the implied direction—that database-vendor-focused tools would align with IS’s need to keep control and head off departmental tool buying—was mostly undercut by how quickly best‑of‑breed and desktop query tools spread.","75.99","true","false","","","","","","","2","3","medium","P2","By the mid-1990s, while major DBMS vendors like Oracle, Sybase, IBM, and Informix did ship their own query and reporting tools, organizations increasingly adopted independent BI/query products such as Business Objects, Cognos Impromptu/PowerPlay, Brio, and Crystal Reports, often purchased and driven by departments rather than centralized IS. ODBC and later JDBC made it easy for generic desktop tools—including Microsoft Access and Excel (with pivot tables)—to connect to enterprise databases, which strongly enabled departmental and end‑user query tool proliferation rather than tight IS control over a single database-vendor tool stack. Within the 3-year horizon (through ~1996), the dominant trajectory was toward a mix of central IT–sanctioned tools plus rapidly growing departmental and end‑user tools, so the implied direction—that database-vendor-focused tools would align with IS’s need to keep control and head off departmental tool buying—was mostly undercut by how quickly best‑of‑breed and desktop query tools spread.","false","quotations_corpus_v1","quotations_corpus","2026-06-19T20:32:56.595276+00:00"
"140","rtf-16","SH-5y","7","","Software vendors converge on database market","Computerworld","1993-11-29","As client/server technology matures, the number of end-user query tools is proliferating, noted Peter Kastner, a vice president at Aberdeen Group in Boston.","5","3","high","Through the mid‑ to late‑1990s, client/server architectures became a dominant model for business applications, prompting numerous independent software vendors to deliver GUI-based end‑user query and reporting tools on top of relational databases, which created a crowded, overlapping tools market.[2] Industry accounts from that period also describe IT organizations trying to rationalize and standardize their client/server application stacks, mirroring Kastner’s observation that IS groups were imposing controls to limit the number of different end‑user tools they had to support.[9][2]","27.60","true","false","","","","","","","5","3","high","P2","Through the mid‑ to late‑1990s, client/server architectures became a dominant model for business applications, prompting numerous independent software vendors to deliver GUI-based end‑user query and reporting tools on top of relational databases, which created a crowded, overlapping tools market.[2] Industry accounts from that period also describe IT organizations trying to rationalize and standardize their client/server application stacks, mirroring Kastner’s observation that IS groups were imposing controls to limit the number of different end‑user tools they had to support.[9][2]","false","quotations_corpus_v1","quotations_corpus","2026-06-19T20:32:56.595276+00:00"
"125","rtf-17","SH-3y","2","","USL makes microkernel move","Computerworld","1993-06-14","“It is quite likely that the engineers at Novell and USL are struggling to merge two highly different operating system cores,'' said Peter Kastner, a vice president at Aberdeen Group in Boston.","3","3","medium","Novell’s attempt to combine its NetWare network operating system with USL’s Unix System V codebase via the UnixWare/SuperNOS microkernel strategy quickly proved very difficult in practice, with officials later acknowledging that full integration of the two environments on a microkernel might not be achievable. By 1995, Novell effectively abandoned the unified-kernel vision, assigning most of its Unix business to the Santa Cruz Operation, confirming that merging the two very different cores had indeed been a serious struggle rather than a smooth engineering effort. The quote accurately characterizes the complexity and difficulty of the kernel-merging effort, but it is more an informed present-tense inference than a bold forward-looking prediction, so it rates as partially prescient rather than remarkable.","24.65","true","false","","","","","","","3","3","medium","P2","Novell’s attempt to combine its NetWare network operating system with USL’s Unix System V codebase via the UnixWare/SuperNOS microkernel strategy quickly proved very difficult in practice, with officials later acknowledging that full integration of the two environments on a microkernel might not be achievable. By 1995, Novell effectively abandoned the unified-kernel vision, assigning most of its Unix business to the Santa Cruz Operation, confirming that merging the two very different cores had indeed been a serious struggle rather than a smooth engineering effort. The quote accurately characterizes the complexity and difficulty of the kernel-merging effort, but it is more an informed present-tense inference than a bold forward-looking prediction, so it rates as partially prescient rather than remarkable.","false","quotations_corpus_v1","quotations_corpus","2026-06-19T20:32:56.595276+00:00"
"738","rtf-17","SH-3y","2","","USL makes microkernel move","Computerworld","1993-06-14","A microkernel approach may in fact allow a lot of differences to be papered over.","2","3","medium","Novell’s attempt to use a UnixWare/microkernel basis to reconcile NetWare and USL Unix never succeeded; the ambitious “SuperNOS” integration was abandoned, and Novell sold its Unix business to SCO in 1995 without having effectively ‘papered over’ the architectural differences between the two cores. More broadly, 1990s multi-personality microkernel efforts such as IBM’s Workplace OS and Mach-based systems struggled with complexity and performance, and were largely dropped, so the idea that microkernels would conveniently hide major OS-core differences did not play out in mainstream enterprise platforms. While microkernels later proved valuable in niches like QNX, L4, and seL4 for modularity and isolation, those uses did not validate the specific hope that they would smooth over deep incompatibilities between large, existing general-purpose operating systems within the 2–3 year horizon.","27.60","true","false","","","","","","","2","3","medium","P2","Novell’s attempt to use a UnixWare/microkernel basis to reconcile NetWare and USL Unix never succeeded; the ambitious “SuperNOS” integration was abandoned, and Novell sold its Unix business to SCO in 1995 without having effectively ‘papered over’ the architectural differences between the two cores. More broadly, 1990s multi-personality microkernel efforts such as IBM’s Workplace OS and Mach-based systems struggled with complexity and performance, and were largely dropped, so the idea that microkernels would conveniently hide major OS-core differences did not play out in mainstream enterprise platforms. While microkernels later proved valuable in niches like QNX, L4, and seL4 for modularity and isolation, those uses did not validate the specific hope that they would smooth over deep incompatibilities between large, existing general-purpose operating systems within the 2–3 year horizon.","false","quotations_corpus_v1","quotations_corpus","2026-06-19T20:32:56.595276+00:00"
"957","rtf-17","SH-3y","3","","USL makes microkernel move","Computerworld","1993-06-14","It is quite likely that the engineers at Novell and USL are struggling to merge two highly different operating system cores,","4","3","high","Kastner’s characterization that Novell and USL engineers were likely struggling to merge two very different operating system cores matches what later histories describe about Novell’s failed attempts to unify NetWare with its newly acquired Unix SVR4/UnixWare technology.[5][6] Within three years, Novell’s Unix business “never really worked out” and was sold to SCO in 1995, with no successful unified kernel or SuperNOS product emerging, indicating that the kernel-integration challenge was real and effectively intractable in that timeframe.[5][6] The quote does not spell out the eventual divestiture or broader strategic failure, but its core claim—that merging the OS cores was a significant engineering struggle—was borne out by subsequent events.","10.15","true","false","","","","","","","4","3","high","P2","Kastner’s characterization that Novell and USL engineers were likely struggling to merge two very different operating system cores matches what later histories describe about Novell’s failed attempts to unify NetWare with its newly acquired Unix SVR4/UnixWare technology.[5][6] Within three years, Novell’s Unix business “never really worked out” and was sold to SCO in 1995, with no successful unified kernel or SuperNOS product emerging, indicating that the kernel-integration challenge was real and effectively intractable in that timeframe.[5][6] The quote does not spell out the eventual divestiture or broader strategic failure, but its core claim—that merging the OS cores was a significant engineering struggle—was borne out by subsequent events.","false","quotations_corpus_v1","quotations_corpus","2026-06-19T20:32:56.595276+00:00"
"958","rtf-17","SH-3y","3","","USL makes microkernel move","Computerworld","1993-06-14","A microkernel approach may in fact allow a lot of differences to be papered over.","2","2","medium","USL and Novell’s attempts to use a microkernel-based Unix to unify divergent system software cores, such as their UnixWare and related initiatives, did not deliver a successful merged platform by the mid‑1990s, and Novell sold its Unix assets to SCO in 1995 instead of realizing this vision. In the same period, other prominent microkernel unification efforts like IBM’s Workplace OS, which aimed to host multiple OS personalities on a single microkernel, were scaled back or abandoned after performance and complexity problems, showing that microkernels did not, in practice, “paper over” major OS differences for mainstream enterprise systems within the three‑year horizon. While microkernels technically offer an abstraction that can separate hardware and OS services, the historical record from the early to mid‑1990s shows that this promise was not effectively realized in large commercial systems integration projects of the kind being discussed here.","14.28","true","true","2","3","medium","Within three years, Novell's attempt to use a Chorus-based microkernel (the ""SuperNOS"" effort) to unify NetWare and Unix System V Release 4 had largely failed, and company officials were already conceding by 1995 that wholesale integration of the two environments on a microkernel might not be achievable. Novell's acquisition of USL is now widely regarded as unsuccessful, and the unified microkernel-based product never became a significant, shipping platform, indicating that the architectural differences between NetWare and Unix were not effectively ""papered over"" in practice. While microkernels such as Mach and the NT-style hybrid did enable multiple OS personalities, they did not, in this case or timeframe, deliver the seamless masking of deep architectural differences that the quote cautiously suggested might be possible.","26.60","true","2","3","medium","P1_tiebreak","Within three years, Novell's attempt to use a Chorus-based microkernel (the ""SuperNOS"" effort) to unify NetWare and Unix System V Release 4 had largely failed, and company officials were already conceding by 1995 that wholesale integration of the two environments on a microkernel might not be achievable. Novell's acquisition of USL is now widely regarded as unsuccessful, and the unified microkernel-based product never became a significant, shipping platform, indicating that the architectural differences between NetWare and Unix were not effectively ""papered over"" in practice. While microkernels such as Mach and the NT-style hybrid did enable multiple OS personalities, they did not, in this case or timeframe, deliver the seamless masking of deep architectural differences that the quote cautiously suggested might be possible.","false","quotations_corpus_v1","quotations_corpus","2026-06-19T20:32:56.595276+00:00"
"952","rtf-18","SH-3y","3","","NCR adds 3270 features to OLTP monitor","Computerworld","1993-05-17","The 3270 support is clearly unique,","0","1","low","This claim concerns a very specific feature-comparison among early-1990s OLTP/TP monitors (NCR Top End vs. Tuxedo, CICS/6000, Encina) that is not well covered in mainstream technology histories. While 3270 terminals and emulators, SNA gateways, and mainframe-to-distributed integration were broadly important through the mid‑1990s, detailed evidence on whether Top End’s 3270 support was truly unique versus peers over the ensuing three years is scant. Because the uniqueness of this feature and its persistence as a differentiator cannot be reliably verified from widely documented sources, the prescience of the statement cannot be assessed with confidence.","14.30","true","false","","","","","","","0","1","low","P2","This claim concerns a very specific feature-comparison among early-1990s OLTP/TP monitors (NCR Top End vs. Tuxedo, CICS/6000, Encina) that is not well covered in mainstream technology histories. While 3270 terminals and emulators, SNA gateways, and mainframe-to-distributed integration were broadly important through the mid‑1990s, detailed evidence on whether Top End’s 3270 support was truly unique versus peers over the ensuing three years is scant. Because the uniqueness of this feature and its persistence as a differentiator cannot be reliably verified from widely documented sources, the prescience of the statement cannot be assessed with confidence.","false","quotations_corpus_v1","quotations_corpus","2026-06-19T20:32:56.595276+00:00"
"947","rtf-19","SH-3y","3","","Microsoft, D&B sign on NT applications","Computerworld","1993-05-03","Microsoft gains an insight into a leading-edge client/server product development effort and into what is required for operating systems and tools functionality,","0","2","low","The quotation makes an internal, qualitative claim that Microsoft would gain “insight” from Dun & Bradstreet’s client/server development, which is not something publicly measurable in a verifiable way. While Windows NT and Microsoft’s client/server tools did mature rapidly between 1993 and 1996, there is no clear historical evidence tying specific operating system or tools functionality to lessons from this particular D&B engagement. Because the impact of this partnership on Microsoft’s product decisions cannot be independently traced or quantified, the prescience of the claim cannot be reliably assessed.","8.18","true","false","","","","","","","0","2","low","P2","The quotation makes an internal, qualitative claim that Microsoft would gain “insight” from Dun & Bradstreet’s client/server development, which is not something publicly measurable in a verifiable way. While Windows NT and Microsoft’s client/server tools did mature rapidly between 1993 and 1996, there is no clear historical evidence tying specific operating system or tools functionality to lessons from this particular D&B engagement. Because the impact of this partnership on Microsoft’s product decisions cannot be independently traced or quantified, the prescience of the claim cannot be reliably assessed.","false","quotations_corpus_v1","quotations_corpus","2026-06-19T20:32:56.595276+00:00"
"948","rtf-19","SH-3y","3","","Microsoft, D&B sign on NT applications","Computerworld","1993-05-03","Working with Microsoft will yield a superior product for D&B, who is behind some of their competitors but ahead of their customers in that they are just now grasping the opportunities for enterprise downsized [decision support systems].","2","2","medium","Within three years, D&B Software was struggling against fast-growing enterprise competitors such as SAP, Oracle, and PeopleSoft and was sold to Geac in 1996, indicating that its Microsoft-aligned offerings did not translate into a clearly superior market position or product franchise. Over the same period, Windows NT and client/server decision support did gain traction, so the idea that many traditional D&B customers were only beginning to grasp downsized enterprise DSS was directionally accurate, but this did not materially elevate D&B’s standing relative to rivals.","27.94","true","true","2","2","medium","Within three years, D&B’s SmartStream products did ship on Windows NT and integrate more tightly with Microsoft’s stack, but they did not become clearly superior to rival client/server suites from PeopleSoft, SAP R/3, or Oracle and D&B Software’s position weakened, culminating in its sale to Geac in the mid‑1990s. Over the same period, many large enterprises were indeed only beginning to move off mainframe financial and decision-support systems toward downsized client/server platforms, so D&B being behind advanced competitors yet somewhat ahead of many conservative customers was a fair characterization. Because the central prediction that working with Microsoft would yield a superior competitive product for D&B did not pan out, while the customer-readiness observation was closer to reality, the overall prescience is mostly negative but not entirely wrong.","13.44","true","2","2","medium","P2","Within three years, D&B Software was struggling against fast-growing enterprise competitors such as SAP, Oracle, and PeopleSoft and was sold to Geac in 1996, indicating that its Microsoft-aligned offerings did not translate into a clearly superior market position or product franchise. Over the same period, Windows NT and client/server decision support did gain traction, so the idea that many traditional D&B customers were only beginning to grasp downsized enterprise DSS was directionally accurate, but this did not materially elevate D&B’s standing relative to rivals.","false","quotations_corpus_v1","quotations_corpus","2026-06-19T20:32:56.595276+00:00"
"949","rtf-19","SH-3y","3","","Microsoft, D&B sign on NT applications","Computerworld","1993-05-03","marching to its own drummer.","0","3","low","The phrase “marching to its own drummer” is a figurative description of D&B Software’s product sequencing, not a concrete, falsifiable forecast about market share, technology adoption, or financial outcomes. While D&B did pursue its own client/server and decision-support infrastructure strategy in the early 1990s and was ultimately acquired by Geac in 1996, the quote itself does not specify a direction or result that can be scored for accuracy, so it cannot be meaningfully evaluated for prescience against the 3-year horizon.","14.53","true","false","","","","","","","0","3","low","P2","The phrase “marching to its own drummer” is a figurative description of D&B Software’s product sequencing, not a concrete, falsifiable forecast about market share, technology adoption, or financial outcomes. While D&B did pursue its own client/server and decision-support infrastructure strategy in the early 1990s and was ultimately acquired by Geac in 1996, the quote itself does not specify a direction or result that can be scored for accuracy, so it cannot be meaningfully evaluated for prescience against the 3-year horizon.","false","quotations_corpus_v1","quotations_corpus","2026-06-19T20:32:56.595276+00:00"
"93","rtf-2","SH-3y","2","","Alpha-ready VAX line expected in July","Computerworld","1992-06-15","“They've basically taken their customers into the DECworld candy shop and said, `Here's all the Alpha goodies, but you can't have them for one to two years,' which makes it exceedingly difficult to justify why you should go out and purchase a MicroVAX today, which is what DEC desperately needs,'' said Peter Kastner, vice president at Aberdeen Group, a market research firm based in Boston.","4","2","high","DEC introduced the 64-bit Alpha architecture in 1992 explicitly as the successor to its 32-bit VAX and MicroVAX systems, signaling that the older line was technologically superseded within the 1–2 year window Kastner referenced. Over the next few years, VAX and MicroVAX sales eroded while DEC shifted marketing, engineering, and customer roadmaps toward Alpha-based systems, contributing to declining demand for new VAX-class purchases even though DEC still needed that revenue. This pattern matches his warning that preannouncing “Alpha goodies” would undercut short-term MicroVAX buying incentives, although macro factors like the early-1990s recession and competition from Unix/RISC vendors also played major roles in DEC’s struggles.","11.89","true","false","","","","","","","4","2","high","P2","DEC introduced the 64-bit Alpha architecture in 1992 explicitly as the successor to its 32-bit VAX and MicroVAX systems, signaling that the older line was technologically superseded within the 1–2 year window Kastner referenced. Over the next few years, VAX and MicroVAX sales eroded while DEC shifted marketing, engineering, and customer roadmaps toward Alpha-based systems, contributing to declining demand for new VAX-class purchases even though DEC still needed that revenue. This pattern matches his warning that preannouncing “Alpha goodies” would undercut short-term MicroVAX buying incentives, although macro factors like the early-1990s recession and competition from Unix/RISC vendors also played major roles in DEC’s struggles.","false","quotations_corpus_v1","quotations_corpus","2026-06-19T20:32:56.595276+00:00"
"914","rtf-2","SH-3y","3","","Alpha-ready VAX line expected in July","Computerworld","1992-06-15","They've basically taken their customers into the DECworld candy shop and said, `Here's all the Alpha goodies, but you can't have them for one to two years,' which makes it exceedingly difficult to justify why you should go out and purchase a MicroVAX today, which is what DEC desperately needs,","4","3","high","Kastner’s critique that DEC’s early Alpha marketing would make it hard to justify new MicroVAX purchases was largely borne out: the 1992 Alpha announcement significantly preceded broad, affordable system availability, contributing to an Osborne-effect dynamic in which customers hesitated on fresh VAX/MicroVAX buys while they evaluated migration paths. Over the 1992–1995 window, VAX and MicroVAX hardware sales declined sharply while Alpha adoption ramped more slowly than hoped, and DEC’s financial condition worsened, reinforcing later historical analyses that faulted DEC’s muddled VAX-to-Alpha transition and pre-announcement strategy for undermining its legacy minicomputer line. The statement is somewhat overstated because the collapse of VAX/MicroVAX demand also reflected broader RISC competition, client/server shifts, and macroeconomic pressures, not just Alpha marketing timing, so it is best scored as largely rather than perfectly prescient.","10.12","true","false","","","","","","","4","3","high","P2","Kastner’s critique that DEC’s early Alpha marketing would make it hard to justify new MicroVAX purchases was largely borne out: the 1992 Alpha announcement significantly preceded broad, affordable system availability, contributing to an Osborne-effect dynamic in which customers hesitated on fresh VAX/MicroVAX buys while they evaluated migration paths. Over the 1992–1995 window, VAX and MicroVAX hardware sales declined sharply while Alpha adoption ramped more slowly than hoped, and DEC’s financial condition worsened, reinforcing later historical analyses that faulted DEC’s muddled VAX-to-Alpha transition and pre-announcement strategy for undermining its legacy minicomputer line. The statement is somewhat overstated because the collapse of VAX/MicroVAX demand also reflected broader RISC competition, client/server shifts, and macroeconomic pressures, not just Alpha marketing timing, so it is best scored as largely rather than perfectly prescient.","false","quotations_corpus_v1","quotations_corpus","2026-06-19T20:32:56.595276+00:00"
"945","rtf-20","SH-3y","3","","DEC closes in on profitability","Computerworld","1993-04-19","This is much better than we thought they might do,","0","3","low","The quoted remark is an immediate reaction to a single quarter's reduced loss at DEC, not a forward-looking prediction about its trajectory over the next three years[3][9]. Over 1993–1996, DEC continued to struggle with declining minicomputer demand, repeated restructurings, and only intermittent profitability, eventually leading to its sale to Compaq announced in 1997, but these developments are not actually anticipated or described in the quote[3][9]. Because the statement merely notes that results were better than feared at that moment, it cannot meaningfully be evaluated as a 3-year forecast.","11.71","true","false","","","","","","","0","3","low","P2","The quoted remark is an immediate reaction to a single quarter's reduced loss at DEC, not a forward-looking prediction about its trajectory over the next three years[3][9]. Over 1993–1996, DEC continued to struggle with declining minicomputer demand, repeated restructurings, and only intermittent profitability, eventually leading to its sale to Compaq announced in 1997, but these developments are not actually anticipated or described in the quote[3][9]. Because the statement merely notes that results were better than feared at that moment, it cannot meaningfully be evaluated as a 3-year forecast.","false","quotations_corpus_v1","quotations_corpus","2026-06-19T20:32:56.595276+00:00"
"118","rtf-21","SH-3y","3","","CA gets on Microsoft bandwagon","Computerworld","1993-04-19","NT test drive The rapid growth of interest in downsizing by CA customers during the past year leads Aberdeen Group to conclude that more than 50% of CA's Unicenter mainframe clients “would at least want to kick the tires of Unicenter on NT,'' said Peter Kastner, a vice president at the Boston consultancy.","3","2","medium","Between 1993 and 1996, Windows NT rapidly gained traction in enterprise IT as a server platform, prompting many mainframe-centric organizations to at least evaluate NT-based management tools such as CA’s Unicenter ports and later Unicenter TNG. CA did in fact invest heavily in Unicenter for NT and entered co-marketing arrangements with Microsoft, indicating real demand from its large-enterprise customer base, but there is no solid evidence that a majority of existing MVS Unicenter mainframe clients specifically wanted to trial or adopt Unicenter on NT within that three-year window. Given the lack of quantitative data on CA’s installed base behavior, the claim appears directionally consistent with the era’s downsizing and client/server experimentation trend but cannot be validated at the stated “more than 50%” magnitude.","55.55","true","true","3","2","medium","Between 1993 and about 1996, there was intense interest in mainframe downsizing and client/server pilots among large MVS data-center shops, and many CA-Unicenter customers did evaluate Windows NT and distributed systems management as part of that broader trend. CA did ship and promote Unicenter on Windows NT (and later Unicenter TNG) specifically as a way for its predominantly mainframe installed base to manage emerging NT and Unix servers, which aligns with the idea that a substantial fraction of those customers would at least test or evaluate the NT version. However, the statement is framed in terms of desire to “kick the tires” rather than measurable adoption, and in practice many large Unicenter mainframe clients either stayed primarily on mainframe or adopted competing tools (such as Tivoli or HP OpenView) for distributed environments, so the claim captures the exploratory interest but overstates how meaningful that interest became in the short term.","14.33","true","3","2","medium","P2","Between 1993 and 1996, Windows NT rapidly gained traction in enterprise IT as a server platform, prompting many mainframe-centric organizations to at least evaluate NT-based management tools such as CA’s Unicenter ports and later Unicenter TNG. CA did in fact invest heavily in Unicenter for NT and entered co-marketing arrangements with Microsoft, indicating real demand from its large-enterprise customer base, but there is no solid evidence that a majority of existing MVS Unicenter mainframe clients specifically wanted to trial or adopt Unicenter on NT within that three-year window. Given the lack of quantitative data on CA’s installed base behavior, the claim appears directionally consistent with the era’s downsizing and client/server experimentation trend but cannot be validated at the stated “more than 50%” magnitude.","false","quotations_corpus_v1","quotations_corpus","2026-06-19T20:32:56.595276+00:00"
"733","rtf-21","SH-3y","3","","CA gets on Microsoft bandwagon","Computerworld","1993-04-19","would at least want to kick the tires of Unicenter on NT,","0","2","low","The claim is about the proportion of CA Unicenter mainframe clients who would want to evaluate Unicenter on Windows NT, essentially describing or extrapolating customer sentiment rather than a concrete, externally visible outcome. While Windows NT and client/server management tools saw significant enterprise evaluation and adoption in the mid‑1990s, there is no widely documented data on what percentage of Unicenter mainframe customers specifically wanted to test Unicenter on NT within the next few years. Because this internal-attitude prediction cannot be validated against well-documented industry outcomes, its prescience cannot be rigorously assessed.","9.12","true","false","","","","","","","0","2","low","P2","The claim is about the proportion of CA Unicenter mainframe clients who would want to evaluate Unicenter on Windows NT, essentially describing or extrapolating customer sentiment rather than a concrete, externally visible outcome. While Windows NT and client/server management tools saw significant enterprise evaluation and adoption in the mid‑1990s, there is no widely documented data on what percentage of Unicenter mainframe customers specifically wanted to test Unicenter on NT within the next few years. Because this internal-attitude prediction cannot be validated against well-documented industry outcomes, its prescience cannot be rigorously assessed.","false","quotations_corpus_v1","quotations_corpus","2026-06-19T20:32:56.595276+00:00"
"943","rtf-21","SH-3y","3","","CA gets on Microsoft bandwagon","Computerworld","1993-04-19","financial suicide. If CA has Unicenter on a mainframe for $150,000 to $250,000, why in God's name would they shrink-wrap it on NT for a fraction of the cost?","1","3","low","Within three years of 1993, CA did in fact bring Unicenter to Windows NT at much lower per-server prices and entered a co-marketing relationship with Microsoft, and this move became a core part of Unicenter’s growth rather than causing serious financial harm. Through the mid- to late 1990s CA remained profitable with strong systems management revenues as Windows NT and distributed systems management suites (including Unicenter, Tivoli, and HP OpenView) expanded rapidly, so the prediction that offering a cheaper NT version would be “financial suicide” was clearly contradicted by events.","10.99","true","false","","","","","","","1","3","low","P2","Within three years of 1993, CA did in fact bring Unicenter to Windows NT at much lower per-server prices and entered a co-marketing relationship with Microsoft, and this move became a core part of Unicenter’s growth rather than causing serious financial harm. Through the mid- to late 1990s CA remained profitable with strong systems management revenues as Windows NT and distributed systems management suites (including Unicenter, Tivoli, and HP OpenView) expanded rapidly, so the prediction that offering a cheaper NT version would be “financial suicide” was clearly contradicted by events.","false","quotations_corpus_v1","quotations_corpus","2026-06-19T20:32:56.595276+00:00"
"944","rtf-21","SH-3y","3","","CA gets on Microsoft bandwagon","Computerworld","1993-04-19","would at least want to kick the tires of Unicenter on NT,","4","2","high","Within three years of 1993, CA and Microsoft were actively co-marketing Unicenter on Windows NT, and Unicenter for NT became an important part of CA’s systems-management story as NT server adoption surged in large enterprises. CA introduced NT-focused Unicenter capabilities (including the TNG generation) and positioned them specifically to existing mainframe Unicenter customers who were experimenting with downsizing and client/server architectures, indicating substantial interest and pilots even if full migrations were limited. However, precise data on what fraction of mainframe Unicenter sites actually evaluated the NT version is lacking, so the directional call about broad ‘tire-kicking’ looks right, but the quantified “more than 50%” cannot be firmly verified.","12.88","true","false","","","","","","","4","2","high","P2","Within three years of 1993, CA and Microsoft were actively co-marketing Unicenter on Windows NT, and Unicenter for NT became an important part of CA’s systems-management story as NT server adoption surged in large enterprises. CA introduced NT-focused Unicenter capabilities (including the TNG generation) and positioned them specifically to existing mainframe Unicenter customers who were experimenting with downsizing and client/server architectures, indicating substantial interest and pilots even if full migrations were limited. However, precise data on what fraction of mainframe Unicenter sites actually evaluated the NT version is lacking, so the directional call about broad ‘tire-kicking’ looks right, but the quantified “more than 50%” cannot be firmly verified.","false","quotations_corpus_v1","quotations_corpus","2026-06-19T20:32:56.595276+00:00"
"115","rtf-22","SH-3y","3","","PowerBuilder may add Intersolv tools","Computerworld","1993-04-12","The move could also point to a larger trend in client/server tools, said Peter Kastner, vice president at Aberdeen Group in Boston.","5","3","high","By the mid-1990s, serious enterprise development organizations widely treated source-code version control systems—such as PVCS, ClearCase, Visual SourceSafe, and CVS—as required infrastructure for multi-developer and enterprisewide projects, validating the claim that version control was mandatory for moving forward with large-scale client/server development.[5][3] Over roughly the same period, popular client/server and RAD environments like PowerBuilder, Visual Basic, and Delphi added or strengthened integrations with external version-control tools and standard SCC interfaces, reinforcing an industry-wide trend that enterprise client/server tools needed robust configuration-management support built into or tightly coupled with the toolchain.[13][10][5]","13.32","true","false","","","","","","","5","3","high","P2","By the mid-1990s, serious enterprise development organizations widely treated source-code version control systems—such as PVCS, ClearCase, Visual SourceSafe, and CVS—as required infrastructure for multi-developer and enterprisewide projects, validating the claim that version control was mandatory for moving forward with large-scale client/server development.[5][3] Over roughly the same period, popular client/server and RAD environments like PowerBuilder, Visual Basic, and Delphi added or strengthened integrations with external version-control tools and standard SCC interfaces, reinforcing an industry-wide trend that enterprise client/server tools needed robust configuration-management support built into or tightly coupled with the toolchain.[13][10][5]","false","quotations_corpus_v1","quotations_corpus","2026-06-19T20:32:56.595276+00:00"
"732","rtf-22","SH-3y","3","","PowerBuilder may add Intersolv tools","Computerworld","1993-04-12","If users want to enter into enterprisewide development projects, version control is mandatory,","4","3","high","By the mid‑1990s, large-scale client/server and other enterprise software projects were rapidly standardizing on source-code control systems such as PVCS, ClearCase, and later Microsoft Visual SourceSafe, which was acquired and pushed aggressively into the Visual Studio toolchain. Within roughly three years of 1993, multi-developer, enterprise application teams were widely expected—by both vendors and methodologists—to use version control as basic infrastructure, and major RAD tools (including PowerBuilder and Visual Basic) commonly integrated with SCC-compliant repositories. However, adoption was not literally universal, as some enterprise teams still operated with ad hoc file-sharing practices, so ""mandatory"" slightly overstates the reality even though it correctly captured the direction and emerging norm.","14.13","true","false","","","","","","","4","3","high","P2","By the mid‑1990s, large-scale client/server and other enterprise software projects were rapidly standardizing on source-code control systems such as PVCS, ClearCase, and later Microsoft Visual SourceSafe, which was acquired and pushed aggressively into the Visual Studio toolchain. Within roughly three years of 1993, multi-developer, enterprise application teams were widely expected—by both vendors and methodologists—to use version control as basic infrastructure, and major RAD tools (including PowerBuilder and Visual Basic) commonly integrated with SCC-compliant repositories. However, adoption was not literally universal, as some enterprise teams still operated with ad hoc file-sharing practices, so ""mandatory"" slightly overstates the reality even though it correctly captured the direction and emerging norm.","false","quotations_corpus_v1","quotations_corpus","2026-06-19T20:32:56.595276+00:00"
"942","rtf-22","SH-3y","3","","PowerBuilder may add Intersolv tools","Computerworld","1993-04-12","If users want to enter into enterprisewide development projects, version control is mandatory,","5","3","high","By the mid‑1990s, serious multi-developer, enterprisewide client/server projects almost universally adopted source-code control tools such as Intersolv PVCS, Atria ClearCase, and later Microsoft Visual SourceSafe as mandatory infrastructure. Configuration management and version control were formalized in methodologies (e.g., CMM) and became a de facto requirement for large-scale enterprise application development through the late 1990s and 2000s, validating Kastner’s characterization that version control is mandatory for such projects.","7.28","true","false","","","","","","","5","3","high","P2","By the mid‑1990s, serious multi-developer, enterprisewide client/server projects almost universally adopted source-code control tools such as Intersolv PVCS, Atria ClearCase, and later Microsoft Visual SourceSafe as mandatory infrastructure. Configuration management and version control were formalized in methodologies (e.g., CMM) and became a de facto requirement for large-scale enterprise application development through the late 1990s and 2000s, validating Kastner’s characterization that version control is mandatory for such projects.","false","quotations_corpus_v1","quotations_corpus","2026-06-19T20:32:56.595276+00:00"
"940","rtf-23","SH-3y","3","","Software AG extends Unix tools strategy","Computerworld","1993-03-15","Bringing these products over to Unix means not only a port but also opening them up to work in the interoperable world of open systems,","4","2","high","Kastner’s point that moving mainframe products to Unix would require more than a straight port and instead demand opening them up for interoperable open systems was borne out by the mid‑1990s, as vendors had to re‑architect for client/server, POSIX, TCP/IP networking, and standard interfaces like SQL/ODBC and later CORBA rather than just recompiling code. Software AG’s Adabas/Natural and related middleware on Unix evolved over several years into fuller open-systems offerings that integrated with heterogeneous environments, validating that this transition took time and methodical engineering rather than a quick lift‑and‑shift. The statement is somewhat generic, but directionally accurate about the real complexity and timeline of mainframe-to-Unix migration in that 3‑year window.","8.81","true","false","","","","","","","4","2","high","P2","Kastner’s point that moving mainframe products to Unix would require more than a straight port and instead demand opening them up for interoperable open systems was borne out by the mid‑1990s, as vendors had to re‑architect for client/server, POSIX, TCP/IP networking, and standard interfaces like SQL/ODBC and later CORBA rather than just recompiling code. Software AG’s Adabas/Natural and related middleware on Unix evolved over several years into fuller open-systems offerings that integrated with heterogeneous environments, validating that this transition took time and methodical engineering rather than a quick lift‑and‑shift. The statement is somewhat generic, but directionally accurate about the real complexity and timeline of mainframe-to-Unix migration in that 3‑year window.","false","quotations_corpus_v1","quotations_corpus","2026-06-19T20:32:56.595276+00:00"
"941","rtf-23","SH-3y","3","","Software AG extends Unix tools strategy","Computerworld","1993-03-15","That takes time. Software AG is going about it very methodically.","0","2","low","By around 1996, Software AG had continued porting Adabas, Natural, and related tools to multiple Unix and open-systems platforms, much like other mainframe-oriented vendors of the era. The observation that such porting and interoperability work 'takes time' and that the company was 'methodical' is a qualitative, generic characterization rather than a concrete, risky forecast about timing, success, or market impact. Because this claim is too vague to test against specific outcomes, it cannot be meaningfully assessed for prescience.","31.08","true","false","","","","","","","0","2","low","P2","By around 1996, Software AG had continued porting Adabas, Natural, and related tools to multiple Unix and open-systems platforms, much like other mainframe-oriented vendors of the era. The observation that such porting and interoperability work 'takes time' and that the company was 'methodical' is a qualitative, generic characterization rather than a concrete, risky forecast about timing, success, or market impact. Because this claim is too vague to test against specific outcomes, it cannot be meaningfully assessed for prescience.","false","quotations_corpus_v1","quotations_corpus","2026-06-19T20:32:56.595276+00:00"
"938","rtf-24","SH-3y","3","","Apple exec jumps to Microsoft","Computerworld","1993-01-11","Microsoft is admitting that their database strategy is not nearly as far along as they had hoped and that they needed a world-class software manager with vision to come in and shake things up,","3","3","medium","The comment correctly reflects that, circa 1993, Microsoft’s database strategy was still behind entrenched enterprise rivals like Oracle, Informix, and Sybase, and was in a period of rethinking and reorganization, including the unwinding of its co-development relationship with Sybase and a pivot to owning SQL Server on Windows NT. Over the following three years, however, Microsoft rapidly advanced its database offerings with popular desktop products such as Microsoft Access 1.1/2.0 and major server releases like SQL Server 6.0 (1995) and 6.5 (1996), establishing a credible and growing position rather than merely “getting its database market off the ground.” In hindsight the claim that Microsoft needed a visionary manager to shake up a lagging strategy captures part of the truth about its transitional state, but overstates how underdeveloped the strategy was given how quickly its database portfolio matured by 1996.","16.02","true","false","","","","","","","3","3","medium","P2","The comment correctly reflects that, circa 1993, Microsoft’s database strategy was still behind entrenched enterprise rivals like Oracle, Informix, and Sybase, and was in a period of rethinking and reorganization, including the unwinding of its co-development relationship with Sybase and a pivot to owning SQL Server on Windows NT. Over the following three years, however, Microsoft rapidly advanced its database offerings with popular desktop products such as Microsoft Access 1.1/2.0 and major server releases like SQL Server 6.0 (1995) and 6.5 (1996), establishing a credible and growing position rather than merely “getting its database market off the ground.” In hindsight the claim that Microsoft needed a visionary manager to shake up a lagging strategy captures part of the truth about its transitional state, but overstates how underdeveloped the strategy was given how quickly its database portfolio matured by 1996.","false","quotations_corpus_v1","quotations_corpus","2026-06-19T20:32:56.595276+00:00"
"932","rtf-25","SH-3y","3","","Page exits Software AG News","Computerworld","1992-11-30","It's never transparent or insignificant when the founder of a long-term and successful company leaves,","0","1","low","The quotation is a broad, almost axiomatic statement that any founder departure is consequential, without specifying measurable outcomes such as revenue, product changes, or market share effects within the 3-year horizon. From available history, Software AG’s core ADABAS/Natural business and strategic direction remained broadly intact through the mid‑1990s, with no clearly documented, immediate inflection in performance or strategy that can be confidently attributed to the specific founder/developer departure in 1992. Because the claim is vague and the causal impact of this particular exit on 1992‑1995 outcomes is not clearly documented in mainstream histories, its prescience cannot be reliably assessed.","40.75","true","false","","","","","","","0","1","low","P2","The quotation is a broad, almost axiomatic statement that any founder departure is consequential, without specifying measurable outcomes such as revenue, product changes, or market share effects within the 3-year horizon. From available history, Software AG’s core ADABAS/Natural business and strategic direction remained broadly intact through the mid‑1990s, with no clearly documented, immediate inflection in performance or strategy that can be confidently attributed to the specific founder/developer departure in 1992. Because the claim is vague and the causal impact of this particular exit on 1992‑1995 outcomes is not clearly documented in mainstream histories, its prescience cannot be reliably assessed.","false","quotations_corpus_v1","quotations_corpus","2026-06-19T20:32:56.595276+00:00"
"933","rtf-25","SH-3y","3","","Page exits Software AG News","Computerworld","1992-11-30","To say there will be no ripple in the water is specious.","3","1","medium","The claim only asserts that a founder’s departure would not be completely impact‑free, which is a low bar, and it is plausible that the loss of Natural’s original developer caused some internal disruption in product direction and customer perception, but this is not well documented. Software AG remained an independent, sizeable enterprise vendor through the mid‑1990s, continued to develop and sell Adabas & Natural, and did not experience a widely reported crisis or collapse directly tied to this departure within the three‑year horizon.[1][4][6] Because contemporaneous sources do not clearly attribute specific market or product upheavals to this executive change, the statement cannot be scored as strongly confirmed or strongly contradicted, leading to a middling, conservative score.","8.24","true","true","0","2","low","The quotation only asserts that there will be some undefined 'ripple' from Peter Pagé’s departure, without specifying direction, magnitude, or concrete business effects, making it effectively non-falsifiable. Historical accounts simply note that Pagé left Software AG in 1992 after strategic differences and that the company continued to develop and sell its Adabas and Natural product lines and pursue new architectures and markets through the 1990s, but they do not clearly document a specific, attributable inflection in performance or strategy within roughly three years that can be tied to this departure alone.[1][4] Because the claim is both vague and not linked to clearly observable outcomes in the 1992–1995 window, it cannot be meaningfully scored for prescience.","14.67","true","0","2","low","P1_tiebreak","The quotation only asserts that there will be some undefined 'ripple' from Peter Pagé’s departure, without specifying direction, magnitude, or concrete business effects, making it effectively non-falsifiable. Historical accounts simply note that Pagé left Software AG in 1992 after strategic differences and that the company continued to develop and sell its Adabas and Natural product lines and pursue new architectures and markets through the 1990s, but they do not clearly document a specific, attributable inflection in performance or strategy within roughly three years that can be tied to this departure alone.[1][4] Because the claim is both vague and not linked to clearly observable outcomes in the 1992–1995 window, it cannot be meaningfully scored for prescience.","false","quotations_corpus_v1","quotations_corpus","2026-06-19T20:32:56.595276+00:00"
"929","rtf-26","SH-3y","3","","DEC restructuring plan includes separate PC unit","Computerworld","1992-11-09","DEC's PC business has caught fire this year, growing from 2% to 3% to close to 10% [of DEC's overall revenue] _ generating sales if not profits,","3","2","medium","Kastner accurately captured that DEC’s PC business was growing in revenue terms and driving sales but not meaningful profits, as DEC’s push into commodity Intel-based PCs in the early 1990s produced volume without restoring overall profitability. Over the following three years, DEC remained financially weak, went through repeated restructurings and layoffs, and its PC line never achieved strong margins or major market share against Compaq, IBM, and HP, so the idea of a sustainably “on fire” business did not hold up even though the short-term sales surge was real.","9.64","true","true","2","2","medium","DEC’s PC business did see a short-term surge in unit volumes in the early 1990s, driven largely by aggressive price cutting, so the observation that it was generating sales but not profits was accurate for that moment. However, over the next few years the PC unit failed to establish DEC as a major, profitable PC vendor, margins remained weak, and the company’s broader financial decline and repeated restructurings showed that this ‘caught fire’ phase was not sustainable or transformative. By the mid-1990s, DEC was still losing ground to commodity PC competitors like Compaq and Dell, so the implied momentum in the quote did not hold up over the three‑year horizon.","46.09","true","3","2","medium","P2","Kastner accurately captured that DEC’s PC business was growing in revenue terms and driving sales but not meaningful profits, as DEC’s push into commodity Intel-based PCs in the early 1990s produced volume without restoring overall profitability. Over the following three years, DEC remained financially weak, went through repeated restructurings and layoffs, and its PC line never achieved strong margins or major market share against Compaq, IBM, and HP, so the idea of a sustainably “on fire” business did not hold up even though the short-term sales surge was real.","false","quotations_corpus_v1","quotations_corpus","2026-06-19T20:32:56.595276+00:00"
"924","rtf-27","SH-3y","3","","Legent increases options, flexibility in desktop line","Computerworld","1992-11-02","The open systems planning arena is one where users are crying for planning directions and products,","3","3","medium","From 1992–1995, large IT shops were indeed struggling to plan migrations from proprietary mainframes to “open systems” such as Unix variants and emerging Windows NT, fueling demand for methodologies, migration tools, and architecture guidance from vendors and consultancies. Enterprise-architecture frameworks and standards efforts like The Open Group’s early work and TOGAF’s first mid‑1990s releases explicitly targeted this planning gap, showing that users were looking for direction and products in exactly this arena. However, Kastner’s statement mainly describes an already-visible need rather than making a specific, risky forecast about how the market would evolve, so its prescience is real but limited.","12.47","true","false","","","","","","","3","3","medium","P2","From 1992–1995, large IT shops were indeed struggling to plan migrations from proprietary mainframes to “open systems” such as Unix variants and emerging Windows NT, fueling demand for methodologies, migration tools, and architecture guidance from vendors and consultancies. Enterprise-architecture frameworks and standards efforts like The Open Group’s early work and TOGAF’s first mid‑1990s releases explicitly targeted this planning gap, showing that users were looking for direction and products in exactly this arena. However, Kastner’s statement mainly describes an already-visible need rather than making a specific, risky forecast about how the market would evolve, so its prescience is real but limited.","false","quotations_corpus_v1","quotations_corpus","2026-06-19T20:32:56.595276+00:00"
"925","rtf-27","SH-3y","3","","Legent increases options, flexibility in desktop line","Computerworld","1992-11-02","These things let Legent write and maintain one set of code and then say, `Let many blossoms bloom.","0","1","low","In 1995 Computer Associates acquired Legent, effectively ending its independent product roadmap within the 3‑year horizon, and there is little public technical documentation about whether its desktop open-systems architecture actually enabled a single maintained codebase across multiple platforms. While cross‑platform client/server tools and write-once approaches did emerge in the mid‑1990s (for example with Java and portable GUI frameworks), these developments were not clearly driven by or associated with Legent's desktop line, so the specific claim about Legent's ability to 'let many blossoms bloom' cannot be reliably verified.","32.45","true","false","","","","","","","0","1","low","P2","In 1995 Computer Associates acquired Legent, effectively ending its independent product roadmap within the 3‑year horizon, and there is little public technical documentation about whether its desktop open-systems architecture actually enabled a single maintained codebase across multiple platforms. While cross‑platform client/server tools and write-once approaches did emerge in the mid‑1990s (for example with Java and portable GUI frameworks), these developments were not clearly driven by or associated with Legent's desktop line, so the specific claim about Legent's ability to 'let many blossoms bloom' cannot be reliably verified.","false","quotations_corpus_v1","quotations_corpus","2026-06-19T20:32:56.595276+00:00"
"102","rtf-28","SH-3y","3","","DEC to give PC modular upgrades","Computerworld","1992-08-24","“Modular PCs are somewhat attractive, but users also become locked into a vendor's PC line because you can only buy the upgrade from them,'' added Peter Kastner, an analyst at the Aberdeen Group, a market research firm in Boston.","4","2","high","In the early-to-mid 1990s, most proprietary ""modular"" PC schemes (such as vendor-specific CPU daughtercards, docking modules, or upgrade chassis from vendors like DEC, IBM, Compaq, and major notebook OEMs) did in fact require buying upgrade modules from the original vendor, creating exactly the kind of lock-in Kastner described. At the same time, the broader desktop PC market rapidly commoditized around industry-standard components and clone systems, allowing buyers to avoid lock-in entirely by choosing non-modular, standards-based PCs, so his observation was accurate for modular product lines but not a defining property of PCs in general.","38.43","true","false","","","","","","","4","2","high","P2","In the early-to-mid 1990s, most proprietary ""modular"" PC schemes (such as vendor-specific CPU daughtercards, docking modules, or upgrade chassis from vendors like DEC, IBM, Compaq, and major notebook OEMs) did in fact require buying upgrade modules from the original vendor, creating exactly the kind of lock-in Kastner described. At the same time, the broader desktop PC market rapidly commoditized around industry-standard components and clone systems, allowing buyers to avoid lock-in entirely by choosing non-modular, standards-based PCs, so his observation was accurate for modular product lines but not a defining property of PCs in general.","false","quotations_corpus_v1","quotations_corpus","2026-06-19T20:32:56.595276+00:00"
"923","rtf-28","SH-3y","3","","DEC to give PC modular upgrades","Computerworld","1992-08-24","Modular PCs are somewhat attractive, but users also become locked into a vendor's PC line because you can only buy the upgrade from them,","2","3","medium","In practice, proprietary modular PC schemes such as DEC and IBM upgrade modules remained niche and short-lived, while by the mid-1990s enterprises mostly bought commodity 386/486 and early Pentium PCs built around standard ISA/PCI buses and interchangeable components from many vendors. As a result, modular hardware did not significantly lock customers into a single vendor’s PC line over the next few years; hardware lock-in weakened while software and OS ecosystems (notably Windows and Office) became the primary sources of dependency instead.","13.27","true","false","","","","","","","2","3","medium","P2","In practice, proprietary modular PC schemes such as DEC and IBM upgrade modules remained niche and short-lived, while by the mid-1990s enterprises mostly bought commodity 386/486 and early Pentium PCs built around standard ISA/PCI buses and interchangeable components from many vendors. As a result, modular hardware did not significantly lock customers into a single vendor’s PC line over the next few years; hardware lock-in weakened while software and OS ecosystems (notably Windows and Office) became the primary sources of dependency instead.","false","quotations_corpus_v1","quotations_corpus","2026-06-19T20:32:56.595276+00:00"
"919","rtf-29","SH-3y","3","","DEC starts revamp, delays cuts","Computerworld","1992-08-03","He was unambiguous about the fact that there are too many people in the company, but he also said that they aren't going to react and whack their hands off,","0","3","low","Kastner’s remark mainly paraphrases Palmer’s reassurance about not overreacting with indiscriminate layoffs, rather than making a concrete, testable forecast about staffing levels or restructuring outcomes. Between 1992 and 1995, DEC under Palmer executed multiple large, planned workforce reductions and restructurings, but the quote does not specify timing, magnitude, or method in a way that can be clearly judged against those events. Because it is essentially a characterization of tone and intent rather than a measurable prediction over the three‑year horizon, its prescience cannot be meaningfully assessed.","12.05","true","false","","","","","","","0","3","low","P2","Kastner’s remark mainly paraphrases Palmer’s reassurance about not overreacting with indiscriminate layoffs, rather than making a concrete, testable forecast about staffing levels or restructuring outcomes. Between 1992 and 1995, DEC under Palmer executed multiple large, planned workforce reductions and restructurings, but the quote does not specify timing, magnitude, or method in a way that can be clearly judged against those events. Because it is essentially a characterization of tone and intent rather than a measurable prediction over the three‑year horizon, its prescience cannot be meaningfully assessed.","false","quotations_corpus_v1","quotations_corpus","2026-06-19T20:32:56.595276+00:00"
"920","rtf-29","SH-3y","3","","DEC starts revamp, delays cuts","Computerworld","1992-08-03","It was well-crafted and indicated that Palmer was in charge. It had a strong ending where he said he had zero tolerance for managers who make excuses, and he wants people to go out there and get the job done and not wait for management to tell them what to do,","0","3","low","The quotation is primarily an immediate rhetorical and leadership-style assessment of Palmer’s introductory speech, not a concrete prediction about DEC’s future performance or strategic trajectory. While Palmer did take operational control and pursue aggressive restructuring, layoffs, and a focus on Alpha and services after 1992, the quote does not make a falsifiable claim about those subsequent developments over the 3-year horizon, so its prescience cannot meaningfully be evaluated.","8.22","true","false","","","","","","","0","3","low","P2","The quotation is primarily an immediate rhetorical and leadership-style assessment of Palmer’s introductory speech, not a concrete prediction about DEC’s future performance or strategic trajectory. While Palmer did take operational control and pursue aggressive restructuring, layoffs, and a focus on Alpha and services after 1992, the quote does not make a falsifiable claim about those subsequent developments over the 3-year horizon, so its prescience cannot meaningfully be evaluated.","false","quotations_corpus_v1","quotations_corpus","2026-06-19T20:32:56.595276+00:00"
"94","rtf-31","SH-3y","1","","Price war to hurt PC industry","Computerworld","1992-07-13","“Clearly, by the time this is all over, the industry is going to wish this had been the summer that never happened,'' said Peter Kastner, an analyst at Aberdeen Group in Boston.","3","3","medium","Compaq’s 1992 price cuts triggered a sustained PC price war into 1993 that sharply reduced average selling prices and margins, pressuring many vendors’ profits and accelerating the shakeout of weaker players such as Zenith Data Systems, CompuAdd, and DEC’s PC line. At the same time, overall PC unit shipments continued to grow in 1992–1994, and leaders like Compaq and other major Wintel OEMs gained market share and benefited strategically from the expanded market. The episode was painful but not a catastrophe the entire industry ‘wished had never happened,’ so the warning about broad industry regret was overstated even though the call on severe short‑term pain for many suppliers was directionally right.","11.40","true","false","","","","","","","3","3","medium","P2","Compaq’s 1992 price cuts triggered a sustained PC price war into 1993 that sharply reduced average selling prices and margins, pressuring many vendors’ profits and accelerating the shakeout of weaker players such as Zenith Data Systems, CompuAdd, and DEC’s PC line. At the same time, overall PC unit shipments continued to grow in 1992–1994, and leaders like Compaq and other major Wintel OEMs gained market share and benefited strategically from the expanded market. The episode was painful but not a catastrophe the entire industry ‘wished had never happened,’ so the warning about broad industry regret was overstated even though the call on severe short‑term pain for many suppliers was directionally right.","false","quotations_corpus_v1","quotations_corpus","2026-06-19T20:32:56.595276+00:00"
"95","rtf-31","SH-3y","1","","Price war to hurt PC industry","Computerworld","1992-07-13","It looks like they're being dragged down kicking and screaming,'' Kastner said.","3","3","medium","Kastner’s remark characterizes IBM as a reluctant follower in PC price-cutting, and over the following year IBM did participate in the early‑1990s price war but trailed more aggressive discounters like Compaq and the clone vendors. IBM’s PS/2 line remained premium-priced and lost share in the early 1990s, reinforcing the view that IBM was uncomfortable with low-margin price competition rather than leading it. While this was more an accurate real-time description than a bold forward-looking prediction, the pattern of IBM being dragged into commodity pricing rather than embracing it continued as IBM’s PC business weakened and ultimately exited the market in the 2000s.","9.25","true","false","","","","","","","3","3","medium","P2","Kastner’s remark characterizes IBM as a reluctant follower in PC price-cutting, and over the following year IBM did participate in the early‑1990s price war but trailed more aggressive discounters like Compaq and the clone vendors. IBM’s PS/2 line remained premium-priced and lost share in the early 1990s, reinforcing the view that IBM was uncomfortable with low-margin price competition rather than leading it. While this was more an accurate real-time description than a bold forward-looking prediction, the pattern of IBM being dragged into commodity pricing rather than embracing it continued as IBM’s PC business weakened and ultimately exited the market in the 2000s.","false","quotations_corpus_v1","quotations_corpus","2026-06-19T20:32:56.595276+00:00"
"917","rtf-31","SH-3y","3","","Price war to hurt PC industry","Computerworld","1992-07-13","Clearly, by the time this is all over, the industry is going to wish this had been the summer that never happened,","3","3","medium","In the 1992–1993 PC price war triggered by Compaq’s cuts, average PC prices fell sharply and vendors saw margins compressed, leading to consolidation pressure and widespread concern about ""profitless prosperity"" for manufacturers.[4][7][10] Several second-tier PC makers struggled or exited over the mid-1990s as competition and low prices persisted, even as unit sales boomed and customers benefited, so the episode was painful for many suppliers but not an unambiguous disaster for the industry as a whole.[4][9][10]","13.23","true","false","","","","","","","3","3","medium","P2","In the 1992–1993 PC price war triggered by Compaq’s cuts, average PC prices fell sharply and vendors saw margins compressed, leading to consolidation pressure and widespread concern about ""profitless prosperity"" for manufacturers.[4][7][10] Several second-tier PC makers struggled or exited over the mid-1990s as competition and low prices persisted, even as unit sales boomed and customers benefited, so the episode was painful for many suppliers but not an unambiguous disaster for the industry as a whole.[4][9][10]","false","quotations_corpus_v1","quotations_corpus","2026-06-19T20:32:56.595276+00:00"
"918","rtf-31","SH-3y","3","","Price war to hurt PC industry","Computerworld","1992-07-13","IBM has never been a price leader. It looks like they're being dragged down kicking and screaming,","4","3","high","In the early 1990s, IBM’s PS/2 and later ValuePoint systems remained priced above clone competitors, and IBM responded to the 1992–1995 price war with reluctant but substantial price cuts that compressed its margins[1][11]. IBM never became a low-cost PC price leader during this period; instead its PC market share and profitability continued to deteriorate, setting the stage for its long-term retreat from commodity PCs in favor of higher-value systems and, eventually, divestiture of the PC business[6][9][15].","32.65","true","false","","","","","","","4","3","high","P2","In the early 1990s, IBM’s PS/2 and later ValuePoint systems remained priced above clone competitors, and IBM responded to the 1992–1995 price war with reluctant but substantial price cuts that compressed its margins[1][11]. IBM never became a low-cost PC price leader during this period; instead its PC market share and profitability continued to deteriorate, setting the stage for its long-term retreat from commodity PCs in favor of higher-value systems and, eventually, divestiture of the PC business[6][9][15].","false","quotations_corpus_v1","quotations_corpus","2026-06-19T20:32:56.595276+00:00"
"96","rtf-32","SH-3y","1","","Intel to unleash DX2, claims strongest chip yet","Computerworld","1992-07-13","a 50-MHz chip should not be that much faster,'' said Peter Kastner, a vice president at market research firm Aberdeen Group in Boston.","4","3","high","In practice, the 486DX2-66 delivered only a modest real-world performance gain over the 486DX-50, often on the order of around 10–20% in typical office and productivity workloads rather than a dramatic leap, so users did not see a transformative improvement from 50 MHz to 66 MHz alone. Benchmarks and contemporary reviews from the early 1990s show that while the DX2-66 could lead in CPU-bound synthetic tests, its advantage was frequently constrained by the shared 33 MHz external bus and memory subsystem, confirming that memory and I/O bottlenecks limited the benefits of the higher internal clock. Over the subsequent few years, the real ‘quantum’ performance jumps instead came from architectural shifts and later Pentium-class CPUs rather than small clock bumps within the 486 line, aligning with Kastner’s implication that this was an incremental, not revolutionary, upgrade.","12.97","true","false","","","","","","","4","3","high","P2","In practice, the 486DX2-66 delivered only a modest real-world performance gain over the 486DX-50, often on the order of around 10–20% in typical office and productivity workloads rather than a dramatic leap, so users did not see a transformative improvement from 50 MHz to 66 MHz alone. Benchmarks and contemporary reviews from the early 1990s show that while the DX2-66 could lead in CPU-bound synthetic tests, its advantage was frequently constrained by the shared 33 MHz external bus and memory subsystem, confirming that memory and I/O bottlenecks limited the benefits of the higher internal clock. Over the subsequent few years, the real ‘quantum’ performance jumps instead came from architectural shifts and later Pentium-class CPUs rather than small clock bumps within the 486 line, aligning with Kastner’s implication that this was an incremental, not revolutionary, upgrade.","false","quotations_corpus_v1","quotations_corpus","2026-06-19T20:32:56.595276+00:00"
"722","rtf-32","SH-3y","1","","Intel to unleash DX2, claims strongest chip yet","Computerworld","1992-07-13","The 66-MHz DX2 vs. a 50-MHz chip should not be that much faster,","2","3","medium","In practice, the 486DX2-66 delivered on the order of a 25–35% performance gain over a 486DX-50 in many real-world benchmarks, which most users and reviewers regarded as a substantial, clearly noticeable improvement rather than a marginal one. By 1993–1994 the DX2-66 became the de facto high-performance mainstream 486 configuration, prized specifically for its speed advantage over 25/33 MHz and 50 MHz 486 systems. Kastner’s implication that users would not see much additional performance thus understated both the benchmarked gains and the market’s strong preference for the DX2-66 within a year or two of launch.","17.77","true","false","","","","","","","2","3","medium","P2","In practice, the 486DX2-66 delivered on the order of a 25–35% performance gain over a 486DX-50 in many real-world benchmarks, which most users and reviewers regarded as a substantial, clearly noticeable improvement rather than a marginal one. By 1993–1994 the DX2-66 became the de facto high-performance mainstream 486 configuration, prized specifically for its speed advantage over 25/33 MHz and 50 MHz 486 systems. Kastner’s implication that users would not see much additional performance thus understated both the benchmarked gains and the market’s strong preference for the DX2-66 within a year or two of launch.","false","quotations_corpus_v1","quotations_corpus","2026-06-19T20:32:56.595276+00:00"
"915","rtf-32","SH-3y","3","","Intel to unleash DX2, claims strongest chip yet","Computerworld","1992-07-13","The 66-MHz DX2 vs. a 50-MHz chip should not be that much faster,","3","3","medium","In practice, the 66 MHz 486DX2 delivered a clearly measurable but not transformative performance gain over a 50 MHz 486DX, with synthetic and application benchmarks typically showing on the order of a few tens of percent improvement rather than anything like a doubling. At the same time, his emphasis that memory and system bottlenecks would limit perceived speed aligned with how 486-era systems behaved and foreshadowed the later, well-recognized “memory wall” issue, so the spirit of caution about raw clock speeds was directionally sound even if he understated the DX2-66’s advantage over a 50 MHz part.","10.42","true","false","","","","","","","3","3","medium","P2","In practice, the 66 MHz 486DX2 delivered a clearly measurable but not transformative performance gain over a 50 MHz 486DX, with synthetic and application benchmarks typically showing on the order of a few tens of percent improvement rather than anything like a doubling. At the same time, his emphasis that memory and system bottlenecks would limit perceived speed aligned with how 486-era systems behaved and foreshadowed the later, well-recognized “memory wall” issue, so the spirit of caution about raw clock speeds was directionally sound even if he understated the DX2-66’s advantage over a 50 MHz part.","false","quotations_corpus_v1","quotations_corpus","2026-06-19T20:32:56.595276+00:00"
"916","rtf-32","SH-3y","3","","Intel to unleash DX2, claims strongest chip yet","Computerworld","1992-07-13","You'll get the delta between a 50 MHz and a 66 MHz. However, as soon as you go to memory, all bets are off.","4","3","high","The 486DX2-66’s doubled core clock but 33 MHz external bus meant that while it outperformed a 50 MHz 486 in compute-heavy benchmarks, the gains were often modest once workloads became memory- or I/O-bound, and in some memory-intensive cases the 50 MHz bus of a 486DX-50 could keep pace or even edge ahead. This early observation that memory and bus speed could negate much of the benefit of a higher internal clock foreshadowed the well-documented CPU–memory bottleneck that drove the industry toward larger on-chip caches, faster memory buses, and later technologies like SDRAM and L2/L3 caches in the Pentium era and beyond. However, he slightly understated the typical real-world advantage DX2/66 systems delivered in mainstream applications, which is why the score is not a 5.","10.33","true","false","","","","","","","4","3","high","P2","The 486DX2-66’s doubled core clock but 33 MHz external bus meant that while it outperformed a 50 MHz 486 in compute-heavy benchmarks, the gains were often modest once workloads became memory- or I/O-bound, and in some memory-intensive cases the 50 MHz bus of a 486DX-50 could keep pace or even edge ahead. This early observation that memory and bus speed could negate much of the benefit of a higher internal clock foreshadowed the well-documented CPU–memory bottleneck that drove the industry toward larger on-chip caches, faster memory buses, and later technologies like SDRAM and L2/L3 caches in the Pentium era and beyond. However, he slightly understated the typical real-world advantage DX2/66 systems delivered in mainstream applications, which is why the score is not a 5.","false","quotations_corpus_v1","quotations_corpus","2026-06-19T20:32:56.595276+00:00"
"720","rtf-33","LH","8","","Oracle hires consultant to steer sales","Computerworld","1992-06-08","Oracle's basic business model is changing,","4","3","high","Through the 1990s Oracle expanded from a primarily database-licensing company into a broad enterprise applications vendor (Oracle Financials, ERP, CRM, E-Business Suite) with a rapidly growing consulting/services arm. By around 2000, applications and related services were a much larger share of revenue even though database and software licenses remained the core, so the prediction of a more applications- and services-driven model was directionally accurate but not a complete business-model transformation.","8.46","true","false","","","","","","","4","3","high","P2","Through the 1990s Oracle expanded from a primarily database-licensing company into a broad enterprise applications vendor (Oracle Financials, ERP, CRM, E-Business Suite) with a rapidly growing consulting/services arm. By around 2000, applications and related services were a much larger share of revenue even though database and software licenses remained the core, so the prediction of a more applications- and services-driven model was directionally accurate but not a complete business-model transformation.","false","quotations_corpus_v1","quotations_corpus","2026-06-19T20:32:56.595276+00:00"
"721","rtf-33","LH","8","","Oracle hires consultant to steer sales","Computerworld","1992-06-08","They will be more applications- and services-driven, and Ray's credentials with EDS and Booz Allen are perfect for an organization that is highly service-oriented.","4","3","high","By the late 1990s, Oracle’s revenue mix had shifted significantly toward enterprise applications (Oracle Applications/E-Business Suite) and associated consulting, support, and implementation services, validating the claim that it would become more applications- and services-driven. Ray Lane, hired from Booz Allen, became Oracle’s president and was widely credited with driving its applications and services strategy and sales execution throughout the 1990s, suggesting that his background was indeed well matched to the company’s evolving service orientation.","47.20","true","false","","","","","","","4","3","high","P2","By the late 1990s, Oracle’s revenue mix had shifted significantly toward enterprise applications (Oracle Applications/E-Business Suite) and associated consulting, support, and implementation services, validating the claim that it would become more applications- and services-driven. Ray Lane, hired from Booz Allen, became Oracle’s president and was widely credited with driving its applications and services strategy and sales execution throughout the 1990s, suggesting that his background was indeed well matched to the company’s evolving service orientation.","false","quotations_corpus_v1","quotations_corpus","2026-06-19T20:32:56.595276+00:00"
"913","rtf-33","SH-3y","3","","Oracle hires consultant to steer sales","Computerworld","1992-06-08","Oracle's basic business model is changing,","4","3","high","Between 1992 and 1995, Oracle expanded aggressively beyond its core database licenses into Oracle Applications (ERP/financials, HR, manufacturing) and grew its consulting and support businesses, so its revenue mix moved steadily toward applications and services even though database licensing remained central. Over that three‑year window the shift did not overturn the basic license-plus-maintenance model, but the company’s strategic positioning and product portfolio clearly evolved in the applications- and services-driven direction Kastner described.","9.49","true","false","","","","","","","4","3","high","P2","Between 1992 and 1995, Oracle expanded aggressively beyond its core database licenses into Oracle Applications (ERP/financials, HR, manufacturing) and grew its consulting and support businesses, so its revenue mix moved steadily toward applications and services even though database licensing remained central. Over that three‑year window the shift did not overturn the basic license-plus-maintenance model, but the company’s strategic positioning and product portfolio clearly evolved in the applications- and services-driven direction Kastner described.","false","quotations_corpus_v1","quotations_corpus","2026-06-19T20:32:56.595276+00:00"
"92","rtf-33","SH-5y","5","","Oracle hires consultant to steer sales","Computerworld","1992-06-08","“Oracle's basic business model is changing,'' said Peter Kastner, vice president of Aberdeen Group in Boston.","4","3","high","Within five years of 1992, Oracle had aggressively expanded its Oracle Applications product line and built a sizable consulting and services organization under Ray Lane, shifting emphasis beyond its core database license business[3][4]. However, through the late 1990s, software licenses and related maintenance still made up the bulk of Oracle’s revenue, so the business model evolved toward being more applications- and services-driven rather than fully transforming in that period[4]. This makes the forecast directionally strong but somewhat overstated in terms of the speed and depth of change over the five-year horizon.","41.60","true","false","","","","","","","4","3","high","P2","Within five years of 1992, Oracle had aggressively expanded its Oracle Applications product line and built a sizable consulting and services organization under Ray Lane, shifting emphasis beyond its core database license business[3][4]. However, through the late 1990s, software licenses and related maintenance still made up the bulk of Oracle’s revenue, so the business model evolved toward being more applications- and services-driven rather than fully transforming in that period[4]. This makes the forecast directionally strong but somewhat overstated in terms of the speed and depth of change over the five-year horizon.","false","quotations_corpus_v1","quotations_corpus","2026-06-19T20:32:56.595276+00:00"
"909","rtf-34","SH-3y","3","","Users leery of multiprocessing","Computerworld","1992-06-01","We now have enough other architectural and topological ways to put systems together because of networking software so that multiprocessing is no longer the only logical growth path,","5","3","high","Between 1992 and 1995, LAN-based client-server computing, powered by Novell NetWare, Microsoft Windows NT Advanced Server, and Unix TCP/IP networks, became the dominant way enterprises scaled capacity, validating networking as a major alternative to buying ever-larger SMP machines. Distributed and clustered architectures such as VAXcluster systems, network-of-workstations setups using Sun SPARCstations, and early Unix and NT application servers allowed organizations to scale horizontally across multiple networked systems instead of relying solely on symmetric or asymmetric multiprocessing. Although SMP servers from vendors like Compaq, Sun, HP, and IBM continued to grow in capability and adoption, they shared the stage with rapidly expanding network-based architectures, so multiprocessing clearly was no longer the only logical growth path within the 3-year horizon.","26.10","true","false","","","","","","","5","3","high","P2","Between 1992 and 1995, LAN-based client-server computing, powered by Novell NetWare, Microsoft Windows NT Advanced Server, and Unix TCP/IP networks, became the dominant way enterprises scaled capacity, validating networking as a major alternative to buying ever-larger SMP machines. Distributed and clustered architectures such as VAXcluster systems, network-of-workstations setups using Sun SPARCstations, and early Unix and NT application servers allowed organizations to scale horizontally across multiple networked systems instead of relying solely on symmetric or asymmetric multiprocessing. Although SMP servers from vendors like Compaq, Sun, HP, and IBM continued to grow in capability and adoption, they shared the stage with rapidly expanding network-based architectures, so multiprocessing clearly was no longer the only logical growth path within the 3-year horizon.","false","quotations_corpus_v1","quotations_corpus","2026-06-19T20:32:56.595276+00:00"
"88","rtf-34","SH-5y","5","","Users leery of multiprocessing","Computerworld","1992-06-01","“We now have enough other architectural and topological ways to put systems together because of networking software so that multiprocessing is no longer the only logical growth path,'' said Peter Kastner, vice president at Aberdeen Group, a consulting firm in Boston.","5","3","high","By the mid-1990s, enterprise computing had decisively shifted toward client-server architectures, LAN-connected PCs, and departmental servers, so scaling via networking and distributed systems was a mainstream alternative to buying bigger multiprocessor boxes. Products such as DEC VAXcluster and later Microsoft clustering, distributed databases, and web server farms all exemplified ‘scale-out’ via networks, while SMP/MPP systems continued in parallel, confirming that multiprocessing was no longer the only logical growth path. The longer arc into the 2000s and 2010s—with web-scale architectures, cloud computing, and microservices—further validated the idea that networking-based topologies became at least as important as traditional multiprocessing for growth.","35.36","true","false","","","","","","","5","3","high","P2","By the mid-1990s, enterprise computing had decisively shifted toward client-server architectures, LAN-connected PCs, and departmental servers, so scaling via networking and distributed systems was a mainstream alternative to buying bigger multiprocessor boxes. Products such as DEC VAXcluster and later Microsoft clustering, distributed databases, and web server farms all exemplified ‘scale-out’ via networks, while SMP/MPP systems continued in parallel, confirming that multiprocessing was no longer the only logical growth path. The longer arc into the 2000s and 2010s—with web-scale architectures, cloud computing, and microservices—further validated the idea that networking-based topologies became at least as important as traditional multiprocessing for growth.","false","quotations_corpus_v1","quotations_corpus","2026-06-19T20:32:56.595276+00:00"
"89","rtf-35","SH-3y","3","","DEC energizes Unix OLTP line","Computerworld","1992-06-01","DEC needs to make an offering available on Ultrix now, even though the company's strategic Unix operating system will ultimately be OSF/1, said Peter Kastner, a vice president at Aberdeen Group, a market research firm in Boston.","5","3","high","Kastner’s characterization that OSF/1 would be DEC’s strategic Unix proved accurate: DEC OSF/1 was ported to the Alpha AXP line in 1993 and positioned as the company’s flagship 64-bit Unix, while Ultrix on VAX and MIPS was effectively put into maintenance and then discontinued. By 1995, within the 3‑year horizon, DEC had rebranded OSF/1 AXP as Digital UNIX and treated it as the primary Unix platform for Alpha systems, confirming that OSF/1, not Ultrix, became DEC’s strategic Unix offering even as legacy Ultrix offerings persisted for a transitional period.","25.61","true","false","","","","","","","5","3","high","P2","Kastner’s characterization that OSF/1 would be DEC’s strategic Unix proved accurate: DEC OSF/1 was ported to the Alpha AXP line in 1993 and positioned as the company’s flagship 64-bit Unix, while Ultrix on VAX and MIPS was effectively put into maintenance and then discontinued. By 1995, within the 3‑year horizon, DEC had rebranded OSF/1 AXP as Digital UNIX and treated it as the primary Unix platform for Alpha systems, confirming that OSF/1, not Ultrix, became DEC’s strategic Unix offering even as legacy Ultrix offerings persisted for a transitional period.","false","quotations_corpus_v1","quotations_corpus","2026-06-19T20:32:56.595276+00:00"
"908","rtf-35","SH-3y","3","","DEC energizes Unix OLTP line","Computerworld","1992-06-01","It should not be difficult for DEC to do the port to Alpha once that environment is production-ready.","4","2","high","DEC delivered its 64-bit Alpha platform with DEC OSF/1 AXP (later Digital UNIX/Tru64) in production form by 1993, and most of its core system software stacks, including OpenVMS and its TP infrastructure, were ported relatively quickly and without widely reported, intractable engineering crises. The ACMS transaction processing monitor and related middleware were successfully brought onto OpenVMS Alpha, and DEC made Alpha the primary target for its strategic Unix and VMS offerings within a few years of launch. While the Unix OLTP business on Alpha never became dominant in the market, the technical task of porting DEC’s environments to Alpha did not prove unusually difficult, so the prediction about porting effort was largely borne out within the 3-year horizon.","11.54","true","false","","","","","","","4","2","high","P2","DEC delivered its 64-bit Alpha platform with DEC OSF/1 AXP (later Digital UNIX/Tru64) in production form by 1993, and most of its core system software stacks, including OpenVMS and its TP infrastructure, were ported relatively quickly and without widely reported, intractable engineering crises. The ACMS transaction processing monitor and related middleware were successfully brought onto OpenVMS Alpha, and DEC made Alpha the primary target for its strategic Unix and VMS offerings within a few years of launch. While the Unix OLTP business on Alpha never became dominant in the market, the technical task of porting DEC’s environments to Alpha did not prove unusually difficult, so the prediction about porting effort was largely borne out within the 3-year horizon.","false","quotations_corpus_v1","quotations_corpus","2026-06-19T20:32:56.595276+00:00"
"50","rtf-36","SH-3y","3","","Sun will soon detail multimedia strategy","Computerworld","1992-01-06","“Sun needs to set the stage for future products and to keep the Sun developer camp from getting restless,'' explained Peter Kastner, a vice president at the Aberdeen Group, a Boston-based market research firm.","0","3","low","The quotation is a generic strategic prescription about what Sun 'needs to' do, not a concrete, time-bounded prediction about market share, product features, or technology adoption that can be clearly verified or falsified. While Sun did introduce more multimedia-capable SPARCstations and later Java-based platforms in the mid-1990s, this does not meaningfully confirm or refute a vague claim about keeping its developer camp from getting restless within a three-year horizon. As a result, the statement is too broad and non-specific to score for prescience.","6.69","true","false","","","","","","","0","3","low","P2","The quotation is a generic strategic prescription about what Sun 'needs to' do, not a concrete, time-bounded prediction about market share, product features, or technology adoption that can be clearly verified or falsified. While Sun did introduce more multimedia-capable SPARCstations and later Java-based platforms in the mid-1990s, this does not meaningfully confirm or refute a vague claim about keeping its developer camp from getting restless within a three-year horizon. As a result, the statement is too broad and non-specific to score for prescience.","false","quotations_corpus_v1","quotations_corpus","2026-06-19T20:32:56.595276+00:00"
"902","rtf-36","SH-3y","3","","Sun will soon detail multimedia strategy","Computerworld","1992-01-06","Sun needs to set the stage for future products and to keep the Sun developer camp from getting restless,","0","3","low","The statement is a normative management judgment about what Sun 'needs' to do, not a concrete, testable prediction about future technology, products, or market outcomes. Between 1992 and 1995 Sun did roll out new SPARCstation and early UltraSPARC workstations and maintained an active Solaris and tools ecosystem, but there is no clear, falsifiable way to evaluate whether its actions specifically prevented the 'developer camp' from becoming restless or whether such restlessness would have occurred otherwise. Because the claim is too vague and counterfactual to measure against documented history, it cannot be meaningfully scored for prescience.","8.57","true","false","","","","","","","0","3","low","P2","The statement is a normative management judgment about what Sun 'needs' to do, not a concrete, testable prediction about future technology, products, or market outcomes. Between 1992 and 1995 Sun did roll out new SPARCstation and early UltraSPARC workstations and maintained an active Solaris and tools ecosystem, but there is no clear, falsifiable way to evaluate whether its actions specifically prevented the 'developer camp' from becoming restless or whether such restlessness would have occurred otherwise. Because the claim is too vague and counterfactual to measure against documented history, it cannot be meaningfully scored for prescience.","false","quotations_corpus_v1","quotations_corpus","2026-06-19T20:32:56.595276+00:00"
"901","rtf-37","SH-3y","3","","Sybase comes through with customer support","Computerworld","1991-12-02","Sybase has had a persistent problem with customer satisfaction,","0","2","low","The quotation is a backward-looking characterization of Sybase's prior customer satisfaction issues, not a forward-looking prediction about the next three years, so it does not map cleanly to a 3‑year forecast horizon. Contemporary histories note that by 1993 Sybase had dramatically expanded its customer service and support operations in response to earlier criticism, indicating the company was actively addressing those past problems rather than the problems simply continuing unchanged into the forecast window.[3] Because the statement does not clearly assert what would happen over 1991–1994, its prescience relative to a 3‑year horizon cannot be meaningfully assessed under the given rubric.","9.80","true","false","","","","","","","0","2","low","P2","The quotation is a backward-looking characterization of Sybase's prior customer satisfaction issues, not a forward-looking prediction about the next three years, so it does not map cleanly to a 3‑year forecast horizon. Contemporary histories note that by 1993 Sybase had dramatically expanded its customer service and support operations in response to earlier criticism, indicating the company was actively addressing those past problems rather than the problems simply continuing unchanged into the forecast window.[3] Because the statement does not clearly assert what would happen over 1991–1994, its prescience relative to a 3‑year horizon cannot be meaningfully assessed under the given rubric.","false","quotations_corpus_v1","quotations_corpus","2026-06-19T20:32:56.595276+00:00"
"47","rtf-38","SH-3y","2","","Unix System Labs signs on with ACE","Computerworld","1991-10-14","“ They seem to have come up with the best of both worlds,'' said Peter Kastner, vice president at Aberdeen Group, a consultancy in Boston, Mass.","1","3","low","Kastner’s comment assumes that the ACE/USL effort to run Ultrix, OSF/1, and SVR4 applications on a common platform would meaningfully standardize Unix open systems features for buyers, but the ACE consortium effectively collapsed by 1993 and never became a unifying force in the Unix market. Through the early-to-mid 1990s the “Unix wars” and fragmentation between System V, OSF/1, and vendor Unix variants persisted, with real convergence and de facto standardization only arriving later via POSIX/Single UNIX Specification and then Linux—developments largely unrelated to the specific initiative he was praising. Thus his characterization of this particular move as delivering “the best of both worlds” and long-run standardization was contradicted by what actually happened in the stated timeframe.","9.03","true","false","","","","","","","1","3","low","P2","Kastner’s comment assumes that the ACE/USL effort to run Ultrix, OSF/1, and SVR4 applications on a common platform would meaningfully standardize Unix open systems features for buyers, but the ACE consortium effectively collapsed by 1993 and never became a unifying force in the Unix market. Through the early-to-mid 1990s the “Unix wars” and fragmentation between System V, OSF/1, and vendor Unix variants persisted, with real convergence and de facto standardization only arriving later via POSIX/Single UNIX Specification and then Linux—developments largely unrelated to the specific initiative he was praising. Thus his characterization of this particular move as delivering “the best of both worlds” and long-run standardization was contradicted by what actually happened in the stated timeframe.","false","quotations_corpus_v1","quotations_corpus","2026-06-19T20:32:56.595276+00:00"
"899","rtf-38","SH-3y","3","","Unix System Labs signs on with ACE","Computerworld","1991-10-14","They seem to have come up with the best of both worlds,","1","3","low","Kastner’s optimism that the ACE UNIX environment would deliver “the best of both worlds” and standardize features across Ultrix, OSF/1, and SVR4 did not materialize within three years. The ACE consortium unraveled by the early–mid 1990s, its unified MIPS/UNIX vision never gained significant market traction, and vendors continued to pursue divergent UNIX variants such as Solaris, HP-UX, AIX, and Digital UNIX. Rather than buying benefiting from a standardized ACE UNIX, the UNIX wars and fragmentation persisted through the mid-1990s, with de facto consolidation and standardization only emerging later around POSIX/SUS and especially Linux.","13.75","true","false","","","","","","","1","3","low","P2","Kastner’s optimism that the ACE UNIX environment would deliver “the best of both worlds” and standardize features across Ultrix, OSF/1, and SVR4 did not materialize within three years. The ACE consortium unraveled by the early–mid 1990s, its unified MIPS/UNIX vision never gained significant market traction, and vendors continued to pursue divergent UNIX variants such as Solaris, HP-UX, AIX, and Digital UNIX. Rather than buying benefiting from a standardized ACE UNIX, the UNIX wars and fragmentation persisted through the mid-1990s, with de facto consolidation and standardization only emerging later around POSIX/SUS and especially Linux.","false","quotations_corpus_v1","quotations_corpus","2026-06-19T20:32:56.595276+00:00"
"900","rtf-38","SH-3y","3","","Unix System Labs signs on with ACE","Computerworld","1991-10-14","Over the long run, it will be most beneficial to buyers because it will standardize the features and functions of an open systems environment.","2","3","medium","Kastner tied buyer benefits and standardization of open-systems features to the USL/ACE Unix consolidation, but ACE rapidly lost momentum and Unix remained fragmented among multiple incompatible commercial variants (Solaris/SVR4, HP-UX, AIX, OSF/1 and others) through the early–mid 1990s, with vendors continuing to differentiate their systems. Over this period, the main convergence came instead from generic standards such as POSIX and the emerging X/Open Single UNIX Specification, which defined a common API baseline but did not fully standardize higher-level features or eliminate behavioral differences across Unix systems.[2][4] As a result, the specific initiative he was praising did not, within about three years, deliver the broad, buyer-visible standardization of open systems features that his comment implies.","15.72","true","false","","","","","","","2","3","medium","P2","Kastner tied buyer benefits and standardization of open-systems features to the USL/ACE Unix consolidation, but ACE rapidly lost momentum and Unix remained fragmented among multiple incompatible commercial variants (Solaris/SVR4, HP-UX, AIX, OSF/1 and others) through the early–mid 1990s, with vendors continuing to differentiate their systems. Over this period, the main convergence came instead from generic standards such as POSIX and the emerging X/Open Single UNIX Specification, which defined a common API baseline but did not fully standardize higher-level features or eliminate behavioral differences across Unix systems.[2][4] As a result, the specific initiative he was praising did not, within about three years, deliver the broad, buyer-visible standardization of open systems features that his comment implies.","false","quotations_corpus_v1","quotations_corpus","2026-06-19T20:32:56.595276+00:00"
"46","rtf-39","SH-3y","2","","Sun seeks Intel Unix","Computerworld","1991-09-30","“The acquisition is more than hedging Sun's bets; it will make Sun's schedule possible,'' said Peter Kastner, vice president of Aberdeen Group, a technology and market research firm in Boston.","3","2","medium","Sun’s 1991 acquisition of Interactive Systems did quickly give it a shipping Intel-based Unix (Interactive Unix) by 1992 and contributed engineering and code that underpinned Solaris for x86, which appeared in the 1992–1993 timeframe. This supports the idea that the deal was more than a hedge and materially helped Sun deliver Intel Unix on an aggressive early-1990s schedule. However, the claim is about making an internal schedule “possible,” which is hard to verify directly, and Sun’s Intel Unix line remained strategically secondary and commercially modest within a few years, so the statement cannot be scored as strongly prescient beyond the narrow scheduling dimension.","28.75","true","true","3","2","medium","Sun completed its acquisition of Interactive’s Intel/UNIX division and did ship Solaris 2.0 for SPARC around mid‑1992, but the Intel (x86) Solaris 2.x release slipped to 1993 rather than meeting the announced mid‑1992 dual‑platform schedule. The Interactive codebase and team were in fact used as the foundation of Solaris x86, so the acquisition materially enabled Sun’s ability to deliver Intel Unix at all. Kastner was directionally right that the deal was more than a hedge and important to Sun’s Intel Unix timetable, but the specific schedule claim was overly optimistic.","9.13","true","3","2","medium","P2","Sun’s 1991 acquisition of Interactive Systems did quickly give it a shipping Intel-based Unix (Interactive Unix) by 1992 and contributed engineering and code that underpinned Solaris for x86, which appeared in the 1992–1993 timeframe. This supports the idea that the deal was more than a hedge and materially helped Sun deliver Intel Unix on an aggressive early-1990s schedule. However, the claim is about making an internal schedule “possible,” which is hard to verify directly, and Sun’s Intel Unix line remained strategically secondary and commercially modest within a few years, so the statement cannot be scored as strongly prescient beyond the narrow scheduling dimension.","false","quotations_corpus_v1","quotations_corpus","2026-06-19T20:32:56.595276+00:00"
"898","rtf-39","SH-3y","3","","Sun seeks Intel Unix","Computerworld","1991-09-30","The acquisition is more than hedging Sun's bets; it will make Sun's schedule possible,","2","2","medium","Kastner’s claim tied the Interactive Systems acquisition directly to Sun meeting a specific mid‑1992 schedule for a Unix release running on both Intel and SPARC. In practice, Solaris 2.0 shipped for SPARC in mid‑1992, but the Intel/x86 version (Solaris 2.1 for x86) lagged and did not appear until late 1992 or early 1993, missing the implied synchronized mid‑1992 date. While the Interactive acquisition did contribute to Sun’s eventual Intel Unix offerings, it did not make the original schedule possible in the precise way suggested, so the prediction was mostly wrong rather than completely contradicted by events.","9.66","true","true","4","2","high","SunSoft completed the acquisition of Interactive’s Intel Unix business in 1991 and used its Intel SVR4 expertise to accelerate the Solaris port to x86. Solaris 2.0 was introduced in 1992 and Sun had a commercially packaged Solaris 2.1 for x86 available by mid-1993, only modestly later than the originally touted mid-1992 dual-platform timeframe. Within three years Sun had Solaris running on both SPARC and x86 and was shifting focus away from standalone Interactive Unix, suggesting the acquisition materially enabled, rather than merely hedged, Sun’s Intel Solaris schedule.","10.58","true","2","2","medium","P2","Kastner’s claim tied the Interactive Systems acquisition directly to Sun meeting a specific mid‑1992 schedule for a Unix release running on both Intel and SPARC. In practice, Solaris 2.0 shipped for SPARC in mid‑1992, but the Intel/x86 version (Solaris 2.1 for x86) lagged and did not appear until late 1992 or early 1993, missing the implied synchronized mid‑1992 date. While the Interactive acquisition did contribute to Sun’s eventual Intel Unix offerings, it did not make the original schedule possible in the precise way suggested, so the prediction was mostly wrong rather than completely contradicted by events.","false","quotations_corpus_v1","quotations_corpus","2026-06-19T20:32:56.595276+00:00"
"41","rtf-40","SH-3y","1","","How low can mail-order firms go? Watch'em","Computerworld","1991-08-05","I see no letup in reductions in pricing for at least another six to nine months,","5","3","high","From late 1991 through at least mid‑1992, prices for Intel 486 processors and 386/486-based PCs continued to fall as Intel repeatedly cut 486 price lists and responded to clone competition from AMD and others, with street prices for 486DX and 486SX parts dropping sharply over that period. Mail-order PC vendors such as Gateway 2000, Dell, and Zeos stayed locked in aggressive price competition in 1991–1992, using frequent catalog updates and promotions to reduce system prices rather than stabilizing or raising them. The predicted six‑to‑nine‑month window of ongoing price reductions thus did materialize, and the broader dynamic of sustained price erosion in that time frame held true.","8.30","true","false","","","","","","","5","3","high","P2","From late 1991 through at least mid‑1992, prices for Intel 486 processors and 386/486-based PCs continued to fall as Intel repeatedly cut 486 price lists and responded to clone competition from AMD and others, with street prices for 486DX and 486SX parts dropping sharply over that period. Mail-order PC vendors such as Gateway 2000, Dell, and Zeos stayed locked in aggressive price competition in 1991–1992, using frequent catalog updates and promotions to reduce system prices rather than stabilizing or raising them. The predicted six‑to‑nine‑month window of ongoing price reductions thus did materialize, and the broader dynamic of sustained price erosion in that time frame held true.","false","quotations_corpus_v1","quotations_corpus","2026-06-19T20:32:56.595276+00:00"
"42","rtf-40","SH-3y","1","","How low can mail-order firms go? Watch'em","Computerworld","1991-08-05","Kastner pointed to Intel Corp.'s slashing $300 from the price of an I486 processor and its need to compete in the 80386 market with clone chips from Advanced Micro Devices, Inc.","4","3","high","By 1991–1992, Intel had in fact implemented steep price cuts on 486 parts and introduced lower-cost variants such as the 486SX, confirming the pressure to move prices down. Over the same period, AMD’s Am386 line ramped quickly, taking a significant share of the 80386 market and forcing Intel to compete directly on both pricing and positioning in that segment. Kastner’s characterization of Intel’s need to respond to clone competition and cut flagship CPU prices was directionally accurate, though it largely described an unfolding reality rather than anticipating an unexpected shift.","9.23","true","false","","","","","","","4","3","high","P2","By 1991–1992, Intel had in fact implemented steep price cuts on 486 parts and introduced lower-cost variants such as the 486SX, confirming the pressure to move prices down. Over the same period, AMD’s Am386 line ramped quickly, taking a significant share of the 80386 market and forcing Intel to compete directly on both pricing and positioning in that segment. Kastner’s characterization of Intel’s need to respond to clone competition and cut flagship CPU prices was directionally accurate, though it largely described an unfolding reality rather than anticipating an unexpected shift.","false","quotations_corpus_v1","quotations_corpus","2026-06-19T20:32:56.595276+00:00"
"713","rtf-40","SH-3y","1","","How low can mail-order firms go? Watch'em","Computerworld","1991-08-05","a 386DX/ 25-MHz-based PC could sell for less than $1,000 before long","4","2","high","By 1992–1993, the U.S. PC price war and intense competition among mail-order vendors such as Dell, Gateway 2000, and Zeos pushed complete 386-based desktop systems, especially older 386DX/25 configurations, below the $1,000 mark (often excluding monitor). Given that 486SX systems were approaching or dipping under $1,000 in this period, it is highly likely that 386DX/25 machines crossed that threshold within roughly a year or so of the 1991 article, matching the direction and rough timing of the prediction even if exact dates and configurations are hard to pin down from surviving price lists.","33.32","true","false","","","","","","","4","2","high","P2","By 1992–1993, the U.S. PC price war and intense competition among mail-order vendors such as Dell, Gateway 2000, and Zeos pushed complete 386-based desktop systems, especially older 386DX/25 configurations, below the $1,000 mark (often excluding monitor). Given that 486SX systems were approaching or dipping under $1,000 in this period, it is highly likely that 386DX/25 machines crossed that threshold within roughly a year or so of the 1991 article, matching the direction and rough timing of the prediction even if exact dates and configurations are hard to pin down from surviving price lists.","false","quotations_corpus_v1","quotations_corpus","2026-06-19T20:32:56.595276+00:00"
"897","rtf-40","SH-3y","3","","How low can mail-order firms go? Watch'em","Computerworld","1991-08-05","I see no letup in reductions in pricing for at least another six to nine months,","5","3","high","Kastner’s short-term forecast that PC price cuts would continue for at least another 6–9 months after mid-1991 proved accurate, as Intel kept reducing 486 prices into 1992 and mail-order clone vendors used ongoing discounts to gain share. Industry coverage in 1992–1993 described a continuing PC price war with no slowdown, indicating that not only did price reductions persist through his minimum horizon, they continued well beyond it.","7.69","true","false","","","","","","","5","3","high","P2","Kastner’s short-term forecast that PC price cuts would continue for at least another 6–9 months after mid-1991 proved accurate, as Intel kept reducing 486 prices into 1992 and mail-order clone vendors used ongoing discounts to gain share. Industry coverage in 1992–1993 described a continuing PC price war with no slowdown, indicating that not only did price reductions persist through his minimum horizon, they continued well beyond it.","false","quotations_corpus_v1","quotations_corpus","2026-06-19T20:32:56.595276+00:00"
"892","rtf-42","SH-3y","3","","Vaxstation, Decstation prices to slip","Computerworld","1990-07-23","It used to be that you could anticipate workstation prices and changes on an annual basis. Now, you can't even go on vacation without a change in the market,","4","3","high","From 1990–1993, workstation vendors such as Sun, SGI, HP, IBM, and DEC engaged in rapid product refreshes and frequent price cuts, with price/performance improving so quickly that configurations were often repriced multiple times per year instead of on an annual cycle. The broader 1990s saw computer equipment prices falling sharply and product cycles shortening, confirming that hardware markets became increasingly volatile and that buyers could no longer rely on predictable, annualized pricing.","13.88","true","false","","","","","","","4","3","high","P2","From 1990–1993, workstation vendors such as Sun, SGI, HP, IBM, and DEC engaged in rapid product refreshes and frequent price cuts, with price/performance improving so quickly that configurations were often repriced multiple times per year instead of on an annual cycle. The broader 1990s saw computer equipment prices falling sharply and product cycles shortening, confirming that hardware markets became increasingly volatile and that buyers could no longer rely on predictable, annualized pricing.","false","quotations_corpus_v1","quotations_corpus","2026-06-19T20:32:56.595276+00:00"
"886","rtf-43","SH-3y","3","","HP plans line of mainframe-type tools","Computerworld","1990-05-07","punch their way out of the midrange niche.","4","3","high","Within three years of 1990, HP’s PA-RISC–based HP 9000 Series 800 and emerging T-Class servers, running HP-UX with more sophisticated systems management, were sold and marketed explicitly as mainframe-class, mission‑critical UNIX systems rather than just midrange minicomputers. HP became a leading enterprise UNIX server vendor in large corporate data centers alongside IBM and Sun, so it effectively escaped a narrow midrange niche even though IBM mainframes still dominated the very top end of the market.","11.74","true","false","","","","","","","4","3","high","P2","Within three years of 1990, HP’s PA-RISC–based HP 9000 Series 800 and emerging T-Class servers, running HP-UX with more sophisticated systems management, were sold and marketed explicitly as mainframe-class, mission‑critical UNIX systems rather than just midrange minicomputers. HP became a leading enterprise UNIX server vendor in large corporate data centers alongside IBM and Sun, so it effectively escaped a narrow midrange niche even though IBM mainframes still dominated the very top end of the market.","false","quotations_corpus_v1","quotations_corpus","2026-06-19T20:32:56.595276+00:00"
"887","rtf-43","SH-3y","3","","HP plans line of mainframe-type tools","Computerworld","1990-05-07","Labor accounts for 60% of the MIS budget,","4","3","high","By the early 1990s and well beyond, multiple TCO and IT finance studies consistently found that personnel and operations consumed the majority of IT/MIS spending, while hardware and even software represented a minority share of lifecycle costs. As computing hardware and packaged software became cheaper and more powerful through the 1990s, the relative weight of staff-intensive activities—operations, administration, help desk, and application maintenance—remained high or even grew, making a ~60% labor share a reasonable and enduring characterization even several years after 1990. The exact percentage varied by organization and year, but the core assertion that labor dominated MIS budgets held up strongly over time.","9.62","true","false","","","","","","","4","3","high","P2","By the early 1990s and well beyond, multiple TCO and IT finance studies consistently found that personnel and operations consumed the majority of IT/MIS spending, while hardware and even software represented a minority share of lifecycle costs. As computing hardware and packaged software became cheaper and more powerful through the 1990s, the relative weight of staff-intensive activities—operations, administration, help desk, and application maintenance—remained high or even grew, making a ~60% labor share a reasonable and enduring characterization even several years after 1990. The exact percentage varied by organization and year, but the core assertion that labor dominated MIS budgets held up strongly over time.","false","quotations_corpus_v1","quotations_corpus","2026-06-19T20:32:56.595276+00:00"
"885","rtf-44","SH-3y","3","","Ingres unveils graphical 4GL","Computerworld","1990-04-30","It looks like no one vendor will win the [graphical user interface] battles,","2","3","medium","Within three years of 1990, Microsoft’s Windows 3.0 (1990) and especially 3.1 (1992) had become the de facto standard GUI on Intel-based PCs, with rapidly growing corporate adoption and ISV ecosystems converging around Windows rather than a mix of competing interfaces. While Macintosh and X11-based Unix GUIs remained important in their niches and there was still visible diversity in 1993, the overall trajectory already pointed toward a single dominant vendor in the mainstream GUI “battles,” contrary to the claim that no one vendor would win. The prediction thus understated how quickly Windows would pull ahead, even in the stated short horizon, though it captured that multiple GUI environments still co-existed technically and in specific segments.","10.52","true","false","","","","","","","2","3","medium","P2","Within three years of 1990, Microsoft’s Windows 3.0 (1990) and especially 3.1 (1992) had become the de facto standard GUI on Intel-based PCs, with rapidly growing corporate adoption and ISV ecosystems converging around Windows rather than a mix of competing interfaces. While Macintosh and X11-based Unix GUIs remained important in their niches and there was still visible diversity in 1993, the overall trajectory already pointed toward a single dominant vendor in the mainstream GUI “battles,” contrary to the claim that no one vendor would win. The prediction thus understated how quickly Windows would pull ahead, even in the stated short horizon, though it captured that multiple GUI environments still co-existed technically and in specific segments.","false","quotations_corpus_v1","quotations_corpus","2026-06-19T20:32:56.595276+00:00"
"31","rtf-44","SH-5y","5","","Ingres unveils graphical 4GL","Computerworld","1990-04-30","It looks like no one vendor will win the [graphical user interface] battles,","2","3","medium","Within five years of 1990, Microsoft had effectively won the desktop GUI battle, with Windows 3.x and then Windows 95 becoming the de facto standard interface on IBM-compatible PCs, far outselling rivals like the Macintosh GUI and OS/2 Presentation Manager[2]. Although alternative GUIs such as Mac OS and X Window System environments persisted and remained important in specific niches, the market outcome by the mid-1990s was characterized by clear vendor dominance rather than a stalemate[2].","10.97","true","false","","","","","","","2","3","medium","P2","Within five years of 1990, Microsoft had effectively won the desktop GUI battle, with Windows 3.x and then Windows 95 becoming the de facto standard interface on IBM-compatible PCs, far outselling rivals like the Macintosh GUI and OS/2 Presentation Manager[2]. Although alternative GUIs such as Mac OS and X Window System environments persisted and remained important in specific niches, the market outcome by the mid-1990s was characterized by clear vendor dominance rather than a stalemate[2].","false","quotations_corpus_v1","quotations_corpus","2026-06-19T20:32:56.595276+00:00"
"23","rtf-45","SH-3y","3","","DEC challenges IBM CASE strategy","Computerworld","1989-10-09","This is a horse race, and DEC is literally lengths ahead,","2","2","medium","Kastner’s comment reflected DEC’s then-substantial installed base of VAX/VMS-centric tools and its ATIS initiative, which likely did put it ahead of IBM’s still-embryonic AD/Cycle in 1989, but that advantage did not translate into sustained leadership through the early 1990s. By roughly 1992, neither DEC nor IBM dominated the CASE market; IBM’s mainframe-oriented AD/Cycle ecosystem and third-party tools grew larger in absolute terms, while leading CASE adoption shifted toward independent vendors (for example, Texas Instruments’ IEF and other IE/4GL tools) and, shortly after, to client/server RAD and OO tools such as PowerBuilder, Visual Basic, and Rational Rose. In hindsight, portraying DEC as “lengths ahead” in a meaningful, durable sense was mostly wrong beyond the immediate snapshot of 1989 usage on DEC platforms.","11.57","true","true","2","3","medium","In late 1989 DEC did have a more complete and shipping suite of CASE tools (e.g., Decdesign, CDD/Plus, VAXset) and a real installed base, while IBM’s AD/Cycle was still largely announced but undelivered, so the snapshot claim of being ahead at that moment had some truth. However, over the next three years neither DEC nor IBM emerged as a clear winner in CASE: repository standards like ATIS did not take hold, the market fragmented toward specialist vendors and emerging IDEs, and DEC’s broader business began to weaken, culminating in major restructuring and an eventual sale later in the decade. Given that DEC’s apparent lead in 1989 did not translate into durable advantage or recognized leadership even by the early 1990s, the characterization of being “lengths ahead” does not hold up well when judged over the stated three-year horizon.","26.17","true","2","3","medium","P1_tiebreak","In late 1989 DEC did have a more complete and shipping suite of CASE tools (e.g., Decdesign, CDD/Plus, VAXset) and a real installed base, while IBM’s AD/Cycle was still largely announced but undelivered, so the snapshot claim of being ahead at that moment had some truth. However, over the next three years neither DEC nor IBM emerged as a clear winner in CASE: repository standards like ATIS did not take hold, the market fragmented toward specialist vendors and emerging IDEs, and DEC’s broader business began to weaken, culminating in major restructuring and an eventual sale later in the decade. Given that DEC’s apparent lead in 1989 did not translate into durable advantage or recognized leadership even by the early 1990s, the characterization of being “lengths ahead” does not hold up well when judged over the stated three-year horizon.","false","quotations_corpus_v1","quotations_corpus","2026-06-19T20:32:56.595276+00:00"
"877","rtf-45","SH-3y","3","","DEC challenges IBM CASE strategy","Computerworld","1989-10-09","This is a horse race, and DEC is literally lengths ahead,","2","2","medium","Within three years of 1989, Digital Equipment’s CASE toolset (e.g., DECset and related VAX/VMS development tools) never emerged as the clear market leader over IBM’s AD/Cycle or IBM’s broader mainframe-oriented application development ecosystem, which continued to dominate large enterprises. Over the early 1990s, the CASE market fragmented and leadership attention shifted to specialized CASE vendors and then to client/server and PC-based tools, while DEC entered a period of financial crisis and retrenchment that prevented it from capitalizing on any transient lead in installed CASE users. In retrospect, describing DEC as “literally lengths ahead” of IBM in this “horse race” overstates its sustained advantage and is mostly contradicted by how the CASE and enterprise development tool markets evolved by the early to mid-1990s.","55.99","true","true","3","2","medium","Kastner was correct that in 1989 Digital had a relatively mature, shipping CASE environment (VAXset, CDD/Plus, Decdesign) with a sizable installed base, while IBM’s AD/Cycle was still largely a roadmap with key components not due until the early 1990s, so DEC did enjoy a short-term lead in practical deployments. Over the subsequent three years, however, neither vendor’s grand CASE framework became dominant: the broader CASE market fragmented, PC‑ and client/server‑oriented tools and 4GLs gained traction, and Digital’s own business deteriorated in the early 1990s, undermining any notion of a sustained multi‑length lead over IBM. In hindsight, the statement captures DEC’s momentary advantage but overstates the lasting strategic significance of that lead, making it only partially borne out by events.","32.14","true","2","2","medium","P2","Within three years of 1989, Digital Equipment’s CASE toolset (e.g., DECset and related VAX/VMS development tools) never emerged as the clear market leader over IBM’s AD/Cycle or IBM’s broader mainframe-oriented application development ecosystem, which continued to dominate large enterprises. Over the early 1990s, the CASE market fragmented and leadership attention shifted to specialized CASE vendors and then to client/server and PC-based tools, while DEC entered a period of financial crisis and retrenchment that prevented it from capitalizing on any transient lead in installed CASE users. In retrospect, describing DEC as “literally lengths ahead” of IBM in this “horse race” overstates its sustained advantage and is mostly contradicted by how the CASE and enterprise development tool markets evolved by the early to mid-1990s.","false","quotations_corpus_v1","quotations_corpus","2026-06-19T20:32:56.595276+00:00"
"878","rtf-46","SH-3y","3","","IBM eyes service bounty with new AS/400 support options","Computerworld","1989-10-09","The bigger context is that the things you used to get for free when you bought a mainframe 20 years ago you are now paying for,","4","3","high","Kastner’s remark captures the shift from bundled mainframe-era practices to the unbundled, fee-based model for software, maintenance, networking, and disaster-recovery services that solidified in the late 1980s and early 1990s. By the early 1990s, IBM and its peers were consistently selling support, DR services, networking assistance, and software licenses as distinct revenue lines rather than as ‘free’ add-ons to hardware, and IBM’s services business (which evolved into IBM Global Services) became a central growth area. The statement is more an accurate characterization of an emerging structural change than a risky forecast, but the economic pattern it describes clearly dominated the following years.","10.99","true","false","","","","","","","4","3","high","P2","Kastner’s remark captures the shift from bundled mainframe-era practices to the unbundled, fee-based model for software, maintenance, networking, and disaster-recovery services that solidified in the late 1980s and early 1990s. By the early 1990s, IBM and its peers were consistently selling support, DR services, networking assistance, and software licenses as distinct revenue lines rather than as ‘free’ add-ons to hardware, and IBM’s services business (which evolved into IBM Global Services) became a central growth area. The statement is more an accurate characterization of an emerging structural change than a risky forecast, but the economic pattern it describes clearly dominated the following years.","false","quotations_corpus_v1","quotations_corpus","2026-06-19T20:32:56.595276+00:00"
"879","rtf-47","SH-3y","3","","SQL Server update boasts openness","Computerworld","1989-10-09","Sybase is not alone in trying to push the market in the necessary direction,","0","3","low","The statement is essentially descriptive, noting that Sybase was not the only vendor pushing toward more open client/server database interfaces, at a time when Sybase was introducing its Open Client/Server Interfaces for interoperability in 1989.[3][6] Subsequent developments like Sybase Open Server and related integration products in the early 1990s show the broader industry move toward multi-database integration and open access, but this trend was already underway rather than being forecast by the quote itself.[2][4] Because the quote does not make a clear, falsifiable prediction about what would happen over the next three years, it is too vague to meaningfully score for prescience and is best treated as a contemporaneous observation rather than a forecast.","12.90","true","false","","","","","","","0","3","low","P2","The statement is essentially descriptive, noting that Sybase was not the only vendor pushing toward more open client/server database interfaces, at a time when Sybase was introducing its Open Client/Server Interfaces for interoperability in 1989.[3][6] Subsequent developments like Sybase Open Server and related integration products in the early 1990s show the broader industry move toward multi-database integration and open access, but this trend was already underway rather than being forecast by the quote itself.[2][4] Because the quote does not make a clear, falsifiable prediction about what would happen over the next three years, it is too vague to meaningfully score for prescience and is best treated as a contemporaneous observation rather than a forecast.","false","quotations_corpus_v1","quotations_corpus","2026-06-19T20:32:56.595276+00:00"
"880","rtf-47","SH-3y","3","","SQL Server update boasts openness","Computerworld","1989-10-09","This is an area that calls for a peace conference.","0","3","low","The statement is essentially a normative comment that vendors *should* hold a 'peace conference' to cooperate, not a concrete prediction about what *would* happen over the following three years. In reality, the early 1990s did see partial standardization efforts around SQL (e.g., SQL-89 and work toward SQL-92) and cross-vendor access mechanisms like ODBC, but the major database vendors (Oracle, Sybase, IBM, Microsoft) remained locked in intense competition with proprietary features and no real truce. Because the quote does not make a specific, time-bound forecast and instead expresses a desired state, it cannot be meaningfully scored for prescience against the 3‑year horizon.","7.32","true","false","","","","","","","0","3","low","P2","The statement is essentially a normative comment that vendors *should* hold a 'peace conference' to cooperate, not a concrete prediction about what *would* happen over the following three years. In reality, the early 1990s did see partial standardization efforts around SQL (e.g., SQL-89 and work toward SQL-92) and cross-vendor access mechanisms like ODBC, but the major database vendors (Oracle, Sybase, IBM, Microsoft) remained locked in intense competition with proprietary features and no real truce. Because the quote does not make a specific, time-bound forecast and instead expresses a desired state, it cannot be meaningfully scored for prescience against the 3‑year horizon.","false","quotations_corpus_v1","quotations_corpus","2026-06-19T20:32:56.595276+00:00"
"26","rtf-47","SH-5y","5","","SQL Server update boasts openness","Computerworld","1989-10-09","This is an area that calls for a peace conference.","0","3","low","The quoted line is a metaphorical, normative comment about the need for vendor cooperation, not a concrete, time-bounded prediction about specific technologies, market shares, or standards. In the ensuing years, relational database vendors both competed aggressively and cooperated around SQL and related standards as products like Microsoft SQL Server evolved, but this mixed reality does not clearly confirm or contradict a vague call for a ""peace conference.""[6]","13.26","true","false","","","","","","","0","3","low","P2","The quoted line is a metaphorical, normative comment about the need for vendor cooperation, not a concrete, time-bounded prediction about specific technologies, market shares, or standards. In the ensuing years, relational database vendors both competed aggressively and cooperated around SQL and related standards as products like Microsoft SQL Server evolved, but this mixed reality does not clearly confirm or contradict a vague call for a ""peace conference.""[6]","false","quotations_corpus_v1","quotations_corpus","2026-06-19T20:32:56.595276+00:00"
"870","rtf-48","SH-3y","3","","MSA announces EIS starter kit at a 'smart' price","Computerworld","1989-06-19","The number of companies using executive workstations are few and far between.","4","3","high","In 1989, dedicated executive information systems and executive workstations from vendors such as Comshare, Pilot, and others were indeed niche, typically deployed only in a limited number of large enterprises rather than broadly across the market. Over the subsequent three years, adoption of specialized executive workstations remained limited as most organizations favored standard PCs, spreadsheets, and emerging client–server decision-support tools, and the classic EIS/executive workstation concept never achieved wide penetration. This makes Kastner’s characterization of their rarity directionally and substantively accurate for the 3-year horizon, even though it was primarily a description of the then-current state rather than a strong forward-looking prediction.","7.73","true","false","","","","","","","4","3","high","P2","In 1989, dedicated executive information systems and executive workstations from vendors such as Comshare, Pilot, and others were indeed niche, typically deployed only in a limited number of large enterprises rather than broadly across the market. Over the subsequent three years, adoption of specialized executive workstations remained limited as most organizations favored standard PCs, spreadsheets, and emerging client–server decision-support tools, and the classic EIS/executive workstation concept never achieved wide penetration. This makes Kastner’s characterization of their rarity directionally and substantively accurate for the 3-year horizon, even though it was primarily a description of the then-current state rather than a strong forward-looking prediction.","false","quotations_corpus_v1","quotations_corpus","2026-06-19T20:32:56.595276+00:00"
"865","rtf-49","SH-3y","3","","Unisys U series casts shadow in Unix arena","Computerworld","1989-02-27","Unisys has quietly become a formidable player in the Unix market through its OEM strategy,","1","3","low","Between 1989 and roughly 1992, the commercial Unix market was dominated by Sun (SPARC/SunOS/Solaris), HP (HP-UX), IBM (RS/6000 with AIX), and DEC, while Unisys’ OEM-based U-series/U6000 Unix systems remained niche and rarely appeared as leading platforms in market-share or mindshare analyses. Unisys spent this period struggling with heavy losses, layoffs, and restructurings and ultimately refocused on its mainframe base and services rather than emerging as a sustained, top-tier Unix vendor, so the characterization of it as a “formidable player in the Unix market” did not hold up over the three-year horizon.","10.01","true","false","","","","","","","1","3","low","P2","Between 1989 and roughly 1992, the commercial Unix market was dominated by Sun (SPARC/SunOS/Solaris), HP (HP-UX), IBM (RS/6000 with AIX), and DEC, while Unisys’ OEM-based U-series/U6000 Unix systems remained niche and rarely appeared as leading platforms in market-share or mindshare analyses. Unisys spent this period struggling with heavy losses, layoffs, and restructurings and ultimately refocused on its mainframe base and services rather than emerging as a sustained, top-tier Unix vendor, so the characterization of it as a “formidable player in the Unix market” did not hold up over the three-year horizon.","false","quotations_corpus_v1","quotations_corpus","2026-06-19T20:32:56.595276+00:00"
"866","rtf-49","SH-3y","3","","Unisys U series casts shadow in Unix arena","Computerworld","1989-02-27","They can now address anybody's requirements at a competitive price.","2","2","medium","Although Unisys did expand its Unix-based U series and distributed systems line around 1989, it did not become a leading Unix supplier able to meet “anybody’s requirements” across the rapidly growing workstation and server market. By the early 1990s, Sun, HP, IBM, and DEC dominated commercial Unix, while Unisys remained better known for proprietary A-series and 2200 mainframes and soon began pivoting toward services rather than competing head‑to‑head on broad, price‑competitive Unix hardware. Within roughly three years, Unisys’ Unix offerings were niche rather than broadly competitive across the market segments implied by the claim.","8.41","true","true","2","2","medium","The quote implies that by 1989 Unisys’ Unix line could meet virtually any customer requirement at competitive prices, but over the next few years Unisys remained a second-tier Unix supplier behind Sun, HP, IBM and DEC and never became a broadly dominant commercial Unix vendor. While OEM deals like the Sequent-based U6000 systems gave Unisys a reasonably full product range on paper, its severe financial troubles and lack of a strong RISC/Unix strategy meant it did not achieve broad market coverage or sustained price competitiveness in the key growth segments by the early 1990s. Thus, the claim captured some short-term portfolio breadth but overstated Unisys’ actual competitive position even within the three‑year horizon.","26.05","true","2","2","medium","P2","Although Unisys did expand its Unix-based U series and distributed systems line around 1989, it did not become a leading Unix supplier able to meet “anybody’s requirements” across the rapidly growing workstation and server market. By the early 1990s, Sun, HP, IBM, and DEC dominated commercial Unix, while Unisys remained better known for proprietary A-series and 2200 mainframes and soon began pivoting toward services rather than competing head‑to‑head on broad, price‑competitive Unix hardware. Within roughly three years, Unisys’ Unix offerings were niche rather than broadly competitive across the market segments implied by the claim.","false","quotations_corpus_v1","quotations_corpus","2026-06-19T20:32:56.595276+00:00"
"998","rtf-5","SH-3y","3","","DEC brings database tool to midsize boxes","Computerworld","1995-12-18","I can have a network of 2100s, with part of that memory being used for [on-line transaction processing] and part being used for replication,","3","2","medium","Within three years, clustering networks of midrange servers like DEC AlphaServer 2100s for OLTP and database replication was entirely feasible and aligned with products such as Oracle Parallel Server and Informix’s parallel database offerings, which used multiple nodes and substantial RAM for transaction processing and caching. However, OLTP and replication continued to rely heavily on disk-based logging and storage, and DEC’s Alpha/2100 ecosystem remained relatively niche and short‑lived compared with the broader industry move toward larger SMP Unix/NT boxes and, later, commodity x86 clusters, so the specific efficiency gains and architectural centrality implied for 2100-based memory-centric replication did not become broadly decisive.","31.96","true","true","3","2","medium","Within three years, it was technically feasible to network multiple midrange Unix servers and use main memory both for OLTP workloads and for replication/parallel database functions, as seen in products like Oracle Parallel Server and Sybase Replication Server on clustered systems. However, DEC’s specific Alpha 2100/VLM configuration never became a widely adopted or trend-setting platform for this pattern, and the company was acquired by Compaq in 1998 as the market shifted toward commodity Unix and Windows server clusters instead. The quote correctly anticipates the architectural use of memory and clustering, but only in a limited, platform-specific way rather than defining a broader industry trajectory in that time frame.","28.11","true","3","2","medium","P2","Within three years, clustering networks of midrange servers like DEC AlphaServer 2100s for OLTP and database replication was entirely feasible and aligned with products such as Oracle Parallel Server and Informix’s parallel database offerings, which used multiple nodes and substantial RAM for transaction processing and caching. However, OLTP and replication continued to rely heavily on disk-based logging and storage, and DEC’s Alpha/2100 ecosystem remained relatively niche and short‑lived compared with the broader industry move toward larger SMP Unix/NT boxes and, later, commodity x86 clusters, so the specific efficiency gains and architectural centrality implied for 2100-based memory-centric replication did not become broadly decisive.","false","quotations_corpus_v1","quotations_corpus","2026-06-19T20:32:56.595276+00:00"
"999","rtf-5","SH-3y","3","","DEC brings database tool to midsize boxes","Computerworld","1995-12-18","And because I'm not using up the disk drives I'm freeing up resources.","0","3","low","The quoted sentence is a local, immediate observation about a specific DEC Alpha/VLM deployment using memory instead of disk I/O, not a forward-looking claim about broader industry direction or future adoption. It describes a tautological short-term configuration benefit (less disk use frees disk resources) that does not map to a testable 3-year forecast about enterprise IT trends between 1995 and 1998. As such, it cannot be meaningfully scored for prescience in the historical, industry-wide sense.","12.84","true","false","","","","","","","0","3","low","P2","The quoted sentence is a local, immediate observation about a specific DEC Alpha/VLM deployment using memory instead of disk I/O, not a forward-looking claim about broader industry direction or future adoption. It describes a tautological short-term configuration benefit (less disk use frees disk resources) that does not map to a testable 3-year forecast about enterprise IT trends between 1995 and 1998. As such, it cannot be meaningfully scored for prescience in the historical, industry-wide sense.","false","quotations_corpus_v1","quotations_corpus","2026-06-19T20:32:56.595276+00:00"
"859","rtf-50","SH-3y","3","","IBM seen rushing out high-end AS/400 CPU","Computerworld","1989-02-20","IBM doesn't react to DEC,","0","1","low","The quotation is about IBM’s internal motivation for specific AS/400 pricing and performance moves, claiming they were driven by customers rather than by Digital Equipment Corporation, which is not something that is externally documented in a reliable, falsifiable way. While IBM and DEC clearly competed in the minicomputer and midrange markets around 1988–1992, available public history does not provide enough evidence to determine whether this particular AS/400 action was or was not a reaction to DEC, so the claim’s accuracy cannot be meaningfully assessed.","9.21","true","false","","","","","","","0","1","low","P2","The quotation is about IBM’s internal motivation for specific AS/400 pricing and performance moves, claiming they were driven by customers rather than by Digital Equipment Corporation, which is not something that is externally documented in a reliable, falsifiable way. While IBM and DEC clearly competed in the minicomputer and midrange markets around 1988–1992, available public history does not provide enough evidence to determine whether this particular AS/400 action was or was not a reaction to DEC, so the claim’s accuracy cannot be meaningfully assessed.","false","quotations_corpus_v1","quotations_corpus","2026-06-19T20:32:56.595276+00:00"
"860","rtf-50","SH-3y","3","","IBM seen rushing out high-end AS/400 CPU","Computerworld","1989-02-20","Our guess is the customer base forced them to do this. The AS/400 is their pride and joy, and they don't want anything to hurt that reputation.","4","2","high","From 1989–1992 IBM treated the AS/400 as its strategic midrange centerpiece, rapidly rolling out new models, performance enhancements, and price cuts to address early capacity and cost concerns and keep its installed base satisfied. The platform’s reputation remained strong in this period, with high customer loyalty and growing adoption in core business workloads, suggesting IBM did act aggressively to protect the AS/400’s standing. While it is hard to prove that customer pressure was the sole driver versus competition and normal price declines, the general characterization of IBM’s motives and behavior toward the AS/400 line over the next few years was directionally accurate.","9.59","true","false","","","","","","","4","2","high","P2","From 1989–1992 IBM treated the AS/400 as its strategic midrange centerpiece, rapidly rolling out new models, performance enhancements, and price cuts to address early capacity and cost concerns and keep its installed base satisfied. The platform’s reputation remained strong in this period, with high customer loyalty and growing adoption in core business workloads, suggesting IBM did act aggressively to protect the AS/400’s standing. While it is hard to prove that customer pressure was the sole driver versus competition and normal price declines, the general characterization of IBM’s motives and behavior toward the AS/400 line over the next few years was directionally accurate.","false","quotations_corpus_v1","quotations_corpus","2026-06-19T20:32:56.595276+00:00"
"895","rtf-52","SH-3y","3","","IBM, Intel, Dell announce benchmark group formation","Computerworld","1991-07-22","by putting pressure on the suppliers to bring their benchmarks up to snuff.","4","3","high","Within three years of 1991, benchmark consortia like BAPCo (with SYSmark 92/94) and established suites such as SPECint92/SPECfp92 and TPC-C were widely used to compare systems and CPUs, and vendors actively competed to improve their published scores. OEMs and chip suppliers tuned hardware configurations, compilers, and system designs specifically to raise benchmark results, and marketing material prominently featured these scores, so benchmarks did in fact exert pressure on suppliers to be ""up to snuff,"" even if that effect was somewhat obvious in retrospect.","28.65","true","false","","","","","","","4","3","high","P2","Within three years of 1991, benchmark consortia like BAPCo (with SYSmark 92/94) and established suites such as SPECint92/SPECfp92 and TPC-C were widely used to compare systems and CPUs, and vendors actively competed to improve their published scores. OEMs and chip suppliers tuned hardware configurations, compilers, and system designs specifically to raise benchmark results, and marketing material prominently featured these scores, so benchmarks did in fact exert pressure on suppliers to be ""up to snuff,"" even if that effect was somewhat obvious in retrospect.","false","quotations_corpus_v1","quotations_corpus","2026-06-19T20:32:56.595276+00:00"
"874","rtf-53","SH-3y","3","","PRODUCT SPOTLIGHT; The DEC market","Computerworld","1989-08-28","DEC can already claim they have [transparent computing] from the desk to the data center. SAA won't have that for many years,","4","3","high","From 1989 through the early 1990s, DEC’s tightly integrated VAX/VMS, DECnet, terminal servers, and DECwindows stack did provide a comparatively cohesive “desk to data center” environment within DEC-centric shops, especially relative to most multivendor or IBM PC/mainframe combinations of the time. IBM’s SAA vision, centered on common interfaces and Presentation Manager across MVS, AS/400, and OS/2, remained slow, complex, and only partially realized by the 1992 timeframe, and never delivered the seamless transparency originally promised, so the claim that SAA would lag for many years was directionally accurate. The forecast overstates DEC’s long-term strategic advantage, since both DEC’s NAS/DECwindows and IBM’s SAA were soon overshadowed by Windows, TCP/IP networking, and web-centric client/server models, but that played out beyond the stated three‑year horizon.","14.00","true","false","","","","","","","4","3","high","P2","From 1989 through the early 1990s, DEC’s tightly integrated VAX/VMS, DECnet, terminal servers, and DECwindows stack did provide a comparatively cohesive “desk to data center” environment within DEC-centric shops, especially relative to most multivendor or IBM PC/mainframe combinations of the time. IBM’s SAA vision, centered on common interfaces and Presentation Manager across MVS, AS/400, and OS/2, remained slow, complex, and only partially realized by the 1992 timeframe, and never delivered the seamless transparency originally promised, so the claim that SAA would lag for many years was directionally accurate. The forecast overstates DEC’s long-term strategic advantage, since both DEC’s NAS/DECwindows and IBM’s SAA were soon overshadowed by Windows, TCP/IP networking, and web-centric client/server models, but that played out beyond the stated three‑year horizon.","false","quotations_corpus_v1","quotations_corpus","2026-06-19T20:32:56.595276+00:00"
"875","rtf-53","SH-3y","3","","PRODUCT SPOTLIGHT; The DEC market","Computerworld","1989-08-28","IBM is still trying to plug IBM stuff together.","4","3","high","From 1989 to roughly 1992, IBM’s flagship integration effort, Systems Application Architecture (SAA), remained almost entirely focused on unifying IBM’s own platforms such as MVS, AS/400, and OS/2 rather than embracing true multivendor interoperability. Over this period IBM continued to push proprietary technologies like SNA networking and OS/2/PS/2 integration, while industry momentum in open, multivendor environments centered on UNIX, X11/Motif, and TCP/IP stacks where IBM was more of a follower, so the quip that IBM was still trying mainly to plug IBM components together remained an accurate characterization over the three‑year horizon.","11.89","true","false","","","","","","","4","3","high","P2","From 1989 to roughly 1992, IBM’s flagship integration effort, Systems Application Architecture (SAA), remained almost entirely focused on unifying IBM’s own platforms such as MVS, AS/400, and OS/2 rather than embracing true multivendor interoperability. Over this period IBM continued to push proprietary technologies like SNA networking and OS/2/PS/2 integration, while industry momentum in open, multivendor environments centered on UNIX, X11/Motif, and TCP/IP stacks where IBM was more of a follower, so the quip that IBM was still trying mainly to plug IBM components together remained an accurate characterization over the three‑year horizon.","false","quotations_corpus_v1","quotations_corpus","2026-06-19T20:32:56.595276+00:00"
"876","rtf-53","SH-3y","3","","PRODUCT SPOTLIGHT; The DEC market","Computerworld","1989-08-28","Coding to a graphical interface borders on rocket science. It is very difficult and time-consuming,","4","3","high","From 1989 to roughly 1992, building graphical applications for environments like OS/2 Presentation Manager, Microsoft Windows (2.x/3.0), and X11/Motif on Unix remained complex, requiring low-level C programming, manual event-loop handling, and careful memory management. GUI development was still specialized and time-consuming compared with character-based or batch applications, which validated concerns that developers had to be cautious about committing scarce resources to specific GUI platforms. Although early RAD tools such as Visual Basic appeared by 1991 and started to lower the barrier, they did not yet make enterprise-grade cross-platform GUI work simple within the three-year horizon.","11.26","true","false","","","","","","","4","3","high","P2","From 1989 to roughly 1992, building graphical applications for environments like OS/2 Presentation Manager, Microsoft Windows (2.x/3.0), and X11/Motif on Unix remained complex, requiring low-level C programming, manual event-loop handling, and careful memory management. GUI development was still specialized and time-consuming compared with character-based or batch applications, which validated concerns that developers had to be cautious about committing scarce resources to specific GUI platforms. Although early RAD tools such as Visual Basic appeared by 1991 and started to lower the barrier, they did not yet make enterprise-grade cross-platform GUI work simple within the three-year horizon.","false","quotations_corpus_v1","quotations_corpus","2026-06-19T20:32:56.595276+00:00"
"863","rtf-54","SH-3y","3","","RDBMS show they can pull OLTP weight","Computerworld","1989-02-27","the flexibility of the relational model and a lot of overhead,","5","3","high","Kastner’s remark describes early relational DBMS implementations as offering strong model flexibility but incurring significant overhead, especially in their initial decision-support–oriented incarnations; this aligns with well-documented history that first-generation systems such as IBM’s System R and early Ingres/Oracle prototypes traded performance for the relational abstraction and SQL portability.[1][3] By the late 1980s and into the early 1990s (within the 3‑year horizon), major vendors (Oracle, IBM DB2, Informix, Sybase) were explicitly focused on adding query optimizers, indexing strategies, and other ‘go‑fast tricks’ to reduce this overhead and make RDBMS viable for high-throughput OLTP, implicitly confirming that early systems had indeed been flexible but comparatively heavy and slow.[2][5] This retrospective characterization of early RDBMS behavior remained consistent with how database history was summarized in technical and historical accounts through the 2000s and 2010s, so it held up over time rather than being contradicted by later evidence.[1][6]","7.20","true","false","","","","","","","5","3","high","P2","Kastner’s remark describes early relational DBMS implementations as offering strong model flexibility but incurring significant overhead, especially in their initial decision-support–oriented incarnations; this aligns with well-documented history that first-generation systems such as IBM’s System R and early Ingres/Oracle prototypes traded performance for the relational abstraction and SQL portability.[1][3] By the late 1980s and into the early 1990s (within the 3‑year horizon), major vendors (Oracle, IBM DB2, Informix, Sybase) were explicitly focused on adding query optimizers, indexing strategies, and other ‘go‑fast tricks’ to reduce this overhead and make RDBMS viable for high-throughput OLTP, implicitly confirming that early systems had indeed been flexible but comparatively heavy and slow.[2][5] This retrospective characterization of early RDBMS behavior remained consistent with how database history was summarized in technical and historical accounts through the 2000s and 2010s, so it held up over time rather than being contradicted by later evidence.[1][6]","false","quotations_corpus_v1","quotations_corpus","2026-06-19T20:32:56.595276+00:00"
"864","rtf-54","SH-3y","3","","RDBMS show they can pull OLTP weight","Computerworld","1989-02-27","Users have to be concerned with developing systems that make money for the business,","0","3","low","The quotation is a generic, normative business truism—that users should focus on systems that make money—rather than a concrete, falsifiable prediction about RDBMS or OLTP within the 3-year horizon. From 1989–1992, enterprise IT decision-making certainly increasingly emphasized business value, but this was already a longstanding management principle and not a specific, testable forecast. Because the claim would appear equally valid in almost any era and does not describe a distinct trend, it cannot be meaningfully scored for prescience.","6.00","true","false","","","","","","","0","3","low","P2","The quotation is a generic, normative business truism—that users should focus on systems that make money—rather than a concrete, falsifiable prediction about RDBMS or OLTP within the 3-year horizon. From 1989–1992, enterprise IT decision-making certainly increasingly emphasized business value, but this was already a longstanding management principle and not a specific, testable forecast. Because the claim would appear equally valid in almost any era and does not describe a distinct trend, it cannot be meaningfully scored for prescience.","false","quotations_corpus_v1","quotations_corpus","2026-06-19T20:32:56.595276+00:00"
"896","rtf-55","SH-3y","3","","Sybase Serves up a new SQL","Computerworld","1991-07-22","did not share the CPU graciously with competing batch jobs or other applications. It did best when you threw the whole machine at it.","4","3","high","Kastner’s characterization that Sybase SQL Server performed best when it had the whole machine largely held over the next several years, as client/server OLTP deployments typically ran Sybase on dedicated VAX and Unix servers rather than sharing them heavily with batch or miscellaneous applications. Sybase SQL Server 4.8 (1992) and then System 10 (mid‑1990s) added SMP support and better scalability, but the ASE engine architecture continued to be CPU‑intensive, with engines effectively pinning CPUs and best‑practice guidance still favoring machines primarily dedicated to the database workload rather than general mixed use. This makes his comment more an enduring description of how Sybase was actually used through the early to mid‑1990s than a transient quirk that was quickly engineered away.","13.74","true","false","","","","","","","4","3","high","P2","Kastner’s characterization that Sybase SQL Server performed best when it had the whole machine largely held over the next several years, as client/server OLTP deployments typically ran Sybase on dedicated VAX and Unix servers rather than sharing them heavily with batch or miscellaneous applications. Sybase SQL Server 4.8 (1992) and then System 10 (mid‑1990s) added SMP support and better scalability, but the ASE engine architecture continued to be CPU‑intensive, with engines effectively pinning CPUs and best‑practice guidance still favoring machines primarily dedicated to the database workload rather than general mixed use. This makes his comment more an enduring description of how Sybase was actually used through the early to mid‑1990s than a transient quirk that was quickly engineered away.","false","quotations_corpus_v1","quotations_corpus","2026-06-19T20:32:56.595276+00:00"
"17","rtf-56","LH","10","","Tesseract, Walker to be financial software allies","Computerworld","1989-07-24","We are projecting a further consolidation of hardware vendors in the industry,","4","3","high","From 1989 through the late 1990s the enterprise hardware market did in fact consolidate significantly, with major 1980s vendors like Digital Equipment Corporation, Data General, and Tandem either acquired or disappearing as independents (DEC to Compaq in 1998, Data General to EMC in 1999, Tandem to Compaq in 1997). Over roughly the 10‑year horizon, server and systems hardware clustered around a smaller set of large vendors such as IBM, HP, Compaq, and Sun, while many minicomputer and workstation players exited, matching the prediction of further consolidation. The call was directionally accurate and well-aligned with what happened, but it echoed an already-visible trend rather than a uniquely specific or bold forecast, so it is scored as largely rather than remarkably prescient.","24.18","true","false","","","","","","","4","3","high","P2","From 1989 through the late 1990s the enterprise hardware market did in fact consolidate significantly, with major 1980s vendors like Digital Equipment Corporation, Data General, and Tandem either acquired or disappearing as independents (DEC to Compaq in 1998, Data General to EMC in 1999, Tandem to Compaq in 1997). Over roughly the 10‑year horizon, server and systems hardware clustered around a smaller set of large vendors such as IBM, HP, Compaq, and Sun, while many minicomputer and workstation players exited, matching the prediction of further consolidation. The call was directionally accurate and well-aligned with what happened, but it echoed an already-visible trend rather than a uniquely specific or bold forecast, so it is scored as largely rather than remarkably prescient.","false","quotations_corpus_v1","quotations_corpus","2026-06-19T20:32:56.595276+00:00"
"18","rtf-56","LH","10","","Tesseract, Walker to be financial software allies","Computerworld","1989-07-24","and you will see it on the software side as well.","4","2","high","Kastner’s broad prediction that consolidation among hardware vendors would be mirrored on the software side largely came true over the following decade, especially in enterprise and mainframe-oriented software. The 1990s saw major roll‑ups in systems and application software—Oracle, SAP, CA, BMC, and others acquired many smaller vendors, and database/middleware markets coalesced around a few large suppliers, reducing the number of independent “software houses” serving big‑iron corporate environments. However, the same period also saw a proliferation of new software firms in client‑server, PC, and Internet segments, so consolidation was strong in the DB2/mainframe and large‑enterprise tier but not across all software generally.","10.42","true","false","","","","","","","4","2","high","P2","Kastner’s broad prediction that consolidation among hardware vendors would be mirrored on the software side largely came true over the following decade, especially in enterprise and mainframe-oriented software. The 1990s saw major roll‑ups in systems and application software—Oracle, SAP, CA, BMC, and others acquired many smaller vendors, and database/middleware markets coalesced around a few large suppliers, reducing the number of independent “software houses” serving big‑iron corporate environments. However, the same period also saw a proliferation of new software firms in client‑server, PC, and Internet segments, so consolidation was strong in the DB2/mainframe and large‑enterprise tier but not across all software generally.","false","quotations_corpus_v1","quotations_corpus","2026-06-19T20:32:56.595276+00:00"
"871","rtf-56","SH-3y","3","","Tesseract, Walker to be financial software allies","Computerworld","1989-07-24","We are projecting a further consolidation of hardware vendors in the industry,","4","3","high","From 1989 to roughly 1992, the computer hardware market did see continued consolidation, with vendors merging or exiting under pressure from standardized Unix servers, IBM mainframes, and the growing Wintel ecosystem. Examples include large-system and workstation vendors being acquired or merged (such as the HP–Apollo and Siemens–Nixdorf combinations) and several minicomputer and workstation specialists retrenching or disappearing, so the directional call on further hardware vendor consolidation was broadly correct over the stated horizon. The prediction was not especially contrarian or specific, but the industry structure did evolve in the way implied, with fewer, larger hardware suppliers dominating Fortune 1000 accounts by the early 1990s.","12.57","true","false","","","","","","","4","3","high","P2","From 1989 to roughly 1992, the computer hardware market did see continued consolidation, with vendors merging or exiting under pressure from standardized Unix servers, IBM mainframes, and the growing Wintel ecosystem. Examples include large-system and workstation vendors being acquired or merged (such as the HP–Apollo and Siemens–Nixdorf combinations) and several minicomputer and workstation specialists retrenching or disappearing, so the directional call on further hardware vendor consolidation was broadly correct over the stated horizon. The prediction was not especially contrarian or specific, but the industry structure did evolve in the way implied, with fewer, larger hardware suppliers dominating Fortune 1000 accounts by the early 1990s.","false","quotations_corpus_v1","quotations_corpus","2026-06-19T20:32:56.595276+00:00"
"872","rtf-56","SH-3y","3","","Tesseract, Walker to be financial software allies","Computerworld","1989-07-24","and you will see it on the software side as well.","3","2","medium","Kastner’s prediction of continued consolidation on the software side was directionally right, as the early 1990s saw an acceleration of roll‑up activity among enterprise and mainframe‑oriented software vendors, including Computer Associates’ ongoing acquisition spree and the gradual shrinking of smaller independent systems software houses. However, within the specific 1989–1992 window the software landscape also remained highly fragmented, with many new PC and client‑server vendors entering the market and DBMS/application ecosystems (Oracle, Sybase, Informix, SAP, PeopleSoft, etc.) still expanding rather than coalescing into a tightly consolidated oligopoly, so the trend he described played out more strongly over the subsequent decade than in the strict three‑year horizon.","12.28","true","true","4","3","high","Kastner’s prediction that consolidation would occur on the software side as well as hardware was largely borne out, especially in the early 1990s as major enterprise-application and DB2-focused vendors merged or were acquired (for example, the 1990 merger of McCormack & Dodge and Management Science America into Dun & Bradstreet Software). Within roughly three years of 1989, the number of significant mainframe financial and HR application suppliers for large IBM shops had begun to shrink, and this consolidation wave continued through the decade. The forecast was directionally accurate, though it did not anticipate how thoroughly later client-server and ERP suites would reshape the playing field beyond DB2-specific software houses.","7.71","true","4","3","high","P1_tiebreak","Kastner’s prediction that consolidation would occur on the software side as well as hardware was largely borne out, especially in the early 1990s as major enterprise-application and DB2-focused vendors merged or were acquired (for example, the 1990 merger of McCormack & Dodge and Management Science America into Dun & Bradstreet Software). Within roughly three years of 1989, the number of significant mainframe financial and HR application suppliers for large IBM shops had begun to shrink, and this consolidation wave continued through the decade. The forecast was directionally accurate, though it did not anticipate how thoroughly later client-server and ERP suites would reshape the playing field beyond DB2-specific software houses.","false","quotations_corpus_v1","quotations_corpus","2026-06-19T20:32:56.595276+00:00"
"873","rtf-56","SH-3y","3","","Tesseract, Walker to be financial software allies","Computerworld","1989-07-24","it becomes a no-brainer for software houses to begin to blend their applications using DB2.","3","2","medium","By the early 1990s, DB2 had indeed become the dominant relational database on IBM mainframe sites, and many financial, HR, and payroll packages in those accounts were offered with DB2 back ends, validating the idea that large IBM customers were standardizing on it. However, within the 3-year horizon, the broader enterprise software market was fragmenting toward multi-database support, with Oracle, Sybase, and Informix rapidly growing on Unix and client–server systems, so “no-brainer” DB2-only alignment was not the universal choice for software houses. As a result, the claim was directionally right for IBM-centric environments but overstated as a general industry inevitability.","8.59","true","true","4","3","high","By the early 1990s, DB2 had in fact become the default relational database for large IBM mainframe shops, and many enterprise ISVs targeting Fortune 1000 customers (particularly in financials, HR, and ERP on IBM platforms) did add DB2-backed versions and integrate their applications around it. Within that IBM-centric segment, supporting and ""blending"" applications on DB2 was close to a no-brainer, but across the broader enterprise software market the rapid rise of Unix client–server systems and alternative databases like Oracle, Sybase, and Informix meant that DB2 was far from the universal integration choice Kastner’s wording implies.","9.30","true","4","3","high","P1_tiebreak","By the early 1990s, DB2 had in fact become the default relational database for large IBM mainframe shops, and many enterprise ISVs targeting Fortune 1000 customers (particularly in financials, HR, and ERP on IBM platforms) did add DB2-backed versions and integrate their applications around it. Within that IBM-centric segment, supporting and ""blending"" applications on DB2 was close to a no-brainer, but across the broader enterprise software market the rapid rise of Unix client–server systems and alternative databases like Oracle, Sybase, and Informix meant that DB2 was far from the universal integration choice Kastner’s wording implies.","false","quotations_corpus_v1","quotations_corpus","2026-06-19T20:32:56.595276+00:00"
"19","rtf-56","SH-5y","5","","Tesseract, Walker to be financial software allies","Computerworld","1989-07-24","it becomes a no-brainer for software houses to begin to blend their applications using DB2.","4","3","high","Between 1989 and the mid‑1990s, DB2 did become the default relational database on IBM mainframes, and most major enterprise financial and ERP vendors selling into large IBM accounts (such as SAP, PeopleSoft, and core banking/insurance application providers) added or prioritized DB2 support, effectively “blending their applications using DB2” for that segment. However, the database market as a whole remained fragmented—with Oracle and others dominant on Unix and emerging client‑server platforms—so DB2’s pull was very strong in large IBM shops but not as universal across all software houses as the quote implies. Over the longer term, DB2 stayed a key platform in the mainframe and high‑end enterprise segment, which validates the direction of the claim even if its breadth was somewhat overstated.","29.98","true","false","","","","","","","4","3","high","P2","Between 1989 and the mid‑1990s, DB2 did become the default relational database on IBM mainframes, and most major enterprise financial and ERP vendors selling into large IBM accounts (such as SAP, PeopleSoft, and core banking/insurance application providers) added or prioritized DB2 support, effectively “blending their applications using DB2” for that segment. However, the database market as a whole remained fragmented—with Oracle and others dominant on Unix and emerging client‑server platforms—so DB2’s pull was very strong in large IBM shops but not as universal across all software houses as the quote implies. Over the longer term, DB2 stayed a key platform in the mainframe and high‑end enterprise segment, which validates the direction of the claim even if its breadth was somewhat overstated.","false","quotations_corpus_v1","quotations_corpus","2026-06-19T20:32:56.595276+00:00"
"710","rtf-56","SH-5y","5","","Tesseract, Walker to be financial software allies","Computerworld","1989-07-24","Aberdeen research indicates that the majority of large IBM sites have pinpointed DB2 as their strategic direction, making the database the de facto standard for large corporations","3","3","medium","By the early to mid-1990s, DB2 had indeed become the strategic relational database on IBM mainframes at most large IBM-centric enterprises, and it remained a core system-of-record platform for many Fortune 500 firms well into the 2000s. However, across large corporations overall, Oracle (on Unix and later Windows) emerged as the broader de facto enterprise database standard, so describing DB2 as the de facto standard for large corporations in general overstated its dominance outside IBM mainframe environments.","10.34","true","false","","","","","","","3","3","medium","P2","By the early to mid-1990s, DB2 had indeed become the strategic relational database on IBM mainframes at most large IBM-centric enterprises, and it remained a core system-of-record platform for many Fortune 500 firms well into the 2000s. However, across large corporations overall, Oracle (on Unix and later Windows) emerged as the broader de facto enterprise database standard, so describing DB2 as the de facto standard for large corporations in general overstated its dominance outside IBM mainframe environments.","false","quotations_corpus_v1","quotations_corpus","2026-06-19T20:32:56.595276+00:00"
"15","rtf-58","SH-3y","3","","Tandem goes to Relational DBMS tools","Computerworld","1989-04-03","It should improve the overall usability of Tandem products,","4","3","high","Tandem’s introduction and maturation of NonStop SQL in the late 1980s and early 1990s did in fact make its systems more approachable to mainstream enterprise developers by providing a standard relational interface over its proprietary Guardian OS. Within a few years, customers could use familiar SQL tools and skills on Tandem platforms, which reduced the visibility of the underlying proprietary environment and improved overall application development and data access usability. However, these usability gains were mostly within Tandem’s existing and niche high-availability customer base rather than transforming the broader market, so the impact was directionally correct but not game-changing.","7.70","true","false","","","","","","","4","3","high","P2","Tandem’s introduction and maturation of NonStop SQL in the late 1980s and early 1990s did in fact make its systems more approachable to mainstream enterprise developers by providing a standard relational interface over its proprietary Guardian OS. Within a few years, customers could use familiar SQL tools and skills on Tandem platforms, which reduced the visibility of the underlying proprietary environment and improved overall application development and data access usability. However, these usability gains were mostly within Tandem’s existing and niche high-availability customer base rather than transforming the broader market, so the impact was directionally correct but not game-changing.","false","quotations_corpus_v1","quotations_corpus","2026-06-19T20:32:56.595276+00:00"
"869","rtf-58","SH-3y","3","","Tandem goes to Relational DBMS tools","Computerworld","1989-04-03","It should improve the overall usability of Tandem products,","4","2","high","Tandem’s adoption and maturation of NonStop SQL in the late 1980s and early 1990s did in fact make its systems more approachable by letting developers and DBAs use a familiar, standardized relational language instead of Tandem-specific Enscribe and OS interfaces. As SQL tools, training, and third-party products spread, application development on Tandem became easier and the proprietary operating system was increasingly hidden behind the database layer, matching Kastner’s expectation within a few years. The claim is somewhat general and Tandem systems remained specialized and complex, so this is best scored as largely rather than extraordinarily prescient.","13.79","true","false","","","","","","","4","2","high","P2","Tandem’s adoption and maturation of NonStop SQL in the late 1980s and early 1990s did in fact make its systems more approachable by letting developers and DBAs use a familiar, standardized relational language instead of Tandem-specific Enscribe and OS interfaces. As SQL tools, training, and third-party products spread, application development on Tandem became easier and the proprietary operating system was increasingly hidden behind the database layer, matching Kastner’s expectation within a few years. The claim is somewhat general and Tandem systems remained specialized and complex, so this is best scored as largely rather than extraordinarily prescient.","false","quotations_corpus_v1","quotations_corpus","2026-06-19T20:32:56.595276+00:00"
"971","rtf-59","SH-3y","3","","TECHNOLOGY ON TRIAL","Computerworld","1993-11-29","can get several months or even a year ahead of the general public on figuring out how a new technology may or may not fit into their operations,","4","3","high","From the mid-1990s onward, enterprises that served as beta sites for technologies such as Windows NT, Lotus Notes, and early web servers and groupware platforms typically piloted these systems well before broad corporate and consumer adoption, gaining a substantial head start in understanding integration, process change, and support needs. The same dynamic persisted in later waves—design-partner customers for SaaS applications, public cloud platforms like AWS, mobile operating systems, and machine-learning services accumulated practical experience months to years ahead of the mainstream. Kastner’s claim that beta testers can be several months to about a year ahead of the general public in figuring out how technology fits their operations is broadly borne out, though in some cases the lead time was even longer than he implied.","10.57","true","false","","","","","","","4","3","high","P2","From the mid-1990s onward, enterprises that served as beta sites for technologies such as Windows NT, Lotus Notes, and early web servers and groupware platforms typically piloted these systems well before broad corporate and consumer adoption, gaining a substantial head start in understanding integration, process change, and support needs. The same dynamic persisted in later waves—design-partner customers for SaaS applications, public cloud platforms like AWS, mobile operating systems, and machine-learning services accumulated practical experience months to years ahead of the mainstream. Kastner’s claim that beta testers can be several months to about a year ahead of the general public in figuring out how technology fits their operations is broadly borne out, though in some cases the lead time was even longer than he implied.","false","quotations_corpus_v1","quotations_corpus","2026-06-19T20:32:56.595276+00:00"
"972","rtf-59","SH-3y","3","","TECHNOLOGY ON TRIAL","Computerworld","1993-11-29","it's not going to disappear anytime soon,","5","3","high","By the 3-year mark around 1996, dBASE was still widely deployed in departmental and small-business systems, with dBASE III/IV and dBASE for Windows in active use and regarded as a leading PC database product of the DOS/early Windows era.[7][10] Although its market share declined later in the 1990s as newer client–server and desktop databases took over, the product line and .dbf-based applications persisted for decades—with new commercial dBASE releases in the 2000s and 2010s and hundreds of companies still using dBase in the mid‑2020s—so it clearly did not “disappear anytime soon.”[1][2][3][5][9]","6.54","true","false","","","","","","","5","3","high","P2","By the 3-year mark around 1996, dBASE was still widely deployed in departmental and small-business systems, with dBASE III/IV and dBASE for Windows in active use and regarded as a leading PC database product of the DOS/early Windows era.[7][10] Although its market share declined later in the 1990s as newer client–server and desktop databases took over, the product line and .dbf-based applications persisted for decades—with new commercial dBASE releases in the 2000s and 2010s and hundreds of companies still using dBase in the mid‑2020s—so it clearly did not “disappear anytime soon.”[1][2][3][5][9]","false","quotations_corpus_v1","quotations_corpus","2026-06-19T20:32:56.595276+00:00"
"973","rtf-59","SH-3y","3","","TECHNOLOGY ON TRIAL","Computerworld","1993-11-29","With products like Microsoft Access, we're seeing PC databases move forward toward enterprise connectivity,","5","3","high","Microsoft Access 1.0 (1992) and subsequent mid-1990s releases quickly added and popularized built‑in data access drivers and ODBC connectivity, letting desktop Access front ends link tables to enterprise relational databases such as SQL Server and Oracle.[2] By roughly 1994–1996, PC databases (Access, Borland Paradox, etc.) were widely used as client tools in client/server deployments, with IS managing back-end SQL servers while end users built departmental applications against corporate data, matching the forecast that PC databases would move ""toward enterprise connectivity"" within that timeframe.[2]","8.03","true","false","","","","","","","5","3","high","P2","Microsoft Access 1.0 (1992) and subsequent mid-1990s releases quickly added and popularized built‑in data access drivers and ODBC connectivity, letting desktop Access front ends link tables to enterprise relational databases such as SQL Server and Oracle.[2] By roughly 1994–1996, PC databases (Access, Borland Paradox, etc.) were widely used as client tools in client/server deployments, with IS managing back-end SQL servers while end users built departmental applications against corporate data, matching the forecast that PC databases would move ""toward enterprise connectivity"" within that timeframe.[2]","false","quotations_corpus_v1","quotations_corpus","2026-06-19T20:32:56.595276+00:00"
"144","rtf-59","SH-5y","5","","TECHNOLOGY ON TRIAL","Computerworld","1993-11-29","Like Lotus Development Corp.s 1-2-3, dBase applications are so entrenched in the corporate world that “it's not going to disappear anytime soon,'' says Peter Kastner at Aberdeen Group in Boston.","4","3","high","By the late 1990s, dBase was clearly in steep decline versus Microsoft Access, client–server relational databases, and emerging web architectures, but it had not “disappeared” and many departmental and line-of-business applications still ran on dBase code. dBASE for Windows 5.0 shipped in 1994 and the product line continued under Borland and later dBASE LLC, with updates well into the 2000s and 2010s, while a long tail of legacy installations persisted through the 2000s and beyond. The prediction correctly captured the persistence of entrenched dBase applications over the ensuing five years, but understated the speed at which it would lose strategic importance, hence a “largely prescient” rather than “remarkably prescient” score.","10.50","true","false","","","","","","","4","3","high","P2","By the late 1990s, dBase was clearly in steep decline versus Microsoft Access, client–server relational databases, and emerging web architectures, but it had not “disappeared” and many departmental and line-of-business applications still ran on dBase code. dBASE for Windows 5.0 shipped in 1994 and the product line continued under Borland and later dBASE LLC, with updates well into the 2000s and 2010s, while a long tail of legacy installations persisted through the 2000s and beyond. The prediction correctly captured the persistence of entrenched dBase applications over the ensuing five years, but understated the speed at which it would lose strategic importance, hence a “largely prescient” rather than “remarkably prescient” score.","false","quotations_corpus_v1","quotations_corpus","2026-06-19T20:32:56.595276+00:00"
"145","rtf-59","SH-5y","5","","TECHNOLOGY ON TRIAL","Computerworld","1993-11-29","“With products like Microsoft Access, we're seeing PC databases move forward toward enterprise connectivity,'' says Peter Kastner, vice president of corporate computing at Aberdeen Group in Boston.","5","3","high","By the late 1990s, Microsoft Access had evolved from a standalone desktop database into a common front end that could link tables via ODBC to server databases such as SQL Server and Oracle, giving PC databases direct access to enterprise data.[3] This period also saw widespread adoption of client/server architectures and ODBC-based connectivity across Windows desktop tools, so departmental Access applications frequently sat atop corporate relational databases rather than isolated .mdb files, matching Kastner's description of PC databases moving toward enterprise connectivity.[3]","11.73","true","false","","","","","","","5","3","high","P2","By the late 1990s, Microsoft Access had evolved from a standalone desktop database into a common front end that could link tables via ODBC to server databases such as SQL Server and Oracle, giving PC databases direct access to enterprise data.[3] This period also saw widespread adoption of client/server architectures and ODBC-based connectivity across Windows desktop tools, so departmental Access applications frequently sat atop corporate relational databases rather than isolated .mdb files, matching Kastner's description of PC databases moving toward enterprise connectivity.[3]","false","quotations_corpus_v1","quotations_corpus","2026-06-19T20:32:56.595276+00:00"
"146","rtf-59","SH-5y","5","","TECHNOLOGY ON TRIAL","Computerworld","1993-11-29","As a result, “You're going to see the PC databases pushing the bigger database development products down in price,'' Kastner says.","4","3","high","Within five years of 1993, low-cost PC databases such as Microsoft Access (often bundled with Office and priced in the low hundreds) and desktop products like Paradox and FoxPro had set developer expectations that serious database tools should cost a few hundred dollars rather than a few thousand, putting clear downward price pressure on 4GL and client/server development environments such as Gupta SQLWindows, PowerBuilder, and similar RAD database tools. At the same time, vendors responded by bundling more capabilities into moderately priced IDEs (e.g., Visual Basic, Delphi) and by introducing cheaper workgroup or developer editions of enterprise databases, making it much harder to sustain stand-alone $2,000+ desktop-oriented database development products. However, core enterprise DBMS server licenses (Oracle, DB2, Sybase) remained high-priced at the upper tiers, so the prediction was more accurate for the tooling and mid-tier market than for the entire database stack, warranting a ""largely prescient"" rather than perfect score.","14.65","true","false","","","","","","","4","3","high","P2","Within five years of 1993, low-cost PC databases such as Microsoft Access (often bundled with Office and priced in the low hundreds) and desktop products like Paradox and FoxPro had set developer expectations that serious database tools should cost a few hundred dollars rather than a few thousand, putting clear downward price pressure on 4GL and client/server development environments such as Gupta SQLWindows, PowerBuilder, and similar RAD database tools. At the same time, vendors responded by bundling more capabilities into moderately priced IDEs (e.g., Visual Basic, Delphi) and by introducing cheaper workgroup or developer editions of enterprise databases, making it much harder to sustain stand-alone $2,000+ desktop-oriented database development products. However, core enterprise DBMS server licenses (Oracle, DB2, Sybase) remained high-priced at the upper tiers, so the prediction was more accurate for the tooling and mid-tier market than for the entire database stack, warranting a ""largely prescient"" rather than perfect score.","false","quotations_corpus_v1","quotations_corpus","2026-06-19T20:32:56.595276+00:00"
"743","rtf-59","SH-5y","5","","TECHNOLOGY ON TRIAL","Computerworld","1993-11-29","it's not going to disappear anytime soon,","5","3","high","Kastner argued in 1993 that entrenched dBase applications were not going to disappear anytime soon; in fact, dBase remained in use well past the five-year horizon, even as it became obsolete for most new development and was increasingly displaced by client/server RDBMS and tools like Microsoft Access.[1][7] The product line itself continued with new commercial releases into the 2000s and 2010s,[5][7] and as of the mid-2020s hundreds of companies still run dBase in legacy scenarios, confirming that these applications persisted far longer than five years.[1][8]","8.11","true","false","","","","","","","5","3","high","P2","Kastner argued in 1993 that entrenched dBase applications were not going to disappear anytime soon; in fact, dBase remained in use well past the five-year horizon, even as it became obsolete for most new development and was increasingly displaced by client/server RDBMS and tools like Microsoft Access.[1][7] The product line itself continued with new commercial releases into the 2000s and 2010s,[5][7] and as of the mid-2020s hundreds of companies still run dBase in legacy scenarios, confirming that these applications persisted far longer than five years.[1][8]","false","quotations_corpus_v1","quotations_corpus","2026-06-19T20:32:56.595276+00:00"
"881","rtf-60","SH-3y","3","","Workstations drawn more toward","Computerworld","1989-12-11","The ability to write code, format it and do some checkout down on the PC has an enormous attractiveness and offers self-evident benefit.","4","3","high","From 1989 to the early 1990s, software development rapidly shifted from mainframe- and minicomputer-hosted toolchains toward PC and Unix workstation-based IDEs such as Borland Turbo C/C++, Microsoft C/QuickC, and later Visual Basic, validating that local coding, formatting, and checkout on a personal machine were indeed highly attractive to developers. By roughly 1992, doing most editing, compiling, and unit testing on a developer’s own PC or workstation was becoming the norm in client–server and departmental computing, reducing dependence on central mainframe resources. That pattern has persisted through 2026, with standard practice centered on powerful local or laptop environments (e.g., Visual Studio, Eclipse, IntelliJ, VS Code) backed by remote build and integration systems, confirming the long-run self-evident benefits of local development capabilities.","23.28","true","false","","","","","","","4","3","high","P2","From 1989 to the early 1990s, software development rapidly shifted from mainframe- and minicomputer-hosted toolchains toward PC and Unix workstation-based IDEs such as Borland Turbo C/C++, Microsoft C/QuickC, and later Visual Basic, validating that local coding, formatting, and checkout on a personal machine were indeed highly attractive to developers. By roughly 1992, doing most editing, compiling, and unit testing on a developer’s own PC or workstation was becoming the norm in client–server and departmental computing, reducing dependence on central mainframe resources. That pattern has persisted through 2026, with standard practice centered on powerful local or laptop environments (e.g., Visual Studio, Eclipse, IntelliJ, VS Code) backed by remote build and integration systems, confirming the long-run self-evident benefits of local development capabilities.","false","quotations_corpus_v1","quotations_corpus","2026-06-19T20:32:56.595276+00:00"
"965","rtf-61","SH-3y","3","","NCR announces OS2-to-NT migration service","Computerworld","1993-10-18","Our research shows that there's a strong interest in NT by Fortune 1,000 companies, especially where OS/2 was the underlying operating system for a specific database or as an application preparation package for something like Lotus Notes,","4","3","high","Between 1993 and 1996, Windows NT 3.1/3.5/3.51 saw rapidly growing adoption in Fortune 1000 data centers, particularly as a server OS for databases and groupware, while OS/2’s presence in those roles stagnated and then declined. Many early Lotus Notes and database deployments that had been built on OS/2 were indeed re-platformed onto NT as enterprises standardized on Microsoft’s stack and moved away from OS/2, though NT was still sharing space with NetWare and Unix rather than fully displacing them within three years.","7.91","true","false","","","","","","","4","3","high","P2","Between 1993 and 1996, Windows NT 3.1/3.5/3.51 saw rapidly growing adoption in Fortune 1000 data centers, particularly as a server OS for databases and groupware, while OS/2’s presence in those roles stagnated and then declined. Many early Lotus Notes and database deployments that had been built on OS/2 were indeed re-platformed onto NT as enterprises standardized on Microsoft’s stack and moved away from OS/2, though NT was still sharing space with NetWare and Unix rather than fully displacing them within three years.","false","quotations_corpus_v1","quotations_corpus","2026-06-19T20:32:56.595276+00:00"
"959","rtf-63","SH-3y","3","","NetFrame gives servers flexibility","Computerworld","1993-08-02","To get Concerto to work, you have to walk a very fine line,","0","2","low","The statement is a vague, present-tense characterization that implementing Concerto required careful engineering tradeoffs, not a concrete forecast about future performance, adoption, or architecture. While multi-OS shared-memory superserver designs did prove difficult and remained niche compared with standardized SMP Unix/Windows NT servers and later commodity clustering, the quote itself does not state a specific outcome that can be clearly verified or falsified over the 3-year horizon.","23.30","true","false","","","","","","","0","2","low","P2","The statement is a vague, present-tense characterization that implementing Concerto required careful engineering tradeoffs, not a concrete forecast about future performance, adoption, or architecture. While multi-OS shared-memory superserver designs did prove difficult and remained niche compared with standardized SMP Unix/Windows NT servers and later commodity clustering, the quote itself does not state a specific outcome that can be clearly verified or falsified over the 3-year horizon.","false","quotations_corpus_v1","quotations_corpus","2026-06-19T20:32:56.595276+00:00"
"960","rtf-63","SH-3y","3","","NetFrame gives servers flexibility","Computerworld","1993-08-02","The [concept] of having multiple peripherals running under different [operating systems] sharing main memory on a single server is very complex.","4","3","high","In the mid-1990s, commercial attempts at tightly coupling multiple processors or peripheral subsystems under different operating systems with shared memory, such as NetFrame’s Concerto-like designs and various ccNUMA and multi-OS research systems, remained niche because of their engineering and performance complexity. Mainstream enterprise evolution instead favored single-OS SMP servers and, later, hypervisor-based virtualization (e.g., VMware from 1999, IBM PR/SM and z/VM LPARs) that required significant kernel and hardware support to safely multiplex memory across OS instances, confirming that true multi-OS shared-memory architectures were technically demanding well beyond the 3-year horizon. Even by the 2010s–2020s, scenarios where independent OS images directly share the same physical memory without a virtualization or partitioning layer are rare and confined to specialized platforms, underscoring that the underlying concept Kastner flagged stayed complex over time.","11.25","true","false","","","","","","","4","3","high","P2","In the mid-1990s, commercial attempts at tightly coupling multiple processors or peripheral subsystems under different operating systems with shared memory, such as NetFrame’s Concerto-like designs and various ccNUMA and multi-OS research systems, remained niche because of their engineering and performance complexity. Mainstream enterprise evolution instead favored single-OS SMP servers and, later, hypervisor-based virtualization (e.g., VMware from 1999, IBM PR/SM and z/VM LPARs) that required significant kernel and hardware support to safely multiplex memory across OS instances, confirming that true multi-OS shared-memory architectures were technically demanding well beyond the 3-year horizon. Even by the 2010s–2020s, scenarios where independent OS images directly share the same physical memory without a virtualization or partitioning layer are rare and confined to specialized platforms, underscoring that the underlying concept Kastner flagged stayed complex over time.","false","quotations_corpus_v1","quotations_corpus","2026-06-19T20:32:56.595276+00:00"
"128","rtf-63","SH-5y","7","","NetFrame gives servers flexibility","Computerworld","1993-08-02","And then what will happen to the SCO business other than to go away quietly into the sunset?'' asked Peter Kastner, vice president at the Aberdeen Group, a market research firm based in Boston.","4","3","high","SCO's Unix-on-Intel business did not disappear by 2000, but it stagnated while Windows NT Server rapidly overtook Unix and NetWare in new server license shipments by 1998, marginalizing SCO in the mainstream volume server market.[4] By 2000–2001 SCO's core Unix assets were sold to Caldera and analysts described its business as eroding, confirming that its Unix business faded rather than growing as a major platform, even if it did not literally vanish within the forecast window.[1][3]","11.76","true","false","","","","","","","4","3","high","P2","SCO's Unix-on-Intel business did not disappear by 2000, but it stagnated while Windows NT Server rapidly overtook Unix and NetWare in new server license shipments by 1998, marginalizing SCO in the mainstream volume server market.[4] By 2000–2001 SCO's core Unix assets were sold to Caldera and analysts described its business as eroding, confirming that its Unix business faded rather than growing as a major platform, even if it did not literally vanish within the forecast window.[1][3]","false","quotations_corpus_v1","quotations_corpus","2026-06-19T20:32:56.595276+00:00"
"78","rtf-64","SH-3y","1","","AIX database stuck in lab; users express little concern","Computerworld","1992-03-30","This is very important to them, and it looks like this will help them a lot in getting them through the performance stumbling block that has haunted them this year.","2","2","medium","Kastner suggested that the forthcoming System 11 release would materially help Sybase break through a performance stumbling block and revive its fortunes within the then-current cycle, but Sybase’s next major releases (System 10 and then System 11/ASE 11) arrived later than expected and were widely viewed as troubled by bugs and mixed performance gains. Through the mid-1990s, Sybase continued to lose market share and struggle financially against Oracle and Microsoft SQL Server despite these releases, indicating that any performance improvements did not decisively remove the obstacle or restore momentum in the short term. Sybase did remain a credible high-performance OLTP database vendor, but the prediction that this release would significantly get them past the year’s performance issues and revive the business within the forecast horizon did not hold up well.","49.40","true","true","4","2","high","Sybase’s System 11 (later branded Adaptive Server Enterprise 11) delivered a significantly reworked SQL Server engine that improved query processing and overall throughput compared with its troubled predecessor releases, and contemporary technical accounts describe it as achieving major performance gains relative to earlier Sybase versions. These improvements helped alleviate the acute performance issues that had hurt Sybase in the preceding period and reassured much of its installed base, but they did not translate into a sustained business turnaround as the company continued to lose ground to Oracle and others over the subsequent years, so the quote was directionally but not transformationally accurate.","15.14","true","2","2","medium","P2","Kastner suggested that the forthcoming System 11 release would materially help Sybase break through a performance stumbling block and revive its fortunes within the then-current cycle, but Sybase’s next major releases (System 10 and then System 11/ASE 11) arrived later than expected and were widely viewed as troubled by bugs and mixed performance gains. Through the mid-1990s, Sybase continued to lose market share and struggle financially against Oracle and Microsoft SQL Server despite these releases, indicating that any performance improvements did not decisively remove the obstacle or restore momentum in the short term. Sybase did remain a credible high-performance OLTP database vendor, but the prediction that this release would significantly get them past the year’s performance issues and revive the business within the forecast horizon did not hold up well.","false","quotations_corpus_v1","quotations_corpus","2026-06-19T20:32:56.595276+00:00"
"57","rtf-64","SH-3y","2","","AIX database stuck in lab; users express little concern","Computerworld","1992-03-30","Microsoft [now] has the design responsibility for Java on Microsoft operating systems. And Microsoft can use features of Win95 and NT that would be very difficult for other operating systems to support.","5","3","high","Within a few years Microsoft did assume effective design control over its own Java implementation on Windows, shipping the Microsoft JVM, J++, and Windows Foundation Classes that were tightly bound to Win32, COM, and other Windows-specific features. This use of Win95/NT capabilities made Microsoft-centric Java code difficult to port and was central to Sun’s 1997 lawsuit accusing Microsoft of fragmenting Java’s cross-platform promise, confirming the analyst’s concern that Microsoft could steer Java in a Windows-specific direction.","7.71","true","false","","","","","","","5","3","high","P2","Within a few years Microsoft did assume effective design control over its own Java implementation on Windows, shipping the Microsoft JVM, J++, and Windows Foundation Classes that were tightly bound to Win32, COM, and other Windows-specific features. This use of Win95/NT capabilities made Microsoft-centric Java code difficult to port and was central to Sun’s 1997 lawsuit accusing Microsoft of fragmenting Java’s cross-platform promise, confirming the analyst’s concern that Microsoft could steer Java in a Windows-specific direction.","false","quotations_corpus_v1","quotations_corpus","2026-06-19T20:32:56.595276+00:00"
"65","rtf-64","SH-3y","2","","AIX database stuck in lab; users express little concern","Computerworld","1992-03-30","They have put in place a very well-thought-out architecture for delivering high performance on multiprocessors,","4","3","high","In the mid-1990s, Informix introduced the Dynamic Scalable Architecture and Extended Parallel Server, multi-threaded parallel database engines explicitly designed to exploit SMP and MPP systems and benchmarked with strong performance.[9][15] Within roughly three years of the 1992 article, Informix was widely regarded as technically advanced in parallel relational databases, even though it later lost overall market share to Oracle and SQL Server.[5][15]","42.80","true","false","","","","","","","4","3","high","P2","In the mid-1990s, Informix introduced the Dynamic Scalable Architecture and Extended Parallel Server, multi-threaded parallel database engines explicitly designed to exploit SMP and MPP systems and benchmarked with strong performance.[9][15] Within roughly three years of the 1992 article, Informix was widely regarded as technically advanced in parallel relational databases, even though it later lost overall market share to Oracle and SQL Server.[5][15]","false","quotations_corpus_v1","quotations_corpus","2026-06-19T20:32:56.595276+00:00"
"75","rtf-64","SH-3y","2","","AIX database stuck in lab; users express little concern","Computerworld","1992-03-30","The improvements will encourage object reuse, Kastner said.","0","1","low","The claim concerns a very specific feature of Oracle Designer/2000’s Object Navigator and its effect on object reuse among its users, and there is little publicly documented evidence about how much that particular enhancement actually changed reuse behavior in practice. While CASE tools and Oracle Designer did promote repository-based reuse in the early to mid‑1990s, available histories and product documentation discuss capabilities rather than measured outcomes, so the impact of this specific improvement on reuse rates cannot be reliably judged. Given the narrow scope and lack of concrete adoption or usage data tied to this feature, the prescience of the statement cannot be meaningfully assessed.","7.62","true","false","","","","","","","0","1","low","P2","The claim concerns a very specific feature of Oracle Designer/2000’s Object Navigator and its effect on object reuse among its users, and there is little publicly documented evidence about how much that particular enhancement actually changed reuse behavior in practice. While CASE tools and Oracle Designer did promote repository-based reuse in the early to mid‑1990s, available histories and product documentation discuss capabilities rather than measured outcomes, so the impact of this specific improvement on reuse rates cannot be reliably judged. Given the narrow scope and lack of concrete adoption or usage data tied to this feature, the prescience of the statement cannot be meaningfully assessed.","false","quotations_corpus_v1","quotations_corpus","2026-06-19T20:32:56.595276+00:00"
"56","rtf-64","SH-3y","3","","AIX database stuck in lab; users express little concern","Computerworld","1992-03-30","If I can write an application one time for the Net, or Windows, or whatever, that'll save me a lot of aggravation later,","0","3","low","The quotation is a conditional, self-evident statement that writing an application once for multiple targets would reduce future effort, rather than a concrete prediction about technology adoption or market direction. Although cross-platform approaches such as Java’s “write once, run anywhere” (1995) and, later, web and mobile cross-platform frameworks did become important, they merely illustrate a general productivity principle rather than validating a specific, time-bounded forecast that can be meaningfully judged against a three-year horizon.","13.32","true","false","","","","","","","0","3","low","P2","The quotation is a conditional, self-evident statement that writing an application once for multiple targets would reduce future effort, rather than a concrete prediction about technology adoption or market direction. Although cross-platform approaches such as Java’s “write once, run anywhere” (1995) and, later, web and mobile cross-platform frameworks did become important, they merely illustrate a general productivity principle rather than validating a specific, time-bounded forecast that can be meaningfully judged against a three-year horizon.","false","quotations_corpus_v1","quotations_corpus","2026-06-19T20:32:56.595276+00:00"
"58","rtf-64","SH-3y","3","","AIX database stuck in lab; users express little concern","Computerworld","1992-03-30","But it's fair to say the energy required to get the mass of IBM moving in the Internet direction is huge.","3","3","medium","Kastner’s remark that it would take huge energy to move IBM’s “mass” toward the Internet direction matches the reality that IBM underwent a painful, multi-year strategic and cultural turnaround in the mid‑1990s, including massive restructuring after its 1992 loss and the Gerstner-led shift to a network-centric, services-heavy model. By roughly 1995, IBM was only beginning to articulate its Internet and “e-business” story, with flagship efforts like the e-business campaign and WebSphere stack not materializing until the late 1990s, underscoring how much organizational effort was required for the pivot. However, the observation is more of a generic statement about big-company inertia than a specific, time-bounded forecast of outcomes, so its prescience is only partial rather than remarkable.","11.79","true","false","","","","","","","3","3","medium","P2","Kastner’s remark that it would take huge energy to move IBM’s “mass” toward the Internet direction matches the reality that IBM underwent a painful, multi-year strategic and cultural turnaround in the mid‑1990s, including massive restructuring after its 1992 loss and the Gerstner-led shift to a network-centric, services-heavy model. By roughly 1995, IBM was only beginning to articulate its Internet and “e-business” story, with flagship efforts like the e-business campaign and WebSphere stack not materializing until the late 1990s, underscoring how much organizational effort was required for the pivot. However, the observation is more of a generic statement about big-company inertia than a specific, time-bounded forecast of outcomes, so its prescience is only partial rather than remarkable.","false","quotations_corpus_v1","quotations_corpus","2026-06-19T20:32:56.595276+00:00"
"67","rtf-64","SH-3y","3","","AIX database stuck in lab; users express little concern","Computerworld","1992-03-30","ICE could be the Java of Net management, as third parties get on the ICE wagon,","1","2","low","By the mid-1990s, network and systems management platforms were dominated by products such as HP OpenView, IBM NetView, and CA Unicenter, not an ICE-centric ecosystem with broad third-party support. Whatever ICE offering this referred to never emerged as a widely adopted, Java-like platform for network management or a de facto industry standard within the forecast horizon.","7.84","true","false","","","","","","","1","2","low","P2","By the mid-1990s, network and systems management platforms were dominated by products such as HP OpenView, IBM NetView, and CA Unicenter, not an ICE-centric ecosystem with broad third-party support. Whatever ICE offering this referred to never emerged as a widely adopted, Java-like platform for network management or a de facto industry standard within the forecast horizon.","false","quotations_corpus_v1","quotations_corpus","2026-06-19T20:32:56.595276+00:00"
"81","rtf-64","SH-3y","3","","AIX database stuck in lab; users express little concern","Computerworld","1992-03-30","A product fix alone won't fix the situation. Sybase will have to renew its focus on true customer needs.","4","2","high","In the early 1990s Sybase did in fact suffer from overpromising and quality problems around System 10, which hurt customer trust and slowed adoption relative to Oracle and, later, Microsoft SQL Server. By the mid-1990s the company introduced System 11 and undertook broader strategic and organizational changes—not just product fixes—including shifts in leadership and a renewed push around tools, middleware, and services to regain customer confidence.[3] The quotation is somewhat generic, but it correctly anticipates that Sybase’s troubles would not be solved purely by technical patches and would require a broader customer-centric reset within the following few years.","30.96","true","false","","","","","","","4","2","high","P2","In the early 1990s Sybase did in fact suffer from overpromising and quality problems around System 10, which hurt customer trust and slowed adoption relative to Oracle and, later, Microsoft SQL Server. By the mid-1990s the company introduced System 11 and undertook broader strategic and organizational changes—not just product fixes—including shifts in leadership and a renewed push around tools, middleware, and services to regain customer confidence.[3] The quotation is somewhat generic, but it correctly anticipates that Sybase’s troubles would not be solved purely by technical patches and would require a broader customer-centric reset within the following few years.","false","quotations_corpus_v1","quotations_corpus","2026-06-19T20:32:56.595276+00:00"
"82","rtf-64","SH-3y","3","","AIX database stuck in lab; users express little concern","Computerworld","1992-03-30","CIOs will ask: 'If Sybase doesn't do warehousing well, do I want them to do my OLTP [online transaction processing]?'","2","2","medium","From 1992–1995 Sybase remained a respected OLTP platform in financial services and other transaction-heavy industries, even as it lagged in decision-support and warehousing relative to Oracle and specialized vendors. Many enterprises happily ran OLTP on Sybase while using other products for warehousing, and Sybase’s later decline is generally attributed to product-quality issues, competition, and platform shifts rather than a broad CIO backlash tying its OLTP credibility to data-warehousing weakness. The predicted tight linkage between warehousing shortcomings and CIO willingness to trust Sybase for OLTP did not become a dominant decision criterion within the three-year horizon.","11.77","true","true","2","2","medium","From roughly 1992–1995, Sybase remained a significant OLTP database supplier on Unix and client/server platforms, and its initial competitive problems were driven more by Oracle’s rise, the Microsoft SQL Server fork, and the Windows NT wave than by anxiety over its data warehousing capabilities. By the mid‑1990s Sybase responded to warehousing and analytics needs with Sybase IQ, and many enterprises happily ran different vendors for OLTP and data warehousing rather than treating weak warehousing as a disqualifier for OLTP, so the predicted tight linkage between warehousing perception and OLTP acceptance did not broadly materialize.","11.66","true","2","2","medium","P2","From 1992–1995 Sybase remained a respected OLTP platform in financial services and other transaction-heavy industries, even as it lagged in decision-support and warehousing relative to Oracle and specialized vendors. Many enterprises happily ran OLTP on Sybase while using other products for warehousing, and Sybase’s later decline is generally attributed to product-quality issues, competition, and platform shifts rather than a broad CIO backlash tying its OLTP credibility to data-warehousing weakness. The predicted tight linkage between warehousing shortcomings and CIO willingness to trust Sybase for OLTP did not become a dominant decision criterion within the three-year horizon.","false","quotations_corpus_v1","quotations_corpus","2026-06-19T20:32:56.595276+00:00"
"84","rtf-64","SH-3y","3","","AIX database stuck in lab; users express little concern","Computerworld","1992-03-30","Without a doubt they have become a client/server player. They are currently in year two of a five-year plan to change from a company almost exclusively dependent on a mainframe-oriented customer to be a sales leader of client/server applications through all channels,","2","2","medium","Computer Associates did broaden its portfolio in the early-to-mid 1990s with client/server products such as CA-OpenIngres, Unicenter, and various development tools, so it was no longer exclusively mainframe-focused by around 1995. However, it never became a broad ""sales leader"" in client/server applications; markets for relational databases and client/server platforms in that period were dominated by vendors like Oracle, Microsoft, Sybase, IBM, and SAP. CA continued to derive a large share of revenue and strategic positioning from mainframe systems management and utilities into the 2000s, so the scale of transformation implied by the five-year plan did not materialize within the forecast horizon.","13.30","true","false","","","","","","","2","2","medium","P2","Computer Associates did broaden its portfolio in the early-to-mid 1990s with client/server products such as CA-OpenIngres, Unicenter, and various development tools, so it was no longer exclusively mainframe-focused by around 1995. However, it never became a broad ""sales leader"" in client/server applications; markets for relational databases and client/server platforms in that period were dominated by vendors like Oracle, Microsoft, Sybase, IBM, and SAP. CA continued to derive a large share of revenue and strategic positioning from mainframe systems management and utilities into the 2000s, so the scale of transformation implied by the five-year plan did not materialize within the forecast horizon.","false","quotations_corpus_v1","quotations_corpus","2026-06-19T20:32:56.595276+00:00"
"86","rtf-64","SH-3y","3","","AIX database stuck in lab; users express little concern","Computerworld","1992-03-30","And some of these high-end tools may automatically generate Java code, which would enable users to develop Java applications from the same models used to generate their client/server software, says Peter Kastner, an analyst at Aberdeen Group Inc., in Boston.","4","3","high","Within a few years of Java’s mid‑1990s emergence, many high‑end client/server modeling and CASE tools added Java as a code‑generation target, so the same analysis and design models could emit Java classes alongside C++ or 4GL code (e.g., Rational Rose with Java round‑trip engineering, Oracle Designer/Developer, and similar UML/MDD tools). This matched the analyst’s directionally correct view that existing model-based client/server tools would evolve to generate Java applications from the same models. However, automatic Java code generation remained a niche or partial practice, with most enterprise Java development still done by hand, so the prediction was more directionally right than transformative in impact.","26.92","true","false","","","","","","","4","3","high","P2","Within a few years of Java’s mid‑1990s emergence, many high‑end client/server modeling and CASE tools added Java as a code‑generation target, so the same analysis and design models could emit Java classes alongside C++ or 4GL code (e.g., Rational Rose with Java round‑trip engineering, Oracle Designer/Developer, and similar UML/MDD tools). This matched the analyst’s directionally correct view that existing model-based client/server tools would evolve to generate Java applications from the same models. However, automatic Java code generation remained a niche or partial practice, with most enterprise Java development still done by hand, so the prediction was more directionally right than transformative in impact.","false","quotations_corpus_v1","quotations_corpus","2026-06-19T20:32:56.595276+00:00"
"906","rtf-64","SH-3y","3","","AIX database stuck in lab; users express little concern","Computerworld","1992-03-30","I do have the idea it's delayed,","0","3","low","The quote merely observes that IBM’s promised AIX database for the RS/6000 appears delayed relative to its 1990 statement of intent, which was already evident by early 1992. IBM’s own relational database offering for AIX (DB2/6000) did not arrive until around 1993, confirming a slip but not adding any forward-looking judgment about its impact or eventual success. Because the statement is essentially a contemporaneous observation of schedule slippage rather than a substantive prediction about future adoption, market dynamics, or technology direction over the ensuing three years, it has little prescient content to assess.","9.57","true","false","","","","","","","0","3","low","P2","The quote merely observes that IBM’s promised AIX database for the RS/6000 appears delayed relative to its 1990 statement of intent, which was already evident by early 1992. IBM’s own relational database offering for AIX (DB2/6000) did not arrive until around 1993, confirming a slip but not adding any forward-looking judgment about its impact or eventual success. Because the statement is essentially a contemporaneous observation of schedule slippage rather than a substantive prediction about future adoption, market dynamics, or technology direction over the ensuing three years, it has little prescient content to assess.","false","quotations_corpus_v1","quotations_corpus","2026-06-19T20:32:56.595276+00:00"
"907","rtf-64","SH-3y","3","","AIX database stuck in lab; users express little concern","Computerworld","1992-03-30","I can get any one of several independent databases today, and they all have good, strong implementations under AIX.","4","3","high","By the early 1990s, AIX was a major Unix platform for commercial databases, and vendors like Oracle, Informix, Sybase, and Ingres all shipped mature, fully supported AIX implementations used in production on RS/6000 systems. Through roughly 1992–1995, these third‑party databases remained the primary choice for many AIX shops even after IBM’s own DB2 for AIX (DB2/6000) arrived, confirming that multiple independent databases with strong AIX support were indeed available and viable. The statement is slightly more descriptive than predictive, but its implied claim that robust non‑IBM options existed and would suffice over the near term held up well.","6.85","true","false","","","","","","","4","3","high","P2","By the early 1990s, AIX was a major Unix platform for commercial databases, and vendors like Oracle, Informix, Sybase, and Ingres all shipped mature, fully supported AIX implementations used in production on RS/6000 systems. Through roughly 1992–1995, these third‑party databases remained the primary choice for many AIX shops even after IBM’s own DB2 for AIX (DB2/6000) arrived, confirming that multiple independent databases with strong AIX support were indeed available and viable. The statement is slightly more descriptive than predictive, but its implied claim that robust non‑IBM options existed and would suffice over the near term held up well.","false","quotations_corpus_v1","quotations_corpus","2026-06-19T20:32:56.595276+00:00"
"995","rtf-7","SH-3y","3","","Oracle calls database detente on OLAP","Computerworld","1995-11-27","So far as I can see, this arrangement doesn't compromise any functionality of either the Express [multidimensional DBMS] or Oracle,","4","2","high","Over the three years after Oracle acquired IRI in 1995, Oracle continued to ship **Express Server** as a distinct multidimensional engine while maintaining its core relational **Oracle Database** line (Oracle7 and then Oracle8), so neither product’s core functionality was immediately removed or folded into the other.[3][10] Oracle did not begin replacing Express with the integrated **Oracle OLAP** database option until the Oracle 9i timeframe in the early 2000s, which is beyond the stated three‑year horizon.[3][10] The longer‑term move to deprecate Express contradicts the spirit of long‑run independence, but within the short horizon the claim that the arrangement did not compromise either product’s functionality was largely borne out.","15.48","true","false","","","","","","","4","2","high","P2","Over the three years after Oracle acquired IRI in 1995, Oracle continued to ship **Express Server** as a distinct multidimensional engine while maintaining its core relational **Oracle Database** line (Oracle7 and then Oracle8), so neither product’s core functionality was immediately removed or folded into the other.[3][10] Oracle did not begin replacing Express with the integrated **Oracle OLAP** database option until the Oracle 9i timeframe in the early 2000s, which is beyond the stated three‑year horizon.[3][10] The longer‑term move to deprecate Express contradicts the spirit of long‑run independence, but within the short horizon the claim that the arrangement did not compromise either product’s functionality was largely borne out.","false","quotations_corpus_v1","quotations_corpus","2026-06-19T20:32:56.595276+00:00"
"762","rtf-8","SH-3y","2","","AT&T splinters","Computerworld","1995-09-25","a big systems integration headache,","2","2","medium","AT&T’s 1995 decision to break itself into separate companies for services (AT&T), equipment (Lucent, including Bell Labs), and computing (NCR) did create new vendor relationships and contractual complexity for large enterprise customers, but it did not become a widely cited or unusually severe systems integration crisis compared with other mid‑1990s integration challenges such as client–server migration, Internet adoption, and multi-vendor networking.[1] By the late 1990s, enterprises were already operating in a heterogeneous environment with Cisco, Nortel, IBM, HP, and others, so dealing with AT&T, Lucent, and NCR as distinct vendors largely fit the prevailing multi-vendor pattern rather than creating a uniquely large integration headache. Given available historical accounts, the breakup is remembered more for strategic repositioning and Lucent’s subsequent rise and fall than for substantial systems integration disruption at customer sites, so the claim’s implied magnitude appears overstated.[1]","10.26","true","true","2","2","medium","In practice, AT&T's 1996 split into AT&T Corp. (services), Lucent Technologies (network equipment), and a revived NCR created some procurement and account-management complexity for large customers but not a widely reported “big” integration crisis. By the late 1990s, enterprise telecom and IT managers were already accustomed to multi-vendor environments across long-distance carriers, PBX vendors, and data networking suppliers, and standards-based technologies like TCP/IP, Frame Relay, and later MPLS limited the incremental integration burden attributable to the breakup. The most significant systems-integration challenges in 1996–1998 came from broader shifts to client/server computing, ERP suites, and the commercial internet, rather than from coordinating among the three AT&T successors, so the prediction overstated the impact of this specific corporate restructuring.","10.00","true","2","2","medium","P2","AT&T’s 1995 decision to break itself into separate companies for services (AT&T), equipment (Lucent, including Bell Labs), and computing (NCR) did create new vendor relationships and contractual complexity for large enterprise customers, but it did not become a widely cited or unusually severe systems integration crisis compared with other mid‑1990s integration challenges such as client–server migration, Internet adoption, and multi-vendor networking.[1] By the late 1990s, enterprises were already operating in a heterogeneous environment with Cisco, Nortel, IBM, HP, and others, so dealing with AT&T, Lucent, and NCR as distinct vendors largely fit the prevailing multi-vendor pattern rather than creating a uniquely large integration headache. Given available historical accounts, the breakup is remembered more for strategic repositioning and Lucent’s subsequent rise and fall than for substantial systems integration disruption at customer sites, so the claim’s implied magnitude appears overstated.[1]","false","quotations_corpus_v1","quotations_corpus","2026-06-19T20:32:56.595276+00:00"
"989","rtf-9","SH-3y","3","","AT&T GIS dives into vertical markets","Computerworld","1994-10-31","All companies will build [data warehouses] in the nextfive years,","2","3","medium","By the 3–5 year window after 1994, data warehousing had become a major trend among large enterprises, but adoption was still in the diffusion phase rather than universal, as shown by late‑1990s research explicitly studying the *adoption and diffusion* of data warehousing technology rather than treating it as ubiquitous.[1] Even through the 2000s and 2010s, data warehouses became standard primarily for medium and large organizations, while many small firms continued to operate without formal warehouses, and the market for data warehousing and data‑warehouse‑as‑a‑service was still growing rather than saturated.[4][6][9] The quote was directionally right that data warehousing would become a core enterprise pattern, but its strong claim that *all companies* would build one within about five years was substantially overstated in both timing and universality.","9.57","true","false","","","","","","","2","3","medium","P2","By the 3–5 year window after 1994, data warehousing had become a major trend among large enterprises, but adoption was still in the diffusion phase rather than universal, as shown by late‑1990s research explicitly studying the *adoption and diffusion* of data warehousing technology rather than treating it as ubiquitous.[1] Even through the 2000s and 2010s, data warehouses became standard primarily for medium and large organizations, while many small firms continued to operate without formal warehouses, and the market for data warehousing and data‑warehouse‑as‑a‑service was still growing rather than saturated.[4][6][9] The quote was directionally right that data warehousing would become a core enterprise pattern, but its strong claim that *all companies* would build one within about five years was substantially overstated in both timing and universality.","false","quotations_corpus_v1","quotations_corpus","2026-06-19T20:32:56.595276+00:00"
"990","rtf-9","SH-3y","3","","AT&T GIS dives into vertical markets","Computerworld","1994-10-31","But until AT&T's announcement ... customers had to select and buy multiple technologies and then build the applications, which are not trivial.","4","2","high","Kastner’s characterization that data warehouse customers had to assemble multiple technologies and build their own applications captures the well-documented early-1990s reality, when enterprises typically integrated separate databases, ETL tools, and front-end query/reporting systems with significant custom development effort.[9] Over the next few years, vendors including AT&T GIS with Teradata-based solutions, and later integrated warehouse and BI stacks from major suppliers, explicitly targeted this integration pain point with more packaged offerings, validating that the prior do‑it‑yourself approach had indeed been the norm.[1][9] The claim is not bold, but it accurately anticipated the recognized complexity of first-generation data warehousing and the ensuing move toward more integrated solutions within the 3-year horizon.","11.72","true","false","","","","","","","4","2","high","P2","Kastner’s characterization that data warehouse customers had to assemble multiple technologies and build their own applications captures the well-documented early-1990s reality, when enterprises typically integrated separate databases, ETL tools, and front-end query/reporting systems with significant custom development effort.[9] Over the next few years, vendors including AT&T GIS with Teradata-based solutions, and later integrated warehouse and BI stacks from major suppliers, explicitly targeted this integration pain point with more packaged offerings, validating that the prior do‑it‑yourself approach had indeed been the norm.[1][9] The claim is not bold, but it accurately anticipated the recognized complexity of first-generation data warehousing and the ensuing move toward more integrated solutions within the 3-year horizon.","false","quotations_corpus_v1","quotations_corpus","2026-06-19T20:32:56.595276+00:00"
"752","rtf-9","SH-5y","5","","AT&T GIS dives into vertical markets","Computerworld","1994-10-31","But until AT&T's announcement ... customers had to select and buy multiple technologies and then build the applications, which are not trivial.","4","2","high","In the mid-1990s, building enterprise data warehouses typically required assembling separate database, ETL, storage, and BI/reporting components from multiple vendors, plus substantial custom application development, as described by Bill Inmon’s Corporate Information Factory and early Kimball-style projects. Through the late 1990s, even as integrated offerings from IBM, Oracle, Teradata, and later SAP BW appeared, most large organizations still faced complex, multi-technology integration and non‑trivial application work to realize data warehouse value. The statement slightly overimplies that AT&T was uniquely changing this, but its core point about the need to select multiple technologies and build significant applications remained accurate over the following five years.","28.32","true","false","","","","","","","4","2","high","P2","In the mid-1990s, building enterprise data warehouses typically required assembling separate database, ETL, storage, and BI/reporting components from multiple vendors, plus substantial custom application development, as described by Bill Inmon’s Corporate Information Factory and early Kimball-style projects. Through the late 1990s, even as integrated offerings from IBM, Oracle, Teradata, and later SAP BW appeared, most large organizations still faced complex, multi-technology integration and non‑trivial application work to realize data warehouse value. The statement slightly overimplies that AT&T was uniquely changing this, but its core point about the need to select multiple technologies and build significant applications remained accurate over the following five years.","false","quotations_corpus_v1","quotations_corpus","2026-06-19T20:32:56.595276+00:00"
