"run_id","source_location","source_path","row_count","obs_count_distinct","studies_covered","prompt_file_path","prompt_file_sha256","prompt_matches_v2_canonical","prompt_scale","prompt_mid_run_edits","model_tag","model_family","temperature","num_predict","think_false_set","top_p","top_k","driver_script_path","driver_script_sha256","driver_version","driver_pre_v2_scale","driver_mid_run_modified","input_manifest_path","input_manifest_sha256","input_payload_shape","input_field_used","run_started_at","run_finished_at","run_duration_sec","run_completed_cleanly","run_abandoned","run_abandon_reason","run_restarted_from_checkpoint","parse_ok_rate","score_dist_neg1","score_dist_0","score_dist_1_to_5","abstention_rate","score_mean","score_out_of_range","confidence_out_of_range","accepted_at_time","commit_sha","pete_review_notes","trust_verdict","dropped_gates","salvage_action","notes"
"repo_master_aberdeen-group-archive_2026-05-31","repo_master","/Users/scott/Desktop/Archive/aberdeen-group-archive/_master_prescience_scores.csv","3761","3761","492","/Users/scott/Desktop/Archive/prescience_score_prompt_v2.md","f8c1e07469d8fce3148ad7c53f3ebb7f02fa312d8e0b724f6912808923385d29","true","0-5","unknown","","","","","","","","","","","","","","","","","2026-05-29T22:13:00Z","2026-05-30T19:30:36Z","","unknown","false","","","0.9968","795","1717","1249","0.6679","3.655","0","0","yes_committed_to_master","","","DROP","T2,T4,T5","discard","Master file — composite of one or more runs. Per-model split may need to be done as separate manifest rows."
"mac_master_archive_masters_2026-06-13","mac_master","/Users/scott/Desktop/Archive/archive_masters/_master_prescience_scores.csv","4082","4082","510","/Users/scott/Desktop/Archive/prescience_score_prompt_v2.md","f8c1e07469d8fce3148ad7c53f3ebb7f02fa312d8e0b724f6912808923385d29","true","0-5","unknown","","","","","","","","","","","","","","","","","2026-05-29T22:13:00Z","2026-06-13T15:30:56Z","","unknown","false","","","0.9968","796","1752","1281","0.6242","3.638","0","0","unknown","","","DROP","T2,T4,T5","discard","Master file — composite of one or more runs. Per-model split may need to be done as separate manifest rows."
"mac_working_dir_08011974-195886_2026-05-29","mac_working_dir","/Users/scott/Desktop/Archive/prepared/08011974-195886/working","9","9","1","/Users/scott/Desktop/Archive/prescience_score_prompt_v2.md","f8c1e07469d8fce3148ad7c53f3ebb7f02fa312d8e0b724f6912808923385d29","true","0-5","","","","","","","","","","","","","","/Users/scott/Desktop/Archive/prepared/08011974-195886/working/entity_candidates.csv","c88cb39098916a5e1506845479fcc948ef2e62bc2a1906dc92d25c9cbe48daa3","unknown","","","","","true","false","","","","0","0","0","0.0000","","0","0","yes_lives_in_working_dir_only","","","DROP","T2,T4,T6","discard",""
"mac_working_dir_09010002-18ee8a_2026-05-29","mac_working_dir","/Users/scott/Desktop/Archive/prepared/09010002-18ee8a/working","8","0","0","/Users/scott/Desktop/Archive/prescience_score_prompt_v2.md","f8c1e07469d8fce3148ad7c53f3ebb7f02fa312d8e0b724f6912808923385d29","true","0-5","","","","","","","","","","","","","","/Users/scott/Desktop/Archive/prepared/09010002-18ee8a/working/observation_candidates.csv","373e001b37be3230f31b05867feff809ddd9b5a45920d8054bc0ca7b38ecf037","unknown","","","","","true","false","","","","0","0","0","0.0000","","0","0","yes_lives_in_working_dir_only","","","DROP","T2,T4,T6","discard",""
"mac_working_dir_09010004-25b35c_2026-05-29","mac_working_dir","/Users/scott/Desktop/Archive/prepared/09010004-25b35c/working","7","0","0","/Users/scott/Desktop/Archive/prescience_score_prompt_v2.md","f8c1e07469d8fce3148ad7c53f3ebb7f02fa312d8e0b724f6912808923385d29","true","0-5","","","","","","","","","","","","","","/Users/scott/Desktop/Archive/prepared/09010004-25b35c/working/observation_candidates.csv","373e001b37be3230f31b05867feff809ddd9b5a45920d8054bc0ca7b38ecf037","unknown","","","","","true","false","","","","0","0","0","0.0000","","0","0","yes_lives_in_working_dir_only","","","DROP","T2,T4,T6","discard",""
"mac_working_dir_09010005-d36601_2026-05-29","mac_working_dir","/Users/scott/Desktop/Archive/prepared/09010005-d36601/working","11","0","0","/Users/scott/Desktop/Archive/prescience_score_prompt_v2.md","f8c1e07469d8fce3148ad7c53f3ebb7f02fa312d8e0b724f6912808923385d29","true","0-5","","","","","","","","","","","","","","/Users/scott/Desktop/Archive/prepared/09010005-d36601/working/observation_candidates.csv","25476c4744cc50399fb1a9ecc4d59d80caef59da99d0fb9438e6247d02ccbdec","unknown","","","","","true","false","","","","0","0","0","0.0000","","0","0","yes_lives_in_working_dir_only","","","DROP","T2,T4,T6","discard",""
"mac_working_dir_09010006-f43488_2026-05-29","mac_working_dir","/Users/scott/Desktop/Archive/prepared/09010006-f43488/working","8","0","0","/Users/scott/Desktop/Archive/prescience_score_prompt_v2.md","f8c1e07469d8fce3148ad7c53f3ebb7f02fa312d8e0b724f6912808923385d29","true","0-5","","","","","","","","","","","","","","/Users/scott/Desktop/Archive/prepared/09010006-f43488/working/observation_candidates.csv","4744d5f8b746e0ac589689b922a0ba5a1a1a696556acdf8f2dc55bd2af5fde5e","unknown","","","","","true","false","","","","0","0","0","0.0000","","0","0","yes_lives_in_working_dir_only","","","DROP","T2,T4,T6","discard",""
"mac_working_dir_09010007-2a8be4_2026-05-29","mac_working_dir","/Users/scott/Desktop/Archive/prepared/09010007-2a8be4/working","10","0","0","/Users/scott/Desktop/Archive/prescience_score_prompt_v2.md","f8c1e07469d8fce3148ad7c53f3ebb7f02fa312d8e0b724f6912808923385d29","true","0-5","","","","","","","","","","","","","","/Users/scott/Desktop/Archive/prepared/09010007-2a8be4/working/observation_candidates.csv","63130b1449277d27b1581a2c96256d203dbb62aff9ab6f347c31eda9f7d16ed0","unknown","","","","","true","false","","","","0","0","0","0.0000","","0","0","yes_lives_in_working_dir_only","","","DROP","T2,T4,T6","discard",""
"mac_working_dir_09010008-931106_2026-05-29","mac_working_dir","/Users/scott/Desktop/Archive/prepared/09010008-931106/working","9","0","0","/Users/scott/Desktop/Archive/prescience_score_prompt_v2.md","f8c1e07469d8fce3148ad7c53f3ebb7f02fa312d8e0b724f6912808923385d29","true","0-5","","","","","","","","","","","","","","/Users/scott/Desktop/Archive/prepared/09010008-931106/working/observation_candidates.csv","373e001b37be3230f31b05867feff809ddd9b5a45920d8054bc0ca7b38ecf037","unknown","","","","","true","false","","","","0","0","0","0.0000","","0","0","yes_lives_in_working_dir_only","","","DROP","T2,T4,T6","discard",""
"mac_working_dir_10991290-4e6131_2026-05-29","mac_working_dir","/Users/scott/Desktop/Archive/prepared/10991290-4e6131/working","9","9","1","/Users/scott/Desktop/Archive/prescience_score_prompt_v2.md","f8c1e07469d8fce3148ad7c53f3ebb7f02fa312d8e0b724f6912808923385d29","true","0-5","","","","","","","","","","","","","","/Users/scott/Desktop/Archive/prepared/10991290-4e6131/working/entity_candidates.csv","9ac37bbb3716fc79710f7ea93809770ba58caa4c8054a71ecfbd039ac13ce645","unknown","","","","","true","false","","","","0","0","0","0.0000","","0","0","yes_lives_in_working_dir_only","","","DROP","T2,T4,T6","discard",""
"mac_working_dir_1996-electronic-commerce-06b0b5_2026-05-29","mac_working_dir","/Users/scott/Desktop/Archive/prepared/1996-electronic-commerce-06b0b5/working","3","0","0","/Users/scott/Desktop/Archive/prescience_score_prompt_v2.md","f8c1e07469d8fce3148ad7c53f3ebb7f02fa312d8e0b724f6912808923385d29","true","0-5","","","","","","","","","","","","","","/Users/scott/Desktop/Archive/prepared/1996-electronic-commerce-06b0b5/working/skipped_obs_v3.csv","c443e57aa4ba726dc58468b3e053c6990e080bfea4537d30cffcaca287510a12","unknown","","","","","true","false","","","","0","0","0","0.0000","","0","0","yes_lives_in_working_dir_only","","","DROP","T2,T4,T6","discard",""
"mac_working_dir_1998-software-ag-insurance-74c710_2026-05-29","mac_working_dir","/Users/scott/Desktop/Archive/prepared/1998-software-ag-insurance-74c710/working","5","0","0","/Users/scott/Desktop/Archive/prescience_score_prompt_v2.md","f8c1e07469d8fce3148ad7c53f3ebb7f02fa312d8e0b724f6912808923385d29","true","0-5","","","","","","","","","","","","","","/Users/scott/Desktop/Archive/prepared/1998-software-ag-insurance-74c710/working/observation_candidates.csv","87c35812fc947a93fb499fd24176d352b2c471e932ec8e37d6cfa5dd078f2f4d","unknown","","","","","true","false","","","","0","0","0","0.0000","","0","0","yes_lives_in_working_dir_only","","","DROP","T2,T4,T6","discard",""
"mac_working_dir_1q05-dtp-best-practices-telecom012705a-0e3ad6_2026-05-23","mac_working_dir","/Users/scott/Desktop/Archive/prepared/1q05-dtp-best-practices-telecom012705a-0e3ad6/working","","","","/Users/scott/Desktop/Archive/prescience_score_prompt_v2.md","f8c1e07469d8fce3148ad7c53f3ebb7f02fa312d8e0b724f6912808923385d29","true","0-5","","","","","","","","","","","","","","/Users/scott/Desktop/Archive/prepared/1q05-dtp-best-practices-telecom012705a-0e3ad6/working/entity_candidates.csv","aa1ce5e9cc720d1a2dcd5de9109c7b092a498edfaa4bf555ca153eebea77160b","unknown","","","","","true","false","","","","","","","","","","","yes_lives_in_working_dir_only","","","DROP","T2,T4,T6","discard",""
"mac_working_dir_1q05-dtp-ondemandsupplymgmt-012705b-fd896d_2026-05-23","mac_working_dir","/Users/scott/Desktop/Archive/prepared/1q05-dtp-ondemandsupplymgmt-012705b-fd896d/working","","","","/Users/scott/Desktop/Archive/prescience_score_prompt_v2.md","f8c1e07469d8fce3148ad7c53f3ebb7f02fa312d8e0b724f6912808923385d29","true","0-5","","","","","","","","","","","","","","/Users/scott/Desktop/Archive/prepared/1q05-dtp-ondemandsupplymgmt-012705b-fd896d/working/entity_candidates.csv","6e6bb01f4cdf92329e944eecfafd160c83df2ddf83d87de24ebe844c9b670acc","unknown","","","","","true","false","","","","","","","","","","","yes_lives_in_working_dir_only","","","DROP","T2,T4,T6","discard",""
"mac_working_dir_1q05-dtp-pe-card-012805a-9f8ea1_2026-05-23","mac_working_dir","/Users/scott/Desktop/Archive/prepared/1q05-dtp-pe-card-012805a-9f8ea1/working","","","","/Users/scott/Desktop/Archive/prescience_score_prompt_v2.md","f8c1e07469d8fce3148ad7c53f3ebb7f02fa312d8e0b724f6912808923385d29","true","0-5","","","","","","","","","","","","","","/Users/scott/Desktop/Archive/prepared/1q05-dtp-pe-card-012805a-9f8ea1/working/entity_candidates.csv","100757832aa39cfedbef8ed553373fcd4c98e6d9714cc3ca4917c521e3da9aaa","unknown","","","","","true","false","","","","","","","","","","","yes_lives_in_working_dir_only","","","DROP","T2,T4,T6","discard",""
"mac_working_dir_1q05-ee-enterprisetalentmgmt-012705a-737075_2026-05-23","mac_working_dir","/Users/scott/Desktop/Archive/prepared/1q05-ee-enterprisetalentmgmt-012705a-737075/working","1","0","0","/Users/scott/Desktop/Archive/prescience_score_prompt_v2.md","f8c1e07469d8fce3148ad7c53f3ebb7f02fa312d8e0b724f6912808923385d29","true","0-5","","","","","","","","","","","","","","/Users/scott/Desktop/Archive/prepared/1q05-ee-enterprisetalentmgmt-012705a-737075/working/entity_candidates.csv","100757832aa39cfedbef8ed553373fcd4c98e6d9714cc3ca4917c521e3da9aaa","unknown","","","","","true","false","","","","0","0","0","0.0000","","0","0","yes_lives_in_working_dir_only","","","DROP","T2,T4,T6","discard",""
"mac_working_dir_1q05-ee-sox-compliance-automation-012705a-60ff9d_2026-05-23","mac_working_dir","/Users/scott/Desktop/Archive/prepared/1q05-ee-sox-compliance-automation-012705a-60ff9d/working","2","0","0","/Users/scott/Desktop/Archive/prescience_score_prompt_v2.md","f8c1e07469d8fce3148ad7c53f3ebb7f02fa312d8e0b724f6912808923385d29","true","0-5","","","","","","","","","","","","","","/Users/scott/Desktop/Archive/prepared/1q05-ee-sox-compliance-automation-012705a-60ff9d/working/entity_candidates.csv","89fe5256e4b3ebe96c6a5038777607f76f07e82bdfba30fc1df78e95d714e91c","unknown","","","","","true","false","","","","0","0","0","0.0000","","0","0","yes_lives_in_working_dir_only","","","DROP","T2,T4,T6","discard",""
"mac_working_dir_1q05-ee-storagegrowth-012805b-b446ce_2026-05-23","mac_working_dir","/Users/scott/Desktop/Archive/prepared/1q05-ee-storagegrowth-012805b-b446ce/working","2","0","0","/Users/scott/Desktop/Archive/prescience_score_prompt_v2.md","f8c1e07469d8fce3148ad7c53f3ebb7f02fa312d8e0b724f6912808923385d29","true","0-5","","","","","","","","","","","","","","/Users/scott/Desktop/Archive/prepared/1q05-ee-storagegrowth-012805b-b446ce/working/observation_candidates.csv","d7ea368e31c8d1ee571f5d4dcb26bace336712b5108970f7b2a0692e5f33ee1e","unknown","","","","","true","false","","","","0","0","0","0.0000","","0","0","yes_lives_in_working_dir_only","","","DROP","T2,T4,T6","discard",""
"mac_working_dir_1q05-pss-fieldservices-020305a-fa2797_2026-05-23","mac_working_dir","/Users/scott/Desktop/Archive/prepared/1q05-pss-fieldservices-020305a-fa2797/working","","","","/Users/scott/Desktop/Archive/prescience_score_prompt_v2.md","f8c1e07469d8fce3148ad7c53f3ebb7f02fa312d8e0b724f6912808923385d29","true","0-5","","","","","","","","","","","","","","/Users/scott/Desktop/Archive/prepared/1q05-pss-fieldservices-020305a-fa2797/working/entity_candidates.csv","f9c69fa120d3f607f6e23250c6dfa31b4857f6c8e0d90f949af956e616fd1baf","unknown","","","","","true","false","","","","","","","","","","","yes_lives_in_working_dir_only","","","DROP","T2,T4,T6","discard",""
"mac_working_dir_1q06-asset-20management-e1ca0f_2026-05-23","mac_working_dir","/Users/scott/Desktop/Archive/prepared/1q06-asset-20management-e1ca0f/working","","","","/Users/scott/Desktop/Archive/prescience_score_prompt_v2.md","f8c1e07469d8fce3148ad7c53f3ebb7f02fa312d8e0b724f6912808923385d29","true","0-5","","","","","","","","","","","","","","/Users/scott/Desktop/Archive/prepared/1q06-asset-20management-e1ca0f/working/entity_candidates.csv","100757832aa39cfedbef8ed553373fcd4c98e6d9714cc3ca4917c521e3da9aaa","unknown","","","","","true","false","","","","","","","","","","","yes_lives_in_working_dir_only","","","DROP","T2,T4,T6","discard",""
"mac_working_dir_1q06-ee-beyondpayforperformance-b12c3f_2026-05-23","mac_working_dir","/Users/scott/Desktop/Archive/prepared/1q06-ee-beyondpayforperformance-b12c3f/working","","","","/Users/scott/Desktop/Archive/prescience_score_prompt_v2.md","f8c1e07469d8fce3148ad7c53f3ebb7f02fa312d8e0b724f6912808923385d29","true","0-5","","","","","","","","","","","","","","/Users/scott/Desktop/Archive/prepared/1q06-ee-beyondpayforperformance-b12c3f/working/entity_candidates.csv","e91234400828815eb723473645e972f63bcd1c537d87ae7181ad4bfe72797239","unknown","","","","","true","false","","","","","","","","","","","yes_lives_in_working_dir_only","","","DROP","T2,T4,T6","discard",""
"mac_working_dir_1q06-ff-bp-retail-transportation-081905a-192432_2026-05-23","mac_working_dir","/Users/scott/Desktop/Archive/prepared/1q06-ff-bp-retail-transportation-081905a-192432/working","","","","/Users/scott/Desktop/Archive/prescience_score_prompt_v2.md","f8c1e07469d8fce3148ad7c53f3ebb7f02fa312d8e0b724f6912808923385d29","true","0-5","","","","","","","","","","","","","","/Users/scott/Desktop/Archive/prepared/1q06-ff-bp-retail-transportation-081905a-192432/working/entity_candidates.csv","100757832aa39cfedbef8ed553373fcd4c98e6d9714cc3ca4917c521e3da9aaa","unknown","","","","","true","false","","","","","","","","","","","yes_lives_in_working_dir_only","","","DROP","T2,T4,T6","discard",""
"mac_working_dir_1q06-gsm-senblmtbm1q06-collateral-8c7e6c_2026-05-23","mac_working_dir","/Users/scott/Desktop/Archive/prepared/1q06-gsm-senblmtbm1q06-collateral-8c7e6c/working","","","","/Users/scott/Desktop/Archive/prescience_score_prompt_v2.md","f8c1e07469d8fce3148ad7c53f3ebb7f02fa312d8e0b724f6912808923385d29","true","0-5","","","","","","","","","","","","","","/Users/scott/Desktop/Archive/prepared/1q06-gsm-senblmtbm1q06-collateral-8c7e6c/working/entity_candidates.csv","9929c4d91c17d323fec1e3ec3ce9213ed11f2f0ed2ad636ac6c3a94059f713e0","unknown","","","","","true","false","","","","","","","","","","","yes_lives_in_working_dir_only","","","DROP","T2,T4,T6","discard",""
"mac_working_dir_1q06-gsm-ttcmwireless1q06-collateral-beabeb_2026-05-23","mac_working_dir","/Users/scott/Desktop/Archive/prepared/1q06-gsm-ttcmwireless1q06-collateral-beabeb/working","","","","/Users/scott/Desktop/Archive/prescience_score_prompt_v2.md","f8c1e07469d8fce3148ad7c53f3ebb7f02fa312d8e0b724f6912808923385d29","true","0-5","","","","","","","","","","","","","","/Users/scott/Desktop/Archive/prepared/1q06-gsm-ttcmwireless1q06-collateral-beabeb/working/entity_candidates.csv","100757832aa39cfedbef8ed553373fcd4c98e6d9714cc3ca4917c521e3da9aaa","unknown","","","","","true","false","","","","","","","","","","","yes_lives_in_working_dir_only","","","DROP","T2,T4,T6","discard",""
"mac_working_dir_1q06-industrialcontrolplatform-f59746_2026-05-23","mac_working_dir","/Users/scott/Desktop/Archive/prepared/1q06-industrialcontrolplatform-f59746/working","","","","/Users/scott/Desktop/Archive/prescience_score_prompt_v2.md","f8c1e07469d8fce3148ad7c53f3ebb7f02fa312d8e0b724f6912808923385d29","true","0-5","","","","","","","","","","","","","","/Users/scott/Desktop/Archive/prepared/1q06-industrialcontrolplatform-f59746/working/entity_candidates.csv","100757832aa39cfedbef8ed553373fcd4c98e6d9714cc3ca4917c521e3da9aaa","unknown","","","","","true","false","","","","","","","","","","","yes_lives_in_working_dir_only","","","DROP","T2,T4,T6","discard",""
"mac_working_dir_1q06-leanbenchmarkslick-8e7b1e_2026-05-23","mac_working_dir","/Users/scott/Desktop/Archive/prepared/1q06-leanbenchmarkslick-8e7b1e/working","3","0","0","/Users/scott/Desktop/Archive/prescience_score_prompt_v2.md","f8c1e07469d8fce3148ad7c53f3ebb7f02fa312d8e0b724f6912808923385d29","true","0-5","","","","","","","","","","","","","","/Users/scott/Desktop/Archive/prepared/1q06-leanbenchmarkslick-8e7b1e/working/entity_candidates.csv","100757832aa39cfedbef8ed553373fcd4c98e6d9714cc3ca4917c521e3da9aaa","unknown","","","","","true","false","","","","0","0","0","0.0000","","0","0","yes_lives_in_working_dir_only","","","DROP","T2,T4,T6","discard",""
"mac_working_dir_1q06-mfg-networksbestpractices-041505a-70ad3a_2026-05-23","mac_working_dir","/Users/scott/Desktop/Archive/prepared/1q06-mfg-networksbestpractices-041505a-70ad3a/working","","","","/Users/scott/Desktop/Archive/prescience_score_prompt_v2.md","f8c1e07469d8fce3148ad7c53f3ebb7f02fa312d8e0b724f6912808923385d29","true","0-5","","","","","","","","","","","","","","/Users/scott/Desktop/Archive/prepared/1q06-mfg-networksbestpractices-041505a-70ad3a/working/entity_candidates.csv","100757832aa39cfedbef8ed553373fcd4c98e6d9714cc3ca4917c521e3da9aaa","unknown","","","","","true","false","","","","","","","","","","","yes_lives_in_working_dir_only","","","DROP","T2,T4,T6","discard",""
"mac_working_dir_1q06-mfg-ss-20lean-jbjf-spf071805b-fa3a8c_2026-05-23","mac_working_dir","/Users/scott/Desktop/Archive/prepared/1q06-mfg-ss-20lean-jbjf-spf071805b-fa3a8c/working","","","","/Users/scott/Desktop/Archive/prescience_score_prompt_v2.md","f8c1e07469d8fce3148ad7c53f3ebb7f02fa312d8e0b724f6912808923385d29","true","0-5","","","","","","","","","","","","","","/Users/scott/Desktop/Archive/prepared/1q06-mfg-ss-20lean-jbjf-spf071805b-fa3a8c/working/entity_candidates.csv","100757832aa39cfedbef8ed553373fcd4c98e6d9714cc3ca4917c521e3da9aaa","unknown","","","","","true","false","","","","","","","","","","","yes_lives_in_working_dir_only","","","DROP","T2,T4,T6","discard",""
"mac_working_dir_1q06-on-demandsupplychain-148b1d_2026-05-23","mac_working_dir","/Users/scott/Desktop/Archive/prepared/1q06-on-demandsupplychain-148b1d/working","","","","/Users/scott/Desktop/Archive/prescience_score_prompt_v2.md","f8c1e07469d8fce3148ad7c53f3ebb7f02fa312d8e0b724f6912808923385d29","true","0-5","","","","","","","","","","","","","","/Users/scott/Desktop/Archive/prepared/1q06-on-demandsupplychain-148b1d/working/entity_candidates.csv","bc8ccad98099380c4f1f960572f29acb6a0f3681a4eb357bb5900c65ef959b2f","unknown","","","","","true","false","","","","","","","","","","","yes_lives_in_working_dir_only","","","DROP","T2,T4,T6","discard",""
"mac_working_dir_1q06-tresury-cashmngt-jp-3dc92d_2026-05-23","mac_working_dir","/Users/scott/Desktop/Archive/prepared/1q06-tresury-cashmngt-jp-3dc92d/working","","","","/Users/scott/Desktop/Archive/prescience_score_prompt_v2.md","f8c1e07469d8fce3148ad7c53f3ebb7f02fa312d8e0b724f6912808923385d29","true","0-5","","","","","","","","","","","","","","/Users/scott/Desktop/Archive/prepared/1q06-tresury-cashmngt-jp-3dc92d/working/entity_candidates.csv","100757832aa39cfedbef8ed553373fcd4c98e6d9714cc3ca4917c521e3da9aaa","unknown","","","","","true","false","","","","","","","","","","","yes_lives_in_working_dir_only","","","DROP","T2,T4,T6","discard",""
"mac_working_dir_2000-e-learning-in-the-enterprise-psk-5caf5b_2026-05-29","mac_working_dir","/Users/scott/Desktop/Archive/prepared/2000-e-learning-in-the-enterprise-psk-5caf5b/working","11","11","1","/Users/scott/Desktop/Archive/prescience_score_prompt_v2.md","f8c1e07469d8fce3148ad7c53f3ebb7f02fa312d8e0b724f6912808923385d29","true","0-5","","","","","","","","","","","","","","/Users/scott/Desktop/Archive/prepared/2000-e-learning-in-the-enterprise-psk-5caf5b/working/entity_candidates.csv","a1c6ad0f2433171c33614d0461195a1e2cd1db8fd1e521e5e42fc05bcc551dd2","unknown","","","","","true","false","","","","0","0","0","0.0000","","0","0","yes_lives_in_working_dir_only","","","DROP","T2,T4,T6","discard",""
"mac_working_dir_2000-the-new-hp-stands-up-to-be-counted-psk-726ee3_2026-05-29","mac_working_dir","/Users/scott/Desktop/Archive/prepared/2000-the-new-hp-stands-up-to-be-counted-psk-726ee3/working","8","0","0","/Users/scott/Desktop/Archive/prescience_score_prompt_v2.md","f8c1e07469d8fce3148ad7c53f3ebb7f02fa312d8e0b724f6912808923385d29","true","0-5","","","","","","","","","","","","","","/Users/scott/Desktop/Archive/prepared/2000-the-new-hp-stands-up-to-be-counted-psk-726ee3/working/skipped_obs_v3.csv","679576b08d41ff80275b242c645f0d5ebbd17dec6456544c313e2d25a4f458bd","unknown","","","","","true","false","","","","0","0","0","0.0000","","0","0","yes_lives_in_working_dir_only","","","DROP","T2,T4,T6","discard",""
"mac_working_dir_2003-compaqsnapshot-5924f7_2026-05-29","mac_working_dir","/Users/scott/Desktop/Archive/prepared/2003-compaqsnapshot-5924f7/working","8","0","0","/Users/scott/Desktop/Archive/prescience_score_prompt_v2.md","f8c1e07469d8fce3148ad7c53f3ebb7f02fa312d8e0b724f6912808923385d29","true","0-5","","","","","","","","","","","","","","/Users/scott/Desktop/Archive/prepared/2003-compaqsnapshot-5924f7/working/skipped_obs_v3.csv","fa4b29d6af1f5995f90b7b579e2c34415d841bedbc5437b34c66438c99c2230b","unknown","","","","","true","false","","","","0","0","0","0.0000","","0","0","yes_lives_in_working_dir_only","","","DROP","T2,T4,T6","discard",""
"mac_working_dir_2003-ibmsnapshot-a00f7c_2026-05-29","mac_working_dir","/Users/scott/Desktop/Archive/prepared/2003-ibmsnapshot-a00f7c/working","3","0","0","/Users/scott/Desktop/Archive/prescience_score_prompt_v2.md","f8c1e07469d8fce3148ad7c53f3ebb7f02fa312d8e0b724f6912808923385d29","true","0-5","","","","","","","","","","","","","","/Users/scott/Desktop/Archive/prepared/2003-ibmsnapshot-a00f7c/working/skipped_obs_v3.csv","20a2731e3df8295ce7661a3bb3c6dc8daaff4c7e3296d6c956c33c37d4a81748","unknown","","","","","true","false","","","","0","0","0","0.0000","","0","0","yes_lives_in_working_dir_only","","","DROP","T2,T4,T6","discard",""
"mac_working_dir_2004-09010005-f58946_2026-05-29","mac_working_dir","/Users/scott/Desktop/Archive/prepared/2004-09010005-f58946/working","11","0","0","/Users/scott/Desktop/Archive/prescience_score_prompt_v2.md","f8c1e07469d8fce3148ad7c53f3ebb7f02fa312d8e0b724f6912808923385d29","true","0-5","","","","","","","","","","","","","","/Users/scott/Desktop/Archive/prepared/2004-09010005-f58946/working/observation_candidates.csv","25476c4744cc50399fb1a9ecc4d59d80caef59da99d0fb9438e6247d02ccbdec","unknown","","","","","true","false","","","","0","0","0","0.0000","","0","0","yes_lives_in_working_dir_only","","","DROP","T2,T4,T6","discard",""
"mac_working_dir_2004-10991290-87c05d_2026-05-29","mac_working_dir","/Users/scott/Desktop/Archive/prepared/2004-10991290-87c05d/working","9","9","1","/Users/scott/Desktop/Archive/prescience_score_prompt_v2.md","f8c1e07469d8fce3148ad7c53f3ebb7f02fa312d8e0b724f6912808923385d29","true","0-5","","","","","","","","","","","","","","/Users/scott/Desktop/Archive/prepared/2004-10991290-87c05d/working/entity_candidates.csv","9ac37bbb3716fc79710f7ea93809770ba58caa4c8054a71ecfbd039ac13ce645","unknown","","","","","true","false","","","","0","0","0","0.0000","","0","0","yes_lives_in_working_dir_only","","","DROP","T2,T4,T6","discard",""
"mac_working_dir_2004-agile-9a7a61_2026-05-29","mac_working_dir","/Users/scott/Desktop/Archive/prepared/2004-agile-9a7a61/working","5","0","0","/Users/scott/Desktop/Archive/prescience_score_prompt_v2.md","f8c1e07469d8fce3148ad7c53f3ebb7f02fa312d8e0b724f6912808923385d29","true","0-5","","","","","","","","","","","","","","/Users/scott/Desktop/Archive/prepared/2004-agile-9a7a61/working/skipped_obs_v3.csv","f9d70921a83aca2766457441e762cf18864a03dfcdef2b62ba292e45c01265ce","unknown","","","","","true","false","","","","0","0","0","0.0000","","0","0","yes_lives_in_working_dir_only","","","DROP","T2,T4,T6","discard",""
"mac_working_dir_2004-aimsnapshot-6c49f0_2026-05-29","mac_working_dir","/Users/scott/Desktop/Archive/prepared/2004-aimsnapshot-6c49f0/working","10","0","0","/Users/scott/Desktop/Archive/prescience_score_prompt_v2.md","f8c1e07469d8fce3148ad7c53f3ebb7f02fa312d8e0b724f6912808923385d29","true","0-5","","","","","","","","","","","","","","/Users/scott/Desktop/Archive/prepared/2004-aimsnapshot-6c49f0/working/skipped_obs_v3.csv","fde4fac7a7a0bfc302f3502f695b65f711ad33fd4c6a0100eccc069cf8f97d93","unknown","","","","","true","false","","","","0","0","0","0.0000","","0","0","yes_lives_in_working_dir_only","","","DROP","T2,T4,T6","discard",""
"mac_working_dir_2004-azeritysnapshot-4c1c8d_2026-05-29","mac_working_dir","/Users/scott/Desktop/Archive/prepared/2004-azeritysnapshot-4c1c8d/working","8","0","0","/Users/scott/Desktop/Archive/prescience_score_prompt_v2.md","f8c1e07469d8fce3148ad7c53f3ebb7f02fa312d8e0b724f6912808923385d29","true","0-5","","","","","","","","","","","","","","/Users/scott/Desktop/Archive/prepared/2004-azeritysnapshot-4c1c8d/working/skipped_obs_v3.csv","6dbad9a6d39f7e508e4476d3a6a5f10fa216909e4eecc1b0befea7894ecea09c","unknown","","","","","true","false","","","","0","0","0","0.0000","","0","0","yes_lives_in_working_dir_only","","","DROP","T2,T4,T6","discard",""
"mac_working_dir_2004-bluestreaksnapshot-7a4713_2026-05-29","mac_working_dir","/Users/scott/Desktop/Archive/prepared/2004-bluestreaksnapshot-7a4713/working","5","0","0","/Users/scott/Desktop/Archive/prescience_score_prompt_v2.md","f8c1e07469d8fce3148ad7c53f3ebb7f02fa312d8e0b724f6912808923385d29","true","0-5","","","","","","","","","","","","","","/Users/scott/Desktop/Archive/prepared/2004-bluestreaksnapshot-7a4713/working/skipped_obs_v3.csv","6f53c336232275f21cd017acf2cdb41db15c9114c83ab60140f54883d95384e0","unknown","","","","","true","false","","","","0","0","0","0.0000","","0","0","yes_lives_in_working_dir_only","","","DROP","T2,T4,T6","discard",""
"mac_working_dir_2004-cpc-update-toc-815618_2026-05-23","mac_working_dir","/Users/scott/Desktop/Archive/prepared/2004-cpc-update-toc-815618/working","2","0","0","/Users/scott/Desktop/Archive/prescience_score_prompt_v2.md","f8c1e07469d8fce3148ad7c53f3ebb7f02fa312d8e0b724f6912808923385d29","true","0-5","","","","","","","","","","","","","","/Users/scott/Desktop/Archive/prepared/2004-cpc-update-toc-815618/working/bucket_signals.json","06096e7b86f63708e9d57a44d0840a77a378f234d2b4697bb2d129a945061d48","unknown","","","","","true","false","","","","0","0","0","0.0000","","0","0","yes_lives_in_working_dir_only","","","DROP","T2,T4,T6","discard",""
"mac_working_dir_2004-crmeuropetoc-c6f15e_2026-05-29","mac_working_dir","/Users/scott/Desktop/Archive/prepared/2004-crmeuropetoc-c6f15e/working","6","0","0","/Users/scott/Desktop/Archive/prescience_score_prompt_v2.md","f8c1e07469d8fce3148ad7c53f3ebb7f02fa312d8e0b724f6912808923385d29","true","0-5","","","","","","","","","","","","","","/Users/scott/Desktop/Archive/prepared/2004-crmeuropetoc-c6f15e/working/skipped_obs_v3.csv","b1f526f7ded9390b3043e0e916254bcd4a3cfa45253bb330c8fecd6e7b581eb1","unknown","","","","","true","false","","","","0","0","0","0.0000","","0","0","yes_lives_in_working_dir_only","","","DROP","T2,T4,T6","discard",""
"mac_working_dir_2004-crmspending2003toc-1f27ce_2026-05-23","mac_working_dir","/Users/scott/Desktop/Archive/prepared/2004-crmspending2003toc-1f27ce/working","","","","/Users/scott/Desktop/Archive/prescience_score_prompt_v2.md","f8c1e07469d8fce3148ad7c53f3ebb7f02fa312d8e0b724f6912808923385d29","true","0-5","","","","","","","","","","","","","","/Users/scott/Desktop/Archive/prepared/2004-crmspending2003toc-1f27ce/working/entity_candidates.csv","a10c9c7d130fc4f191d42555e19d140e5aeaf2a4e0c01b975ca2f12036254e3a","unknown","","","","","true","false","","","","","","","","","","","yes_lives_in_working_dir_only","","","DROP","T2,T4,T6","discard",""
"mac_working_dir_2004-dellsnapshot-953527_2026-05-29","mac_working_dir","/Users/scott/Desktop/Archive/prepared/2004-dellsnapshot-953527/working","5","0","0","/Users/scott/Desktop/Archive/prescience_score_prompt_v2.md","f8c1e07469d8fce3148ad7c53f3ebb7f02fa312d8e0b724f6912808923385d29","true","0-5","","","","","","","","","","","","","","/Users/scott/Desktop/Archive/prepared/2004-dellsnapshot-953527/working/skipped_obs_v3.csv","a384b0ecebc8d4facb3b680fa3f7fdebd68f10de92729a81ba455bcdd962698a","unknown","","","","","true","false","","","","0","0","0","0.0000","","0","0","yes_lives_in_working_dir_only","","","DROP","T2,T4,T6","discard",""
"mac_working_dir_2004-eai-toc-e6ff9f_2026-05-23","mac_working_dir","/Users/scott/Desktop/Archive/prepared/2004-eai-toc-e6ff9f/working","17","0","0","/Users/scott/Desktop/Archive/prescience_score_prompt_v2.md","f8c1e07469d8fce3148ad7c53f3ebb7f02fa312d8e0b724f6912808923385d29","true","0-5","","","","","","","","","","","","","","/Users/scott/Desktop/Archive/prepared/2004-eai-toc-e6ff9f/working/bucket_signals.json","52349a632a97b734a2b5f30d1e8f9d5505f74e81bb6a36062df51e0b1997c069","unknown","","","","","true","false","","","","0","0","0","0.0000","","0","0","yes_lives_in_working_dir_only","","","DROP","T2,T4,T6","discard",""
"mac_working_dir_2004-examensnapshot-171cca_2026-05-29","mac_working_dir","/Users/scott/Desktop/Archive/prepared/2004-examensnapshot-171cca/working","3","0","0","/Users/scott/Desktop/Archive/prescience_score_prompt_v2.md","f8c1e07469d8fce3148ad7c53f3ebb7f02fa312d8e0b724f6912808923385d29","true","0-5","","","","","","","","","","","","","","/Users/scott/Desktop/Archive/prepared/2004-examensnapshot-171cca/working/skipped_obs_v3.csv","c40b0dd8ec1ced84059cdf0fce6054f345a3cc3932989d69a6d37b2528a84bd7","unknown","","","","","true","false","","","","0","0","0","0.0000","","0","0","yes_lives_in_working_dir_only","","","DROP","T2,T4,T6","discard",""
"mac_working_dir_2004-firstwavesnapshot-92dd2e_2026-05-29","mac_working_dir","/Users/scott/Desktop/Archive/prepared/2004-firstwavesnapshot-92dd2e/working","2","0","0","/Users/scott/Desktop/Archive/prescience_score_prompt_v2.md","f8c1e07469d8fce3148ad7c53f3ebb7f02fa312d8e0b724f6912808923385d29","true","0-5","","","","","","","","","","","","","","/Users/scott/Desktop/Archive/prepared/2004-firstwavesnapshot-92dd2e/working/skipped_obs_v3.csv","76a9da681087416248dbe1204d49e60c5a21c84d1dca0cded90b7c1ffb3ebccf","unknown","","","","","true","false","","","","0","0","0","0.0000","","0","0","yes_lives_in_working_dir_only","","","DROP","T2,T4,T6","discard",""
"mac_working_dir_2004-fsmwebtoc-85b5dc_2026-05-29","mac_working_dir","/Users/scott/Desktop/Archive/prepared/2004-fsmwebtoc-85b5dc/working","11","0","0","/Users/scott/Desktop/Archive/prescience_score_prompt_v2.md","f8c1e07469d8fce3148ad7c53f3ebb7f02fa312d8e0b724f6912808923385d29","true","0-5","","","","","","","","","","","","","","/Users/scott/Desktop/Archive/prepared/2004-fsmwebtoc-85b5dc/working/skipped_obs_v3.csv","ade82eb97898de950d606a6de8e0fb5e870b235ea66266df2bb76f7406d42722","unknown","","","","","true","false","","","","0","0","0","0.0000","","0","0","yes_lives_in_working_dir_only","","","DROP","T2,T4,T6","discard",""
"mac_working_dir_2004-fvcmwebtoc-53b01f_2026-05-29","mac_working_dir","/Users/scott/Desktop/Archive/prepared/2004-fvcmwebtoc-53b01f/working","3","0","0","/Users/scott/Desktop/Archive/prescience_score_prompt_v2.md","f8c1e07469d8fce3148ad7c53f3ebb7f02fa312d8e0b724f6912808923385d29","true","0-5","","","","","","","","","","","","","","/Users/scott/Desktop/Archive/prepared/2004-fvcmwebtoc-53b01f/working/skipped_obs_v3.csv","4c5b944478899b663da6d34de7e7ab6e376e14fd99c0d8e7d90d213ea364100f","unknown","","","","","true","false","","","","0","0","0","0.0000","","0","0","yes_lives_in_working_dir_only","","","DROP","T2,T4,T6","discard",""
"mac_working_dir_2004-ibmsnapshot-e40dbe_2026-05-29","mac_working_dir","/Users/scott/Desktop/Archive/prepared/2004-ibmsnapshot-e40dbe/working","3","0","0","/Users/scott/Desktop/Archive/prescience_score_prompt_v2.md","f8c1e07469d8fce3148ad7c53f3ebb7f02fa312d8e0b724f6912808923385d29","true","0-5","","","","","","","","","","","","","","/Users/scott/Desktop/Archive/prepared/2004-ibmsnapshot-e40dbe/working/skipped_obs_v3.csv","f51f033f1bede6b344f6cc89c58f5832e5bf1b4ed1c105d2a7357a347e1c1fc8","unknown","","","","","true","false","","","","0","0","0","0.0000","","0","0","yes_lives_in_working_dir_only","","","DROP","T2,T4,T6","discard",""
"mac_working_dir_2004-intelitanium-toc-76e2be_2026-05-23","mac_working_dir","/Users/scott/Desktop/Archive/prepared/2004-intelitanium-toc-76e2be/working","19","0","0","/Users/scott/Desktop/Archive/prescience_score_prompt_v2.md","f8c1e07469d8fce3148ad7c53f3ebb7f02fa312d8e0b724f6912808923385d29","true","0-5","","","","","","","","","","","","","","/Users/scott/Desktop/Archive/prepared/2004-intelitanium-toc-76e2be/working/bucket_signals.json","c2b8ddd6667a074c9270068b8eceaa6c02f38a1d8e67cf7f2486cb7fc8f7dc94","unknown","","","","","true","false","","","","0","0","0","0.0000","","0","0","yes_lives_in_working_dir_only","","","DROP","T2,T4,T6","discard",""
"mac_working_dir_2004-manugisticssnapshot-9e0526_2026-05-29","mac_working_dir","/Users/scott/Desktop/Archive/prepared/2004-manugisticssnapshot-9e0526/working","4","0","0","/Users/scott/Desktop/Archive/prescience_score_prompt_v2.md","f8c1e07469d8fce3148ad7c53f3ebb7f02fa312d8e0b724f6912808923385d29","true","0-5","","","","","","","","","","","","","","/Users/scott/Desktop/Archive/prepared/2004-manugisticssnapshot-9e0526/working/skipped_obs_v3.csv","4adf9c7ab050a977ed633564065220536ce270deae874110a676e3788476d841","unknown","","","","","true","false","","","","0","0","0","0.0000","","0","0","yes_lives_in_working_dir_only","","","DROP","T2,T4,T6","discard",""
"mac_working_dir_2004-netmarket-toc-eab5b1_2026-05-23","mac_working_dir","/Users/scott/Desktop/Archive/prepared/2004-netmarket-toc-eab5b1/working","7","0","0","/Users/scott/Desktop/Archive/prescience_score_prompt_v2.md","f8c1e07469d8fce3148ad7c53f3ebb7f02fa312d8e0b724f6912808923385d29","true","0-5","","","","","","","","","","","","","","/Users/scott/Desktop/Archive/prepared/2004-netmarket-toc-eab5b1/working/bucket_signals.json","dfefa46d0bed176137f908268426e1ffde2c50504610126eddecfea8549e382f","unknown","","","","","true","false","","","","0","0","0","0.0000","","0","0","yes_lives_in_working_dir_only","","","DROP","T2,T4,T6","discard",""
"mac_working_dir_2004-newmediasnapshot-cd4186_2026-05-29","mac_working_dir","/Users/scott/Desktop/Archive/prepared/2004-newmediasnapshot-cd4186/working","2","0","0","/Users/scott/Desktop/Archive/prescience_score_prompt_v2.md","f8c1e07469d8fce3148ad7c53f3ebb7f02fa312d8e0b724f6912808923385d29","true","0-5","","","","","","","","","","","","","","/Users/scott/Desktop/Archive/prepared/2004-newmediasnapshot-cd4186/working/skipped_obs_v3.csv","ab8cbaa4ffcdd43c997e7c00eb88a760e6b438dc633dac47de9a6f4c9b47172b","unknown","","","","","true","false","","","","0","0","0","0.0000","","0","0","yes_lives_in_working_dir_only","","","DROP","T2,T4,T6","discard",""
"mac_working_dir_2004-procuri-ee38ef_2026-05-29","mac_working_dir","/Users/scott/Desktop/Archive/prepared/2004-procuri-ee38ef/working","6","0","0","/Users/scott/Desktop/Archive/prescience_score_prompt_v2.md","f8c1e07469d8fce3148ad7c53f3ebb7f02fa312d8e0b724f6912808923385d29","true","0-5","","","","","","","","","","","","","","/Users/scott/Desktop/Archive/prepared/2004-procuri-ee38ef/working/skipped_obs_v3.csv","c8fcbaf29bee69bbe16bb034fcc8b567b44e688d62c605a962945ec679c59a44","unknown","","","","","true","false","","","","0","0","0","0.0000","","0","0","yes_lives_in_working_dir_only","","","DROP","T2,T4,T6","discard",""
"mac_working_dir_2004-psa2001surveyreporttoc-9a9928_2026-05-29","mac_working_dir","/Users/scott/Desktop/Archive/prepared/2004-psa2001surveyreporttoc-9a9928/working","5","0","0","/Users/scott/Desktop/Archive/prescience_score_prompt_v2.md","f8c1e07469d8fce3148ad7c53f3ebb7f02fa312d8e0b724f6912808923385d29","true","0-5","","","","","","","","","","","","","","/Users/scott/Desktop/Archive/prepared/2004-psa2001surveyreporttoc-9a9928/working/skipped_obs_v3.csv","bfd9c40bf05edd2cf8f5a7ee377ec890f513081cece0beceebcacc49cce6429b","unknown","","","","","true","false","","","","0","0","0","0.0000","","0","0","yes_lives_in_working_dir_only","","","DROP","T2,T4,T6","discard",""
"mac_working_dir_2004-salesforce-5a1170_2026-05-29","mac_working_dir","/Users/scott/Desktop/Archive/prepared/2004-salesforce-5a1170/working","5","0","0","/Users/scott/Desktop/Archive/prescience_score_prompt_v2.md","f8c1e07469d8fce3148ad7c53f3ebb7f02fa312d8e0b724f6912808923385d29","true","0-5","","","","","","","","","","","","","","/Users/scott/Desktop/Archive/prepared/2004-salesforce-5a1170/working/skipped_obs_v3.csv","132f3940b126e6bd6235209a170d02d770b447c65d63ee1064a31762d1bd37f2","unknown","","","","","true","false","","","","0","0","0","0.0000","","0","0","yes_lives_in_working_dir_only","","","DROP","T2,T4,T6","discard",""
"mac_working_dir_2004-silverpopsnapshot-08423a_2026-05-29","mac_working_dir","/Users/scott/Desktop/Archive/prepared/2004-silverpopsnapshot-08423a/working","2","0","0","/Users/scott/Desktop/Archive/prescience_score_prompt_v2.md","f8c1e07469d8fce3148ad7c53f3ebb7f02fa312d8e0b724f6912808923385d29","true","0-5","","","","","","","","","","","","","","/Users/scott/Desktop/Archive/prepared/2004-silverpopsnapshot-08423a/working/skipped_obs_v3.csv","6c58dda1568eff0dd80ba4d801190f77131880eb059a0cfb97b066b1152d17eb","unknown","","","","","true","false","","","","0","0","0","0.0000","","0","0","yes_lives_in_working_dir_only","","","DROP","T2,T4,T6","discard",""
"mac_working_dir_2004-spotlightteldata-67a55f_2026-05-29","mac_working_dir","/Users/scott/Desktop/Archive/prepared/2004-spotlightteldata-67a55f/working","","","","/Users/scott/Desktop/Archive/prescience_score_prompt_v2.md","f8c1e07469d8fce3148ad7c53f3ebb7f02fa312d8e0b724f6912808923385d29","true","0-5","","","","","","","","","","","","","","/Users/scott/Desktop/Archive/prepared/2004-spotlightteldata-67a55f/working/entity_candidates.csv","9d2941ed2cda774e20a42d7d6ccbdc6c9af474354adc56df79ba4e17dbe3d961","unknown","","","","","true","false","","","","","","","","","","","yes_lives_in_working_dir_only","","","DROP","T2,T4,T6","discard",""
"mac_working_dir_2004-verticalsolutionssnapshot-fd28fe_2026-05-29","mac_working_dir","/Users/scott/Desktop/Archive/prepared/2004-verticalsolutionssnapshot-fd28fe/working","","","","/Users/scott/Desktop/Archive/prescience_score_prompt_v2.md","f8c1e07469d8fce3148ad7c53f3ebb7f02fa312d8e0b724f6912808923385d29","true","0-5","","","","","","","","","","","","","","/Users/scott/Desktop/Archive/prepared/2004-verticalsolutionssnapshot-fd28fe/working/entity_candidates.csv","34bb60af1285172dd6b5d9bbb80fe9e51642dde902b8002ce055085c2de43eb8","unknown","","","","","true","false","","","","","","","","","","","yes_lives_in_working_dir_only","","","DROP","T2,T4,T6","discard",""
"mac_working_dir_2004-voiptoc-472d11_2026-05-29","mac_working_dir","/Users/scott/Desktop/Archive/prepared/2004-voiptoc-472d11/working","5","0","0","/Users/scott/Desktop/Archive/prescience_score_prompt_v2.md","f8c1e07469d8fce3148ad7c53f3ebb7f02fa312d8e0b724f6912808923385d29","true","0-5","","","","","","","","","","","","","","/Users/scott/Desktop/Archive/prepared/2004-voiptoc-472d11/working/skipped_obs_v3.csv","8133dbad60b90c0ecf10b679a40f488241b2edef89471fc20f43f067dbc1988c","unknown","","","","","true","false","","","","0","0","0","0.0000","","0","0","yes_lives_in_working_dir_only","","","DROP","T2,T4,T6","discard",""
"mac_working_dir_2005-dtp-research-listing-020105a-b6b16d_2026-05-23","mac_working_dir","/Users/scott/Desktop/Archive/prepared/2005-dtp-research-listing-020105a-b6b16d/working","","","","/Users/scott/Desktop/Archive/prescience_score_prompt_v2.md","f8c1e07469d8fce3148ad7c53f3ebb7f02fa312d8e0b724f6912808923385d29","true","0-5","","","","","","","","","","","","","","/Users/scott/Desktop/Archive/prepared/2005-dtp-research-listing-020105a-b6b16d/working/entity_candidates.csv","100757832aa39cfedbef8ed553373fcd4c98e6d9714cc3ca4917c521e3da9aaa","unknown","","","","","true","false","","","","","","","","","","","yes_lives_in_working_dir_only","","","DROP","T2,T4,T6","discard",""
"mac_working_dir_2005-ee-aberdeen-research-calendar-082405-2b2250_2026-05-23","mac_working_dir","/Users/scott/Desktop/Archive/prepared/2005-ee-aberdeen-research-calendar-082405-2b2250/working","12","0","0","/Users/scott/Desktop/Archive/prescience_score_prompt_v2.md","f8c1e07469d8fce3148ad7c53f3ebb7f02fa312d8e0b724f6912808923385d29","true","0-5","","","","","","","","","","","","","","/Users/scott/Desktop/Archive/prepared/2005-ee-aberdeen-research-calendar-082405-2b2250/working/entity_candidates.csv","062c9ac942a5c9ec99368a7a41ae3c0e02b344daef44fe05eea4a45c51e9f95f","unknown","","","","","true","false","","","","0","0","0","0.0000","","0","0","yes_lives_in_working_dir_only","","","DROP","T2,T4,T6","discard",""
"mac_working_dir_2005-ee-hcm-research-agenda-012605a-9126d5_2026-05-23","mac_working_dir","/Users/scott/Desktop/Archive/prepared/2005-ee-hcm-research-agenda-012605a-9126d5/working","3","0","0","/Users/scott/Desktop/Archive/prescience_score_prompt_v2.md","f8c1e07469d8fce3148ad7c53f3ebb7f02fa312d8e0b724f6912808923385d29","true","0-5","","","","","","","","","","","","","","/Users/scott/Desktop/Archive/prepared/2005-ee-hcm-research-agenda-012605a-9126d5/working/entity_candidates.csv","100757832aa39cfedbef8ed553373fcd4c98e6d9714cc3ca4917c521e3da9aaa","unknown","","","","","true","false","","","","0","0","0","0.0000","","0","0","yes_lives_in_working_dir_only","","","DROP","T2,T4,T6","discard",""
"mac_working_dir_2005-ee-security-research-agenda-121305a-9dc835_2026-05-23","mac_working_dir","/Users/scott/Desktop/Archive/prepared/2005-ee-security-research-agenda-121305a-9dc835/working","","","","/Users/scott/Desktop/Archive/prescience_score_prompt_v2.md","f8c1e07469d8fce3148ad7c53f3ebb7f02fa312d8e0b724f6912808923385d29","true","0-5","","","","","","","","","","","","","","/Users/scott/Desktop/Archive/prepared/2005-ee-security-research-agenda-121305a-9dc835/working/entity_candidates.csv","100757832aa39cfedbef8ed553373fcd4c98e6d9714cc3ca4917c521e3da9aaa","unknown","","","","","true","false","","","","","","","","","","","yes_lives_in_working_dir_only","","","DROP","T2,T4,T6","discard",""
"mac_working_dir_2005-pss-research-agenda-011405a-c25c0e_2026-05-23","mac_working_dir","/Users/scott/Desktop/Archive/prepared/2005-pss-research-agenda-011405a-c25c0e/working","","","","/Users/scott/Desktop/Archive/prescience_score_prompt_v2.md","f8c1e07469d8fce3148ad7c53f3ebb7f02fa312d8e0b724f6912808923385d29","true","0-5","","","","","","","","","","","","","","/Users/scott/Desktop/Archive/prepared/2005-pss-research-agenda-011405a-c25c0e/working/entity_candidates.csv","100757832aa39cfedbef8ed553373fcd4c98e6d9714cc3ca4917c521e3da9aaa","unknown","","","","","true","false","","","","","","","","","","","yes_lives_in_working_dir_only","","","DROP","T2,T4,T6","discard",""
"mac_working_dir_2006-2006-aberdeen-research-calendar-ecb45e_2026-05-23","mac_working_dir","/Users/scott/Desktop/Archive/prepared/2006-2006-aberdeen-research-calendar-ecb45e/working","25","0","0","/Users/scott/Desktop/Archive/prescience_score_prompt_v2.md","f8c1e07469d8fce3148ad7c53f3ebb7f02fa312d8e0b724f6912808923385d29","true","0-5","","","","","","","","","","","","","","/Users/scott/Desktop/Archive/prepared/2006-2006-aberdeen-research-calendar-ecb45e/working/entity_candidates.csv","91c2ce0c308d15ed175e42f0631f5bd277781540226c1fcb2e7af5f110b4f04f","unknown","","","","","true","false","","","","0","0","0","0.0000","","0","0","yes_lives_in_working_dir_only","","","DROP","T2,T4,T6","discard",""
"mac_working_dir_2006-aberdeen-research-calendar-123ac2_2026-05-29","mac_working_dir","/Users/scott/Desktop/Archive/prepared/2006-aberdeen-research-calendar-123ac2/working","21","21","1","/Users/scott/Desktop/Archive/prescience_score_prompt_v2.md","f8c1e07469d8fce3148ad7c53f3ebb7f02fa312d8e0b724f6912808923385d29","true","0-5","","","","","","","","","","","","","","/Users/scott/Desktop/Archive/prepared/2006-aberdeen-research-calendar-123ac2/working/entity_candidates.csv","91c2ce0c308d15ed175e42f0631f5bd277781540226c1fcb2e7af5f110b4f04f","unknown","","","","","true","false","","","","0","0","0","0.0000","","0","0","yes_lives_in_working_dir_only","","","DROP","T2,T4,T6","discard",""
"mac_working_dir_2006-data-mangement-fba303_2026-05-23","mac_working_dir","/Users/scott/Desktop/Archive/prepared/2006-data-mangement-fba303/working","","","","/Users/scott/Desktop/Archive/prescience_score_prompt_v2.md","f8c1e07469d8fce3148ad7c53f3ebb7f02fa312d8e0b724f6912808923385d29","true","0-5","","","","","","","","","","","","","","/Users/scott/Desktop/Archive/prepared/2006-data-mangement-fba303/working/entity_candidates.csv","100757832aa39cfedbef8ed553373fcd4c98e6d9714cc3ca4917c521e3da9aaa","unknown","","","","","true","false","","","","","","","","","","","yes_lives_in_working_dir_only","","","DROP","T2,T4,T6","discard",""
"mac_working_dir_2006-enterprise-integration-researchagenda-d977d6_2026-05-23","mac_working_dir","/Users/scott/Desktop/Archive/prepared/2006-enterprise-integration-researchagenda-d977d6/working","","","","/Users/scott/Desktop/Archive/prescience_score_prompt_v2.md","f8c1e07469d8fce3148ad7c53f3ebb7f02fa312d8e0b724f6912808923385d29","true","0-5","","","","","","","","","","","","","","/Users/scott/Desktop/Archive/prepared/2006-enterprise-integration-researchagenda-d977d6/working/entity_candidates.csv","100757832aa39cfedbef8ed553373fcd4c98e6d9714cc3ca4917c521e3da9aaa","unknown","","","","","true","false","","","","","","","","","","","yes_lives_in_working_dir_only","","","DROP","T2,T4,T6","discard",""
"mac_working_dir_2006-fvc-cp-researchagenda-548e42_2026-05-23","mac_working_dir","/Users/scott/Desktop/Archive/prepared/2006-fvc-cp-researchagenda-548e42/working","","","","/Users/scott/Desktop/Archive/prescience_score_prompt_v2.md","f8c1e07469d8fce3148ad7c53f3ebb7f02fa312d8e0b724f6912808923385d29","true","0-5","","","","","","","","","","","","","","/Users/scott/Desktop/Archive/prepared/2006-fvc-cp-researchagenda-548e42/working/entity_candidates.csv","73fda1ff5fc06d427420ead7c17ebb613f766d3158c0d0aa6be9724468a3cfe1","unknown","","","","","true","false","","","","","","","","","","","yes_lives_in_working_dir_only","","","DROP","T2,T4,T6","discard",""
"mac_working_dir_2006-gsm-agenda-d56dc5_2026-05-23","mac_working_dir","/Users/scott/Desktop/Archive/prepared/2006-gsm-agenda-d56dc5/working","17","0","0","/Users/scott/Desktop/Archive/prescience_score_prompt_v2.md","f8c1e07469d8fce3148ad7c53f3ebb7f02fa312d8e0b724f6912808923385d29","true","0-5","","","","","","","","","","","","","","/Users/scott/Desktop/Archive/prepared/2006-gsm-agenda-d56dc5/working/entity_candidates.csv","58aa84c41cfcdefae968ad94e9b714dc9e7ba197860db5a689a993b1bc617c70","unknown","","","","","true","false","","","","0","0","0","0.0000","","0","0","yes_lives_in_working_dir_only","","","DROP","T2,T4,T6","discard",""
"mac_working_dir_2006-hr-aberdeen-research-calendar-hcm-aa035b_2026-05-23","mac_working_dir","/Users/scott/Desktop/Archive/prepared/2006-hr-aberdeen-research-calendar-hcm-aa035b/working","3","0","0","/Users/scott/Desktop/Archive/prescience_score_prompt_v2.md","f8c1e07469d8fce3148ad7c53f3ebb7f02fa312d8e0b724f6912808923385d29","true","0-5","","","","","","","","","","","","","","/Users/scott/Desktop/Archive/prepared/2006-hr-aberdeen-research-calendar-hcm-aa035b/working/entity_candidates.csv","100757832aa39cfedbef8ed553373fcd4c98e6d9714cc3ca4917c521e3da9aaa","unknown","","","","","true","false","","","","0","0","0","0.0000","","0","0","yes_lives_in_working_dir_only","","","DROP","T2,T4,T6","discard",""
"mac_working_dir_2006-manufacturingagenda-9a368f_2026-05-23","mac_working_dir","/Users/scott/Desktop/Archive/prepared/2006-manufacturingagenda-9a368f/working","2","0","0","/Users/scott/Desktop/Archive/prescience_score_prompt_v2.md","f8c1e07469d8fce3148ad7c53f3ebb7f02fa312d8e0b724f6912808923385d29","true","0-5","","","","","","","","","","","","","","/Users/scott/Desktop/Archive/prepared/2006-manufacturingagenda-9a368f/working/entity_candidates.csv","75257324e8d8a5c864c8369e60d4747382b065485b11bec3766745776282384c","unknown","","","","","true","false","","","","0","0","0","0.0000","","0","0","yes_lives_in_working_dir_only","","","DROP","T2,T4,T6","discard",""
"mac_working_dir_2006-pie-research-calendar-e04026_2026-05-23","mac_working_dir","/Users/scott/Desktop/Archive/prepared/2006-pie-research-calendar-e04026/working","","","","/Users/scott/Desktop/Archive/prescience_score_prompt_v2.md","f8c1e07469d8fce3148ad7c53f3ebb7f02fa312d8e0b724f6912808923385d29","true","0-5","","","","","","","","","","","","","","/Users/scott/Desktop/Archive/prepared/2006-pie-research-calendar-e04026/working/entity_candidates.csv","100757832aa39cfedbef8ed553373fcd4c98e6d9714cc3ca4917c521e3da9aaa","unknown","","","","","true","false","","","","","","","","","","","yes_lives_in_working_dir_only","","","DROP","T2,T4,T6","discard",""
"mac_working_dir_2006-researchpreviewci-f551f1_2026-05-23","mac_working_dir","/Users/scott/Desktop/Archive/prepared/2006-researchpreviewci-f551f1/working","4","0","0","/Users/scott/Desktop/Archive/prescience_score_prompt_v2.md","f8c1e07469d8fce3148ad7c53f3ebb7f02fa312d8e0b724f6912808923385d29","true","0-5","","","","","","","","","","","","","","/Users/scott/Desktop/Archive/prepared/2006-researchpreviewci-f551f1/working/entity_candidates.csv","100757832aa39cfedbef8ed553373fcd4c98e6d9714cc3ca4917c521e3da9aaa","unknown","","","","","true","false","","","","0","0","0","0.0000","","0","0","yes_lives_in_working_dir_only","","","DROP","T2,T4,T6","discard",""
"mac_working_dir_2006-supplychainagenda-63abe1_2026-05-23","mac_working_dir","/Users/scott/Desktop/Archive/prepared/2006-supplychainagenda-63abe1/working","","","","/Users/scott/Desktop/Archive/prescience_score_prompt_v2.md","f8c1e07469d8fce3148ad7c53f3ebb7f02fa312d8e0b724f6912808923385d29","true","0-5","","","","","","","","","","","","","","/Users/scott/Desktop/Archive/prepared/2006-supplychainagenda-63abe1/working/entity_candidates.csv","88f6b18ca739c23fa61843c34571142c39823ed96e1206947e13b027699bcbfd","unknown","","","","","true","false","","","","","","","","","","","yes_lives_in_working_dir_only","","","DROP","T2,T4,T6","discard",""
"mac_working_dir_2007-aberdeen-research-calendar-082906a-145713_2026-05-23","mac_working_dir","/Users/scott/Desktop/Archive/prepared/2007-aberdeen-research-calendar-082906a-145713/working","53","0","0","/Users/scott/Desktop/Archive/prescience_score_prompt_v2.md","f8c1e07469d8fce3148ad7c53f3ebb7f02fa312d8e0b724f6912808923385d29","true","0-5","","","","","","","","","","","","","","/Users/scott/Desktop/Archive/prepared/2007-aberdeen-research-calendar-082906a-145713/working/entity_candidates.csv","1824552c0f194108e1c8bd657538776b76543e65dc9834a15c3b63a6697f9b6a","unknown","","","","","true","false","","","","0","0","0","0.0000","","0","0","yes_lives_in_working_dir_only","","","DROP","T2,T4,T6","discard",""
"mac_working_dir_2007-aberdeen-research-calendar-3b834a_2026-05-23","mac_working_dir","/Users/scott/Desktop/Archive/prepared/2007-aberdeen-research-calendar-3b834a/working","56","0","0","/Users/scott/Desktop/Archive/prescience_score_prompt_v2.md","f8c1e07469d8fce3148ad7c53f3ebb7f02fa312d8e0b724f6912808923385d29","true","0-5","","","","","","","","","","","","","","/Users/scott/Desktop/Archive/prepared/2007-aberdeen-research-calendar-3b834a/working/entity_candidates.csv","1824552c0f194108e1c8bd657538776b76543e65dc9834a15c3b63a6697f9b6a","unknown","","","","","true","false","","","","0","0","0","0.0000","","0","0","yes_lives_in_working_dir_only","","","DROP","T2,T4,T6","discard",""
"mac_working_dir_2007-aberdeen-research-calendar-629972_2026-05-29","mac_working_dir","/Users/scott/Desktop/Archive/prepared/2007-aberdeen-research-calendar-629972/working","56","56","1","/Users/scott/Desktop/Archive/prescience_score_prompt_v2.md","f8c1e07469d8fce3148ad7c53f3ebb7f02fa312d8e0b724f6912808923385d29","true","0-5","","","","","","","","","","","","","","/Users/scott/Desktop/Archive/prepared/2007-aberdeen-research-calendar-629972/working/entity_candidates.csv","b0e6676300f8970bd5f5f3c22640dd77e7bae27ce2d1d9ba6c4707ccb362ae90","unknown","","","","","true","false","","","","0","0","0","0.0000","","0","0","yes_lives_in_working_dir_only","","","DROP","T2,T4,T6","discard",""
"mac_working_dir_2007-information-management-agenda-40e141_2026-05-23","mac_working_dir","/Users/scott/Desktop/Archive/prepared/2007-information-management-agenda-40e141/working","10","0","0","/Users/scott/Desktop/Archive/prescience_score_prompt_v2.md","f8c1e07469d8fce3148ad7c53f3ebb7f02fa312d8e0b724f6912808923385d29","true","0-5","","","","","","","","","","","","","","/Users/scott/Desktop/Archive/prepared/2007-information-management-agenda-40e141/working/entity_candidates.csv","9445a651b711fa707ec00fee60908ede025e64e600071331b7ac129d67c8226e","unknown","","","","","true","false","","","","0","0","0","0.0000","","0","0","yes_lives_in_working_dir_only","","","DROP","T2,T4,T6","discard",""
"mac_working_dir_2007-manufacturing-erp-agenda-e53f13_2026-05-23","mac_working_dir","/Users/scott/Desktop/Archive/prepared/2007-manufacturing-erp-agenda-e53f13/working","3","0","0","/Users/scott/Desktop/Archive/prescience_score_prompt_v2.md","f8c1e07469d8fce3148ad7c53f3ebb7f02fa312d8e0b724f6912808923385d29","true","0-5","","","","","","","","","","","","","","/Users/scott/Desktop/Archive/prepared/2007-manufacturing-erp-agenda-e53f13/working/observation_candidates.csv","577fde7644d5a8cf3805518da0afaaee20ef83d5cf7e4a4c2e27c4d88871ade9","unknown","","","","","true","false","","","","0","0","0","0.0000","","0","0","yes_lives_in_working_dir_only","","","DROP","T2,T4,T6","discard",""
"mac_working_dir_2007-ra-clicks-jl-3710-37b7a4_2026-05-29","mac_working_dir","/Users/scott/Desktop/Archive/prepared/2007-ra-clicks-jl-3710-37b7a4/working","57","57","1","/Users/scott/Desktop/Archive/prescience_score_prompt_v2.md","f8c1e07469d8fce3148ad7c53f3ebb7f02fa312d8e0b724f6912808923385d29","true","0-5","","","","","","","","","","","","","","/Users/scott/Desktop/Archive/prepared/2007-ra-clicks-jl-3710-37b7a4/working/entity_candidates.csv","c12cdeb502ad5adc99677a1d4293669d720881dd36a26ae8769c8a16519c6c31","unknown","","","","","true","false","","","","0","0","0","0.0000","","0","0","yes_lives_in_working_dir_only","","","DROP","T2,T4,T6","discard",""
"mac_working_dir_2007-ra-cmo-smemme-la-3607-eff289_2026-05-29","mac_working_dir","/Users/scott/Desktop/Archive/prepared/2007-ra-cmo-smemme-la-3607-eff289/working","72","72","1","/Users/scott/Desktop/Archive/prescience_score_prompt_v2.md","f8c1e07469d8fce3148ad7c53f3ebb7f02fa312d8e0b724f6912808923385d29","true","0-5","","","","","","","","","","","","","","/Users/scott/Desktop/Archive/prepared/2007-ra-cmo-smemme-la-3607-eff289/working/entity_candidates.csv","6b1d233f418df07e3a6ef35724072e0f49139200fe66372a6312f0b54ccb6b81","unknown","","","","","true","false","","","","0","0","0","0.0000","","0","0","yes_lives_in_working_dir_only","","","DROP","T2,T4,T6","discard",""
"mac_working_dir_2q05-ee-appinbusop-020205-wm-be4436_2026-05-23","mac_working_dir","/Users/scott/Desktop/Archive/prepared/2q05-ee-appinbusop-020205-wm-be4436/working","","","","/Users/scott/Desktop/Archive/prescience_score_prompt_v2.md","f8c1e07469d8fce3148ad7c53f3ebb7f02fa312d8e0b724f6912808923385d29","true","0-5","","","","","","","","","","","","","","/Users/scott/Desktop/Archive/prepared/2q05-ee-appinbusop-020205-wm-be4436/working/entity_candidates.csv","100757832aa39cfedbef8ed553373fcd4c98e6d9714cc3ca4917c521e3da9aaa","unknown","","","","","true","false","","","","","","","","","","","yes_lives_in_working_dir_only","","","DROP","T2,T4,T6","discard",""
"mac_working_dir_2q05-ee-security-best-practices-041105a-a3dd34_2026-05-23","mac_working_dir","/Users/scott/Desktop/Archive/prepared/2q05-ee-security-best-practices-041105a-a3dd34/working","","","","/Users/scott/Desktop/Archive/prescience_score_prompt_v2.md","f8c1e07469d8fce3148ad7c53f3ebb7f02fa312d8e0b724f6912808923385d29","true","0-5","","","","","","","","","","","","","","/Users/scott/Desktop/Archive/prepared/2q05-ee-security-best-practices-041105a-a3dd34/working/entity_candidates.csv","811ea4e40be62500b2bd08a823c741bc91733074c78916da9df97296b9ac27a0","unknown","","","","","true","false","","","","","","","","","","","yes_lives_in_working_dir_only","","","DROP","T2,T4,T6","discard",""
"mac_working_dir_2q05-ee-workforceoptimization-030105b-3988e6_2026-05-23","mac_working_dir","/Users/scott/Desktop/Archive/prepared/2q05-ee-workforceoptimization-030105b-3988e6/working","2","0","0","/Users/scott/Desktop/Archive/prescience_score_prompt_v2.md","f8c1e07469d8fce3148ad7c53f3ebb7f02fa312d8e0b724f6912808923385d29","true","0-5","","","","","","","","","","","","","","/Users/scott/Desktop/Archive/prepared/2q05-ee-workforceoptimization-030105b-3988e6/working/entity_candidates.csv","941765af3e73181de951bbb64b3b2b55853e61ea7aa607c390a0f53297aaadc2","unknown","","","","","true","false","","","","0","0","0","0.0000","","0","0","yes_lives_in_working_dir_only","","","DROP","T2,T4,T6","discard",""
"mac_working_dir_4q05-20role-20of-20quality-20in-20manufacturing-20jb-jb-2004oct05-2120d2_2026-05-23","mac_working_dir","/Users/scott/Desktop/Archive/prepared/4q05-20role-20of-20quality-20in-20manufacturing-20jb-jb-2004oct05-2120d2/working","","","","/Users/scott/Desktop/Archive/prescience_score_prompt_v2.md","f8c1e07469d8fce3148ad7c53f3ebb7f02fa312d8e0b724f6912808923385d29","true","0-5","","","","","","","","","","","","","","/Users/scott/Desktop/Archive/prepared/4q05-20role-20of-20quality-20in-20manufacturing-20jb-jb-2004oct05-2120d2/working/entity_candidates.csv","100757832aa39cfedbef8ed553373fcd4c98e6d9714cc3ca4917c521e3da9aaa","unknown","","","","","true","false","","","","","","","","","","","yes_lives_in_working_dir_only","","","DROP","T2,T4,T6","discard",""
"mac_working_dir_4q05-greatit-wm-d4022a_2026-05-23","mac_working_dir","/Users/scott/Desktop/Archive/prepared/4q05-greatit-wm-d4022a/working","2","0","0","/Users/scott/Desktop/Archive/prescience_score_prompt_v2.md","f8c1e07469d8fce3148ad7c53f3ebb7f02fa312d8e0b724f6912808923385d29","true","0-5","","","","","","","","","","","","","","/Users/scott/Desktop/Archive/prepared/4q05-greatit-wm-d4022a/working/observation_candidates.csv","373e001b37be3230f31b05867feff809ddd9b5a45920d8054bc0ca7b38ecf037","unknown","","","","","true","false","","","","0","0","0","0.0000","","0","0","yes_lives_in_working_dir_only","","","DROP","T2,T4,T6","discard",""
"mac_working_dir_4q05-mto-mktingperfmgmt-080105a-053084_2026-05-23","mac_working_dir","/Users/scott/Desktop/Archive/prepared/4q05-mto-mktingperfmgmt-080105a-053084/working","3","0","0","/Users/scott/Desktop/Archive/prescience_score_prompt_v2.md","f8c1e07469d8fce3148ad7c53f3ebb7f02fa312d8e0b724f6912808923385d29","true","0-5","","","","","","","","","","","","","","/Users/scott/Desktop/Archive/prepared/4q05-mto-mktingperfmgmt-080105a-053084/working/entity_candidates.csv","100757832aa39cfedbef8ed553373fcd4c98e6d9714cc3ca4917c521e3da9aaa","unknown","","","","","true","false","","","","0","0","0","0.0000","","0","0","yes_lives_in_working_dir_only","","","DROP","T2,T4,T6","discard",""
"mac_working_dir_aberdeen-companyprofile-50a990_2026-05-29","mac_working_dir","/Users/scott/Desktop/Archive/prepared/aberdeen-companyprofile-50a990/working","8","0","0","/Users/scott/Desktop/Archive/prescience_score_prompt_v2.md","f8c1e07469d8fce3148ad7c53f3ebb7f02fa312d8e0b724f6912808923385d29","true","0-5","","","","","","","","","","","","","","/Users/scott/Desktop/Archive/prepared/aberdeen-companyprofile-50a990/working/observation_candidates.csv","9a47a53cc1d7e35e740f4bbafcbbd8ce0d0ee30959850de6d6d6989793a004f4","unknown","","","","","true","false","","","","0","0","0","0.0000","","0","0","yes_lives_in_working_dir_only","","","DROP","T2,T4,T6","discard",""
"mac_working_dir_aberdeen-preso-for-emc-final-storage-ead7c2_2026-05-29","mac_working_dir","/Users/scott/Desktop/Archive/prepared/aberdeen-preso-for-emc-final-storage-ead7c2/working","1","1","1","/Users/scott/Desktop/Archive/prescience_score_prompt_v2.md","f8c1e07469d8fce3148ad7c53f3ebb7f02fa312d8e0b724f6912808923385d29","true","0-5","","","","","","","","","","","","","","/Users/scott/Desktop/Archive/prepared/aberdeen-preso-for-emc-final-storage-ead7c2/working/entity_candidates.csv","2ff2324da329687e5b6da3b052bfc5469386e2584b2b48fc59cc9ad161e5d20c","unknown","","","","","true","false","","","","0","0","0","0.0000","","0","0","yes_lives_in_working_dir_only","","","DROP","T2,T4,T6","discard",""
"mac_working_dir_aberdeen-report-2007-1st-edition-6e3b0d_2026-05-29","mac_working_dir","/Users/scott/Desktop/Archive/prepared/aberdeen-report-2007-1st-edition-6e3b0d/working","106","106","1","/Users/scott/Desktop/Archive/prescience_score_prompt_v2.md","f8c1e07469d8fce3148ad7c53f3ebb7f02fa312d8e0b724f6912808923385d29","true","0-5","","","","","","","","","","","","","","/Users/scott/Desktop/Archive/prepared/aberdeen-report-2007-1st-edition-6e3b0d/working/entity_candidates.csv","95a3e4af5ab5cb20fe25e3824e452f60495e0723d47063ec19a30655794740ac","unknown","","","","","true","false","","","","0","0","0","0.0000","","0","0","yes_lives_in_working_dir_only","","","DROP","T2,T4,T6","discard",""
"mac_working_dir_aberdeenaccess-699575_2026-05-23","mac_working_dir","/Users/scott/Desktop/Archive/prepared/aberdeenaccess-699575/working","","","","/Users/scott/Desktop/Archive/prescience_score_prompt_v2.md","f8c1e07469d8fce3148ad7c53f3ebb7f02fa312d8e0b724f6912808923385d29","true","0-5","","","","","","","","","","","","","","/Users/scott/Desktop/Archive/prepared/aberdeenaccess-699575/working/entity_candidates.csv","100757832aa39cfedbef8ed553373fcd4c98e6d9714cc3ca4917c521e3da9aaa","unknown","","","","","true","false","","","","","","","","","","","yes_lives_in_working_dir_only","","","DROP","T2,T4,T6","discard",""
"mac_working_dir_aberdeenadvisoryaccessservice-b99846_2026-05-23","mac_working_dir","/Users/scott/Desktop/Archive/prepared/aberdeenadvisoryaccessservice-b99846/working","","","","/Users/scott/Desktop/Archive/prescience_score_prompt_v2.md","f8c1e07469d8fce3148ad7c53f3ebb7f02fa312d8e0b724f6912808923385d29","true","0-5","","","","","","","","","","","","","","/Users/scott/Desktop/Archive/prepared/aberdeenadvisoryaccessservice-b99846/working/entity_candidates.csv","b8d7e6a412525ef2f0b2385d86dec34b5f0cc317a6e2264b7c3f4739dc6e8329","unknown","","","","","true","false","","","","","","","","","","","yes_lives_in_working_dir_only","","","DROP","T2,T4,T6","discard",""
"mac_working_dir_aberdeene-businesscollateral-788c61_2026-05-23","mac_working_dir","/Users/scott/Desktop/Archive/prepared/aberdeene-businesscollateral-788c61/working","","","","/Users/scott/Desktop/Archive/prescience_score_prompt_v2.md","f8c1e07469d8fce3148ad7c53f3ebb7f02fa312d8e0b724f6912808923385d29","true","0-5","","","","","","","","","","","","","","/Users/scott/Desktop/Archive/prepared/aberdeene-businesscollateral-788c61/working/entity_candidates.csv","100757832aa39cfedbef8ed553373fcd4c98e6d9714cc3ca4917c521e3da9aaa","unknown","","","","","true","false","","","","","","","","","","","yes_lives_in_working_dir_only","","","DROP","T2,T4,T6","discard",""
"mac_working_dir_aberdeene-learning-6737c5_2026-05-23","mac_working_dir","/Users/scott/Desktop/Archive/prepared/aberdeene-learning-6737c5/working","","","","/Users/scott/Desktop/Archive/prescience_score_prompt_v2.md","f8c1e07469d8fce3148ad7c53f3ebb7f02fa312d8e0b724f6912808923385d29","true","0-5","","","","","","","","","","","","","","/Users/scott/Desktop/Archive/prepared/aberdeene-learning-6737c5/working/entity_candidates.csv","100757832aa39cfedbef8ed553373fcd4c98e6d9714cc3ca4917c521e3da9aaa","unknown","","","","","true","false","","","","","","","","","","","yes_lives_in_working_dir_only","","","DROP","T2,T4,T6","discard",""
"mac_working_dir_aberdeenexecutivewhitepaper-112639_2026-05-23","mac_working_dir","/Users/scott/Desktop/Archive/prepared/aberdeenexecutivewhitepaper-112639/working","","","","/Users/scott/Desktop/Archive/prescience_score_prompt_v2.md","f8c1e07469d8fce3148ad7c53f3ebb7f02fa312d8e0b724f6912808923385d29","true","0-5","","","","","","","","","","","","","","/Users/scott/Desktop/Archive/prepared/aberdeenexecutivewhitepaper-112639/working/entity_candidates.csv","5e03ce83c0f469629a2332066c255e156994eaa42efe46526b3cee7ed8d48e29","unknown","","","","","true","false","","","","","","","","","","","yes_lives_in_working_dir_only","","","DROP","T2,T4,T6","discard",""
"mac_working_dir_aberdeenfulfillmentresearchagenda-788e79_2026-05-23","mac_working_dir","/Users/scott/Desktop/Archive/prepared/aberdeenfulfillmentresearchagenda-788e79/working","","","","/Users/scott/Desktop/Archive/prescience_score_prompt_v2.md","f8c1e07469d8fce3148ad7c53f3ebb7f02fa312d8e0b724f6912808923385d29","true","0-5","","","","","","","","","","","","","","/Users/scott/Desktop/Archive/prepared/aberdeenfulfillmentresearchagenda-788e79/working/entity_candidates.csv","fe72fe4adc74a41d29a53bbcfebc7b29abf9a06dd46111d1b3dc7d2888cf7fe4","unknown","","","","","true","false","","","","","","","","","","","yes_lives_in_working_dir_only","","","DROP","T2,T4,T6","discard",""
"mac_working_dir_aberdeenmascollateral-2c5815_2026-05-23","mac_working_dir","/Users/scott/Desktop/Archive/prepared/aberdeenmascollateral-2c5815/working","","","","/Users/scott/Desktop/Archive/prescience_score_prompt_v2.md","f8c1e07469d8fce3148ad7c53f3ebb7f02fa312d8e0b724f6912808923385d29","true","0-5","","","","","","","","","","","","","","/Users/scott/Desktop/Archive/prepared/aberdeenmascollateral-2c5815/working/entity_candidates.csv","100757832aa39cfedbef8ed553373fcd4c98e6d9714cc3ca4917c521e3da9aaa","unknown","","","","","true","false","","","","","","","","","","","yes_lives_in_working_dir_only","","","DROP","T2,T4,T6","discard",""
"mac_working_dir_aberdeenmto-retailresearchagenda-9b596e_2026-05-23","mac_working_dir","/Users/scott/Desktop/Archive/prepared/aberdeenmto-retailresearchagenda-9b596e/working","3","0","0","/Users/scott/Desktop/Archive/prescience_score_prompt_v2.md","f8c1e07469d8fce3148ad7c53f3ebb7f02fa312d8e0b724f6912808923385d29","true","0-5","","","","","","","","","","","","","","/Users/scott/Desktop/Archive/prepared/aberdeenmto-retailresearchagenda-9b596e/working/observation_candidates.csv","7617bba86099ad0959c2288f9374e1efd64e89a09121a83d2b5cc3218b8b77be","unknown","","","","","true","false","","","","0","0","0","0.0000","","0","0","yes_lives_in_working_dir_only","","","DROP","T2,T4,T6","discard",""
"mac_working_dir_aberdeenmto-sellsideresearchagenda-0c8b87_2026-05-23","mac_working_dir","/Users/scott/Desktop/Archive/prepared/aberdeenmto-sellsideresearchagenda-0c8b87/working","","","","/Users/scott/Desktop/Archive/prescience_score_prompt_v2.md","f8c1e07469d8fce3148ad7c53f3ebb7f02fa312d8e0b724f6912808923385d29","true","0-5","","","","","","","","","","","","","","/Users/scott/Desktop/Archive/prepared/aberdeenmto-sellsideresearchagenda-0c8b87/working/entity_candidates.csv","48f0a6fc88ec33b4d554ea133f21272afa37265db5cef1a703489762b115b070","unknown","","","","","true","false","","","","","","","","","","","yes_lives_in_working_dir_only","","","DROP","T2,T4,T6","discard",""
"mac_working_dir_aberdeenprofile-c87d33_2026-05-23","mac_working_dir","/Users/scott/Desktop/Archive/prepared/aberdeenprofile-c87d33/working","","","","/Users/scott/Desktop/Archive/prescience_score_prompt_v2.md","f8c1e07469d8fce3148ad7c53f3ebb7f02fa312d8e0b724f6912808923385d29","true","0-5","","","","","","","","","","","","","","/Users/scott/Desktop/Archive/prepared/aberdeenprofile-c87d33/working/entity_candidates.csv","100757832aa39cfedbef8ed553373fcd4c98e6d9714cc3ca4917c521e3da9aaa","unknown","","","","","true","false","","","","","","","","","","","yes_lives_in_working_dir_only","","","DROP","T2,T4,T6","discard",""
"mac_working_dir_aberdeensmiscollateral-ed3f69_2026-05-23","mac_working_dir","/Users/scott/Desktop/Archive/prepared/aberdeensmiscollateral-ed3f69/working","","","","/Users/scott/Desktop/Archive/prescience_score_prompt_v2.md","f8c1e07469d8fce3148ad7c53f3ebb7f02fa312d8e0b724f6912808923385d29","true","0-5","","","","","","","","","","","","","","/Users/scott/Desktop/Archive/prepared/aberdeensmiscollateral-ed3f69/working/entity_candidates.csv","7320b7b77421f7e7e94777f457df17fc3e725ede31a74f938e6917940b01502f","unknown","","","","","true","false","","","","","","","","","","","yes_lives_in_working_dir_only","","","DROP","T2,T4,T6","discard",""
"mac_working_dir_about-aberdeen-access-d00a7c_2026-05-23","mac_working_dir","/Users/scott/Desktop/Archive/prepared/about-aberdeen-access-d00a7c/working","4","0","0","/Users/scott/Desktop/Archive/prescience_score_prompt_v2.md","f8c1e07469d8fce3148ad7c53f3ebb7f02fa312d8e0b724f6912808923385d29","true","0-5","","","","","","","","","","","","","","/Users/scott/Desktop/Archive/prepared/about-aberdeen-access-d00a7c/working/entity_candidates.csv","100757832aa39cfedbef8ed553373fcd4c98e6d9714cc3ca4917c521e3da9aaa","unknown","","","","","true","false","","","","0","0","0","0.0000","","0","0","yes_lives_in_working_dir_only","","","DROP","T2,T4,T6","discard",""
"mac_working_dir_abra-design-to-procure-090204-fc3e6d_2026-05-23","mac_working_dir","/Users/scott/Desktop/Archive/prepared/abra-design-to-procure-090204-fc3e6d/working","4","0","0","/Users/scott/Desktop/Archive/prescience_score_prompt_v2.md","f8c1e07469d8fce3148ad7c53f3ebb7f02fa312d8e0b724f6912808923385d29","true","0-5","","","","","","","","","","","","","","/Users/scott/Desktop/Archive/prepared/abra-design-to-procure-090204-fc3e6d/working/entity_candidates.csv","36697be8b6bbc8434cb8db476f60d1c030b679ac7704fad51c53ef84e337c0b6","unknown","","","","","true","false","","","","0","0","0","0.0000","","0","0","yes_lives_in_working_dir_only","","","DROP","T2,T4,T6","discard",""
"mac_working_dir_abra-fulfillment-090204-47775d_2026-05-23","mac_working_dir","/Users/scott/Desktop/Archive/prepared/abra-fulfillment-090204-47775d/working","1","0","0","/Users/scott/Desktop/Archive/prescience_score_prompt_v2.md","f8c1e07469d8fce3148ad7c53f3ebb7f02fa312d8e0b724f6912808923385d29","true","0-5","","","","","","","","","","","","","","/Users/scott/Desktop/Archive/prepared/abra-fulfillment-090204-47775d/working/entity_candidates.csv","d53088f85bab66aa45147ad6c460fdf701bc5a6d448687fb4f2e1de22dafcd04","unknown","","","","","true","false","","","","0","0","0","0.0000","","0","0","yes_lives_in_working_dir_only","","","DROP","T2,T4,T6","discard",""
"mac_working_dir_abra-market-to-order-retail-090204-5ba5a7_2026-05-23","mac_working_dir","/Users/scott/Desktop/Archive/prepared/abra-market-to-order-retail-090204-5ba5a7/working","3","0","0","/Users/scott/Desktop/Archive/prescience_score_prompt_v2.md","f8c1e07469d8fce3148ad7c53f3ebb7f02fa312d8e0b724f6912808923385d29","true","0-5","","","","","","","","","","","","","","/Users/scott/Desktop/Archive/prepared/abra-market-to-order-retail-090204-5ba5a7/working/observation_candidates.csv","7617bba86099ad0959c2288f9374e1efd64e89a09121a83d2b5cc3218b8b77be","unknown","","","","","true","false","","","","0","0","0","0.0000","","0","0","yes_lives_in_working_dir_only","","","DROP","T2,T4,T6","discard",""
"mac_working_dir_abra-market-to-order-sellside-090204-acd407_2026-05-23","mac_working_dir","/Users/scott/Desktop/Archive/prepared/abra-market-to-order-sellside-090204-acd407/working","","","","/Users/scott/Desktop/Archive/prescience_score_prompt_v2.md","f8c1e07469d8fce3148ad7c53f3ebb7f02fa312d8e0b724f6912808923385d29","true","0-5","","","","","","","","","","","","","","/Users/scott/Desktop/Archive/prepared/abra-market-to-order-sellside-090204-acd407/working/entity_candidates.csv","48f0a6fc88ec33b4d554ea133f21272afa37265db5cef1a703489762b115b070","unknown","","","","","true","false","","","","","","","","","","","yes_lives_in_working_dir_only","","","DROP","T2,T4,T6","discard",""
"mac_working_dir_adls-911-systems-90e771_2026-05-29","mac_working_dir","/Users/scott/Desktop/Archive/prepared/adls-911-systems-90e771/working","13","0","0","/Users/scott/Desktop/Archive/prescience_score_prompt_v2.md","f8c1e07469d8fce3148ad7c53f3ebb7f02fa312d8e0b724f6912808923385d29","true","0-5","","","","","","","","","","","","","","/Users/scott/Desktop/Archive/prepared/adls-911-systems-90e771/working/observation_candidates.csv","6df4533be00d4bcb3841b57a62cf58b3390ade1937b7e0af065e98e534709aea","unknown","","","","","true","false","","","","0","0","0","0.0000","","0","0","yes_lives_in_working_dir_only","","","DROP","T2,T4,T6","discard",""
"mac_working_dir_adls-chase-manhattan-bank-208c2d_2026-05-29","mac_working_dir","/Users/scott/Desktop/Archive/prepared/adls-chase-manhattan-bank-208c2d/working","6","0","0","/Users/scott/Desktop/Archive/prescience_score_prompt_v2.md","f8c1e07469d8fce3148ad7c53f3ebb7f02fa312d8e0b724f6912808923385d29","true","0-5","","","","","","","","","","","","","","/Users/scott/Desktop/Archive/prepared/adls-chase-manhattan-bank-208c2d/working/observation_candidates.csv","db446775a972c9d254e8ebac3ae1b296085be73ecd2b0f83a3af0856ba3c683d","unknown","","","","","true","false","","","","0","0","0","0.0000","","0","0","yes_lives_in_working_dir_only","","","DROP","T2,T4,T6","discard",""
"mac_working_dir_adp-ase-meters-75c4c2_2026-05-29","mac_working_dir","/Users/scott/Desktop/Archive/prepared/adp-ase-meters-75c4c2/working","","","","/Users/scott/Desktop/Archive/prescience_score_prompt_v2.md","f8c1e07469d8fce3148ad7c53f3ebb7f02fa312d8e0b724f6912808923385d29","true","0-5","","","","","","","","","","","","","","/Users/scott/Desktop/Archive/prepared/adp-ase-meters-75c4c2/working/entity_candidates.csv","100757832aa39cfedbef8ed553373fcd4c98e6d9714cc3ca4917c521e3da9aaa","unknown","","","","","true","false","","","","","","","","","","","yes_lives_in_working_dir_only","","","DROP","T2,T4,T6","discard",""
"mac_working_dir_agile-8ecf32_2026-05-29","mac_working_dir","/Users/scott/Desktop/Archive/prepared/agile-8ecf32/working","5","0","0","/Users/scott/Desktop/Archive/prescience_score_prompt_v2.md","f8c1e07469d8fce3148ad7c53f3ebb7f02fa312d8e0b724f6912808923385d29","true","0-5","","","","","","","","","","","","","","/Users/scott/Desktop/Archive/prepared/agile-8ecf32/working/skipped_obs_v3.csv","81616cbd24a6f82213aa288a23acecd75e428b65ecfc9480c32520213ab4cdaf","unknown","","","","","true","false","","","","0","0","0","0.0000","","0","0","yes_lives_in_working_dir_only","","","DROP","T2,T4,T6","discard",""
"mac_working_dir_aimsnapshot-8adfd4_2026-05-29","mac_working_dir","/Users/scott/Desktop/Archive/prepared/aimsnapshot-8adfd4/working","10","0","0","/Users/scott/Desktop/Archive/prescience_score_prompt_v2.md","f8c1e07469d8fce3148ad7c53f3ebb7f02fa312d8e0b724f6912808923385d29","true","0-5","","","","","","","","","","","","","","/Users/scott/Desktop/Archive/prepared/aimsnapshot-8adfd4/working/skipped_obs_v3.csv","fdc124838ef8dc02d836d92d78c167293e1f7cd3c2faf169d100eeec6abf9d65","unknown","","","","","true","false","","","","0","0","0","0.0000","","0","0","yes_lives_in_working_dir_only","","","DROP","T2,T4,T6","discard",""
"mac_working_dir_akonixsnapshot-089ee6_2026-05-29","mac_working_dir","/Users/scott/Desktop/Archive/prepared/akonixsnapshot-089ee6/working","2","0","0","/Users/scott/Desktop/Archive/prescience_score_prompt_v2.md","f8c1e07469d8fce3148ad7c53f3ebb7f02fa312d8e0b724f6912808923385d29","true","0-5","","","","","","","","","","","","","","/Users/scott/Desktop/Archive/prepared/akonixsnapshot-089ee6/working/skipped_obs_v3.csv","62f9c864652bbe8ecf1ad16127d64c3be69c6bdec4a8a4728abcf5789c949a64","unknown","","","","","true","false","","","","0","0","0","0.0000","","0","0","yes_lives_in_working_dir_only","","","DROP","T2,T4,T6","discard",""
"mac_working_dir_alternasnapshot-5ed256_2026-05-29","mac_working_dir","/Users/scott/Desktop/Archive/prepared/alternasnapshot-5ed256/working","5","0","0","/Users/scott/Desktop/Archive/prescience_score_prompt_v2.md","f8c1e07469d8fce3148ad7c53f3ebb7f02fa312d8e0b724f6912808923385d29","true","0-5","","","","","","","","","","","","","","/Users/scott/Desktop/Archive/prepared/alternasnapshot-5ed256/working/skipped_obs_v3.csv","64c5f9c9029822dbb7cd787a6c60e595e78322141c2b368dd114053a64c8b794","unknown","","","","","true","false","","","","0","0","0","0.0000","","0","0","yes_lives_in_working_dir_only","","","DROP","T2,T4,T6","discard",""
"mac_working_dir_ariba-e7dfd0_2026-05-29","mac_working_dir","/Users/scott/Desktop/Archive/prepared/ariba-e7dfd0/working","10","0","0","/Users/scott/Desktop/Archive/prescience_score_prompt_v2.md","f8c1e07469d8fce3148ad7c53f3ebb7f02fa312d8e0b724f6912808923385d29","true","0-5","","","","","","","","","","","","","","/Users/scott/Desktop/Archive/prepared/ariba-e7dfd0/working/skipped_obs_v3.csv","da674a8de295fa531096fad0e4a5ef5d69368b187822214478f66695673aebd8","unknown","","","","","true","false","","","","0","0","0","0.0000","","0","0","yes_lives_in_working_dir_only","","","DROP","T2,T4,T6","discard",""
"mac_working_dir_arzoonsnapshot-149da0_2026-05-29","mac_working_dir","/Users/scott/Desktop/Archive/prepared/arzoonsnapshot-149da0/working","3","0","0","/Users/scott/Desktop/Archive/prescience_score_prompt_v2.md","f8c1e07469d8fce3148ad7c53f3ebb7f02fa312d8e0b724f6912808923385d29","true","0-5","","","","","","","","","","","","","","/Users/scott/Desktop/Archive/prepared/arzoonsnapshot-149da0/working/skipped_obs_v3.csv","9f2647842b0ce71eaf7223dd75edf9f9c0edc77b2879b8d7bc8c9b3b4a21acd2","unknown","","","","","true","false","","","","0","0","0","0.0000","","0","0","yes_lives_in_working_dir_only","","","DROP","T2,T4,T6","discard",""
"mac_working_dir_aspreport-toc-0c4a40_2026-05-23","mac_working_dir","/Users/scott/Desktop/Archive/prepared/aspreport-toc-0c4a40/working","2","0","0","/Users/scott/Desktop/Archive/prescience_score_prompt_v2.md","f8c1e07469d8fce3148ad7c53f3ebb7f02fa312d8e0b724f6912808923385d29","true","0-5","","","","","","","","","","","","","","/Users/scott/Desktop/Archive/prepared/aspreport-toc-0c4a40/working/bucket_signals.json","28f5fd33ad5b5f5282ee7f72eb3bf35bc0b6ae5fc21edf76d172986138171dbe","unknown","","","","","true","false","","","","0","0","0","0.0000","","0","0","yes_lives_in_working_dir_only","","","DROP","T2,T4,T6","discard",""
"mac_working_dir_asptop10toc-216854_2026-05-23","mac_working_dir","/Users/scott/Desktop/Archive/prepared/asptop10toc-216854/working","5","0","0","/Users/scott/Desktop/Archive/prescience_score_prompt_v2.md","f8c1e07469d8fce3148ad7c53f3ebb7f02fa312d8e0b724f6912808923385d29","true","0-5","","","","","","","","","","","","","","/Users/scott/Desktop/Archive/prepared/asptop10toc-216854/working/bucket_signals.json","66639274fa0625f30019a5f3c550661b030e46e5bf18707b4c9ca709503aee61","unknown","","","","","true","false","","","","0","0","0","0.0000","","0","0","yes_lives_in_working_dir_only","","","DROP","T2,T4,T6","discard",""
"mac_working_dir_avatiersnapshot-882cb6_2026-05-29","mac_working_dir","/Users/scott/Desktop/Archive/prepared/avatiersnapshot-882cb6/working","5","0","0","/Users/scott/Desktop/Archive/prescience_score_prompt_v2.md","f8c1e07469d8fce3148ad7c53f3ebb7f02fa312d8e0b724f6912808923385d29","true","0-5","","","","","","","","","","","","","","/Users/scott/Desktop/Archive/prepared/avatiersnapshot-882cb6/working/skipped_obs_v3.csv","5e9de8a29a5ec5a8604eeb308a890edf94796b53344c700dd0df509b9b6947f4","unknown","","","","","true","false","","","","0","0","0","0.0000","","0","0","yes_lives_in_working_dir_only","","","DROP","T2,T4,T6","discard",""
"mac_working_dir_azeritysnapshot-511e79_2026-05-29","mac_working_dir","/Users/scott/Desktop/Archive/prepared/azeritysnapshot-511e79/working","8","0","0","/Users/scott/Desktop/Archive/prescience_score_prompt_v2.md","f8c1e07469d8fce3148ad7c53f3ebb7f02fa312d8e0b724f6912808923385d29","true","0-5","","","","","","","","","","","","","","/Users/scott/Desktop/Archive/prepared/azeritysnapshot-511e79/working/skipped_obs_v3.csv","5a3b31093263677655beb7002241bdab39dc420609fe9e1d5c85e0e8d8415e34","unknown","","","","","true","false","","","","0","0","0","0.0000","","0","0","yes_lives_in_working_dir_only","","","DROP","T2,T4,T6","discard",""
"mac_working_dir_ba-mobilemessaging-apw-bs-3703-2a96a0_2026-05-29","mac_working_dir","/Users/scott/Desktop/Archive/prepared/ba-mobilemessaging-apw-bs-3703-2a96a0/working","61","61","1","/Users/scott/Desktop/Archive/prescience_score_prompt_v2.md","f8c1e07469d8fce3148ad7c53f3ebb7f02fa312d8e0b724f6912808923385d29","true","0-5","","","","","","","","","","","","","","/Users/scott/Desktop/Archive/prepared/ba-mobilemessaging-apw-bs-3703-2a96a0/working/entity_candidates.csv","877ef72635a34cc06f4986e053d615d72a760f459fd9ee30b48fbc57ca407be6","unknown","","","","","true","false","","","","0","0","0","0.0000","","0","0","yes_lives_in_working_dir_only","","","DROP","T2,T4,T6","discard",""
"mac_working_dir_ba-uc-pb-3704-82afab_2026-05-29","mac_working_dir","/Users/scott/Desktop/Archive/prepared/ba-uc-pb-3704-82afab/working","79","79","1","/Users/scott/Desktop/Archive/prescience_score_prompt_v2.md","f8c1e07469d8fce3148ad7c53f3ebb7f02fa312d8e0b724f6912808923385d29","true","0-5","","","","","","","","","","","","","","/Users/scott/Desktop/Archive/prepared/ba-uc-pb-3704-82afab/working/entity_candidates.csv","43b5acf57428d0d6732d6b2d01a3ffd7d3cc271efec92b84ac65ecd561673eb7","unknown","","","","","true","false","","","","0","0","0","0.0000","","0","0","yes_lives_in_working_dir_only","","","DROP","T2,T4,T6","discard",""
"mac_working_dir_bigfixsnapshot-f4a360_2026-05-29","mac_working_dir","/Users/scott/Desktop/Archive/prepared/bigfixsnapshot-f4a360/working","","","","/Users/scott/Desktop/Archive/prescience_score_prompt_v2.md","f8c1e07469d8fce3148ad7c53f3ebb7f02fa312d8e0b724f6912808923385d29","true","0-5","","","","","","","","","","","","","","/Users/scott/Desktop/Archive/prepared/bigfixsnapshot-f4a360/working/entity_candidates.csv","0c8254bac1e4fd55277e2e4bdb5a5f3b859e799d8482262dd338482ce7033422","unknown","","","","","true","false","","","","","","","","","","","yes_lives_in_working_dir_only","","","DROP","T2,T4,T6","discard",""
"mac_working_dir_bluestreaksnapshot-be4053_2026-05-29","mac_working_dir","/Users/scott/Desktop/Archive/prepared/bluestreaksnapshot-be4053/working","5","0","0","/Users/scott/Desktop/Archive/prescience_score_prompt_v2.md","f8c1e07469d8fce3148ad7c53f3ebb7f02fa312d8e0b724f6912808923385d29","true","0-5","","","","","","","","","","","","","","/Users/scott/Desktop/Archive/prepared/bluestreaksnapshot-be4053/working/skipped_obs_v3.csv","7f3a7dff84d74cb662ceb75aba60a4a88db4c12c62f1bea81f7d7fe90166ee43","unknown","","","","","true","false","","","","0","0","0","0.0000","","0","0","yes_lives_in_working_dir_only","","","DROP","T2,T4,T6","discard",""
"mac_working_dir_bm-compliance-clues-3590-ac2adb_2026-05-29","mac_working_dir","/Users/scott/Desktop/Archive/prepared/bm-compliance-clues-3590-ac2adb/working","38","38","1","/Users/scott/Desktop/Archive/prescience_score_prompt_v2.md","f8c1e07469d8fce3148ad7c53f3ebb7f02fa312d8e0b724f6912808923385d29","true","0-5","","","","","","","","","","","","","","/Users/scott/Desktop/Archive/prepared/bm-compliance-clues-3590-ac2adb/working/entity_candidates.csv","ab6a4235abf3378b355f70ad67186a4c74d1d380ee164623c00b10c4fb86efa3","unknown","","","","","true","false","","","","0","0","0","0.0000","","0","0","yes_lives_in_working_dir_only","","","DROP","T2,T4,T6","discard",""
"mac_working_dir_bm-compliance-traceability-3702-c02e4b_2026-05-29","mac_working_dir","/Users/scott/Desktop/Archive/prepared/bm-compliance-traceability-3702-c02e4b/working","30","30","1","/Users/scott/Desktop/Archive/prescience_score_prompt_v2.md","f8c1e07469d8fce3148ad7c53f3ebb7f02fa312d8e0b724f6912808923385d29","true","0-5","","","","","","","","","","","","","","/Users/scott/Desktop/Archive/prepared/bm-compliance-traceability-3702-c02e4b/working/entity_candidates.csv","bdd78c8efc89a948df6ddf342275cea0e1cc4e1b10341395cd0fe3d14d928b62","unknown","","","","","true","false","","","","0","0","0","0.0000","","0","0","yes_lives_in_working_dir_only","","","DROP","T2,T4,T6","discard",""
"mac_working_dir_bm-manufacturing-intelligence-3594-578435_2026-05-29","mac_working_dir","/Users/scott/Desktop/Archive/prepared/bm-manufacturing-intelligence-3594-578435/working","49","49","1","/Users/scott/Desktop/Archive/prescience_score_prompt_v2.md","f8c1e07469d8fce3148ad7c53f3ebb7f02fa312d8e0b724f6912808923385d29","true","0-5","","","","","","","","","","","","","","/Users/scott/Desktop/Archive/prepared/bm-manufacturing-intelligence-3594-578435/working/entity_candidates.csv","77ca3fef53d2d17a1b38792ed33f1ea2cac816cc1e2711d52d9b6cfacf61c1bd","unknown","","","","","true","false","","","","0","0","0","0.0000","","0","0","yes_lives_in_working_dir_only","","","DROP","T2,T4,T6","discard",""
"mac_working_dir_bocsnapshot-a766a7_2026-05-29","mac_working_dir","/Users/scott/Desktop/Archive/prepared/bocsnapshot-a766a7/working","2","0","0","/Users/scott/Desktop/Archive/prescience_score_prompt_v2.md","f8c1e07469d8fce3148ad7c53f3ebb7f02fa312d8e0b724f6912808923385d29","true","0-5","","","","","","","","","","","","","","/Users/scott/Desktop/Archive/prepared/bocsnapshot-a766a7/working/skipped_obs_v3.csv","4f329a33b9328f80c8b7373f302e9c1eb68a27d39f507c7dbb9e1b75eefccc22","unknown","","","","","true","false","","","","0","0","0","0.0000","","0","0","yes_lives_in_working_dir_only","","","DROP","T2,T4,T6","discard",""
"mac_working_dir_bpmwebtoc-065bc6_2026-05-29","mac_working_dir","/Users/scott/Desktop/Archive/prepared/bpmwebtoc-065bc6/working","3","0","0","/Users/scott/Desktop/Archive/prescience_score_prompt_v2.md","f8c1e07469d8fce3148ad7c53f3ebb7f02fa312d8e0b724f6912808923385d29","true","0-5","","","","","","","","","","","","","","/Users/scott/Desktop/Archive/prepared/bpmwebtoc-065bc6/working/skipped_obs_v3.csv","db90871a9fd802c8488318ad02deb91697873f60ac9d1b51daa8cd115176d178","unknown","","","","","true","false","","","","0","0","0","0.0000","","0","0","yes_lives_in_working_dir_only","","","DROP","T2,T4,T6","discard",""
"mac_working_dir_bvr-spendcompmgmt-121704b-e31821_2026-05-29","mac_working_dir","/Users/scott/Desktop/Archive/prepared/bvr-spendcompmgmt-121704b-e31821/working","19","19","1","/Users/scott/Desktop/Archive/prescience_score_prompt_v2.md","f8c1e07469d8fce3148ad7c53f3ebb7f02fa312d8e0b724f6912808923385d29","true","0-5","","","","","","","","","","","","","","/Users/scott/Desktop/Archive/prepared/bvr-spendcompmgmt-121704b-e31821/working/entity_candidates.csv","77fab4453afca12956df5cfb510f960e2ad80e8f02f8e74e5149bf46e37e8e24","unknown","","","","","true","false","","","","0","0","0","0.0000","","0","0","yes_lives_in_working_dir_only","","","DROP","T2,T4,T6","discard",""
"mac_working_dir_callcenteroptimization-researchreport-rk-3503-0ea8b5_2026-05-29","mac_working_dir","/Users/scott/Desktop/Archive/prepared/callcenteroptimization-researchreport-rk-3503-0ea8b5/working","46","46","1","/Users/scott/Desktop/Archive/prescience_score_prompt_v2.md","f8c1e07469d8fce3148ad7c53f3ebb7f02fa312d8e0b724f6912808923385d29","true","0-5","","","","","","","","","","","","","","/Users/scott/Desktop/Archive/prepared/callcenteroptimization-researchreport-rk-3503-0ea8b5/working/entity_candidates.csv","659efb9c06d0b40c448ab6685af844d61a2e69e4472d6ffdca66cd363e163ec8","unknown","","","","","true","false","","","","0","0","0","0.0000","","0","0","yes_lives_in_working_dir_only","","","DROP","T2,T4,T6","discard",""
"mac_working_dir_callcenterstoc-46e10a_2026-05-29","mac_working_dir","/Users/scott/Desktop/Archive/prepared/callcenterstoc-46e10a/working","9","0","0","/Users/scott/Desktop/Archive/prescience_score_prompt_v2.md","f8c1e07469d8fce3148ad7c53f3ebb7f02fa312d8e0b724f6912808923385d29","true","0-5","","","","","","","","","","","","","","/Users/scott/Desktop/Archive/prepared/callcenterstoc-46e10a/working/skipped_obs_v3.csv","672c0d12e924d08c8339be46d2388ec465f8bcba483be52d838714b359a17066","unknown","","","","","true","false","","","","0","0","0","0.0000","","0","0","yes_lives_in_working_dir_only","","","DROP","T2,T4,T6","discard",""
"mac_working_dir_ci-factoids-188ee5_2026-05-23","mac_working_dir","/Users/scott/Desktop/Archive/prepared/ci-factoids-188ee5/working","9","0","0","/Users/scott/Desktop/Archive/prescience_score_prompt_v2.md","f8c1e07469d8fce3148ad7c53f3ebb7f02fa312d8e0b724f6912808923385d29","true","0-5","","","","","","","","","","","","","","/Users/scott/Desktop/Archive/prepared/ci-factoids-188ee5/working/entity_candidates.csv","100757832aa39cfedbef8ed553373fcd4c98e6d9714cc3ca4917c521e3da9aaa","unknown","","","","","true","false","","","","0","0","0","0.0000","","0","0","yes_lives_in_working_dir_only","","","DROP","T2,T4,T6","discard",""
"mac_working_dir_citadelsnapshot-654e06_2026-05-29","mac_working_dir","/Users/scott/Desktop/Archive/prepared/citadelsnapshot-654e06/working","2","0","0","/Users/scott/Desktop/Archive/prescience_score_prompt_v2.md","f8c1e07469d8fce3148ad7c53f3ebb7f02fa312d8e0b724f6912808923385d29","true","0-5","","","","","","","","","","","","","","/Users/scott/Desktop/Archive/prepared/citadelsnapshot-654e06/working/skipped_obs_v3.csv","3fb6bf4e635d81261d3354b465869137f78d0378834b563a775094e012f15dd1","unknown","","","","","true","false","","","","0","0","0","0.0000","","0","0","yes_lives_in_working_dir_only","","","DROP","T2,T4,T6","discard",""
"mac_working_dir_clm-q2c-rb-vp-3879-bc4f62_2026-05-29","mac_working_dir","/Users/scott/Desktop/Archive/prepared/clm-q2c-rb-vp-3879-bc4f62/working","7","7","1","/Users/scott/Desktop/Archive/prescience_score_prompt_v2.md","f8c1e07469d8fce3148ad7c53f3ebb7f02fa312d8e0b724f6912808923385d29","true","0-5","","","","","","","","","","","","","","/Users/scott/Desktop/Archive/prepared/clm-q2c-rb-vp-3879-bc4f62/working/entity_candidates.csv","bbe0d8203023bb750e0ed7c90f4949457fbfd972a8d1b88a4ac64ef449aa840f","unknown","","","","","true","false","","","","0","0","0","0.0000","","0","0","yes_lives_in_working_dir_only","","","DROP","T2,T4,T6","discard",""
"mac_working_dir_clpbenchmark-3708-63ff3f_2026-05-29","mac_working_dir","/Users/scott/Desktop/Archive/prepared/clpbenchmark-3708-63ff3f/working","57","57","1","/Users/scott/Desktop/Archive/prescience_score_prompt_v2.md","f8c1e07469d8fce3148ad7c53f3ebb7f02fa312d8e0b724f6912808923385d29","true","0-5","","","","","","","","","","","","","","/Users/scott/Desktop/Archive/prepared/clpbenchmark-3708-63ff3f/working/entity_candidates.csv","63c4ad8bbc592c88ac02ebb5375ed677959554207f68e5492c51126cfc78ebb4","unknown","","","","","true","false","","","","0","0","0","0.0000","","0","0","yes_lives_in_working_dir_only","","","DROP","T2,T4,T6","discard",""
"mac_working_dir_cm-q2c-vp-3715-aa1364_2026-05-29","mac_working_dir","/Users/scott/Desktop/Archive/prepared/cm-q2c-vp-3715-aa1364/working","48","48","1","/Users/scott/Desktop/Archive/prescience_score_prompt_v2.md","f8c1e07469d8fce3148ad7c53f3ebb7f02fa312d8e0b724f6912808923385d29","true","0-5","","","","","","","","","","","","","","/Users/scott/Desktop/Archive/prepared/cm-q2c-vp-3715-aa1364/working/entity_candidates.csv","c19be1b5831ac8c55bb8a56b1b748f7597ebda8c02ab92854b2ce5a42b07868b","unknown","","","","","true","false","","","","0","0","0","0.0000","","0","0","yes_lives_in_working_dir_only","","","DROP","T2,T4,T6","discard",""
"mac_working_dir_cobionsnapshot-6c1ec0_2026-05-29","mac_working_dir","/Users/scott/Desktop/Archive/prepared/cobionsnapshot-6c1ec0/working","2","0","0","/Users/scott/Desktop/Archive/prescience_score_prompt_v2.md","f8c1e07469d8fce3148ad7c53f3ebb7f02fa312d8e0b724f6912808923385d29","true","0-5","","","","","","","","","","","","","","/Users/scott/Desktop/Archive/prepared/cobionsnapshot-6c1ec0/working/skipped_obs_v3.csv","4bc3cfe57ff4a7f92121b911258d794f581876696d963dde48f3d29239b82da3","unknown","","","","","true","false","","","","0","0","0","0.0000","","0","0","yes_lives_in_working_dir_only","","","DROP","T2,T4,T6","discard",""
"mac_working_dir_compaqsnapshot-65b991_2026-05-29","mac_working_dir","/Users/scott/Desktop/Archive/prepared/compaqsnapshot-65b991/working","7","0","0","/Users/scott/Desktop/Archive/prescience_score_prompt_v2.md","f8c1e07469d8fce3148ad7c53f3ebb7f02fa312d8e0b724f6912808923385d29","true","0-5","","","","","","","","","","","","","","/Users/scott/Desktop/Archive/prepared/compaqsnapshot-65b991/working/skipped_obs_v3.csv","fd64be783971aad1722e78646dfb6eb37da185323081bdb782f266e0d3247b51","unknown","","","","","true","false","","","","0","0","0","0.0000","","0","0","yes_lives_in_working_dir_only","","","DROP","T2,T4,T6","discard",""
"mac_working_dir_compensationmanagement-toc-8064cc_2026-05-23","mac_working_dir","/Users/scott/Desktop/Archive/prepared/compensationmanagement-toc-8064cc/working","5","0","0","/Users/scott/Desktop/Archive/prescience_score_prompt_v2.md","f8c1e07469d8fce3148ad7c53f3ebb7f02fa312d8e0b724f6912808923385d29","true","0-5","","","","","","","","","","","","","","/Users/scott/Desktop/Archive/prepared/compensationmanagement-toc-8064cc/working/bucket_signals.json","5a7834b5efc75538568e134e26daab657522e9444249239d630edfcf5b3e9737","unknown","","","","","true","false","","","","0","0","0","0.0000","","0","0","yes_lives_in_working_dir_only","","","DROP","T2,T4,T6","discard",""
"mac_working_dir_computerassociatessnapshot-17f654_2026-05-29","mac_working_dir","/Users/scott/Desktop/Archive/prepared/computerassociatessnapshot-17f654/working","4","0","0","/Users/scott/Desktop/Archive/prescience_score_prompt_v2.md","f8c1e07469d8fce3148ad7c53f3ebb7f02fa312d8e0b724f6912808923385d29","true","0-5","","","","","","","","","","","","","","/Users/scott/Desktop/Archive/prepared/computerassociatessnapshot-17f654/working/skipped_obs_v3.csv","e3fb97bcf3738512f2c04e108d4fdfae30eb92193a5b8efc6a25f60db55a29fc","unknown","","","","","true","false","","","","0","0","0","0.0000","","0","0","yes_lives_in_working_dir_only","","","DROP","T2,T4,T6","discard",""
"mac_working_dir_configuresoftsnapshot-2caf8d_2026-05-29","mac_working_dir","/Users/scott/Desktop/Archive/prepared/configuresoftsnapshot-2caf8d/working","2","0","0","/Users/scott/Desktop/Archive/prescience_score_prompt_v2.md","f8c1e07469d8fce3148ad7c53f3ebb7f02fa312d8e0b724f6912808923385d29","true","0-5","","","","","","","","","","","","","","/Users/scott/Desktop/Archive/prepared/configuresoftsnapshot-2caf8d/working/skipped_obs_v3.csv","b858bbc554b4a85a975993e64bdfcd6b879f081997adc1f158430d5a26cc5d56","unknown","","","","","true","false","","","","0","0","0","0.0000","","0","0","yes_lives_in_working_dir_only","","","DROP","T2,T4,T6","discard",""
"mac_working_dir_courionsnapshot-f4ea3e_2026-05-29","mac_working_dir","/Users/scott/Desktop/Archive/prepared/courionsnapshot-f4ea3e/working","5","0","0","/Users/scott/Desktop/Archive/prescience_score_prompt_v2.md","f8c1e07469d8fce3148ad7c53f3ebb7f02fa312d8e0b724f6912808923385d29","true","0-5","","","","","","","","","","","","","","/Users/scott/Desktop/Archive/prepared/courionsnapshot-f4ea3e/working/skipped_obs_v3.csv","8425286ab73d4ad64dbaba9833540dbe458e3609bfa991684ffaaab2fe0ff405","unknown","","","","","true","false","","","","0","0","0","0.0000","","0","0","yes_lives_in_working_dir_only","","","DROP","T2,T4,T6","discard",""
"mac_working_dir_cpc-update-toc-07238f_2026-05-23","mac_working_dir","/Users/scott/Desktop/Archive/prepared/cpc-update-toc-07238f/working","2","0","0","/Users/scott/Desktop/Archive/prescience_score_prompt_v2.md","f8c1e07469d8fce3148ad7c53f3ebb7f02fa312d8e0b724f6912808923385d29","true","0-5","","","","","","","","","","","","","","/Users/scott/Desktop/Archive/prepared/cpc-update-toc-07238f/working/bucket_signals.json","a60a12957b2f0327d5d34d0f9147388bad18bac71449155eb870aef636f032ed","unknown","","","","","true","false","","","","0","0","0","0.0000","","0","0","yes_lives_in_working_dir_only","","","DROP","T2,T4,T6","discard",""
"mac_working_dir_cposummit-techservices-cd-vc-3816-690612_2026-05-29","mac_working_dir","/Users/scott/Desktop/Archive/prepared/cposummit-techservices-cd-vc-3816-690612/working","30","30","1","/Users/scott/Desktop/Archive/prescience_score_prompt_v2.md","f8c1e07469d8fce3148ad7c53f3ebb7f02fa312d8e0b724f6912808923385d29","true","0-5","","","","","","","","","","","","","","/Users/scott/Desktop/Archive/prepared/cposummit-techservices-cd-vc-3816-690612/working/entity_candidates.csv","5ea3e4cabcff71ff30a558caf8964929a45f41603039d33f252c3d4b45cb501b","unknown","","","","","true","false","","","","0","0","0","0.0000","","0","0","yes_lives_in_working_dir_only","","","DROP","T2,T4,T6","discard",""
"mac_working_dir_crmdatasheet-2fa361_2026-05-29","mac_working_dir","/Users/scott/Desktop/Archive/prepared/crmdatasheet-2fa361/working","","","","/Users/scott/Desktop/Archive/prescience_score_prompt_v2.md","f8c1e07469d8fce3148ad7c53f3ebb7f02fa312d8e0b724f6912808923385d29","true","0-5","","","","","","","","","","","","","","/Users/scott/Desktop/Archive/prepared/crmdatasheet-2fa361/working/entity_candidates.csv","2aea9a6589a50d7155fd8e7799b1240f405e9da72bb87d756610d3363bdd8980","unknown","","","","","true","false","","","","","","","","","","","yes_lives_in_working_dir_only","","","DROP","T2,T4,T6","discard",""
"mac_working_dir_crmeuropetoc-8d72da_2026-05-29","mac_working_dir","/Users/scott/Desktop/Archive/prepared/crmeuropetoc-8d72da/working","6","0","0","/Users/scott/Desktop/Archive/prescience_score_prompt_v2.md","f8c1e07469d8fce3148ad7c53f3ebb7f02fa312d8e0b724f6912808923385d29","true","0-5","","","","","","","","","","","","","","/Users/scott/Desktop/Archive/prepared/crmeuropetoc-8d72da/working/skipped_obs_v3.csv","dc29d8514c6d0094c48048aaf04176960453f7cf2eed6a8d879a636525156d67","unknown","","","","","true","false","","","","0","0","0","0.0000","","0","0","yes_lives_in_working_dir_only","","","DROP","T2,T4,T6","discard",""
"mac_working_dir_crmreportwebtoc-fedb33_2026-05-29","mac_working_dir","/Users/scott/Desktop/Archive/prepared/crmreportwebtoc-fedb33/working","6","0","0","/Users/scott/Desktop/Archive/prescience_score_prompt_v2.md","f8c1e07469d8fce3148ad7c53f3ebb7f02fa312d8e0b724f6912808923385d29","true","0-5","","","","","","","","","","","","","","/Users/scott/Desktop/Archive/prepared/crmreportwebtoc-fedb33/working/skipped_obs_v3.csv","2fb7bb4910617ad0d6f07ce65717875f8cde75dddea1c94f2319a77b40da0b21","unknown","","","","","true","false","","","","0","0","0","0.0000","","0","0","yes_lives_in_working_dir_only","","","DROP","T2,T4,T6","discard",""
"mac_working_dir_crmspending2002toc-8be8e9_2026-05-23","mac_working_dir","/Users/scott/Desktop/Archive/prepared/crmspending2002toc-8be8e9/working","6","0","0","/Users/scott/Desktop/Archive/prescience_score_prompt_v2.md","f8c1e07469d8fce3148ad7c53f3ebb7f02fa312d8e0b724f6912808923385d29","true","0-5","","","","","","","","","","","","","","/Users/scott/Desktop/Archive/prepared/crmspending2002toc-8be8e9/working/bucket_signals.json","557887d70df37283e1b8155e801d335a1a4561f070585db378633dd9d389f4b4","unknown","","","","","true","false","","","","0","0","0","0.0000","","0","0","yes_lives_in_working_dir_only","","","DROP","T2,T4,T6","discard",""
"mac_working_dir_crmspending2003toc-bc94b2_2026-05-23","mac_working_dir","/Users/scott/Desktop/Archive/prepared/crmspending2003toc-bc94b2/working","","","","/Users/scott/Desktop/Archive/prescience_score_prompt_v2.md","f8c1e07469d8fce3148ad7c53f3ebb7f02fa312d8e0b724f6912808923385d29","true","0-5","","","","","","","","","","","","","","/Users/scott/Desktop/Archive/prepared/crmspending2003toc-bc94b2/working/entity_candidates.csv","a10c9c7d130fc4f191d42555e19d140e5aeaf2a4e0c01b975ca2f12036254e3a","unknown","","","","","true","false","","","","","","","","","","","yes_lives_in_working_dir_only","","","DROP","T2,T4,T6","discard",""
"mac_working_dir_crmspendingtoc-114504_2026-05-29","mac_working_dir","/Users/scott/Desktop/Archive/prepared/crmspendingtoc-114504/working","4","0","0","/Users/scott/Desktop/Archive/prescience_score_prompt_v2.md","f8c1e07469d8fce3148ad7c53f3ebb7f02fa312d8e0b724f6912808923385d29","true","0-5","","","","","","","","","","","","","","/Users/scott/Desktop/Archive/prepared/crmspendingtoc-114504/working/skipped_obs_v3.csv","8e476facb6c906dce9ae606ad430e0a5f7603a895c8ccab3f3a02875bc8c7647","unknown","","","","","true","false","","","","0","0","0","0.0000","","0","0","yes_lives_in_working_dir_only","","","DROP","T2,T4,T6","discard",""
"mac_working_dir_cryptocardsnapshot-3ce4c3_2026-05-29","mac_working_dir","/Users/scott/Desktop/Archive/prepared/cryptocardsnapshot-3ce4c3/working","10","0","0","/Users/scott/Desktop/Archive/prescience_score_prompt_v2.md","f8c1e07469d8fce3148ad7c53f3ebb7f02fa312d8e0b724f6912808923385d29","true","0-5","","","","","","","","","","","","","","/Users/scott/Desktop/Archive/prepared/cryptocardsnapshot-3ce4c3/working/skipped_obs_v3.csv","3f93aeef1fb882d8ac99efe84d222495ab628ae994a4cc9ad3fc1b88e2a04f59","unknown","","","","","true","false","","","","0","0","0","0.0000","","0","0","yes_lives_in_working_dir_only","","","DROP","T2,T4,T6","discard",""
"mac_working_dir_dbbuyingguidetoc-1a0a0e_2026-05-29","mac_working_dir","/Users/scott/Desktop/Archive/prepared/dbbuyingguidetoc-1a0a0e/working","13","0","0","/Users/scott/Desktop/Archive/prescience_score_prompt_v2.md","f8c1e07469d8fce3148ad7c53f3ebb7f02fa312d8e0b724f6912808923385d29","true","0-5","","","","","","","","","","","","","","/Users/scott/Desktop/Archive/prepared/dbbuyingguidetoc-1a0a0e/working/skipped_obs_v3.csv","b4ae4211d967bb8c8074c36a5b2cd9ddfab0edbf84d46297b9ee9c605fbc2700","unknown","","","","","true","false","","","","0","0","0","0.0000","","0","0","yes_lives_in_working_dir_only","","","DROP","T2,T4,T6","discard",""
"mac_working_dir_dcd-dbb402_2026-05-29","mac_working_dir","/Users/scott/Desktop/Archive/prepared/dcd-dbb402/working","16","0","0","/Users/scott/Desktop/Archive/prescience_score_prompt_v2.md","f8c1e07469d8fce3148ad7c53f3ebb7f02fa312d8e0b724f6912808923385d29","true","0-5","","","","","","","","","","","","","","/Users/scott/Desktop/Archive/prepared/dcd-dbb402/working/skipped_obs_v3.csv","b497413fffa7b9dcb56738d952e752014da3ee83f37ae196b97bed7c33b32212","unknown","","","","","true","false","","","","0","0","0","0.0000","","0","0","yes_lives_in_working_dir_only","","","DROP","T2,T4,T6","discard",""
"mac_working_dir_dctcollateral-30d25c_2026-05-29","mac_working_dir","/Users/scott/Desktop/Archive/prepared/dctcollateral-30d25c/working","","","","/Users/scott/Desktop/Archive/prescience_score_prompt_v2.md","f8c1e07469d8fce3148ad7c53f3ebb7f02fa312d8e0b724f6912808923385d29","true","0-5","","","","","","","","","","","","","","/Users/scott/Desktop/Archive/prepared/dctcollateral-30d25c/working/entity_candidates.csv","135b29c3d7cbccc772d6648922c6a4740d96f20aa186a005ce9d0be6f18762c0","unknown","","","","","true","false","","","","","","","","","","","yes_lives_in_working_dir_only","","","DROP","T2,T4,T6","discard",""
"mac_working_dir_dell-sap-v6-79226d_2026-05-29","mac_working_dir","/Users/scott/Desktop/Archive/prepared/dell-sap-v6-79226d/working","6","0","0","/Users/scott/Desktop/Archive/prescience_score_prompt_v2.md","f8c1e07469d8fce3148ad7c53f3ebb7f02fa312d8e0b724f6912808923385d29","true","0-5","","","","","","","","","","","","","","/Users/scott/Desktop/Archive/prepared/dell-sap-v6-79226d/working/observation_candidates.csv","373e001b37be3230f31b05867feff809ddd9b5a45920d8054bc0ca7b38ecf037","unknown","","","","","true","false","","","","0","0","0","0.0000","","0","0","yes_lives_in_working_dir_only","","","DROP","T2,T4,T6","discard",""
"mac_working_dir_dell-services-kastner-051904-a25a59_2026-05-29","mac_working_dir","/Users/scott/Desktop/Archive/prepared/dell-services-kastner-051904-a25a59/working","1","1","1","/Users/scott/Desktop/Archive/prescience_score_prompt_v2.md","f8c1e07469d8fce3148ad7c53f3ebb7f02fa312d8e0b724f6912808923385d29","true","0-5","","","","","","","","","","","","","","/Users/scott/Desktop/Archive/prepared/dell-services-kastner-051904-a25a59/working/entity_candidates.csv","67169535e983f7be485683e5d479e8e6e23dfde35c01f32b732b85c443089df7","unknown","","","","","true","false","","","","0","0","0","0.0000","","0","0","yes_lives_in_working_dir_only","","","DROP","T2,T4,T6","discard",""
"mac_working_dir_dellsnapshot-db9d8f_2026-05-29","mac_working_dir","/Users/scott/Desktop/Archive/prepared/dellsnapshot-db9d8f/working","5","0","0","/Users/scott/Desktop/Archive/prescience_score_prompt_v2.md","f8c1e07469d8fce3148ad7c53f3ebb7f02fa312d8e0b724f6912808923385d29","true","0-5","","","","","","","","","","","","","","/Users/scott/Desktop/Archive/prepared/dellsnapshot-db9d8f/working/skipped_obs_v3.csv","637a621637c71a0fefdbe3058809662db1594fe7d73a6741848d04f5ebd8c370","unknown","","","","","true","false","","","","0","0","0","0.0000","","0","0","yes_lives_in_working_dir_only","","","DROP","T2,T4,T6","discard",""
"mac_working_dir_devwsreporttoc-60f6e8_2026-05-29","mac_working_dir","/Users/scott/Desktop/Archive/prepared/devwsreporttoc-60f6e8/working","9","0","0","/Users/scott/Desktop/Archive/prescience_score_prompt_v2.md","f8c1e07469d8fce3148ad7c53f3ebb7f02fa312d8e0b724f6912808923385d29","true","0-5","","","","","","","","","","","","","","/Users/scott/Desktop/Archive/prepared/devwsreporttoc-60f6e8/working/skipped_obs_v3.csv","437e63840095c6840576260cf11d403f28550a64a480ec952ffdffdcd3ca0ffc","unknown","","","","","true","false","","","","0","0","0","0.0000","","0","0","yes_lives_in_working_dir_only","","","DROP","T2,T4,T6","discard",""
"mac_working_dir_digital-20cash-toc-fd1ab4_2026-05-23","mac_working_dir","/Users/scott/Desktop/Archive/prepared/digital-20cash-toc-fd1ab4/working","18","0","0","/Users/scott/Desktop/Archive/prescience_score_prompt_v2.md","f8c1e07469d8fce3148ad7c53f3ebb7f02fa312d8e0b724f6912808923385d29","true","0-5","","","","","","","","","","","","","","/Users/scott/Desktop/Archive/prepared/digital-20cash-toc-fd1ab4/working/bucket_signals.json","f6b834d7ae7c9878825d990557df8139965f601304679828554ccd5bc2997370","unknown","","","","","true","false","","","","0","0","0","0.0000","","0","0","yes_lives_in_working_dir_only","","","DROP","T2,T4,T6","discard",""
"mac_working_dir_digitalcash-595cbc_2026-05-23","mac_working_dir","/Users/scott/Desktop/Archive/prepared/digitalcash-595cbc/working","19","0","0","/Users/scott/Desktop/Archive/prescience_score_prompt_v2.md","f8c1e07469d8fce3148ad7c53f3ebb7f02fa312d8e0b724f6912808923385d29","true","0-5","","","","","","","","","","","","","","/Users/scott/Desktop/Archive/prepared/digitalcash-595cbc/working/bucket_signals.json","056371b926ff9ac7ef810ac92953b5d06602fae8fe909684c2ed60ff90ba5795","unknown","","","","","true","false","","","","0","0","0","0.0000","","0","0","yes_lives_in_working_dir_only","","","DROP","T2,T4,T6","discard",""
"mac_working_dir_dtp-2005-research-agenda-012705a-8d9c59_2026-05-23","mac_working_dir","/Users/scott/Desktop/Archive/prepared/dtp-2005-research-agenda-012705a-8d9c59/working","5","0","0","/Users/scott/Desktop/Archive/prescience_score_prompt_v2.md","f8c1e07469d8fce3148ad7c53f3ebb7f02fa312d8e0b724f6912808923385d29","true","0-5","","","","","","","","","","","","","","/Users/scott/Desktop/Archive/prepared/dtp-2005-research-agenda-012705a-8d9c59/working/entity_candidates.csv","28e93e9bfecaa3ab54d279b4fc932693837e0dcef9578a14f8a3bb6238a9ef88","unknown","","","","","true","false","","","","0","0","0","0.0000","","0","0","yes_lives_in_working_dir_only","","","DROP","T2,T4,T6","discard",""
"mac_working_dir_dtp-204q04-20-20e-procurement-20success-20102804a-3cf03d_2026-05-23","mac_working_dir","/Users/scott/Desktop/Archive/prepared/dtp-204q04-20-20e-procurement-20success-20102804a-3cf03d/working","2","0","0","/Users/scott/Desktop/Archive/prescience_score_prompt_v2.md","f8c1e07469d8fce3148ad7c53f3ebb7f02fa312d8e0b724f6912808923385d29","true","0-5","","","","","","","","","","","","","","/Users/scott/Desktop/Archive/prepared/dtp-204q04-20-20e-procurement-20success-20102804a-3cf03d/working/observation_candidates.csv","373e001b37be3230f31b05867feff809ddd9b5a45920d8054bc0ca7b38ecf037","unknown","","","","","true","false","","","","0","0","0","0.0000","","0","0","yes_lives_in_working_dir_only","","","DROP","T2,T4,T6","discard",""
"mac_working_dir_dtp-204q04-20-20mro-20102804a-dcaad2_2026-05-23","mac_working_dir","/Users/scott/Desktop/Archive/prepared/dtp-204q04-20-20mro-20102804a-dcaad2/working","","","","/Users/scott/Desktop/Archive/prescience_score_prompt_v2.md","f8c1e07469d8fce3148ad7c53f3ebb7f02fa312d8e0b724f6912808923385d29","true","0-5","","","","","","","","","","","","","","/Users/scott/Desktop/Archive/prepared/dtp-204q04-20-20mro-20102804a-dcaad2/working/entity_candidates.csv","d43a77a28d40d295cc0ae586e9977d16113f2e93e64e1f4cd265382289ba4de5","unknown","","","","","true","false","","","","","","","","","","","yes_lives_in_working_dir_only","","","DROP","T2,T4,T6","discard",""
"mac_working_dir_dtp-204q04-20-20services-20procurement-20eu-20080504a-77956a_2026-05-23","mac_working_dir","/Users/scott/Desktop/Archive/prepared/dtp-204q04-20-20services-20procurement-20eu-20080504a-77956a/working","","","","/Users/scott/Desktop/Archive/prescience_score_prompt_v2.md","f8c1e07469d8fce3148ad7c53f3ebb7f02fa312d8e0b724f6912808923385d29","true","0-5","","","","","","","","","","","","","","/Users/scott/Desktop/Archive/prepared/dtp-204q04-20-20services-20procurement-20eu-20080504a-77956a/working/entity_candidates.csv","100757832aa39cfedbef8ed553373fcd4c98e6d9714cc3ca4917c521e3da9aaa","unknown","","","","","true","false","","","","","","","","","","","yes_lives_in_working_dir_only","","","DROP","T2,T4,T6","discard",""
"mac_working_dir_e-learning-fd5d01_2026-05-29","mac_working_dir","/Users/scott/Desktop/Archive/prepared/e-learning-fd5d01/working","11","11","1","/Users/scott/Desktop/Archive/prescience_score_prompt_v2.md","f8c1e07469d8fce3148ad7c53f3ebb7f02fa312d8e0b724f6912808923385d29","true","0-5","","","","","","","","","","","","","","/Users/scott/Desktop/Archive/prepared/e-learning-fd5d01/working/entity_candidates.csv","3c6649e92541bbcd34d9cac6cfc92a10021db5b5ecc4ca78b7d7196b1ba78372","unknown","","","","","true","false","","","","0","0","0","0.0000","","0","0","yes_lives_in_working_dir_only","","","DROP","T2,T4,T6","discard",""
"mac_working_dir_e-proc-tech-rb-vc-ab-3778-7525d9_2026-05-29","mac_working_dir","/Users/scott/Desktop/Archive/prepared/e-proc-tech-rb-vc-ab-3778-7525d9/working","8","8","1","/Users/scott/Desktop/Archive/prescience_score_prompt_v2.md","f8c1e07469d8fce3148ad7c53f3ebb7f02fa312d8e0b724f6912808923385d29","true","0-5","","","","","","","","","","","","","","/Users/scott/Desktop/Archive/prepared/e-proc-tech-rb-vc-ab-3778-7525d9/working/entity_candidates.csv","730e8eeb2885aaa44164bed8a66d6b8382d9059b3fe859a0d385b8ca64d79143","unknown","","","","","true","false","","","","0","0","0","0.0000","","0","0","yes_lives_in_working_dir_only","","","DROP","T2,T4,T6","discard",""
"mac_working_dir_e-recruitmentabridgedtoc-57b416_2026-05-29","mac_working_dir","/Users/scott/Desktop/Archive/prepared/e-recruitmentabridgedtoc-57b416/working","9","0","0","/Users/scott/Desktop/Archive/prescience_score_prompt_v2.md","f8c1e07469d8fce3148ad7c53f3ebb7f02fa312d8e0b724f6912808923385d29","true","0-5","","","","","","","","","","","","","","/Users/scott/Desktop/Archive/prepared/e-recruitmentabridgedtoc-57b416/working/skipped_obs_v3.csv","0e480e0b2eebb78d4a7ae91f040ee5800fa189298fc4898d016aa4202e934c1d","unknown","","","","","true","false","","","","0","0","0","0.0000","","0","0","yes_lives_in_working_dir_only","","","DROP","T2,T4,T6","discard",""
"mac_working_dir_e-sourcingfulltoc-ff36c8_2026-05-29","mac_working_dir","/Users/scott/Desktop/Archive/prepared/e-sourcingfulltoc-ff36c8/working","4","0","0","/Users/scott/Desktop/Archive/prescience_score_prompt_v2.md","f8c1e07469d8fce3148ad7c53f3ebb7f02fa312d8e0b724f6912808923385d29","true","0-5","","","","","","","","","","","","","","/Users/scott/Desktop/Archive/prepared/e-sourcingfulltoc-ff36c8/working/skipped_obs_v3.csv","a1359c27a26b23c0fafe7e4831d764460b14ff5c4d9a45fb0af28001dd43a3d0","unknown","","","","","true","false","","","","0","0","0","0.0000","","0","0","yes_lives_in_working_dir_only","","","DROP","T2,T4,T6","discard",""
"mac_working_dir_eai-toc-1059fc_2026-05-23","mac_working_dir","/Users/scott/Desktop/Archive/prepared/eai-toc-1059fc/working","17","0","0","/Users/scott/Desktop/Archive/prescience_score_prompt_v2.md","f8c1e07469d8fce3148ad7c53f3ebb7f02fa312d8e0b724f6912808923385d29","true","0-5","","","","","","","","","","","","","","/Users/scott/Desktop/Archive/prepared/eai-toc-1059fc/working/bucket_signals.json","a6776720abcd246aa46c555551e418e08241c607fe3e1ae42bcf685045740a21","unknown","","","","","true","false","","","","0","0","0","0.0000","","0","0","yes_lives_in_working_dir_only","","","DROP","T2,T4,T6","discard",""
"mac_working_dir_ebi-spendingtoc-a6bf6a_2026-05-29","mac_working_dir","/Users/scott/Desktop/Archive/prepared/ebi-spendingtoc-a6bf6a/working","3","0","0","/Users/scott/Desktop/Archive/prescience_score_prompt_v2.md","f8c1e07469d8fce3148ad7c53f3ebb7f02fa312d8e0b724f6912808923385d29","true","0-5","","","","","","","","","","","","","","/Users/scott/Desktop/Archive/prepared/ebi-spendingtoc-a6bf6a/working/skipped_obs_v3.csv","7b8539b33fd63ec173474bdd8eead941b6a04f66f3eb4cb25efcfa7282fb441b","unknown","","","","","true","false","","","","0","0","0","0.0000","","0","0","yes_lives_in_working_dir_only","","","DROP","T2,T4,T6","discard",""
"mac_working_dir_edocssnapshot-8a34df_2026-05-29","mac_working_dir","/Users/scott/Desktop/Archive/prepared/edocssnapshot-8a34df/working","8","0","0","/Users/scott/Desktop/Archive/prescience_score_prompt_v2.md","f8c1e07469d8fce3148ad7c53f3ebb7f02fa312d8e0b724f6912808923385d29","true","0-5","","","","","","","","","","","","","","/Users/scott/Desktop/Archive/prepared/edocssnapshot-8a34df/working/skipped_obs_v3.csv","3f2f0fd174046f8f9a9138f615a6e31b2666bf58aac1f1f1482f2ec8cecb8c34","unknown","","","","","true","false","","","","0","0","0","0.0000","","0","0","yes_lives_in_working_dir_only","","","DROP","T2,T4,T6","discard",""
"mac_working_dir_ee-2005-cio-research-agenda-091505a-4c85cf_2026-05-23","mac_working_dir","/Users/scott/Desktop/Archive/prepared/ee-2005-cio-research-agenda-091505a-4c85cf/working","6","0","0","/Users/scott/Desktop/Archive/prescience_score_prompt_v2.md","f8c1e07469d8fce3148ad7c53f3ebb7f02fa312d8e0b724f6912808923385d29","true","0-5","","","","","","","","","","","","","","/Users/scott/Desktop/Archive/prepared/ee-2005-cio-research-agenda-091505a-4c85cf/working/observation_candidates.csv","373e001b37be3230f31b05867feff809ddd9b5a45920d8054bc0ca7b38ecf037","unknown","","","","","true","false","","","","0","0","0","0.0000","","0","0","yes_lives_in_working_dir_only","","","DROP","T2,T4,T6","discard",""
"mac_working_dir_ee-2005-cio-research-agenda-112904a-b214ce_2026-05-23","mac_working_dir","/Users/scott/Desktop/Archive/prepared/ee-2005-cio-research-agenda-112904a-b214ce/working","","","","/Users/scott/Desktop/Archive/prescience_score_prompt_v2.md","f8c1e07469d8fce3148ad7c53f3ebb7f02fa312d8e0b724f6912808923385d29","true","0-5","","","","","","","","","","","","","","/Users/scott/Desktop/Archive/prepared/ee-2005-cio-research-agenda-112904a-b214ce/working/entity_candidates.csv","100757832aa39cfedbef8ed553373fcd4c98e6d9714cc3ca4917c521e3da9aaa","unknown","","","","","true","false","","","","","","","","","","","yes_lives_in_working_dir_only","","","DROP","T2,T4,T6","discard",""
"mac_working_dir_ee-204q04-20-20employee-20performance-20mgmt-20072804a-42f62d_2026-05-23","mac_working_dir","/Users/scott/Desktop/Archive/prepared/ee-204q04-20-20employee-20performance-20mgmt-20072804a-42f62d/working","","","","/Users/scott/Desktop/Archive/prescience_score_prompt_v2.md","f8c1e07469d8fce3148ad7c53f3ebb7f02fa312d8e0b724f6912808923385d29","true","0-5","","","","","","","","","","","","","","/Users/scott/Desktop/Archive/prepared/ee-204q04-20-20employee-20performance-20mgmt-20072804a-42f62d/working/entity_candidates.csv","6e3941de7cc744103c0ee634c8610fc5fa0e774731109eaaf3703022ec49706d","unknown","","","","","true","false","","","","","","","","","","","yes_lives_in_working_dir_only","","","DROP","T2,T4,T6","discard",""
"mac_working_dir_ee-204q04-20-20employee-20performance-20mgmt-20100804a-7a5850_2026-05-23","mac_working_dir","/Users/scott/Desktop/Archive/prepared/ee-204q04-20-20employee-20performance-20mgmt-20100804a-7a5850/working","","","","/Users/scott/Desktop/Archive/prescience_score_prompt_v2.md","f8c1e07469d8fce3148ad7c53f3ebb7f02fa312d8e0b724f6912808923385d29","true","0-5","","","","","","","","","","","","","","/Users/scott/Desktop/Archive/prepared/ee-204q04-20-20employee-20performance-20mgmt-20100804a-7a5850/working/entity_candidates.csv","100757832aa39cfedbef8ed553373fcd4c98e6d9714cc3ca4917c521e3da9aaa","unknown","","","","","true","false","","","","","","","","","","","yes_lives_in_working_dir_only","","","DROP","T2,T4,T6","discard",""
"mac_working_dir_ee-204q04-20-20it-20budget-20realities-20102804a-c7aaed_2026-05-23","mac_working_dir","/Users/scott/Desktop/Archive/prepared/ee-204q04-20-20it-20budget-20realities-20102804a-c7aaed/working","1","0","0","/Users/scott/Desktop/Archive/prescience_score_prompt_v2.md","f8c1e07469d8fce3148ad7c53f3ebb7f02fa312d8e0b724f6912808923385d29","true","0-5","","","","","","","","","","","","","","/Users/scott/Desktop/Archive/prepared/ee-204q04-20-20it-20budget-20realities-20102804a-c7aaed/working/entity_candidates.csv","17cf7d7a43d31ec5dbd422a43222d42c148186cdff2bfb86bd06e8bc553e0556","unknown","","","","","true","false","","","","0","0","0","0.0000","","0","0","yes_lives_in_working_dir_only","","","DROP","T2,T4,T6","discard",""
"mac_working_dir_ee-4q04-20-security-spend-mgmt101504a-71e631_2026-05-23","mac_working_dir","/Users/scott/Desktop/Archive/prepared/ee-4q04-20-security-spend-mgmt101504a-71e631/working","2","0","0","/Users/scott/Desktop/Archive/prescience_score_prompt_v2.md","f8c1e07469d8fce3148ad7c53f3ebb7f02fa312d8e0b724f6912808923385d29","true","0-5","","","","","","","","","","","","","","/Users/scott/Desktop/Archive/prepared/ee-4q04-20-security-spend-mgmt101504a-71e631/working/entity_candidates.csv","780ccb5ddae617935970d1dcae6929ecf5aa3c26d45ea8be405ce7259ac5c9d5","unknown","","","","","true","false","","","","0","0","0","0.0000","","0","0","yes_lives_in_working_dir_only","","","DROP","T2,T4,T6","discard",""
"mac_working_dir_ee-4q04-cio-agenda-2005-110504a-cabbdc_2026-05-23","mac_working_dir","/Users/scott/Desktop/Archive/prepared/ee-4q04-cio-agenda-2005-110504a-cabbdc/working","","","","/Users/scott/Desktop/Archive/prescience_score_prompt_v2.md","f8c1e07469d8fce3148ad7c53f3ebb7f02fa312d8e0b724f6912808923385d29","true","0-5","","","","","","","","","","","","","","/Users/scott/Desktop/Archive/prepared/ee-4q04-cio-agenda-2005-110504a-cabbdc/working/entity_candidates.csv","730b6ef85a94c73bad53f4eb3d2479a0e9f8aa9b6ed6dfdb8dedd3f53da7c7cb","unknown","","","","","true","false","","","","","","","","","","","yes_lives_in_working_dir_only","","","DROP","T2,T4,T6","discard",""
"mac_working_dir_eiitoc-742f80_2026-05-29","mac_working_dir","/Users/scott/Desktop/Archive/prepared/eiitoc-742f80/working","7","0","0","/Users/scott/Desktop/Archive/prescience_score_prompt_v2.md","f8c1e07469d8fce3148ad7c53f3ebb7f02fa312d8e0b724f6912808923385d29","true","0-5","","","","","","","","","","","","","","/Users/scott/Desktop/Archive/prepared/eiitoc-742f80/working/skipped_obs_v3.csv","d0a0696d1afd2f413cba2680caeeaeb73d0099917f84bbfc6ab177e4219c532b","unknown","","","","","true","false","","","","0","0","0","0.0000","","0","0","yes_lives_in_working_dir_only","","","DROP","T2,T4,T6","discard",""
"mac_working_dir_eimtoc-71da8d_2026-05-29","mac_working_dir","/Users/scott/Desktop/Archive/prepared/eimtoc-71da8d/working","8","0","0","/Users/scott/Desktop/Archive/prescience_score_prompt_v2.md","f8c1e07469d8fce3148ad7c53f3ebb7f02fa312d8e0b724f6912808923385d29","true","0-5","","","","","","","","","","","","","","/Users/scott/Desktop/Archive/prepared/eimtoc-71da8d/working/skipped_obs_v3.csv","1cd433eec5e1f5bd813616f4c3cce4a3cc59dc2e4b49c94eaa24dd0b6489dd1c","unknown","","","","","true","false","","","","0","0","0","0.0000","","0","0","yes_lives_in_working_dir_only","","","DROP","T2,T4,T6","discard",""
"mac_working_dir_emabestpracticestoc-1fb7cd_2026-05-29","mac_working_dir","/Users/scott/Desktop/Archive/prepared/emabestpracticestoc-1fb7cd/working","","","","/Users/scott/Desktop/Archive/prescience_score_prompt_v2.md","f8c1e07469d8fce3148ad7c53f3ebb7f02fa312d8e0b724f6912808923385d29","true","0-5","","","","","","","","","","","","","","/Users/scott/Desktop/Archive/prepared/emabestpracticestoc-1fb7cd/working/entity_candidates.csv","e81787e379dfbabf5db4bc1c6a4406a847fbbc1ca7433afc6f160e37b7abcd01","unknown","","","","","true","false","","","","","","","","","","","yes_lives_in_working_dir_only","","","DROP","T2,T4,T6","discard",""
"mac_working_dir_emagia2-922390_2026-05-29","mac_working_dir","/Users/scott/Desktop/Archive/prepared/emagia2-922390/working","4","0","0","/Users/scott/Desktop/Archive/prescience_score_prompt_v2.md","f8c1e07469d8fce3148ad7c53f3ebb7f02fa312d8e0b724f6912808923385d29","true","0-5","","","","","","","","","","","","","","/Users/scott/Desktop/Archive/prepared/emagia2-922390/working/skipped_obs_v3.csv","261245bb827bfbd680ef1dc3c8f2abfbbe7a2da3b1aaa757588c527a4db00b78","unknown","","","","","true","false","","","","0","0","0","0.0000","","0","0","yes_lives_in_working_dir_only","","","DROP","T2,T4,T6","discard",""
"mac_working_dir_emailmarketing-8a22e9_2026-05-29","mac_working_dir","/Users/scott/Desktop/Archive/prepared/emailmarketing-8a22e9/working","4","0","0","/Users/scott/Desktop/Archive/prescience_score_prompt_v2.md","f8c1e07469d8fce3148ad7c53f3ebb7f02fa312d8e0b724f6912808923385d29","true","0-5","","","","","","","","","","","","","","/Users/scott/Desktop/Archive/prepared/emailmarketing-8a22e9/working/skipped_obs_v3.csv","af619f59515198df21a1154dd1bd058bd0c98c3a43d025312675c79e2b2a134b","unknown","","","","","true","false","","","","0","0","0","0.0000","","0","0","yes_lives_in_working_dir_only","","","DROP","T2,T4,T6","discard",""
"mac_working_dir_endpointdp-bg-3717-8ecfb0_2026-05-29","mac_working_dir","/Users/scott/Desktop/Archive/prepared/endpointdp-bg-3717-8ecfb0/working","105","105","1","/Users/scott/Desktop/Archive/prescience_score_prompt_v2.md","f8c1e07469d8fce3148ad7c53f3ebb7f02fa312d8e0b724f6912808923385d29","true","0-5","","","","","","","","","","","","","","/Users/scott/Desktop/Archive/prepared/endpointdp-bg-3717-8ecfb0/working/entity_candidates.csv","a08aa6f59d9f82a7e8193b2dbea380964df70d39f292a87950a72e5c8a7ebce1","unknown","","","","","true","false","","","","0","0","0","0.0000","","0","0","yes_lives_in_working_dir_only","","","DROP","T2,T4,T6","discard",""
"mac_working_dir_enterprise-aligning-for-action-wb060305b-e14454_2026-05-23","mac_working_dir","/Users/scott/Desktop/Archive/prepared/enterprise-aligning-for-action-wb060305b-e14454/working","","","","/Users/scott/Desktop/Archive/prescience_score_prompt_v2.md","f8c1e07469d8fce3148ad7c53f3ebb7f02fa312d8e0b724f6912808923385d29","true","0-5","","","","","","","","","","","","","","/Users/scott/Desktop/Archive/prepared/enterprise-aligning-for-action-wb060305b-e14454/working/entity_candidates.csv","100757832aa39cfedbef8ed553373fcd4c98e6d9714cc3ca4917c521e3da9aaa","unknown","","","","","true","false","","","","","","","","","","","yes_lives_in_working_dir_only","","","DROP","T2,T4,T6","discard",""
"mac_working_dir_enterprise-benchmarking-performance-7387ac_2026-05-23","mac_working_dir","/Users/scott/Desktop/Archive/prepared/enterprise-benchmarking-performance-7387ac/working","","","","/Users/scott/Desktop/Archive/prescience_score_prompt_v2.md","f8c1e07469d8fce3148ad7c53f3ebb7f02fa312d8e0b724f6912808923385d29","true","0-5","","","","","","","","","","","","","","/Users/scott/Desktop/Archive/prepared/enterprise-benchmarking-performance-7387ac/working/entity_candidates.csv","100757832aa39cfedbef8ed553373fcd4c98e6d9714cc3ca4917c521e3da9aaa","unknown","","","","","true","false","","","","","","","","","","","yes_lives_in_working_dir_only","","","DROP","T2,T4,T6","discard",""
"mac_working_dir_enterprise-benchmarking-performance-wb060305b-c9f431_2026-05-23","mac_working_dir","/Users/scott/Desktop/Archive/prepared/enterprise-benchmarking-performance-wb060305b-c9f431/working","","","","/Users/scott/Desktop/Archive/prescience_score_prompt_v2.md","f8c1e07469d8fce3148ad7c53f3ebb7f02fa312d8e0b724f6912808923385d29","true","0-5","","","","","","","","","","","","","","/Users/scott/Desktop/Archive/prepared/enterprise-benchmarking-performance-wb060305b-c9f431/working/entity_candidates.csv","100757832aa39cfedbef8ed553373fcd4c98e6d9714cc3ca4917c521e3da9aaa","unknown","","","","","true","false","","","","","","","","","","","yes_lives_in_working_dir_only","","","DROP","T2,T4,T6","discard",""
"mac_working_dir_enterprise-educating-the-team-a33c39_2026-05-23","mac_working_dir","/Users/scott/Desktop/Archive/prepared/enterprise-educating-the-team-a33c39/working","","","","/Users/scott/Desktop/Archive/prescience_score_prompt_v2.md","f8c1e07469d8fce3148ad7c53f3ebb7f02fa312d8e0b724f6912808923385d29","true","0-5","","","","","","","","","","","","","","/Users/scott/Desktop/Archive/prepared/enterprise-educating-the-team-a33c39/working/entity_candidates.csv","100757832aa39cfedbef8ed553373fcd4c98e6d9714cc3ca4917c521e3da9aaa","unknown","","","","","true","false","","","","","","","","","","","yes_lives_in_working_dir_only","","","DROP","T2,T4,T6","discard",""
"mac_working_dir_enterprise-educating-the-team-wb061005a-4fb6c2_2026-05-23","mac_working_dir","/Users/scott/Desktop/Archive/prepared/enterprise-educating-the-team-wb061005a-4fb6c2/working","","","","/Users/scott/Desktop/Archive/prescience_score_prompt_v2.md","f8c1e07469d8fce3148ad7c53f3ebb7f02fa312d8e0b724f6912808923385d29","true","0-5","","","","","","","","","","","","","","/Users/scott/Desktop/Archive/prepared/enterprise-educating-the-team-wb061005a-4fb6c2/working/entity_candidates.csv","100757832aa39cfedbef8ed553373fcd4c98e6d9714cc3ca4917c521e3da9aaa","unknown","","","","","true","false","","","","","","","","","","","yes_lives_in_working_dir_only","","","DROP","T2,T4,T6","discard",""
"mac_working_dir_enterprise-introduction-0fadce_2026-05-23","mac_working_dir","/Users/scott/Desktop/Archive/prepared/enterprise-introduction-0fadce/working","","","","/Users/scott/Desktop/Archive/prescience_score_prompt_v2.md","f8c1e07469d8fce3148ad7c53f3ebb7f02fa312d8e0b724f6912808923385d29","true","0-5","","","","","","","","","","","","","","/Users/scott/Desktop/Archive/prepared/enterprise-introduction-0fadce/working/entity_candidates.csv","100757832aa39cfedbef8ed553373fcd4c98e6d9714cc3ca4917c521e3da9aaa","unknown","","","","","true","false","","","","","","","","","","","yes_lives_in_working_dir_only","","","DROP","T2,T4,T6","discard",""
"mac_working_dir_enterprise-introduction-wb060305b-fc9e4f_2026-05-23","mac_working_dir","/Users/scott/Desktop/Archive/prepared/enterprise-introduction-wb060305b-fc9e4f/working","","","","/Users/scott/Desktop/Archive/prescience_score_prompt_v2.md","f8c1e07469d8fce3148ad7c53f3ebb7f02fa312d8e0b724f6912808923385d29","true","0-5","","","","","","","","","","","","","","/Users/scott/Desktop/Archive/prepared/enterprise-introduction-wb060305b-fc9e4f/working/entity_candidates.csv","100757832aa39cfedbef8ed553373fcd4c98e6d9714cc3ca4917c521e3da9aaa","unknown","","","","","true","false","","","","","","","","","","","yes_lives_in_working_dir_only","","","DROP","T2,T4,T6","discard",""
"mac_working_dir_entrustsnapshot-f78f15_2026-05-29","mac_working_dir","/Users/scott/Desktop/Archive/prepared/entrustsnapshot-f78f15/working","13","0","0","/Users/scott/Desktop/Archive/prescience_score_prompt_v2.md","f8c1e07469d8fce3148ad7c53f3ebb7f02fa312d8e0b724f6912808923385d29","true","0-5","","","","","","","","","","","","","","/Users/scott/Desktop/Archive/prepared/entrustsnapshot-f78f15/working/skipped_obs_v3.csv","8abd462cbdf79b6bd70c6ab7991b4f46016b69235ee63a349df70adc2ad08169","unknown","","","","","true","false","","","","0","0","0","0.0000","","0","0","yes_lives_in_working_dir_only","","","DROP","T2,T4,T6","discard",""
"mac_working_dir_epresencesnapshot-69ff57_2026-05-29","mac_working_dir","/Users/scott/Desktop/Archive/prepared/epresencesnapshot-69ff57/working","3","0","0","/Users/scott/Desktop/Archive/prescience_score_prompt_v2.md","f8c1e07469d8fce3148ad7c53f3ebb7f02fa312d8e0b724f6912808923385d29","true","0-5","","","","","","","","","","","","","","/Users/scott/Desktop/Archive/prepared/epresencesnapshot-69ff57/working/skipped_obs_v3.csv","8e4a054562a025f15a038042d7edf4efd3c5de2c097dfb2b269e1707840e073a","unknown","","","","","true","false","","","","0","0","0","0.0000","","0","0","yes_lives_in_working_dir_only","","","DROP","T2,T4,T6","discard",""
"mac_working_dir_erp-snapshot-7d2836_2026-05-29","mac_working_dir","/Users/scott/Desktop/Archive/prepared/erp-snapshot-7d2836/working","3","0","0","/Users/scott/Desktop/Archive/prescience_score_prompt_v2.md","f8c1e07469d8fce3148ad7c53f3ebb7f02fa312d8e0b724f6912808923385d29","true","0-5","","","","","","","","","","","","","","/Users/scott/Desktop/Archive/prepared/erp-snapshot-7d2836/working/skipped_obs_v3.csv","82c5f30c39f7e6063a2ac50d0b14e0661a406622bb8cd1f44974ef0d43b764f6","unknown","","","","","true","false","","","","0","0","0","0.0000","","0","0","yes_lives_in_working_dir_only","","","DROP","T2,T4,T6","discard",""
"mac_working_dir_esourcing-a513ee_2026-05-29","mac_working_dir","/Users/scott/Desktop/Archive/prepared/esourcing-a513ee/working","7","0","0","/Users/scott/Desktop/Archive/prescience_score_prompt_v2.md","f8c1e07469d8fce3148ad7c53f3ebb7f02fa312d8e0b724f6912808923385d29","true","0-5","","","","","","","","","","","","","","/Users/scott/Desktop/Archive/prepared/esourcing-a513ee/working/skipped_obs_v3.csv","c8b8636b373a65046dc8f6714deab1e4745f6fbbbf7dcaf834262b88be378e17","unknown","","","","","true","false","","","","0","0","0","0.0000","","0","0","yes_lives_in_working_dir_only","","","DROP","T2,T4,T6","discard",""
"mac_working_dir_etm2003toc-86edb4_2026-05-23","mac_working_dir","/Users/scott/Desktop/Archive/prepared/etm2003toc-86edb4/working","6","0","0","/Users/scott/Desktop/Archive/prescience_score_prompt_v2.md","f8c1e07469d8fce3148ad7c53f3ebb7f02fa312d8e0b724f6912808923385d29","true","0-5","","","","","","","","","","","","","","/Users/scott/Desktop/Archive/prepared/etm2003toc-86edb4/working/bucket_signals.json","364802a320ec87bc14fecf0b617c10278d2454776b38b419736dd114fee572c6","unknown","","","","","true","false","","","","0","0","0","0.0000","","0","0","yes_lives_in_working_dir_only","","","DROP","T2,T4,T6","discard",""
"mac_working_dir_eurowiress-13e05b_2026-05-29","mac_working_dir","/Users/scott/Desktop/Archive/prepared/eurowiress-13e05b/working","11","0","0","/Users/scott/Desktop/Archive/prescience_score_prompt_v2.md","f8c1e07469d8fce3148ad7c53f3ebb7f02fa312d8e0b724f6912808923385d29","true","0-5","","","","","","","","","","","","","","/Users/scott/Desktop/Archive/prepared/eurowiress-13e05b/working/entity_candidates.csv","df430086165768e3a542dfd105143f2c9c64c681b5a2db6dc19dfbf3d135393b","unknown","","","","","true","false","","","","0","0","0","0.0000","","0","0","yes_lives_in_working_dir_only","","","DROP","T2,T4,T6","discard",""
"mac_working_dir_examensnapshot-cf83e1_2026-05-29","mac_working_dir","/Users/scott/Desktop/Archive/prepared/examensnapshot-cf83e1/working","3","0","0","/Users/scott/Desktop/Archive/prescience_score_prompt_v2.md","f8c1e07469d8fce3148ad7c53f3ebb7f02fa312d8e0b724f6912808923385d29","true","0-5","","","","","","","","","","","","","","/Users/scott/Desktop/Archive/prepared/examensnapshot-cf83e1/working/skipped_obs_v3.csv","4d3c578766cedd6c7f771b6103aabf123955a241124a4dfb24a30ffe5278881b","unknown","","","","","true","false","","","","0","0","0","0.0000","","0","0","yes_lives_in_working_dir_only","","","DROP","T2,T4,T6","discard",""
"mac_working_dir_f-204q04-20-20demand-20mgmt-20072104a-ab2040_2026-05-23","mac_working_dir","/Users/scott/Desktop/Archive/prepared/f-204q04-20-20demand-20mgmt-20072104a-ab2040/working","","","","/Users/scott/Desktop/Archive/prescience_score_prompt_v2.md","f8c1e07469d8fce3148ad7c53f3ebb7f02fa312d8e0b724f6912808923385d29","true","0-5","","","","","","","","","","","","","","/Users/scott/Desktop/Archive/prepared/f-204q04-20-20demand-20mgmt-20072104a-ab2040/working/entity_candidates.csv","b9b7d95a30c928d11033000386ac71dc3d354030a6530370b6c254223f62b139","unknown","","","","","true","false","","","","","","","","","","","yes_lives_in_working_dir_only","","","DROP","T2,T4,T6","discard",""
"mac_working_dir_f-4q04-mfg-perfmgmt102904a-5126bc_2026-05-23","mac_working_dir","/Users/scott/Desktop/Archive/prepared/f-4q04-mfg-perfmgmt102904a-5126bc/working","","","","/Users/scott/Desktop/Archive/prescience_score_prompt_v2.md","f8c1e07469d8fce3148ad7c53f3ebb7f02fa312d8e0b724f6912808923385d29","true","0-5","","","","","","","","","","","","","","/Users/scott/Desktop/Archive/prepared/f-4q04-mfg-perfmgmt102904a-5126bc/working/entity_candidates.csv","68af7e8516ccf758215b072be60f28d8904322ffdfb212ee8b5eab0af639da18","unknown","","","","","true","false","","","","","","","","","","","yes_lives_in_working_dir_only","","","DROP","T2,T4,T6","discard",""
"mac_working_dir_f-4q04-midsize-fulfillment102904a-9b4725_2026-05-23","mac_working_dir","/Users/scott/Desktop/Archive/prepared/f-4q04-midsize-fulfillment102904a-9b4725/working","","","","/Users/scott/Desktop/Archive/prescience_score_prompt_v2.md","f8c1e07469d8fce3148ad7c53f3ebb7f02fa312d8e0b724f6912808923385d29","true","0-5","","","","","","","","","","","","","","/Users/scott/Desktop/Archive/prepared/f-4q04-midsize-fulfillment102904a-9b4725/working/entity_candidates.csv","100757832aa39cfedbef8ed553373fcd4c98e6d9714cc3ca4917c521e3da9aaa","unknown","","","","","true","false","","","","","","","","","","","yes_lives_in_working_dir_only","","","DROP","T2,T4,T6","discard",""
"mac_working_dir_f-4q04-supply-chain-inventory-strategies102704a-a3921d_2026-05-23","mac_working_dir","/Users/scott/Desktop/Archive/prepared/f-4q04-supply-chain-inventory-strategies102704a-a3921d/working","","","","/Users/scott/Desktop/Archive/prescience_score_prompt_v2.md","f8c1e07469d8fce3148ad7c53f3ebb7f02fa312d8e0b724f6912808923385d29","true","0-5","","","","","","","","","","","","","","/Users/scott/Desktop/Archive/prepared/f-4q04-supply-chain-inventory-strategies102704a-a3921d/working/entity_candidates.csv","100757832aa39cfedbef8ed553373fcd4c98e6d9714cc3ca4917c521e3da9aaa","unknown","","","","","true","false","","","","","","","","","","","yes_lives_in_working_dir_only","","","DROP","T2,T4,T6","discard",""
"mac_working_dir_f-4q05-bp-intl-logistics-081905a-31c05c_2026-05-23","mac_working_dir","/Users/scott/Desktop/Archive/prepared/f-4q05-bp-intl-logistics-081905a-31c05c/working","","","","/Users/scott/Desktop/Archive/prescience_score_prompt_v2.md","f8c1e07469d8fce3148ad7c53f3ebb7f02fa312d8e0b724f6912808923385d29","true","0-5","","","","","","","","","","","","","","/Users/scott/Desktop/Archive/prepared/f-4q05-bp-intl-logistics-081905a-31c05c/working/entity_candidates.csv","64fff23010d943d6d7ac024c9f02174838622091221d94e2edbb402142e38862","unknown","","","","","true","false","","","","","","","","","","","yes_lives_in_working_dir_only","","","DROP","T2,T4,T6","discard",""
"mac_working_dir_f-4q05-rfid-slick-jf091405a-ab5754_2026-05-23","mac_working_dir","/Users/scott/Desktop/Archive/prepared/f-4q05-rfid-slick-jf091405a-ab5754/working","","","","/Users/scott/Desktop/Archive/prescience_score_prompt_v2.md","f8c1e07469d8fce3148ad7c53f3ebb7f02fa312d8e0b724f6912808923385d29","true","0-5","","","","","","","","","","","","","","/Users/scott/Desktop/Archive/prepared/f-4q05-rfid-slick-jf091405a-ab5754/working/entity_candidates.csv","100757832aa39cfedbef8ed553373fcd4c98e6d9714cc3ca4917c521e3da9aaa","unknown","","","","","true","false","","","","","","","","","","","yes_lives_in_working_dir_only","","","DROP","T2,T4,T6","discard",""
"mac_working_dir_fdic-washington-cs-1995-e3de67_2026-05-29","mac_working_dir","/Users/scott/Desktop/Archive/prepared/fdic-washington-cs-1995-e3de67/working","6","0","0","/Users/scott/Desktop/Archive/prescience_score_prompt_v2.md","f8c1e07469d8fce3148ad7c53f3ebb7f02fa312d8e0b724f6912808923385d29","true","0-5","","","","","","","","","","","","","","/Users/scott/Desktop/Archive/prepared/fdic-washington-cs-1995-e3de67/working/observation_candidates.csv","68f46c3cacde457aae2f7ec9cf9047254491c920534eaa2528783824a11c5fb7","unknown","","","","","true","false","","","","0","0","0","0.0000","","0","0","yes_lives_in_working_dir_only","","","DROP","T2,T4,T6","discard",""
"mac_working_dir_firstwavesnapshot-506187_2026-05-29","mac_working_dir","/Users/scott/Desktop/Archive/prepared/firstwavesnapshot-506187/working","2","0","0","/Users/scott/Desktop/Archive/prescience_score_prompt_v2.md","f8c1e07469d8fce3148ad7c53f3ebb7f02fa312d8e0b724f6912808923385d29","true","0-5","","","","","","","","","","","","","","/Users/scott/Desktop/Archive/prepared/firstwavesnapshot-506187/working/skipped_obs_v3.csv","a7c28c04db93b0c3db86152d561ee0599b91bc00b2731e0f57c5fe3928c1eab9","unknown","","","","","true","false","","","","0","0","0","0.0000","","0","0","yes_lives_in_working_dir_only","","","DROP","T2,T4,T6","discard",""
"mac_working_dir_fsmwebtoc-e69049_2026-05-29","mac_working_dir","/Users/scott/Desktop/Archive/prepared/fsmwebtoc-e69049/working","11","0","0","/Users/scott/Desktop/Archive/prescience_score_prompt_v2.md","f8c1e07469d8fce3148ad7c53f3ebb7f02fa312d8e0b724f6912808923385d29","true","0-5","","","","","","","","","","","","","","/Users/scott/Desktop/Archive/prepared/fsmwebtoc-e69049/working/skipped_obs_v3.csv","ac72d1ff6574bb0cd8b22ef69ce1a64a0c530722d1cefbe4ef7282e03d4f1435","unknown","","","","","true","false","","","","0","0","0","0.0000","","0","0","yes_lives_in_working_dir_only","","","DROP","T2,T4,T6","discard",""
"mac_working_dir_fulfillment-202005-20research-20agenda-20122704a-b04c64_2026-05-23","mac_working_dir","/Users/scott/Desktop/Archive/prepared/fulfillment-202005-20research-20agenda-20122704a-b04c64/working","5","0","0","/Users/scott/Desktop/Archive/prescience_score_prompt_v2.md","f8c1e07469d8fce3148ad7c53f3ebb7f02fa312d8e0b724f6912808923385d29","true","0-5","","","","","","","","","","","","","","/Users/scott/Desktop/Archive/prepared/fulfillment-202005-20research-20agenda-20122704a-b04c64/working/entity_candidates.csv","100757832aa39cfedbef8ed553373fcd4c98e6d9714cc3ca4917c521e3da9aaa","unknown","","","","","true","false","","","","0","0","0","0.0000","","0","0","yes_lives_in_working_dir_only","","","DROP","T2,T4,T6","discard",""
"mac_working_dir_fvcm-2d867b_2026-05-29","mac_working_dir","/Users/scott/Desktop/Archive/prepared/fvcm-2d867b/working","3","0","0","/Users/scott/Desktop/Archive/prescience_score_prompt_v2.md","f8c1e07469d8fce3148ad7c53f3ebb7f02fa312d8e0b724f6912808923385d29","true","0-5","","","","","","","","","","","","","","/Users/scott/Desktop/Archive/prepared/fvcm-2d867b/working/skipped_obs_v3.csv","60c86ca33ae7b739d5a917738f4ae84b90167597ef963ad9bf5fadd662182484","unknown","","","","","true","false","","","","0","0","0","0.0000","","0","0","yes_lives_in_working_dir_only","","","DROP","T2,T4,T6","discard",""
"mac_working_dir_fvcmwebtoc-5f0032_2026-05-29","mac_working_dir","/Users/scott/Desktop/Archive/prepared/fvcmwebtoc-5f0032/working","3","0","0","/Users/scott/Desktop/Archive/prescience_score_prompt_v2.md","f8c1e07469d8fce3148ad7c53f3ebb7f02fa312d8e0b724f6912808923385d29","true","0-5","","","","","","","","","","","","","","/Users/scott/Desktop/Archive/prepared/fvcmwebtoc-5f0032/working/skipped_obs_v3.csv","87019c3ccdfb3f1b52be3d031a2d2fe28e2ee4c305b67ae62679cf81f7c67415","unknown","","","","","true","false","","","","0","0","0","0.0000","","0","0","yes_lives_in_working_dir_only","","","DROP","T2,T4,T6","discard",""
"mac_working_dir_g-logsnapshot-418c10_2026-05-29","mac_working_dir","/Users/scott/Desktop/Archive/prepared/g-logsnapshot-418c10/working","2","0","0","/Users/scott/Desktop/Archive/prescience_score_prompt_v2.md","f8c1e07469d8fce3148ad7c53f3ebb7f02fa312d8e0b724f6912808923385d29","true","0-5","","","","","","","","","","","","","","/Users/scott/Desktop/Archive/prepared/g-logsnapshot-418c10/working/skipped_obs_v3.csv","5b5d380497677ea1f1e9bd499519d0c7a1328a3d5b5a4a0d5caa10bc1c73dd1a","unknown","","","","","true","false","","","","0","0","0","0.0000","","0","0","yes_lives_in_working_dir_only","","","DROP","T2,T4,T6","discard",""
"mac_working_dir_generationgap-c89824_2026-05-29","mac_working_dir","/Users/scott/Desktop/Archive/prepared/generationgap-c89824/working","5","0","0","/Users/scott/Desktop/Archive/prescience_score_prompt_v2.md","f8c1e07469d8fce3148ad7c53f3ebb7f02fa312d8e0b724f6912808923385d29","true","0-5","","","","","","","","","","","","","","/Users/scott/Desktop/Archive/prepared/generationgap-c89824/working/skipped_obs_v3.csv","61ced43df5c63f793aee547f0c792118155353ec3f0e5efb64f745e78ee92564","unknown","","","","","true","false","","","","0","0","0","0.0000","","0","0","yes_lives_in_working_dir_only","","","DROP","T2,T4,T6","discard",""
"mac_working_dir_giliansnapshot-6fcaf6_2026-05-29","mac_working_dir","/Users/scott/Desktop/Archive/prepared/giliansnapshot-6fcaf6/working","2","0","0","/Users/scott/Desktop/Archive/prescience_score_prompt_v2.md","f8c1e07469d8fce3148ad7c53f3ebb7f02fa312d8e0b724f6912808923385d29","true","0-5","","","","","","","","","","","","","","/Users/scott/Desktop/Archive/prepared/giliansnapshot-6fcaf6/working/skipped_obs_v3.csv","cc136c226b927531289228ca14427d80d746def1fdafa9c874a8bd6949b1ce8f","unknown","","","","","true","false","","","","0","0","0","0.0000","","0","0","yes_lives_in_working_dir_only","","","DROP","T2,T4,T6","discard",""
"mac_working_dir_grandopening092004f-a944eb_2026-05-23","mac_working_dir","/Users/scott/Desktop/Archive/prepared/grandopening092004f-a944eb/working","5","0","0","/Users/scott/Desktop/Archive/prescience_score_prompt_v2.md","f8c1e07469d8fce3148ad7c53f3ebb7f02fa312d8e0b724f6912808923385d29","true","0-5","","","","","","","","","","","","","","/Users/scott/Desktop/Archive/prepared/grandopening092004f-a944eb/working/observation_candidates.csv","469f9f6a40381dc3df4bc579518c4480e3ee4c0bb3f47b115a36ffea6be828a1","unknown","","","","","true","false","","","","0","0","0","0.0000","","0","0","yes_lives_in_working_dir_only","","","DROP","T2,T4,T6","discard",""
"mac_working_dir_gsm-researchagenda-48cbc9_2026-05-23","mac_working_dir","/Users/scott/Desktop/Archive/prepared/gsm-researchagenda-48cbc9/working","8","0","0","/Users/scott/Desktop/Archive/prescience_score_prompt_v2.md","f8c1e07469d8fce3148ad7c53f3ebb7f02fa312d8e0b724f6912808923385d29","true","0-5","","","","","","","","","","","","","","/Users/scott/Desktop/Archive/prepared/gsm-researchagenda-48cbc9/working/entity_candidates.csv","bc5ed1e01057cd810eaa32699d39acf7306b285b1f6707eef60900ae74d93bf5","unknown","","","","","true","false","","","","0","0","0","0.0000","","0","0","yes_lives_in_working_dir_only","","","DROP","T2,T4,T6","discard",""
"mac_working_dir_gtnexussnapshot-16ab54_2026-05-29","mac_working_dir","/Users/scott/Desktop/Archive/prepared/gtnexussnapshot-16ab54/working","3","0","0","/Users/scott/Desktop/Archive/prescience_score_prompt_v2.md","f8c1e07469d8fce3148ad7c53f3ebb7f02fa312d8e0b724f6912808923385d29","true","0-5","","","","","","","","","","","","","","/Users/scott/Desktop/Archive/prepared/gtnexussnapshot-16ab54/working/skipped_obs_v3.csv","46fa33a2b08976f33dba4ad670ff6b2663e78d3f321fd24c1f8f8b02ac8c4ada","unknown","","","","","true","false","","","","0","0","0","0.0000","","0","0","yes_lives_in_working_dir_only","","","DROP","T2,T4,T6","discard",""
"mac_working_dir_handhelds-3ee4af_2026-05-29","mac_working_dir","/Users/scott/Desktop/Archive/prepared/handhelds-3ee4af/working","18","0","0","/Users/scott/Desktop/Archive/prescience_score_prompt_v2.md","f8c1e07469d8fce3148ad7c53f3ebb7f02fa312d8e0b724f6912808923385d29","true","0-5","","","","","","","","","","","","","","/Users/scott/Desktop/Archive/prepared/handhelds-3ee4af/working/skipped_obs_v3.csv","ebaf1b4aaf1d7167b978b7a97985c12f1d745c9a9a8bf65d08c6c73bd3e845d3","unknown","","","","","true","false","","","","0","0","0","0.0000","","0","0","yes_lives_in_working_dir_only","","","DROP","T2,T4,T6","discard",""
"mac_working_dir_hcm-toc-9ec0bd_2026-05-23","mac_working_dir","/Users/scott/Desktop/Archive/prepared/hcm-toc-9ec0bd/working","10","0","0","/Users/scott/Desktop/Archive/prescience_score_prompt_v2.md","f8c1e07469d8fce3148ad7c53f3ebb7f02fa312d8e0b724f6912808923385d29","true","0-5","","","","","","","","","","","","","","/Users/scott/Desktop/Archive/prepared/hcm-toc-9ec0bd/working/bucket_signals.json","5ac3853a156b41f85974f2b3fd9052714fcf5b54f5d38fd2f2ce64c9829affd2","unknown","","","","","true","false","","","","0","0","0","0.0000","","0","0","yes_lives_in_working_dir_only","","","DROP","T2,T4,T6","discard",""
"mac_working_dir_homenetworking-toc-0443b2_2026-05-23","mac_working_dir","/Users/scott/Desktop/Archive/prepared/homenetworking-toc-0443b2/working","13","0","0","/Users/scott/Desktop/Archive/prescience_score_prompt_v2.md","f8c1e07469d8fce3148ad7c53f3ebb7f02fa312d8e0b724f6912808923385d29","true","0-5","","","","","","","","","","","","","","/Users/scott/Desktop/Archive/prepared/homenetworking-toc-0443b2/working/bucket_signals.json","ce02500e6b55a7f5523c81a610c951cf4bcf1e19a72c4451ef1c8b255d270df5","unknown","","","","","true","false","","","","0","0","0","0.0000","","0","0","yes_lives_in_working_dir_only","","","DROP","T2,T4,T6","discard",""
"mac_working_dir_hosting-20services-toc-d1e361_2026-05-23","mac_working_dir","/Users/scott/Desktop/Archive/prepared/hosting-20services-toc-d1e361/working","8","0","0","/Users/scott/Desktop/Archive/prescience_score_prompt_v2.md","f8c1e07469d8fce3148ad7c53f3ebb7f02fa312d8e0b724f6912808923385d29","true","0-5","","","","","","","","","","","","","","/Users/scott/Desktop/Archive/prepared/hosting-20services-toc-d1e361/working/bucket_signals.json","9986a95b173a081bc438e93fd3298307d656c9178dcf6ac51aba84ea407b8111","unknown","","","","","true","false","","","","0","0","0","0.0000","","0","0","yes_lives_in_working_dir_only","","","DROP","T2,T4,T6","discard",""
"mac_working_dir_hpsnapshot-31573d_2026-05-29","mac_working_dir","/Users/scott/Desktop/Archive/prepared/hpsnapshot-31573d/working","9","0","0","/Users/scott/Desktop/Archive/prescience_score_prompt_v2.md","f8c1e07469d8fce3148ad7c53f3ebb7f02fa312d8e0b724f6912808923385d29","true","0-5","","","","","","","","","","","","","","/Users/scott/Desktop/Archive/prepared/hpsnapshot-31573d/working/skipped_obs_v3.csv","2fc3d30c476b532c543fefa858df3c00e209932480f59f37b6ad5e23bea7bd7c","unknown","","","","","true","false","","","","0","0","0","0.0000","","0","0","yes_lives_in_working_dir_only","","","DROP","T2,T4,T6","discard",""
"mac_working_dir_i2snapshot-e7bbb1_2026-05-29","mac_working_dir","/Users/scott/Desktop/Archive/prepared/i2snapshot-e7bbb1/working","5","0","0","/Users/scott/Desktop/Archive/prescience_score_prompt_v2.md","f8c1e07469d8fce3148ad7c53f3ebb7f02fa312d8e0b724f6912808923385d29","true","0-5","","","","","","","","","","","","","","/Users/scott/Desktop/Archive/prepared/i2snapshot-e7bbb1/working/skipped_obs_v3.csv","ad848f6f941c9038dd5105d94ce4b8b6ef0d17fe5e6fb59d6a02d44db2dcb519","unknown","","","","","true","false","","","","0","0","0","0.0000","","0","0","yes_lives_in_working_dir_only","","","DROP","T2,T4,T6","discard",""
"mac_working_dir_iaa-7f9ede_2026-05-29","mac_working_dir","/Users/scott/Desktop/Archive/prepared/iaa-7f9ede/working","2","2","1","/Users/scott/Desktop/Archive/prescience_score_prompt_v2.md","f8c1e07469d8fce3148ad7c53f3ebb7f02fa312d8e0b724f6912808923385d29","true","0-5","","","","","","","","","","","","","","/Users/scott/Desktop/Archive/prepared/iaa-7f9ede/working/entity_candidates.csv","614ad1c435e5f2be5c8d158e9f2ccb3fb5db742a845b1dc7ae17e0eeaf621107","unknown","","","","","true","false","","","","0","0","0","0.0000","","0","0","yes_lives_in_working_dir_only","","","DROP","T2,T4,T6","discard",""
"mac_working_dir_ibm-emcinsight-b4bde1_2026-05-29","mac_working_dir","/Users/scott/Desktop/Archive/prepared/ibm-emcinsight-b4bde1/working","14","0","0","/Users/scott/Desktop/Archive/prescience_score_prompt_v2.md","f8c1e07469d8fce3148ad7c53f3ebb7f02fa312d8e0b724f6912808923385d29","true","0-5","","","","","","","","","","","","","","/Users/scott/Desktop/Archive/prepared/ibm-emcinsight-b4bde1/working/observation_candidates.csv","75c63399319f4eae6d4190c497935cf8be0526ab2fad336d6558fd26defba326","unknown","","","","","true","false","","","","0","0","0","0.0000","","0","0","yes_lives_in_working_dir_only","","","DROP","T2,T4,T6","discard",""
"mac_working_dir_ibmrep-toc-9d0086_2026-05-23","mac_working_dir","/Users/scott/Desktop/Archive/prepared/ibmrep-toc-9d0086/working","9","0","0","/Users/scott/Desktop/Archive/prescience_score_prompt_v2.md","f8c1e07469d8fce3148ad7c53f3ebb7f02fa312d8e0b724f6912808923385d29","true","0-5","","","","","","","","","","","","","","/Users/scott/Desktop/Archive/prepared/ibmrep-toc-9d0086/working/bucket_signals.json","d614da39f977a9d4119a8312ce6e34d040f6afb153b70e9dfaf72c4c68aa4479","unknown","","","","","true","false","","","","0","0","0","0.0000","","0","0","yes_lives_in_working_dir_only","","","DROP","T2,T4,T6","discard",""
"mac_working_dir_ibmsnapshot-9b0905_2026-05-29","mac_working_dir","/Users/scott/Desktop/Archive/prepared/ibmsnapshot-9b0905/working","2","0","0","/Users/scott/Desktop/Archive/prescience_score_prompt_v2.md","f8c1e07469d8fce3148ad7c53f3ebb7f02fa312d8e0b724f6912808923385d29","true","0-5","","","","","","","","","","","","","","/Users/scott/Desktop/Archive/prepared/ibmsnapshot-9b0905/working/skipped_obs_v3.csv","4a5f9a86a22a59c2dda1885246d658274b8292bffa93ece4a8b0579fa0353ee0","unknown","","","","","true","false","","","","0","0","0","0.0000","","0","0","yes_lives_in_working_dir_only","","","DROP","T2,T4,T6","discard",""
"mac_working_dir_ibpp-toc-6e2fc5_2026-05-23","mac_working_dir","/Users/scott/Desktop/Archive/prepared/ibpp-toc-6e2fc5/working","2","0","0","/Users/scott/Desktop/Archive/prescience_score_prompt_v2.md","f8c1e07469d8fce3148ad7c53f3ebb7f02fa312d8e0b724f6912808923385d29","true","0-5","","","","","","","","","","","","","","/Users/scott/Desktop/Archive/prepared/ibpp-toc-6e2fc5/working/bucket_signals.json","fb0df0a33aa2e70b1ffd30631fb33960b8c75802647611fe20003f6a21164183","unknown","","","","","true","false","","","","0","0","0","0.0000","","0","0","yes_lives_in_working_dir_only","","","DROP","T2,T4,T6","discard",""
"mac_working_dir_ilmprimerwpa-fd53e8_2026-05-29","mac_working_dir","/Users/scott/Desktop/Archive/prepared/ilmprimerwpa-fd53e8/working","10","0","0","/Users/scott/Desktop/Archive/prescience_score_prompt_v2.md","f8c1e07469d8fce3148ad7c53f3ebb7f02fa312d8e0b724f6912808923385d29","true","0-5","","","","","","","","","","","","","","/Users/scott/Desktop/Archive/prepared/ilmprimerwpa-fd53e8/working/observation_candidates.csv","83e16a065be34ad87cac15d417c5d5b996b107eba74ff8ae58354e7ff5e31791","unknown","","","","","true","false","","","","0","0","0","0.0000","","0","0","yes_lives_in_working_dir_only","","","DROP","T2,T4,T6","discard",""
"mac_working_dir_imperitosnapshot-8db06b_2026-05-29","mac_working_dir","/Users/scott/Desktop/Archive/prepared/imperitosnapshot-8db06b/working","4","0","0","/Users/scott/Desktop/Archive/prescience_score_prompt_v2.md","f8c1e07469d8fce3148ad7c53f3ebb7f02fa312d8e0b724f6912808923385d29","true","0-5","","","","","","","","","","","","","","/Users/scott/Desktop/Archive/prepared/imperitosnapshot-8db06b/working/skipped_obs_v3.csv","09e0aa6b4c28509df97a6ff3a763a20683f854f445f5e07621bb6699b699b668","unknown","","","","","true","false","","","","0","0","0","0.0000","","0","0","yes_lives_in_working_dir_only","","","DROP","T2,T4,T6","discard",""
"mac_working_dir_information-83dd9d_2026-05-23","mac_working_dir","/Users/scott/Desktop/Archive/prepared/information-83dd9d/working","7","0","0","/Users/scott/Desktop/Archive/prescience_score_prompt_v2.md","f8c1e07469d8fce3148ad7c53f3ebb7f02fa312d8e0b724f6912808923385d29","true","0-5","","","","","","","","","","","","","","/Users/scott/Desktop/Archive/prepared/information-83dd9d/working/observation_candidates.csv","b604c08145447f307634ebde7e901eb6d32c5a22616c7bf7087910de5838413f","unknown","","","","","true","false","","","","0","0","0","0.0000","","0","0","yes_lives_in_working_dir_only","","","DROP","T2,T4,T6","discard",""
"mac_working_dir_infrastructure-speech-7f6c5b_2026-05-29","mac_working_dir","/Users/scott/Desktop/Archive/prepared/infrastructure-speech-7f6c5b/working","9","0","0","/Users/scott/Desktop/Archive/prescience_score_prompt_v2.md","f8c1e07469d8fce3148ad7c53f3ebb7f02fa312d8e0b724f6912808923385d29","true","0-5","","","","","","","","","","","","","","/Users/scott/Desktop/Archive/prepared/infrastructure-speech-7f6c5b/working/observation_candidates.csv","df09ead66505c143abfde600d9505ada7b9300a7cc59223d44e7911bd4092b50","unknown","","","","","true","false","","","","0","0","0","0.0000","","0","0","yes_lives_in_working_dir_only","","","DROP","T2,T4,T6","discard",""
"mac_working_dir_integratedopticstoc-4b3a46_2026-05-29","mac_working_dir","/Users/scott/Desktop/Archive/prepared/integratedopticstoc-4b3a46/working","7","0","0","/Users/scott/Desktop/Archive/prescience_score_prompt_v2.md","f8c1e07469d8fce3148ad7c53f3ebb7f02fa312d8e0b724f6912808923385d29","true","0-5","","","","","","","","","","","","","","/Users/scott/Desktop/Archive/prepared/integratedopticstoc-4b3a46/working/skipped_obs_v3.csv","dfea80d3c5175e517b52d5f8fc2930cc90dbfc0a29c94bca6baac45d2d8d01a8","unknown","","","","","true","false","","","","0","0","0","0.0000","","0","0","yes_lives_in_working_dir_only","","","DROP","T2,T4,T6","discard",""
"mac_working_dir_intelitanium-toc-8308d0_2026-05-23","mac_working_dir","/Users/scott/Desktop/Archive/prepared/intelitanium-toc-8308d0/working","19","0","0","/Users/scott/Desktop/Archive/prescience_score_prompt_v2.md","f8c1e07469d8fce3148ad7c53f3ebb7f02fa312d8e0b724f6912808923385d29","true","0-5","","","","","","","","","","","","","","/Users/scott/Desktop/Archive/prepared/intelitanium-toc-8308d0/working/bucket_signals.json","09ccade56bff4b6c4ac6c394692d9c52d665babfe9b65ed9df5204d1ddab5dc1","unknown","","","","","true","false","","","","0","0","0","0.0000","","0","0","yes_lives_in_working_dir_only","","","DROP","T2,T4,T6","discard",""
"mac_working_dir_ipolicysnapshot-398455_2026-05-29","mac_working_dir","/Users/scott/Desktop/Archive/prepared/ipolicysnapshot-398455/working","5","0","0","/Users/scott/Desktop/Archive/prescience_score_prompt_v2.md","f8c1e07469d8fce3148ad7c53f3ebb7f02fa312d8e0b724f6912808923385d29","true","0-5","","","","","","","","","","","","","","/Users/scott/Desktop/Archive/prepared/ipolicysnapshot-398455/working/skipped_obs_v3.csv","e46e49cf90e014c5751354f3178ce90e518f154b6087e568f31d10c36427897e","unknown","","","","","true","false","","","","0","0","0","0.0000","","0","0","yes_lives_in_working_dir_only","","","DROP","T2,T4,T6","discard",""
"mac_working_dir_it-spending2003toc-be8f60_2026-05-23","mac_working_dir","/Users/scott/Desktop/Archive/prepared/it-spending2003toc-be8f60/working","2","0","0","/Users/scott/Desktop/Archive/prescience_score_prompt_v2.md","f8c1e07469d8fce3148ad7c53f3ebb7f02fa312d8e0b724f6912808923385d29","true","0-5","","","","","","","","","","","","","","/Users/scott/Desktop/Archive/prepared/it-spending2003toc-be8f60/working/bucket_signals.json","54183cf387e6b6411fb8de7ccf9966581ca2157037b100f7a089bef45a57b3ff","unknown","","","","","true","false","","","","0","0","0","0.0000","","0","0","yes_lives_in_working_dir_only","","","DROP","T2,T4,T6","discard",""
"mac_working_dir_itoutsourcingtoc-18f459_2026-05-29","mac_working_dir","/Users/scott/Desktop/Archive/prepared/itoutsourcingtoc-18f459/working","5","0","0","/Users/scott/Desktop/Archive/prescience_score_prompt_v2.md","f8c1e07469d8fce3148ad7c53f3ebb7f02fa312d8e0b724f6912808923385d29","true","0-5","","","","","","","","","","","","","","/Users/scott/Desktop/Archive/prepared/itoutsourcingtoc-18f459/working/skipped_obs_v3.csv","81929ed9c33eb496585ea18aee9d495fe1e0818ab23cf43037e9acf610a16159","unknown","","","","","true","false","","","","0","0","0","0.0000","","0","0","yes_lives_in_working_dir_only","","","DROP","T2,T4,T6","discard",""
"mac_working_dir_itspending-236a9a_2026-05-29","mac_working_dir","/Users/scott/Desktop/Archive/prepared/itspending-236a9a/working","1","1","1","/Users/scott/Desktop/Archive/prescience_score_prompt_v2.md","f8c1e07469d8fce3148ad7c53f3ebb7f02fa312d8e0b724f6912808923385d29","true","0-5","","","","","","","","","","","","","","/Users/scott/Desktop/Archive/prepared/itspending-236a9a/working/entity_candidates.csv","ece75aef10bb8fdc17e0b98e223cd659c927062c1f85e19bb398940b9d88e946","unknown","","","","","true","false","","","","0","0","0","0.0000","","0","0","yes_lives_in_working_dir_only","","","DROP","T2,T4,T6","discard",""
"mac_working_dir_junenews-fc15cc_2026-05-29","mac_working_dir","/Users/scott/Desktop/Archive/prepared/junenews-fc15cc/working","3","0","0","/Users/scott/Desktop/Archive/prescience_score_prompt_v2.md","f8c1e07469d8fce3148ad7c53f3ebb7f02fa312d8e0b724f6912808923385d29","true","0-5","","","","","","","","","","","","","","/Users/scott/Desktop/Archive/prepared/junenews-fc15cc/working/observation_candidates.csv","0f7193062c0b2590438f35c41039771aefb3bde9748f9c54bc7e5ee797e752dd","unknown","","","","","true","false","","","","0","0","0","0.0000","","0","0","yes_lives_in_working_dir_only","","","DROP","T2,T4,T6","discard",""
"mac_working_dir_latisnetworkssnapshot-90caa6_2026-05-29","mac_working_dir","/Users/scott/Desktop/Archive/prepared/latisnetworkssnapshot-90caa6/working","","","","/Users/scott/Desktop/Archive/prescience_score_prompt_v2.md","f8c1e07469d8fce3148ad7c53f3ebb7f02fa312d8e0b724f6912808923385d29","true","0-5","","","","","","","","","","","","","","/Users/scott/Desktop/Archive/prepared/latisnetworkssnapshot-90caa6/working/entity_candidates.csv","0c8254bac1e4fd55277e2e4bdb5a5f3b859e799d8482262dd338482ce7033422","unknown","","","","","true","false","","","","","","","","","","","yes_lives_in_working_dir_only","","","DROP","T2,T4,T6","discard",""
"mac_working_dir_leopardsnapshot-032eb0_2026-05-29","mac_working_dir","/Users/scott/Desktop/Archive/prepared/leopardsnapshot-032eb0/working","3","0","0","/Users/scott/Desktop/Archive/prescience_score_prompt_v2.md","f8c1e07469d8fce3148ad7c53f3ebb7f02fa312d8e0b724f6912808923385d29","true","0-5","","","","","","","","","","","","","","/Users/scott/Desktop/Archive/prepared/leopardsnapshot-032eb0/working/skipped_obs_v3.csv","fbc1084a98d34b61a15da0fb5ae6b3379d04eba3a57948fa0214b752fb5f3c7c","unknown","","","","","true","false","","","","0","0","0","0.0000","","0","0","yes_lives_in_working_dir_only","","","DROP","T2,T4,T6","discard",""
"mac_working_dir_linuxweb-toc-0a59c7_2026-05-23","mac_working_dir","/Users/scott/Desktop/Archive/prepared/linuxweb-toc-0a59c7/working","4","0","0","/Users/scott/Desktop/Archive/prescience_score_prompt_v2.md","f8c1e07469d8fce3148ad7c53f3ebb7f02fa312d8e0b724f6912808923385d29","true","0-5","","","","","","","","","","","","","","/Users/scott/Desktop/Archive/prepared/linuxweb-toc-0a59c7/working/bucket_signals.json","3687bfd992effbb55d2dd1a3e9ff51a95210b17c60233c61738b9e07f493821b","unknown","","","","","true","false","","","","0","0","0","0.0000","","0","0","yes_lives_in_working_dir_only","","","DROP","T2,T4,T6","discard",""
"mac_working_dir_lovebug-00ded3_2026-05-29","mac_working_dir","/Users/scott/Desktop/Archive/prepared/lovebug-00ded3/working","3","0","0","/Users/scott/Desktop/Archive/prescience_score_prompt_v2.md","f8c1e07469d8fce3148ad7c53f3ebb7f02fa312d8e0b724f6912808923385d29","true","0-5","","","","","","","","","","","","","","/Users/scott/Desktop/Archive/prepared/lovebug-00ded3/working/observation_candidates.csv","373e001b37be3230f31b05867feff809ddd9b5a45920d8054bc0ca7b38ecf037","unknown","","","","","true","false","","","","0","0","0","0.0000","","0","0","yes_lives_in_working_dir_only","","","DROP","T2,T4,T6","discard",""
"mac_working_dir_lrmrptwebtoc-1f7efa_2026-05-29","mac_working_dir","/Users/scott/Desktop/Archive/prepared/lrmrptwebtoc-1f7efa/working","10","0","0","/Users/scott/Desktop/Archive/prescience_score_prompt_v2.md","f8c1e07469d8fce3148ad7c53f3ebb7f02fa312d8e0b724f6912808923385d29","true","0-5","","","","","","","","","","","","","","/Users/scott/Desktop/Archive/prepared/lrmrptwebtoc-1f7efa/working/skipped_obs_v3.csv","ef50249e514af553799ce258f256027d77f8517ae9082c74ed23eda9ceb944bb","unknown","","","","","true","false","","","","0","0","0","0.0000","","0","0","yes_lives_in_working_dir_only","","","DROP","T2,T4,T6","discard",""
"mac_working_dir_lrmtechnologytoc-fbce1d_2026-05-29","mac_working_dir","/Users/scott/Desktop/Archive/prepared/lrmtechnologytoc-fbce1d/working","3","0","0","/Users/scott/Desktop/Archive/prescience_score_prompt_v2.md","f8c1e07469d8fce3148ad7c53f3ebb7f02fa312d8e0b724f6912808923385d29","true","0-5","","","","","","","","","","","","","","/Users/scott/Desktop/Archive/prepared/lrmtechnologytoc-fbce1d/working/skipped_obs_v3.csv","d5a14012244998d47eed3414ae779dceb7e211661a7931b29e8b0f27d93ec7d0","unknown","","","","","true","false","","","","0","0","0","0.0000","","0","0","yes_lives_in_working_dir_only","","","DROP","T2,T4,T6","discard",""
"mac_working_dir_lumetasnapshot-6233db_2026-05-29","mac_working_dir","/Users/scott/Desktop/Archive/prepared/lumetasnapshot-6233db/working","","","","/Users/scott/Desktop/Archive/prescience_score_prompt_v2.md","f8c1e07469d8fce3148ad7c53f3ebb7f02fa312d8e0b724f6912808923385d29","true","0-5","","","","","","","","","","","","","","/Users/scott/Desktop/Archive/prepared/lumetasnapshot-6233db/working/entity_candidates.csv","64fb33adc22896c00ec296df3fd6b5c2d84ecd27b1dcf9addb79e7eea3dee4c4","unknown","","","","","true","false","","","","","","","","","","","yes_lives_in_working_dir_only","","","DROP","T2,T4,T6","discard",""
"mac_working_dir_lurhqsnapshot-f30215_2026-05-29","mac_working_dir","/Users/scott/Desktop/Archive/prepared/lurhqsnapshot-f30215/working","","","","/Users/scott/Desktop/Archive/prescience_score_prompt_v2.md","f8c1e07469d8fce3148ad7c53f3ebb7f02fa312d8e0b724f6912808923385d29","true","0-5","","","","","","","","","","","","","","/Users/scott/Desktop/Archive/prepared/lurhqsnapshot-f30215/working/entity_candidates.csv","0c8254bac1e4fd55277e2e4bdb5a5f3b859e799d8482262dd338482ce7033422","unknown","","","","","true","false","","","","","","","","","","","yes_lives_in_working_dir_only","","","DROP","T2,T4,T6","discard",""
"mac_working_dir_m-commerce-20-20toc-2bfda1_2026-05-23","mac_working_dir","/Users/scott/Desktop/Archive/prepared/m-commerce-20-20toc-2bfda1/working","20","0","0","/Users/scott/Desktop/Archive/prescience_score_prompt_v2.md","f8c1e07469d8fce3148ad7c53f3ebb7f02fa312d8e0b724f6912808923385d29","true","0-5","","","","","","","","","","","","","","/Users/scott/Desktop/Archive/prepared/m-commerce-20-20toc-2bfda1/working/bucket_signals.json","8d73b9e98ac96c6d82a4607ad0ebb14d5923a523f58f64e3d007eccc3b61a9c5","unknown","","","","","true","false","","","","0","0","0","0.0000","","0","0","yes_lives_in_working_dir_only","","","DROP","T2,T4,T6","discard",""
"mac_working_dir_ma-e2open-be-2484-31191f_2026-05-29","mac_working_dir","/Users/scott/Desktop/Archive/prepared/ma-e2open-be-2484-31191f/working","2","2","1","/Users/scott/Desktop/Archive/prescience_score_prompt_v2.md","f8c1e07469d8fce3148ad7c53f3ebb7f02fa312d8e0b724f6912808923385d29","true","0-5","","","","","","","","","","","","","","/Users/scott/Desktop/Archive/prepared/ma-e2open-be-2484-31191f/working/entity_candidates.csv","518a55f0294634d635772e95fdd266fe0e4d48377b623f9f3ad28146f2024dba","unknown","","","","","true","false","","","","0","0","0","0.0000","","0","0","yes_lives_in_working_dir_only","","","DROP","T2,T4,T6","discard",""
"mac_working_dir_ma-oraclebuysprofitlogic-pr-446851_2026-05-29","mac_working_dir","/Users/scott/Desktop/Archive/prepared/ma-oraclebuysprofitlogic-pr-446851/working","2","0","0","/Users/scott/Desktop/Archive/prescience_score_prompt_v2.md","f8c1e07469d8fce3148ad7c53f3ebb7f02fa312d8e0b724f6912808923385d29","true","0-5","","","","","","","","","","","","","","/Users/scott/Desktop/Archive/prepared/ma-oraclebuysprofitlogic-pr-446851/working/observation_candidates.csv","373e001b37be3230f31b05867feff809ddd9b5a45920d8054bc0ca7b38ecf037","unknown","","","","","true","false","","","","0","0","0","0.0000","","0","0","yes_lives_in_working_dir_only","","","DROP","T2,T4,T6","discard",""
"mac_working_dir_ma-procuri-cmsi-tm-642bb1_2026-05-29","mac_working_dir","/Users/scott/Desktop/Archive/prepared/ma-procuri-cmsi-tm-642bb1/working","4","4","1","/Users/scott/Desktop/Archive/prescience_score_prompt_v2.md","f8c1e07469d8fce3148ad7c53f3ebb7f02fa312d8e0b724f6912808923385d29","true","0-5","","","","","","","","","","","","","","/Users/scott/Desktop/Archive/prepared/ma-procuri-cmsi-tm-642bb1/working/entity_candidates.csv","03d2368ffece11a905cc6f1d9643104c668b139971f39991b289e110ef88b30a","unknown","","","","","true","false","","","","0","0","0","0.0000","","0","0","yes_lives_in_working_dir_only","","","DROP","T2,T4,T6","discard",""
"mac_working_dir_ma-smartops-be-2180-c1877c_2026-05-29","mac_working_dir","/Users/scott/Desktop/Archive/prepared/ma-smartops-be-2180-c1877c/working","","","","/Users/scott/Desktop/Archive/prescience_score_prompt_v2.md","f8c1e07469d8fce3148ad7c53f3ebb7f02fa312d8e0b724f6912808923385d29","true","0-5","","","","","","","","","","","","","","/Users/scott/Desktop/Archive/prepared/ma-smartops-be-2180-c1877c/working/entity_candidates.csv","100757832aa39cfedbef8ed553373fcd4c98e6d9714cc3ca4917c521e3da9aaa","unknown","","","","","true","false","","","","","","","","","","","yes_lives_in_working_dir_only","","","DROP","T2,T4,T6","discard",""
"mac_working_dir_manufacturing-researchlicensing-f49444_2026-05-23","mac_working_dir","/Users/scott/Desktop/Archive/prepared/manufacturing-researchlicensing-f49444/working","","","","/Users/scott/Desktop/Archive/prescience_score_prompt_v2.md","f8c1e07469d8fce3148ad7c53f3ebb7f02fa312d8e0b724f6912808923385d29","true","0-5","","","","","","","","","","","","","","/Users/scott/Desktop/Archive/prepared/manufacturing-researchlicensing-f49444/working/entity_candidates.csv","100757832aa39cfedbef8ed553373fcd4c98e6d9714cc3ca4917c521e3da9aaa","unknown","","","","","true","false","","","","","","","","","","","yes_lives_in_working_dir_only","","","DROP","T2,T4,T6","discard",""
"mac_working_dir_manufacturing-snapshot-c7bf80_2026-05-29","mac_working_dir","/Users/scott/Desktop/Archive/prepared/manufacturing-snapshot-c7bf80/working","","","","/Users/scott/Desktop/Archive/prescience_score_prompt_v2.md","f8c1e07469d8fce3148ad7c53f3ebb7f02fa312d8e0b724f6912808923385d29","true","0-5","","","","","","","","","","","","","","/Users/scott/Desktop/Archive/prepared/manufacturing-snapshot-c7bf80/working/entity_candidates.csv","e1b9f0898a810036c9fce92e2db598f17cc8090198b2d58bdcdcff6138fec9a1","unknown","","","","","true","false","","","","","","","","","","","yes_lives_in_working_dir_only","","","DROP","T2,T4,T6","discard",""
"mac_working_dir_manugisticssnapshot-e05de9_2026-05-29","mac_working_dir","/Users/scott/Desktop/Archive/prepared/manugisticssnapshot-e05de9/working","4","0","0","/Users/scott/Desktop/Archive/prescience_score_prompt_v2.md","f8c1e07469d8fce3148ad7c53f3ebb7f02fa312d8e0b724f6912808923385d29","true","0-5","","","","","","","","","","","","","","/Users/scott/Desktop/Archive/prepared/manugisticssnapshot-e05de9/working/skipped_obs_v3.csv","e4079707c5ded7b3e485ae95a43b779a143801f0ae8cc80b6b318e9e0558e469","unknown","","","","","true","false","","","","0","0","0","0.0000","","0","0","yes_lives_in_working_dir_only","","","DROP","T2,T4,T6","discard",""
"mac_working_dir_maynews-888c65_2026-05-29","mac_working_dir","/Users/scott/Desktop/Archive/prepared/maynews-888c65/working","6","6","1","/Users/scott/Desktop/Archive/prescience_score_prompt_v2.md","f8c1e07469d8fce3148ad7c53f3ebb7f02fa312d8e0b724f6912808923385d29","true","0-5","","","","","","","","","","","","","","/Users/scott/Desktop/Archive/prepared/maynews-888c65/working/entity_candidates.csv","b7efd96ef2ed92753141c2f95003a68b6af3c249bcc55f21ea0ba8f1c8433925","unknown","","","","","true","false","","","","0","0","0","0.0000","","0","0","yes_lives_in_working_dir_only","","","DROP","T2,T4,T6","discard",""
"mac_working_dir_mazunetworkssnapshot-f9bae1_2026-05-29","mac_working_dir","/Users/scott/Desktop/Archive/prepared/mazunetworkssnapshot-f9bae1/working","2","0","0","/Users/scott/Desktop/Archive/prescience_score_prompt_v2.md","f8c1e07469d8fce3148ad7c53f3ebb7f02fa312d8e0b724f6912808923385d29","true","0-5","","","","","","","","","","","","","","/Users/scott/Desktop/Archive/prepared/mazunetworkssnapshot-f9bae1/working/skipped_obs_v3.csv","80d0a3f79eb812dfcd6283548d551c943ca9eb5ac888b57ae54233ee06716805","unknown","","","","","true","false","","","","0","0","0","0.0000","","0","0","yes_lives_in_working_dir_only","","","DROP","T2,T4,T6","discard",""
"mac_working_dir_mcmwebtoc-09fe7d_2026-05-29","mac_working_dir","/Users/scott/Desktop/Archive/prepared/mcmwebtoc-09fe7d/working","2","0","0","/Users/scott/Desktop/Archive/prescience_score_prompt_v2.md","f8c1e07469d8fce3148ad7c53f3ebb7f02fa312d8e0b724f6912808923385d29","true","0-5","","","","","","","","","","","","","","/Users/scott/Desktop/Archive/prepared/mcmwebtoc-09fe7d/working/skipped_obs_v3.csv","3f0338d0c1449400c8b1d72352eea85589312e0b01e8d7a70d142427ef168b3b","unknown","","","","","true","false","","","","0","0","0","0.0000","","0","0","yes_lives_in_working_dir_only","","","DROP","T2,T4,T6","discard",""
"mac_working_dir_memoir-scratch-pad-464eb7_2026-05-29","mac_working_dir","/Users/scott/Desktop/Archive/prepared/memoir-scratch-pad-464eb7/working","9","0","0","/Users/scott/Desktop/Archive/prescience_score_prompt_v2.md","f8c1e07469d8fce3148ad7c53f3ebb7f02fa312d8e0b724f6912808923385d29","true","0-5","","","","","","","","","","","","","","/Users/scott/Desktop/Archive/prepared/memoir-scratch-pad-464eb7/working/observation_candidates.csv","2169d1c18fbbd122ce621cbd838c4d5e890bd7f7def9b828e9a2171de4a92061","unknown","","","","","true","false","","","","0","0","0","0.0000","","0","0","yes_lives_in_working_dir_only","","","DROP","T2,T4,T6","discard",""
"mac_working_dir_mfg-05-06-manufacturingagenda-080305b-fa62f7_2026-05-29","mac_working_dir","/Users/scott/Desktop/Archive/prepared/mfg-05-06-manufacturingagenda-080305b-fa62f7/working","","","","/Users/scott/Desktop/Archive/prescience_score_prompt_v2.md","f8c1e07469d8fce3148ad7c53f3ebb7f02fa312d8e0b724f6912808923385d29","true","0-5","","","","","","","","","","","","","","/Users/scott/Desktop/Archive/prepared/mfg-05-06-manufacturingagenda-080305b-fa62f7/working/entity_candidates.csv","100757832aa39cfedbef8ed553373fcd4c98e6d9714cc3ca4917c521e3da9aaa","unknown","","","","","true","false","","","","","","","","","","","yes_lives_in_working_dir_only","","","DROP","T2,T4,T6","discard",""
"mac_working_dir_mgddelivery2003abridged-267561_2026-05-29","mac_working_dir","/Users/scott/Desktop/Archive/prepared/mgddelivery2003abridged-267561/working","4","0","0","/Users/scott/Desktop/Archive/prescience_score_prompt_v2.md","f8c1e07469d8fce3148ad7c53f3ebb7f02fa312d8e0b724f6912808923385d29","true","0-5","","","","","","","","","","","","","","/Users/scott/Desktop/Archive/prepared/mgddelivery2003abridged-267561/working/skipped_obs_v3.csv","8d06eebf1e65f73a0639721c9b61fd145ae41c0dc6713cbe3738340abfacd7f1","unknown","","","","","true","false","","","","0","0","0","0.0000","","0","0","yes_lives_in_working_dir_only","","","DROP","T2,T4,T6","discard",""
"mac_working_dir_microsoftsnapshot-eec9a2_2026-05-29","mac_working_dir","/Users/scott/Desktop/Archive/prepared/microsoftsnapshot-eec9a2/working","5","0","0","/Users/scott/Desktop/Archive/prescience_score_prompt_v2.md","f8c1e07469d8fce3148ad7c53f3ebb7f02fa312d8e0b724f6912808923385d29","true","0-5","","","","","","","","","","","","","","/Users/scott/Desktop/Archive/prepared/microsoftsnapshot-eec9a2/working/skipped_obs_v3.csv","7668beb57a65e6815356a7113854ad13474afe2f8eff5c884434fee796124865","unknown","","","","","true","false","","","","0","0","0","0.0000","","0","0","yes_lives_in_working_dir_only","","","DROP","T2,T4,T6","discard",""
"mac_working_dir_mid-marketreporttoc-6fc1a9_2026-05-29","mac_working_dir","/Users/scott/Desktop/Archive/prepared/mid-marketreporttoc-6fc1a9/working","9","0","0","/Users/scott/Desktop/Archive/prescience_score_prompt_v2.md","f8c1e07469d8fce3148ad7c53f3ebb7f02fa312d8e0b724f6912808923385d29","true","0-5","","","","","","","","","","","","","","/Users/scott/Desktop/Archive/prepared/mid-marketreporttoc-6fc1a9/working/skipped_obs_v3.csv","acf2d5d85c90d8b838c8ce6afa4d9f72b07b314fcbcf9731b69d38809fafc4d4","unknown","","","","","true","false","","","","0","0","0","0.0000","","0","0","yes_lives_in_working_dir_only","","","DROP","T2,T4,T6","discard",""
"mac_working_dir_midlinestoragewp-7f30e3_2026-05-29","mac_working_dir","/Users/scott/Desktop/Archive/prepared/midlinestoragewp-7f30e3/working","13","0","0","/Users/scott/Desktop/Archive/prescience_score_prompt_v2.md","f8c1e07469d8fce3148ad7c53f3ebb7f02fa312d8e0b724f6912808923385d29","true","0-5","","","","","","","","","","","","","","/Users/scott/Desktop/Archive/prepared/midlinestoragewp-7f30e3/working/entity_candidates.csv","1c7b76cac91cd04a6b4649173acdabfbff41ecbd2a52d14b87b8aa26d74470e4","unknown","","","","","true","false","","","","0","0","0","0.0000","","0","0","yes_lives_in_working_dir_only","","","DROP","T2,T4,T6","discard",""
"mac_working_dir_mobiledatatoc-5b5e85_2026-05-29","mac_working_dir","/Users/scott/Desktop/Archive/prepared/mobiledatatoc-5b5e85/working","8","0","0","/Users/scott/Desktop/Archive/prescience_score_prompt_v2.md","f8c1e07469d8fce3148ad7c53f3ebb7f02fa312d8e0b724f6912808923385d29","true","0-5","","","","","","","","","","","","","","/Users/scott/Desktop/Archive/prepared/mobiledatatoc-5b5e85/working/skipped_obs_v3.csv","7a8104fe8ee123cd4c05181ab5e4caad0ad2619966fa3b3821e7c39765d784dd","unknown","","","","","true","false","","","","0","0","0","0.0000","","0","0","yes_lives_in_working_dir_only","","","DROP","T2,T4,T6","discard",""
"mac_working_dir_mobilemiddlewareabridgedtoc-80c331_2026-05-29","mac_working_dir","/Users/scott/Desktop/Archive/prepared/mobilemiddlewareabridgedtoc-80c331/working","5","0","0","/Users/scott/Desktop/Archive/prescience_score_prompt_v2.md","f8c1e07469d8fce3148ad7c53f3ebb7f02fa312d8e0b724f6912808923385d29","true","0-5","","","","","","","","","","","","","","/Users/scott/Desktop/Archive/prepared/mobilemiddlewareabridgedtoc-80c331/working/skipped_obs_v3.csv","cb85f2bd51365439f6c850bac5c1e858ce5bc80116b6622b5ef9be80c1e9b41f","unknown","","","","","true","false","","","","0","0","0","0.0000","","0","0","yes_lives_in_working_dir_only","","","DROP","T2,T4,T6","discard",""
"mac_working_dir_mobility-management-jb-3822-93c2b3_2026-05-29","mac_working_dir","/Users/scott/Desktop/Archive/prepared/mobility-management-jb-3822-93c2b3/working","55","55","1","/Users/scott/Desktop/Archive/prescience_score_prompt_v2.md","f8c1e07469d8fce3148ad7c53f3ebb7f02fa312d8e0b724f6912808923385d29","true","0-5","","","","","","","","","","","","","","/Users/scott/Desktop/Archive/prepared/mobility-management-jb-3822-93c2b3/working/entity_candidates.csv","28b7404d88820187c514a13ccd52b6a930bfc4ad65e8ee1cf3bae3fde492eb9d","unknown","","","","","true","false","","","","0","0","0","0.0000","","0","0","yes_lives_in_working_dir_only","","","DROP","T2,T4,T6","discard",""
"mac_working_dir_mto-05-06-cmo-mktanalyticslagenda-081605a-6a0fa4_2026-05-23","mac_working_dir","/Users/scott/Desktop/Archive/prepared/mto-05-06-cmo-mktanalyticslagenda-081605a-6a0fa4/working","","","","/Users/scott/Desktop/Archive/prescience_score_prompt_v2.md","f8c1e07469d8fce3148ad7c53f3ebb7f02fa312d8e0b724f6912808923385d29","true","0-5","","","","","","","","","","","","","","/Users/scott/Desktop/Archive/prepared/mto-05-06-cmo-mktanalyticslagenda-081605a-6a0fa4/working/entity_candidates.csv","100757832aa39cfedbef8ed553373fcd4c98e6d9714cc3ca4917c521e3da9aaa","unknown","","","","","true","false","","","","","","","","","","","yes_lives_in_working_dir_only","","","DROP","T2,T4,T6","discard",""
"mac_working_dir_mto-2005-sell-side-research-20agenda-110404a-a86bae_2026-05-23","mac_working_dir","/Users/scott/Desktop/Archive/prepared/mto-2005-sell-side-research-20agenda-110404a-a86bae/working","","","","/Users/scott/Desktop/Archive/prescience_score_prompt_v2.md","f8c1e07469d8fce3148ad7c53f3ebb7f02fa312d8e0b724f6912808923385d29","true","0-5","","","","","","","","","","","","","","/Users/scott/Desktop/Archive/prepared/mto-2005-sell-side-research-20agenda-110404a-a86bae/working/entity_candidates.csv","100757832aa39cfedbef8ed553373fcd4c98e6d9714cc3ca4917c521e3da9aaa","unknown","","","","","true","false","","","","","","","","","","","yes_lives_in_working_dir_only","","","DROP","T2,T4,T6","discard",""
"mac_working_dir_mto-204q04-20-20proactive-20service-20102804a-3388b9_2026-05-23","mac_working_dir","/Users/scott/Desktop/Archive/prepared/mto-204q04-20-20proactive-20service-20102804a-3388b9/working","","","","/Users/scott/Desktop/Archive/prescience_score_prompt_v2.md","f8c1e07469d8fce3148ad7c53f3ebb7f02fa312d8e0b724f6912808923385d29","true","0-5","","","","","","","","","","","","","","/Users/scott/Desktop/Archive/prepared/mto-204q04-20-20proactive-20service-20102804a-3388b9/working/entity_candidates.csv","4dd73e8c876986e4702368dd78200125792a30eeafd3a3c988e83088a84731ad","unknown","","","","","true","false","","","","","","","","","","","yes_lives_in_working_dir_only","","","DROP","T2,T4,T6","discard",""
"mac_working_dir_mto-204q05-20-20business-20benefits-20auto-20replenishment-11e73c_2026-05-23","mac_working_dir","/Users/scott/Desktop/Archive/prepared/mto-204q05-20-20business-20benefits-20auto-20replenishment-11e73c/working","2","0","0","/Users/scott/Desktop/Archive/prescience_score_prompt_v2.md","f8c1e07469d8fce3148ad7c53f3ebb7f02fa312d8e0b724f6912808923385d29","true","0-5","","","","","","","","","","","","","","/Users/scott/Desktop/Archive/prepared/mto-204q05-20-20business-20benefits-20auto-20replenishment-11e73c/working/observation_candidates.csv","373e001b37be3230f31b05867feff809ddd9b5a45920d8054bc0ca7b38ecf037","unknown","","","","","true","false","","","","0","0","0","0.0000","","0","0","yes_lives_in_working_dir_only","","","DROP","T2,T4,T6","discard",""
"mac_working_dir_mto-retail-2005-research-agenda-011105a-10c644_2026-05-29","mac_working_dir","/Users/scott/Desktop/Archive/prepared/mto-retail-2005-research-agenda-011105a-10c644/working","","","","/Users/scott/Desktop/Archive/prescience_score_prompt_v2.md","f8c1e07469d8fce3148ad7c53f3ebb7f02fa312d8e0b724f6912808923385d29","true","0-5","","","","","","","","","","","","","","/Users/scott/Desktop/Archive/prepared/mto-retail-2005-research-agenda-011105a-10c644/working/entity_candidates.csv","08c7d23042550cef075d94faf4e984d122360528004248ca556f39c1d19e5e35","unknown","","","","","true","false","","","","","","","","","","","yes_lives_in_working_dir_only","","","DROP","T2,T4,T6","discard",""
"mac_working_dir_net2ssnapshot-446b68_2026-05-29","mac_working_dir","/Users/scott/Desktop/Archive/prepared/net2ssnapshot-446b68/working","10","0","0","/Users/scott/Desktop/Archive/prescience_score_prompt_v2.md","f8c1e07469d8fce3148ad7c53f3ebb7f02fa312d8e0b724f6912808923385d29","true","0-5","","","","","","","","","","","","","","/Users/scott/Desktop/Archive/prepared/net2ssnapshot-446b68/working/skipped_obs_v3.csv","0fdffc5079c39ec0336b8995035fd4de2bbaf1c02c30c38990ca3d3a89d08518","unknown","","","","","true","false","","","","0","0","0","0.0000","","0","0","yes_lives_in_working_dir_only","","","DROP","T2,T4,T6","discard",""
"mac_working_dir_netmarket-toc-a7bfa2_2026-05-23","mac_working_dir","/Users/scott/Desktop/Archive/prepared/netmarket-toc-a7bfa2/working","7","0","0","/Users/scott/Desktop/Archive/prescience_score_prompt_v2.md","f8c1e07469d8fce3148ad7c53f3ebb7f02fa312d8e0b724f6912808923385d29","true","0-5","","","","","","","","","","","","","","/Users/scott/Desktop/Archive/prepared/netmarket-toc-a7bfa2/working/bucket_signals.json","21f7a815dc5b4b9f9dcbe54d88f1acd506dd26acc051d0d8bc1b3cbe2c756467","unknown","","","","","true","false","","","","0","0","0","0.0000","","0","0","yes_lives_in_working_dir_only","","","DROP","T2,T4,T6","discard",""
"mac_working_dir_netmarketliquidity-toc-fb9fbc_2026-05-23","mac_working_dir","/Users/scott/Desktop/Archive/prepared/netmarketliquidity-toc-fb9fbc/working","","","","/Users/scott/Desktop/Archive/prescience_score_prompt_v2.md","f8c1e07469d8fce3148ad7c53f3ebb7f02fa312d8e0b724f6912808923385d29","true","0-5","","","","","","","","","","","","","","/Users/scott/Desktop/Archive/prepared/netmarketliquidity-toc-fb9fbc/working/entity_candidates.csv","6bb72e4b947a2c97a26c4136237419a8c84f92aff838214dab8a8d04203090b9","unknown","","","","","true","false","","","","","","","","","","","yes_lives_in_working_dir_only","","","DROP","T2,T4,T6","discard",""
"mac_working_dir_netscreensnapshot-e08ade_2026-05-29","mac_working_dir","/Users/scott/Desktop/Archive/prepared/netscreensnapshot-e08ade/working","7","0","0","/Users/scott/Desktop/Archive/prescience_score_prompt_v2.md","f8c1e07469d8fce3148ad7c53f3ebb7f02fa312d8e0b724f6912808923385d29","true","0-5","","","","","","","","","","","","","","/Users/scott/Desktop/Archive/prepared/netscreensnapshot-e08ade/working/skipped_obs_v3.csv","0922d48985775c541bfb10a60b2f840544bf70124e2f61fcbe7d489bc2c5ac11","unknown","","","","","true","false","","","","0","0","0","0.0000","","0","0","yes_lives_in_working_dir_only","","","DROP","T2,T4,T6","discard",""
"mac_working_dir_network-1snapshot-b7770f_2026-05-29","mac_working_dir","/Users/scott/Desktop/Archive/prepared/network-1snapshot-b7770f/working","2","0","0","/Users/scott/Desktop/Archive/prescience_score_prompt_v2.md","f8c1e07469d8fce3148ad7c53f3ebb7f02fa312d8e0b724f6912808923385d29","true","0-5","","","","","","","","","","","","","","/Users/scott/Desktop/Archive/prepared/network-1snapshot-b7770f/working/skipped_obs_v3.csv","2f4b686c569a9c7c27ae22c53447630f2d0acb56042c8c07ddcae17d2e10749f","unknown","","","","","true","false","","","","0","0","0","0.0000","","0","0","yes_lives_in_working_dir_only","","","DROP","T2,T4,T6","discard",""
"mac_working_dir_networkappliancesnapshot-894077_2026-05-29","mac_working_dir","/Users/scott/Desktop/Archive/prepared/networkappliancesnapshot-894077/working","5","0","0","/Users/scott/Desktop/Archive/prescience_score_prompt_v2.md","f8c1e07469d8fce3148ad7c53f3ebb7f02fa312d8e0b724f6912808923385d29","true","0-5","","","","","","","","","","","","","","/Users/scott/Desktop/Archive/prepared/networkappliancesnapshot-894077/working/skipped_obs_v3.csv","ee8333e012256a83715dcc6001feb288d827142101c2d80d3987e6c6b998d522","unknown","","","","","true","false","","","","0","0","0","0.0000","","0","0","yes_lives_in_working_dir_only","","","DROP","T2,T4,T6","discard",""
"mac_working_dir_newmediasnapshot-ff463f_2026-05-29","mac_working_dir","/Users/scott/Desktop/Archive/prepared/newmediasnapshot-ff463f/working","2","0","0","/Users/scott/Desktop/Archive/prescience_score_prompt_v2.md","f8c1e07469d8fce3148ad7c53f3ebb7f02fa312d8e0b724f6912808923385d29","true","0-5","","","","","","","","","","","","","","/Users/scott/Desktop/Archive/prepared/newmediasnapshot-ff463f/working/skipped_obs_v3.csv","107373fc2d1538b96e93c5e73ca9c6897289810340fb88f5a9ca9625a7f7f4bf","unknown","","","","","true","false","","","","0","0","0","0.0000","","0","0","yes_lives_in_working_dir_only","","","DROP","T2,T4,T6","discard",""
"mac_working_dir_nextancesnapshot-504aed_2026-05-29","mac_working_dir","/Users/scott/Desktop/Archive/prepared/nextancesnapshot-504aed/working","2","0","0","/Users/scott/Desktop/Archive/prescience_score_prompt_v2.md","f8c1e07469d8fce3148ad7c53f3ebb7f02fa312d8e0b724f6912808923385d29","true","0-5","","","","","","","","","","","","","","/Users/scott/Desktop/Archive/prepared/nextancesnapshot-504aed/working/skipped_obs_v3.csv","680d4d0dc53fddc80af3f1b07cb9c934a0ddde9764b2d38e0d184f7c5ede785a","unknown","","","","","true","false","","","","0","0","0","0.0000","","0","0","yes_lives_in_working_dir_only","","","DROP","T2,T4,T6","discard",""
"mac_working_dir_nfrsnapshot-c5fc14_2026-05-29","mac_working_dir","/Users/scott/Desktop/Archive/prepared/nfrsnapshot-c5fc14/working","3","0","0","/Users/scott/Desktop/Archive/prescience_score_prompt_v2.md","f8c1e07469d8fce3148ad7c53f3ebb7f02fa312d8e0b724f6912808923385d29","true","0-5","","","","","","","","","","","","","","/Users/scott/Desktop/Archive/prepared/nfrsnapshot-c5fc14/working/skipped_obs_v3.csv","ddc29c1ff749b57379b91c313d23c57a524134eb4da39f874c98db4dd12cd0e1","unknown","","","","","true","false","","","","0","0","0","0.0000","","0","0","yes_lives_in_working_dir_only","","","DROP","T2,T4,T6","discard",""
"mac_working_dir_nt2000-41a391_2026-05-29","mac_working_dir","/Users/scott/Desktop/Archive/prepared/nt2000-41a391/working","5","0","0","/Users/scott/Desktop/Archive/prescience_score_prompt_v2.md","f8c1e07469d8fce3148ad7c53f3ebb7f02fa312d8e0b724f6912808923385d29","true","0-5","","","","","","","","","","","","","","/Users/scott/Desktop/Archive/prepared/nt2000-41a391/working/skipped_obs_v3.csv","7e54b990037692d09ccc1ca9554d996b50b6ed70283e316f4fbd6614eecea763","unknown","","","","","true","false","","","","0","0","0","0.0000","","0","0","yes_lives_in_working_dir_only","","","DROP","T2,T4,T6","discard",""
"mac_working_dir_nt2000-data-a2adf2_2026-05-29","mac_working_dir","/Users/scott/Desktop/Archive/prepared/nt2000-data-a2adf2/working","","","","/Users/scott/Desktop/Archive/prescience_score_prompt_v2.md","f8c1e07469d8fce3148ad7c53f3ebb7f02fa312d8e0b724f6912808923385d29","true","0-5","","","","","","","","","","","","","","/Users/scott/Desktop/Archive/prepared/nt2000-data-a2adf2/working/entity_candidates.csv","021d74020665f1e8bf116d0de0662cdef4723c42a4c3a3721f2db77e2d2bc2cb","unknown","","","","","true","false","","","","","","","","","","","yes_lives_in_working_dir_only","","","DROP","T2,T4,T6","discard",""
"mac_working_dir_optical-electronicreport-toc-0a3155_2026-05-23","mac_working_dir","/Users/scott/Desktop/Archive/prepared/optical-electronicreport-toc-0a3155/working","","","","/Users/scott/Desktop/Archive/prescience_score_prompt_v2.md","f8c1e07469d8fce3148ad7c53f3ebb7f02fa312d8e0b724f6912808923385d29","true","0-5","","","","","","","","","","","","","","/Users/scott/Desktop/Archive/prepared/optical-electronicreport-toc-0a3155/working/entity_candidates.csv","b4f0f0b7b6366e1e0eb2d8fe7660ecef84910873ddb77102ae86fa6ce4c040a9","unknown","","","","","true","false","","","","","","","","","","","yes_lives_in_working_dir_only","","","DROP","T2,T4,T6","discard",""
"mac_working_dir_opticalnetworking-1695aa_2026-05-29","mac_working_dir","/Users/scott/Desktop/Archive/prepared/opticalnetworking-1695aa/working","","","","/Users/scott/Desktop/Archive/prescience_score_prompt_v2.md","f8c1e07469d8fce3148ad7c53f3ebb7f02fa312d8e0b724f6912808923385d29","true","0-5","","","","","","","","","","","","","","/Users/scott/Desktop/Archive/prepared/opticalnetworking-1695aa/working/entity_candidates.csv","dae52b3a750dacb31e82381d8c313d9ef963f96a76dd6ab331c525351ef1cbe7","unknown","","","","","true","false","","","","","","","","","","","yes_lives_in_working_dir_only","","","DROP","T2,T4,T6","discard",""
"mac_working_dir_oracle-431364_2026-05-29","mac_working_dir","/Users/scott/Desktop/Archive/prepared/oracle-431364/working","14","0","0","/Users/scott/Desktop/Archive/prescience_score_prompt_v2.md","f8c1e07469d8fce3148ad7c53f3ebb7f02fa312d8e0b724f6912808923385d29","true","0-5","","","","","","","","","","","","","","/Users/scott/Desktop/Archive/prepared/oracle-431364/working/skipped_obs_v3.csv","cf1334ac1a8b3a36591c8be8996308cc7f42377281941eccf86b4d4ed411a48e","unknown","","","","","true","false","","","","0","0","0","0.0000","","0","0","yes_lives_in_working_dir_only","","","DROP","T2,T4,T6","discard",""
"mac_working_dir_oracle-wp-prod-15ac4a_2026-05-29","mac_working_dir","/Users/scott/Desktop/Archive/prepared/oracle-wp-prod-15ac4a/working","16","16","1","/Users/scott/Desktop/Archive/prescience_score_prompt_v2.md","f8c1e07469d8fce3148ad7c53f3ebb7f02fa312d8e0b724f6912808923385d29","true","0-5","","","","","","","","","","","","","","/Users/scott/Desktop/Archive/prepared/oracle-wp-prod-15ac4a/working/entity_candidates.csv","36819c3a2353ee3e45cc2717c91eded75fa642a24eb9df198376252fe77993c0","unknown","","","","","true","false","","","","0","0","0","0.0000","","0","0","yes_lives_in_working_dir_only","","","DROP","T2,T4,T6","discard",""
"mac_working_dir_osbptoc9-23-fd5f9a_2026-05-29","mac_working_dir","/Users/scott/Desktop/Archive/prepared/osbptoc9-23-fd5f9a/working","3","0","0","/Users/scott/Desktop/Archive/prescience_score_prompt_v2.md","f8c1e07469d8fce3148ad7c53f3ebb7f02fa312d8e0b724f6912808923385d29","true","0-5","","","","","","","","","","","","","","/Users/scott/Desktop/Archive/prepared/osbptoc9-23-fd5f9a/working/skipped_obs_v3.csv","d3fd0ab0796004cdc3e25da2fa3e3b1f2c7603831be4fcc40703d4ac83d417d4","unknown","","","","","true","false","","","","0","0","0","0.0000","","0","0","yes_lives_in_working_dir_only","","","DROP","T2,T4,T6","discard",""
"mac_working_dir_ourpromise-5b66af_2026-05-23","mac_working_dir","/Users/scott/Desktop/Archive/prepared/ourpromise-5b66af/working","","","","/Users/scott/Desktop/Archive/prescience_score_prompt_v2.md","f8c1e07469d8fce3148ad7c53f3ebb7f02fa312d8e0b724f6912808923385d29","true","0-5","","","","","","","","","","","","","","/Users/scott/Desktop/Archive/prepared/ourpromise-5b66af/working/entity_candidates.csv","100757832aa39cfedbef8ed553373fcd4c98e6d9714cc3ca4917c521e3da9aaa","unknown","","","","","true","false","","","","","","","","","","","yes_lives_in_working_dir_only","","","DROP","T2,T4,T6","discard",""
"mac_working_dir_p2scrm99-execsum-27132c_2026-05-29","mac_working_dir","/Users/scott/Desktop/Archive/prepared/p2scrm99-execsum-27132c/working","25","0","0","/Users/scott/Desktop/Archive/prescience_score_prompt_v2.md","f8c1e07469d8fce3148ad7c53f3ebb7f02fa312d8e0b724f6912808923385d29","true","0-5","","","","","","","","","","","","","","/Users/scott/Desktop/Archive/prepared/p2scrm99-execsum-27132c/working/skipped_obs_v3.csv","82b2e6eaa72500eb09074d7da272be8fba84cb80fede007354376118cc452c6a","unknown","","","","","true","false","","","","0","0","0","0.0000","","0","0","yes_lives_in_working_dir_only","","","DROP","T2,T4,T6","discard",""
"mac_working_dir_patchlinksnapshot-a10275_2026-05-29","mac_working_dir","/Users/scott/Desktop/Archive/prepared/patchlinksnapshot-a10275/working","3","0","0","/Users/scott/Desktop/Archive/prescience_score_prompt_v2.md","f8c1e07469d8fce3148ad7c53f3ebb7f02fa312d8e0b724f6912808923385d29","true","0-5","","","","","","","","","","","","","","/Users/scott/Desktop/Archive/prepared/patchlinksnapshot-a10275/working/skipped_obs_v3.csv","02e4af56cce8e3b1a60e8cb33c432962aee9a0915e7651ff7bb29a55bdd70933","unknown","","","","","true","false","","","","0","0","0","0.0000","","0","0","yes_lives_in_working_dir_only","","","DROP","T2,T4,T6","discard",""
"mac_working_dir_phoenixsnapshot-e90044_2026-05-29","mac_working_dir","/Users/scott/Desktop/Archive/prepared/phoenixsnapshot-e90044/working","","","","/Users/scott/Desktop/Archive/prescience_score_prompt_v2.md","f8c1e07469d8fce3148ad7c53f3ebb7f02fa312d8e0b724f6912808923385d29","true","0-5","","","","","","","","","","","","","","/Users/scott/Desktop/Archive/prepared/phoenixsnapshot-e90044/working/entity_candidates.csv","0c8254bac1e4fd55277e2e4bdb5a5f3b859e799d8482262dd338482ce7033422","unknown","","","","","true","false","","","","","","","","","","","yes_lives_in_working_dir_only","","","DROP","T2,T4,T6","discard",""
"mac_working_dir_plm-market-sizing-toc-12e77f_2026-05-23","mac_working_dir","/Users/scott/Desktop/Archive/prepared/plm-market-sizing-toc-12e77f/working","3","0","0","/Users/scott/Desktop/Archive/prescience_score_prompt_v2.md","f8c1e07469d8fce3148ad7c53f3ebb7f02fa312d8e0b724f6912808923385d29","true","0-5","","","","","","","","","","","","","","/Users/scott/Desktop/Archive/prepared/plm-market-sizing-toc-12e77f/working/bucket_signals.json","7f15c9ca59daf1cc01eb69e90390c6f9847ead5c39d87ed27af8dce2c3d2e41e","unknown","","","","","true","false","","","","0","0","0","0.0000","","0","0","yes_lives_in_working_dir_only","","","DROP","T2,T4,T6","discard",""
"mac_working_dir_polivecsnapshot-388c4c_2026-05-29","mac_working_dir","/Users/scott/Desktop/Archive/prepared/polivecsnapshot-388c4c/working","","","","/Users/scott/Desktop/Archive/prescience_score_prompt_v2.md","f8c1e07469d8fce3148ad7c53f3ebb7f02fa312d8e0b724f6912808923385d29","true","0-5","","","","","","","","","","","","","","/Users/scott/Desktop/Archive/prepared/polivecsnapshot-388c4c/working/entity_candidates.csv","64fb33adc22896c00ec296df3fd6b5c2d84ecd27b1dcf9addb79e7eea3dee4c4","unknown","","","","","true","false","","","","","","","","","","","yes_lives_in_working_dir_only","","","DROP","T2,T4,T6","discard",""
"mac_working_dir_poolsofstoragewp-3a0151_2026-05-29","mac_working_dir","/Users/scott/Desktop/Archive/prepared/poolsofstoragewp-3a0151/working","12","12","1","/Users/scott/Desktop/Archive/prescience_score_prompt_v2.md","f8c1e07469d8fce3148ad7c53f3ebb7f02fa312d8e0b724f6912808923385d29","true","0-5","","","","","","","","","","","","","","/Users/scott/Desktop/Archive/prepared/poolsofstoragewp-3a0151/working/entity_candidates.csv","1d2a1e91b1aed1bb9aec93a23cb4d31b32117a01aa6f6ee3f538a40c7cb96c7c","unknown","","","","","true","false","","","","0","0","0","0.0000","","0","0","yes_lives_in_working_dir_only","","","DROP","T2,T4,T6","discard",""
"mac_working_dir_pragmatechv2snapshot-b0953e_2026-05-29","mac_working_dir","/Users/scott/Desktop/Archive/prepared/pragmatechv2snapshot-b0953e/working","15","0","0","/Users/scott/Desktop/Archive/prescience_score_prompt_v2.md","f8c1e07469d8fce3148ad7c53f3ebb7f02fa312d8e0b724f6912808923385d29","true","0-5","","","","","","","","","","","","","","/Users/scott/Desktop/Archive/prepared/pragmatechv2snapshot-b0953e/working/skipped_obs_v3.csv","7c72588f3c1770682d4a2385993461301f14a6e9aa23f3f93692318292fae7a0","unknown","","","","","true","false","","","","0","0","0","0.0000","","0","0","yes_lives_in_working_dir_only","","","DROP","T2,T4,T6","discard",""
"mac_working_dir_privastaffsnapshot-b4f7c1_2026-05-29","mac_working_dir","/Users/scott/Desktop/Archive/prepared/privastaffsnapshot-b4f7c1/working","","","","/Users/scott/Desktop/Archive/prescience_score_prompt_v2.md","f8c1e07469d8fce3148ad7c53f3ebb7f02fa312d8e0b724f6912808923385d29","true","0-5","","","","","","","","","","","","","","/Users/scott/Desktop/Archive/prepared/privastaffsnapshot-b4f7c1/working/entity_candidates.csv","64fb33adc22896c00ec296df3fd6b5c2d84ecd27b1dcf9addb79e7eea3dee4c4","unknown","","","","","true","false","","","","","","","","","","","yes_lives_in_working_dir_only","","","DROP","T2,T4,T6","discard",""
"mac_working_dir_procuri-d9365c_2026-05-29","mac_working_dir","/Users/scott/Desktop/Archive/prepared/procuri-d9365c/working","6","0","0","/Users/scott/Desktop/Archive/prescience_score_prompt_v2.md","f8c1e07469d8fce3148ad7c53f3ebb7f02fa312d8e0b724f6912808923385d29","true","0-5","","","","","","","","","","","","","","/Users/scott/Desktop/Archive/prepared/procuri-d9365c/working/skipped_obs_v3.csv","7737099c1910845c11f18124ff0db5489a31d53af5dedde8df412587063f79cd","unknown","","","","","true","false","","","","0","0","0","0.0000","","0","0","yes_lives_in_working_dir_only","","","DROP","T2,T4,T6","discard",""
"mac_working_dir_product-innovation-snapshot-e17d47_2026-05-29","mac_working_dir","/Users/scott/Desktop/Archive/prepared/product-innovation-snapshot-e17d47/working","","","","/Users/scott/Desktop/Archive/prescience_score_prompt_v2.md","f8c1e07469d8fce3148ad7c53f3ebb7f02fa312d8e0b724f6912808923385d29","true","0-5","","","","","","","","","","","","","","/Users/scott/Desktop/Archive/prepared/product-innovation-snapshot-e17d47/working/entity_candidates.csv","bd0a7c15a01292cbcc4bb1e11b000d4c35221823cedd2d47ef8dc430a0241bef","unknown","","","","","true","false","","","","","","","","","","","yes_lives_in_working_dir_only","","","DROP","T2,T4,T6","discard",""
"mac_working_dir_psa2001surveyreporttoc-971ee5_2026-05-29","mac_working_dir","/Users/scott/Desktop/Archive/prepared/psa2001surveyreporttoc-971ee5/working","5","0","0","/Users/scott/Desktop/Archive/prescience_score_prompt_v2.md","f8c1e07469d8fce3148ad7c53f3ebb7f02fa312d8e0b724f6912808923385d29","true","0-5","","","","","","","","","","","","","","/Users/scott/Desktop/Archive/prepared/psa2001surveyreporttoc-971ee5/working/skipped_obs_v3.csv","d6145459bce440d8c5bd2886e79527a20406d4db534bbb89b57d8c6ec64805c3","unknown","","","","","true","false","","","","0","0","0","0.0000","","0","0","yes_lives_in_working_dir_only","","","DROP","T2,T4,T6","discard",""
"mac_working_dir_pscrm99-execsum-d07d3b_2026-05-29","mac_working_dir","/Users/scott/Desktop/Archive/prepared/pscrm99-execsum-d07d3b/working","","","","/Users/scott/Desktop/Archive/prescience_score_prompt_v2.md","f8c1e07469d8fce3148ad7c53f3ebb7f02fa312d8e0b724f6912808923385d29","true","0-5","","","","","","","","","","","","","","/Users/scott/Desktop/Archive/prepared/pscrm99-execsum-d07d3b/working/entity_candidates.csv","142c19abec768ca03c8ba22771b393db04ef575dd1bcbcb2229d82e9bc016a58","unknown","","","","","true","false","","","","","","","","","","","yes_lives_in_working_dir_only","","","DROP","T2,T4,T6","discard",""
"mac_working_dir_pscrm99-toc-400c8d_2026-05-23","mac_working_dir","/Users/scott/Desktop/Archive/prepared/pscrm99-toc-400c8d/working","11","0","0","/Users/scott/Desktop/Archive/prescience_score_prompt_v2.md","f8c1e07469d8fce3148ad7c53f3ebb7f02fa312d8e0b724f6912808923385d29","true","0-5","","","","","","","","","","","","","","/Users/scott/Desktop/Archive/prepared/pscrm99-toc-400c8d/working/bucket_signals.json","35f7529d4f3d26c6bb028c2e827d9e03287be6a0c1981889039aa72b70f00a08","unknown","","","","","true","false","","","","0","0","0","0.0000","","0","0","yes_lives_in_working_dir_only","","","DROP","T2,T4,T6","discard",""
"mac_working_dir_pss-204q04-20-20nextgen-20post-sales-20service-20083004a-fcd311_2026-05-23","mac_working_dir","/Users/scott/Desktop/Archive/prepared/pss-204q04-20-20nextgen-20post-sales-20service-20083004a-fcd311/working","","","","/Users/scott/Desktop/Archive/prescience_score_prompt_v2.md","f8c1e07469d8fce3148ad7c53f3ebb7f02fa312d8e0b724f6912808923385d29","true","0-5","","","","","","","","","","","","","","/Users/scott/Desktop/Archive/prepared/pss-204q04-20-20nextgen-20post-sales-20service-20083004a-fcd311/working/entity_candidates.csv","cd603048f79d8896eae5ebf3ecf3557f476ae02bf708e52d2b83bf2091145fb1","unknown","","","","","true","false","","","","","","","","","","","yes_lives_in_working_dir_only","","","DROP","T2,T4,T6","discard",""
"mac_working_dir_publication-partner-program-b2219f_2026-05-23","mac_working_dir","/Users/scott/Desktop/Archive/prepared/publication-partner-program-b2219f/working","","","","/Users/scott/Desktop/Archive/prescience_score_prompt_v2.md","f8c1e07469d8fce3148ad7c53f3ebb7f02fa312d8e0b724f6912808923385d29","true","0-5","","","","","","","","","","","","","","/Users/scott/Desktop/Archive/prepared/publication-partner-program-b2219f/working/entity_candidates.csv","1fdd6a841bccde412f4dc0d46aa75ab2699bbbed76d237e0c646f5d71dc2f176","unknown","","","","","true","false","","","","","","","","","","","yes_lives_in_working_dir_only","","","DROP","T2,T4,T6","discard",""
"mac_working_dir_q06-inogovernance-aa-7fd9ff_2026-05-23","mac_working_dir","/Users/scott/Desktop/Archive/prepared/q06-inogovernance-aa-7fd9ff/working","","","","/Users/scott/Desktop/Archive/prescience_score_prompt_v2.md","f8c1e07469d8fce3148ad7c53f3ebb7f02fa312d8e0b724f6912808923385d29","true","0-5","","","","","","","","","","","","","","/Users/scott/Desktop/Archive/prepared/q06-inogovernance-aa-7fd9ff/working/entity_candidates.csv","e4b7a7f48c8ea6f0e6a569d088fe3517158d2897233097cdb8cc2a4d816104c0","unknown","","","","","true","false","","","","","","","","","","","yes_lives_in_working_dir_only","","","DROP","T2,T4,T6","discard",""
"mac_working_dir_q106-appsonnetwork-pk-e3ee37_2026-05-23","mac_working_dir","/Users/scott/Desktop/Archive/prepared/q106-appsonnetwork-pk-e3ee37/working","","","","/Users/scott/Desktop/Archive/prescience_score_prompt_v2.md","f8c1e07469d8fce3148ad7c53f3ebb7f02fa312d8e0b724f6912808923385d29","true","0-5","","","","","","","","","","","","","","/Users/scott/Desktop/Archive/prepared/q106-appsonnetwork-pk-e3ee37/working/entity_candidates.csv","db60dd7319529fa791c87f7e03b11bda7ba7127c41bae6fc5d840b4d5d737a09","unknown","","","","","true","false","","","","","","","","","","","yes_lives_in_working_dir_only","","","DROP","T2,T4,T6","discard",""
"mac_working_dir_q106-gsm-dirmatbmq06-collateral-312afd_2026-05-23","mac_working_dir","/Users/scott/Desktop/Archive/prepared/q106-gsm-dirmatbmq06-collateral-312afd/working","","","","/Users/scott/Desktop/Archive/prescience_score_prompt_v2.md","f8c1e07469d8fce3148ad7c53f3ebb7f02fa312d8e0b724f6912808923385d29","true","0-5","","","","","","","","","","","","","","/Users/scott/Desktop/Archive/prepared/q106-gsm-dirmatbmq06-collateral-312afd/working/entity_candidates.csv","100757832aa39cfedbef8ed553373fcd4c98e6d9714cc3ca4917c521e3da9aaa","unknown","","","","","true","false","","","","","","","","","","","yes_lives_in_working_dir_only","","","DROP","T2,T4,T6","discard",""
"mac_working_dir_q106-ilmvaluation-ittobusiness-ff17e7_2026-05-23","mac_working_dir","/Users/scott/Desktop/Archive/prepared/q106-ilmvaluation-ittobusiness-ff17e7/working","","","","/Users/scott/Desktop/Archive/prescience_score_prompt_v2.md","f8c1e07469d8fce3148ad7c53f3ebb7f02fa312d8e0b724f6912808923385d29","true","0-5","","","","","","","","","","","","","","/Users/scott/Desktop/Archive/prepared/q106-ilmvaluation-ittobusiness-ff17e7/working/entity_candidates.csv","3314a09254e5dc1b54175fcba118156b57b6f49d929a1cc59baeeb793e165a54","unknown","","","","","true","false","","","","","","","","","","","yes_lives_in_working_dir_only","","","DROP","T2,T4,T6","discard",""
"mac_working_dir_q106-morevalueentapps-pk-138485_2026-05-23","mac_working_dir","/Users/scott/Desktop/Archive/prepared/q106-morevalueentapps-pk-138485/working","","","","/Users/scott/Desktop/Archive/prescience_score_prompt_v2.md","f8c1e07469d8fce3148ad7c53f3ebb7f02fa312d8e0b724f6912808923385d29","true","0-5","","","","","","","","","","","","","","/Users/scott/Desktop/Archive/prepared/q106-morevalueentapps-pk-138485/working/entity_candidates.csv","c109410e9da95ac39868663815aa8569a5baef6a95cf6b8ff6e5216f1959b029","unknown","","","","","true","false","","","","","","","","","","","yes_lives_in_working_dir_only","","","DROP","T2,T4,T6","discard",""
"mac_working_dir_q106-pointofserviceselectionoverview-9f7550_2026-05-23","mac_working_dir","/Users/scott/Desktop/Archive/prepared/q106-pointofserviceselectionoverview-9f7550/working","","","","/Users/scott/Desktop/Archive/prescience_score_prompt_v2.md","f8c1e07469d8fce3148ad7c53f3ebb7f02fa312d8e0b724f6912808923385d29","true","0-5","","","","","","","","","","","","","","/Users/scott/Desktop/Archive/prepared/q106-pointofserviceselectionoverview-9f7550/working/entity_candidates.csv","76bfa0cdb38d09d0371715411032e44db056413e94fa713cbadb5e50bcfe908f","unknown","","","","","true","false","","","","","","","","","","","yes_lives_in_working_dir_only","","","DROP","T2,T4,T6","discard",""
"mac_working_dir_q106-smmidplm-overview-f25f0e_2026-05-23","mac_working_dir","/Users/scott/Desktop/Archive/prepared/q106-smmidplm-overview-f25f0e/working","","","","/Users/scott/Desktop/Archive/prescience_score_prompt_v2.md","f8c1e07469d8fce3148ad7c53f3ebb7f02fa312d8e0b724f6912808923385d29","true","0-5","","","","","","","","","","","","","","/Users/scott/Desktop/Archive/prepared/q106-smmidplm-overview-f25f0e/working/entity_candidates.csv","100757832aa39cfedbef8ed553373fcd4c98e6d9714cc3ca4917c521e3da9aaa","unknown","","","","","true","false","","","","","","","","","","","yes_lives_in_working_dir_only","","","DROP","T2,T4,T6","discard",""
"mac_working_dir_q106-sro-ssr-overview-e17408_2026-05-23","mac_working_dir","/Users/scott/Desktop/Archive/prepared/q106-sro-ssr-overview-e17408/working","","","","/Users/scott/Desktop/Archive/prescience_score_prompt_v2.md","f8c1e07469d8fce3148ad7c53f3ebb7f02fa312d8e0b724f6912808923385d29","true","0-5","","","","","","","","","","","","","","/Users/scott/Desktop/Archive/prepared/q106-sro-ssr-overview-e17408/working/entity_candidates.csv","ee0c99973c18aad8b5091ad6df4814ebcb3cc4581aa3bb7d7f204b61701fd903","unknown","","","","","true","false","","","","","","","","","","","yes_lives_in_working_dir_only","","","DROP","T2,T4,T6","discard",""
"mac_working_dir_q106-svcnetopt-overview-cb1664_2026-05-23","mac_working_dir","/Users/scott/Desktop/Archive/prepared/q106-svcnetopt-overview-cb1664/working","","","","/Users/scott/Desktop/Archive/prescience_score_prompt_v2.md","f8c1e07469d8fce3148ad7c53f3ebb7f02fa312d8e0b724f6912808923385d29","true","0-5","","","","","","","","","","","","","","/Users/scott/Desktop/Archive/prepared/q106-svcnetopt-overview-cb1664/working/entity_candidates.csv","ee0c99973c18aad8b5091ad6df4814ebcb3cc4581aa3bb7d7f204b61701fd903","unknown","","","","","true","false","","","","","","","","","","","yes_lives_in_working_dir_only","","","DROP","T2,T4,T6","discard",""
"mac_working_dir_q106-www-20slick-jfprovia-aecdb8_2026-05-23","mac_working_dir","/Users/scott/Desktop/Archive/prepared/q106-www-20slick-jfprovia-aecdb8/working","","","","/Users/scott/Desktop/Archive/prescience_score_prompt_v2.md","f8c1e07469d8fce3148ad7c53f3ebb7f02fa312d8e0b724f6912808923385d29","true","0-5","","","","","","","","","","","","","","/Users/scott/Desktop/Archive/prepared/q106-www-20slick-jfprovia-aecdb8/working/entity_candidates.csv","100757832aa39cfedbef8ed553373fcd4c98e6d9714cc3ca4917c521e3da9aaa","unknown","","","","","true","false","","","","","","","","","","","yes_lives_in_working_dir_only","","","DROP","T2,T4,T6","discard",""
"mac_working_dir_q107-secure-records-mgmt-aa-3425f8_2026-05-23","mac_working_dir","/Users/scott/Desktop/Archive/prepared/q107-secure-records-mgmt-aa-3425f8/working","","","","/Users/scott/Desktop/Archive/prescience_score_prompt_v2.md","f8c1e07469d8fce3148ad7c53f3ebb7f02fa312d8e0b724f6912808923385d29","true","0-5","","","","","","","","","","","","","","/Users/scott/Desktop/Archive/prepared/q107-secure-records-mgmt-aa-3425f8/working/entity_candidates.csv","07ee8abdbf3a58e35eea82a61a9e375d35faab88650e7fcf695b52346178ba11","unknown","","","","","true","false","","","","","","","","","","","yes_lives_in_working_dir_only","","","DROP","T2,T4,T6","discard",""
"mac_working_dir_q206-bisurvey-pr-9ea4ac_2026-05-23","mac_working_dir","/Users/scott/Desktop/Archive/prepared/q206-bisurvey-pr-9ea4ac/working","2","0","0","/Users/scott/Desktop/Archive/prescience_score_prompt_v2.md","f8c1e07469d8fce3148ad7c53f3ebb7f02fa312d8e0b724f6912808923385d29","true","0-5","","","","","","","","","","","","","","/Users/scott/Desktop/Archive/prepared/q206-bisurvey-pr-9ea4ac/working/entity_candidates.csv","100757832aa39cfedbef8ed553373fcd4c98e6d9714cc3ca4917c521e3da9aaa","unknown","","","","","true","false","","","","0","0","0","0.0000","","0","0","yes_lives_in_working_dir_only","","","DROP","T2,T4,T6","discard",""
"mac_working_dir_q206-cardsresearchpreview-0ba635_2026-05-23","mac_working_dir","/Users/scott/Desktop/Archive/prepared/q206-cardsresearchpreview-0ba635/working","","","","/Users/scott/Desktop/Archive/prescience_score_prompt_v2.md","f8c1e07469d8fce3148ad7c53f3ebb7f02fa312d8e0b724f6912808923385d29","true","0-5","","","","","","","","","","","","","","/Users/scott/Desktop/Archive/prepared/q206-cardsresearchpreview-0ba635/working/entity_candidates.csv","100757832aa39cfedbef8ed553373fcd4c98e6d9714cc3ca4917c521e3da9aaa","unknown","","","","","true","false","","","","","","","","","","","yes_lives_in_working_dir_only","","","DROP","T2,T4,T6","discard",""
"mac_working_dir_q206-croagenda-sq-27e043_2026-05-23","mac_working_dir","/Users/scott/Desktop/Archive/prepared/q206-croagenda-sq-27e043/working","","","","/Users/scott/Desktop/Archive/prescience_score_prompt_v2.md","f8c1e07469d8fce3148ad7c53f3ebb7f02fa312d8e0b724f6912808923385d29","true","0-5","","","","","","","","","","","","","","/Users/scott/Desktop/Archive/prepared/q206-croagenda-sq-27e043/working/entity_candidates.csv","e5cb44c22ec10eed243991583b5eea663b64bfb29d2c73ef4bc92480236d853d","unknown","","","","","true","false","","","","","","","","","","","yes_lives_in_working_dir_only","","","DROP","T2,T4,T6","discard",""
"mac_working_dir_q206-custdatamgmt-cir-la-5060b3_2026-05-23","mac_working_dir","/Users/scott/Desktop/Archive/prepared/q206-custdatamgmt-cir-la-5060b3/working","","","","/Users/scott/Desktop/Archive/prescience_score_prompt_v2.md","f8c1e07469d8fce3148ad7c53f3ebb7f02fa312d8e0b724f6912808923385d29","true","0-5","","","","","","","","","","","","","","/Users/scott/Desktop/Archive/prepared/q206-custdatamgmt-cir-la-5060b3/working/entity_candidates.csv","100757832aa39cfedbef8ed553373fcd4c98e6d9714cc3ca4917c521e3da9aaa","unknown","","","","","true","false","","","","","","","","","","","yes_lives_in_working_dir_only","","","DROP","T2,T4,T6","discard",""
"mac_working_dir_q206-dataprotection-aa-953b4c_2026-05-23","mac_working_dir","/Users/scott/Desktop/Archive/prepared/q206-dataprotection-aa-953b4c/working","","","","/Users/scott/Desktop/Archive/prescience_score_prompt_v2.md","f8c1e07469d8fce3148ad7c53f3ebb7f02fa312d8e0b724f6912808923385d29","true","0-5","","","","","","","","","","","","","","/Users/scott/Desktop/Archive/prepared/q206-dataprotection-aa-953b4c/working/entity_candidates.csv","2e0b06d7a96c2630c490f16cb6820ddbfe6264cd65ee0dbaa51ac6c9f7479d49","unknown","","","","","true","false","","","","","","","","","","","yes_lives_in_working_dir_only","","","DROP","T2,T4,T6","discard",""
"mac_working_dir_q206-esb-psk-a58802_2026-05-23","mac_working_dir","/Users/scott/Desktop/Archive/prepared/q206-esb-psk-a58802/working","","","","/Users/scott/Desktop/Archive/prescience_score_prompt_v2.md","f8c1e07469d8fce3148ad7c53f3ebb7f02fa312d8e0b724f6912808923385d29","true","0-5","","","","","","","","","","","","","","/Users/scott/Desktop/Archive/prepared/q206-esb-psk-a58802/working/entity_candidates.csv","d36674a94a2d11b4ff1b92230855ff0a2d23c0a2199053d2fe8823ca55a10e6a","unknown","","","","","true","false","","","","","","","","","","","yes_lives_in_working_dir_only","","","DROP","T2,T4,T6","discard",""
"mac_working_dir_q206-integrating-20datacenter-pk-671089_2026-05-23","mac_working_dir","/Users/scott/Desktop/Archive/prepared/q206-integrating-20datacenter-pk-671089/working","","","","/Users/scott/Desktop/Archive/prescience_score_prompt_v2.md","f8c1e07469d8fce3148ad7c53f3ebb7f02fa312d8e0b724f6912808923385d29","true","0-5","","","","","","","","","","","","","","/Users/scott/Desktop/Archive/prepared/q206-integrating-20datacenter-pk-671089/working/entity_candidates.csv","d2adf33fb0ac5df1edb4772f73fc16a1a394edd7c51d4a0f627889412f0a345e","unknown","","","","","true","false","","","","","","","","","","","yes_lives_in_working_dir_only","","","DROP","T2,T4,T6","discard",""
"mac_working_dir_q206-ir-p2-20-b2c34d_2026-05-23","mac_working_dir","/Users/scott/Desktop/Archive/prepared/q206-ir-p2-20-b2c34d/working","","","","/Users/scott/Desktop/Archive/prescience_score_prompt_v2.md","f8c1e07469d8fce3148ad7c53f3ebb7f02fa312d8e0b724f6912808923385d29","true","0-5","","","","","","","","","","","","","","/Users/scott/Desktop/Archive/prepared/q206-ir-p2-20-b2c34d/working/entity_candidates.csv","d0dd6dc7408482e9c2c1e99bb5bbbe0f18a64392bd9c10757eb6c09858fc7065","unknown","","","","","true","false","","","","","","","","","","","yes_lives_in_working_dir_only","","","DROP","T2,T4,T6","discard",""
"mac_working_dir_q206-mechatronics-cj-959c35_2026-05-23","mac_working_dir","/Users/scott/Desktop/Archive/prepared/q206-mechatronics-cj-959c35/working","","","","/Users/scott/Desktop/Archive/prescience_score_prompt_v2.md","f8c1e07469d8fce3148ad7c53f3ebb7f02fa312d8e0b724f6912808923385d29","true","0-5","","","","","","","","","","","","","","/Users/scott/Desktop/Archive/prepared/q206-mechatronics-cj-959c35/working/entity_candidates.csv","100757832aa39cfedbef8ed553373fcd4c98e6d9714cc3ca4917c521e3da9aaa","unknown","","","","","true","false","","","","","","","","","","","yes_lives_in_working_dir_only","","","DROP","T2,T4,T6","discard",""
"mac_working_dir_q206-productlife-collaboration-jmb-b34616_2026-05-23","mac_working_dir","/Users/scott/Desktop/Archive/prepared/q206-productlife-collaboration-jmb-b34616/working","2","0","0","/Users/scott/Desktop/Archive/prescience_score_prompt_v2.md","f8c1e07469d8fce3148ad7c53f3ebb7f02fa312d8e0b724f6912808923385d29","true","0-5","","","","","","","","","","","","","","/Users/scott/Desktop/Archive/prepared/q206-productlife-collaboration-jmb-b34616/working/entity_candidates.csv","100757832aa39cfedbef8ed553373fcd4c98e6d9714cc3ca4917c521e3da9aaa","unknown","","","","","true","false","","","","0","0","0","0.0000","","0","0","yes_lives_in_working_dir_only","","","DROP","T2,T4,T6","discard",""
"mac_working_dir_q206-profservicesilm-aa-4bd87d_2026-05-23","mac_working_dir","/Users/scott/Desktop/Archive/prepared/q206-profservicesilm-aa-4bd87d/working","","","","/Users/scott/Desktop/Archive/prescience_score_prompt_v2.md","f8c1e07469d8fce3148ad7c53f3ebb7f02fa312d8e0b724f6912808923385d29","true","0-5","","","","","","","","","","","","","","/Users/scott/Desktop/Archive/prepared/q206-profservicesilm-aa-4bd87d/working/entity_candidates.csv","a14db24628eabe479e9d7653674289e1c375b0ef0de6cb71eb3da552c109135f","unknown","","","","","true","false","","","","","","","","","","","yes_lives_in_working_dir_only","","","DROP","T2,T4,T6","discard",""
"mac_working_dir_q206-retailwfm-gb-e031a9_2026-05-23","mac_working_dir","/Users/scott/Desktop/Archive/prepared/q206-retailwfm-gb-e031a9/working","","","","/Users/scott/Desktop/Archive/prescience_score_prompt_v2.md","f8c1e07469d8fce3148ad7c53f3ebb7f02fa312d8e0b724f6912808923385d29","true","0-5","","","","","","","","","","","","","","/Users/scott/Desktop/Archive/prepared/q206-retailwfm-gb-e031a9/working/entity_candidates.csv","100757832aa39cfedbef8ed553373fcd4c98e6d9714cc3ca4917c521e3da9aaa","unknown","","","","","true","false","","","","","","","","","","","yes_lives_in_working_dir_only","","","DROP","T2,T4,T6","discard",""
"mac_working_dir_q206-tasslick-29cfd2_2026-05-23","mac_working_dir","/Users/scott/Desktop/Archive/prepared/q206-tasslick-29cfd2/working","","","","/Users/scott/Desktop/Archive/prescience_score_prompt_v2.md","f8c1e07469d8fce3148ad7c53f3ebb7f02fa312d8e0b724f6912808923385d29","true","0-5","","","","","","","","","","","","","","/Users/scott/Desktop/Archive/prepared/q206-tasslick-29cfd2/working/entity_candidates.csv","100757832aa39cfedbef8ed553373fcd4c98e6d9714cc3ca4917c521e3da9aaa","unknown","","","","","true","false","","","","","","","","","","","yes_lives_in_working_dir_only","","","DROP","T2,T4,T6","discard",""
"mac_working_dir_q306-iscsipov-sl-5ab9c3_2026-05-23","mac_working_dir","/Users/scott/Desktop/Archive/prepared/q306-iscsipov-sl-5ab9c3/working","","","","/Users/scott/Desktop/Archive/prescience_score_prompt_v2.md","f8c1e07469d8fce3148ad7c53f3ebb7f02fa312d8e0b724f6912808923385d29","true","0-5","","","","","","","","","","","","","","/Users/scott/Desktop/Archive/prepared/q306-iscsipov-sl-5ab9c3/working/entity_candidates.csv","9c4dbc39f9b0b2272991644d3f93bea0f824518995642ac48092f92276c8c769","unknown","","","","","true","false","","","","","","","","","","","yes_lives_in_working_dir_only","","","DROP","T2,T4,T6","discard",""
"mac_working_dir_q306-portfoliomgt-jmb-12b2c0_2026-05-23","mac_working_dir","/Users/scott/Desktop/Archive/prepared/q306-portfoliomgt-jmb-12b2c0/working","","","","/Users/scott/Desktop/Archive/prescience_score_prompt_v2.md","f8c1e07469d8fce3148ad7c53f3ebb7f02fa312d8e0b724f6912808923385d29","true","0-5","","","","","","","","","","","","","","/Users/scott/Desktop/Archive/prepared/q306-portfoliomgt-jmb-12b2c0/working/entity_candidates.csv","100757832aa39cfedbef8ed553373fcd4c98e6d9714cc3ca4917c521e3da9aaa","unknown","","","","","true","false","","","","","","","","","","","yes_lives_in_working_dir_only","","","DROP","T2,T4,T6","discard",""
"mac_working_dir_q306-precisionmktpreview-cir-la-913b23_2026-05-23","mac_working_dir","/Users/scott/Desktop/Archive/prepared/q306-precisionmktpreview-cir-la-913b23/working","","","","/Users/scott/Desktop/Archive/prescience_score_prompt_v2.md","f8c1e07469d8fce3148ad7c53f3ebb7f02fa312d8e0b724f6912808923385d29","true","0-5","","","","","","","","","","","","","","/Users/scott/Desktop/Archive/prepared/q306-precisionmktpreview-cir-la-913b23/working/entity_candidates.csv","100757832aa39cfedbef8ed553373fcd4c98e6d9714cc3ca4917c521e3da9aaa","unknown","","","","","true","false","","","","","","","","","","","yes_lives_in_working_dir_only","","","DROP","T2,T4,T6","discard",""
"mac_working_dir_q306-soalegacy-psk-ef497b_2026-05-23","mac_working_dir","/Users/scott/Desktop/Archive/prepared/q306-soalegacy-psk-ef497b/working","","","","/Users/scott/Desktop/Archive/prescience_score_prompt_v2.md","f8c1e07469d8fce3148ad7c53f3ebb7f02fa312d8e0b724f6912808923385d29","true","0-5","","","","","","","","","","","","","","/Users/scott/Desktop/Archive/prepared/q306-soalegacy-psk-ef497b/working/entity_candidates.csv","0f3ca8c87567ad995c4ce72020548e3ba5b06f3d5ba77db02303bb0aec07657b","unknown","","","","","true","false","","","","","","","","","","","yes_lives_in_working_dir_only","","","DROP","T2,T4,T6","discard",""
"mac_working_dir_q406-admoutsourcing-rs-1f9266_2026-05-23","mac_working_dir","/Users/scott/Desktop/Archive/prepared/q406-admoutsourcing-rs-1f9266/working","","","","/Users/scott/Desktop/Archive/prescience_score_prompt_v2.md","f8c1e07469d8fce3148ad7c53f3ebb7f02fa312d8e0b724f6912808923385d29","true","0-5","","","","","","","","","","","","","","/Users/scott/Desktop/Archive/prepared/q406-admoutsourcing-rs-1f9266/working/entity_candidates.csv","46edeaf00c74e306b5b0ec828bf1d19d3845c14e0d7482c73907eecf0a86dbfe","unknown","","","","","true","false","","","","","","","","","","","yes_lives_in_working_dir_only","","","DROP","T2,T4,T6","discard",""
"mac_working_dir_q406-elearning-grc-aa-6e7359_2026-05-23","mac_working_dir","/Users/scott/Desktop/Archive/prepared/q406-elearning-grc-aa-6e7359/working","","","","/Users/scott/Desktop/Archive/prescience_score_prompt_v2.md","f8c1e07469d8fce3148ad7c53f3ebb7f02fa312d8e0b724f6912808923385d29","true","0-5","","","","","","","","","","","","","","/Users/scott/Desktop/Archive/prepared/q406-elearning-grc-aa-6e7359/working/entity_candidates.csv","848b9a6576cea03814fa750f2404355034186608d51fd82665551d8beae53673","unknown","","","","","true","false","","","","","","","","","","","yes_lives_in_working_dir_only","","","DROP","T2,T4,T6","discard",""
"mac_working_dir_q406-endpointdp-f5242d_2026-05-23","mac_working_dir","/Users/scott/Desktop/Archive/prepared/q406-endpointdp-f5242d/working","4","0","0","/Users/scott/Desktop/Archive/prescience_score_prompt_v2.md","f8c1e07469d8fce3148ad7c53f3ebb7f02fa312d8e0b724f6912808923385d29","true","0-5","","","","","","","","","","","","","","/Users/scott/Desktop/Archive/prepared/q406-endpointdp-f5242d/working/entity_candidates.csv","d340d835ca2a7dc5e39476fe6be824f674ef5a8910d9d52d70b29781713c431f","unknown","","","","","true","false","","","","0","0","0","0.0000","","0","0","yes_lives_in_working_dir_only","","","DROP","T2,T4,T6","discard",""
"mac_working_dir_q406-endpointnac-66d658_2026-05-23","mac_working_dir","/Users/scott/Desktop/Archive/prepared/q406-endpointnac-66d658/working","4","0","0","/Users/scott/Desktop/Archive/prescience_score_prompt_v2.md","f8c1e07469d8fce3148ad7c53f3ebb7f02fa312d8e0b724f6912808923385d29","true","0-5","","","","","","","","","","","","","","/Users/scott/Desktop/Archive/prepared/q406-endpointnac-66d658/working/entity_candidates.csv","f4c9f1ed153d39101ec67e9762ab6f84913a751a39af8d832010c40056aca4e0","unknown","","","","","true","false","","","","0","0","0","0.0000","","0","0","yes_lives_in_working_dir_only","","","DROP","T2,T4,T6","discard",""
"mac_working_dir_q406-lmsresearchpreview-7f127b_2026-05-23","mac_working_dir","/Users/scott/Desktop/Archive/prepared/q406-lmsresearchpreview-7f127b/working","2","0","0","/Users/scott/Desktop/Archive/prescience_score_prompt_v2.md","f8c1e07469d8fce3148ad7c53f3ebb7f02fa312d8e0b724f6912808923385d29","true","0-5","","","","","","","","","","","","","","/Users/scott/Desktop/Archive/prepared/q406-lmsresearchpreview-7f127b/working/observation_candidates.csv","c30b283899aaaad4ec2cb076194306500b3bff8d7fb7ddbfc5d2a01d2da04e75","unknown","","","","","true","false","","","","0","0","0","0.0000","","0","0","yes_lives_in_working_dir_only","","","DROP","T2,T4,T6","discard",""
"mac_working_dir_q406-precisionmktpreview-ci-49ecab_2026-05-23","mac_working_dir","/Users/scott/Desktop/Archive/prepared/q406-precisionmktpreview-ci-49ecab/working","","","","/Users/scott/Desktop/Archive/prescience_score_prompt_v2.md","f8c1e07469d8fce3148ad7c53f3ebb7f02fa312d8e0b724f6912808923385d29","true","0-5","","","","","","","","","","","","","","/Users/scott/Desktop/Archive/prepared/q406-precisionmktpreview-ci-49ecab/working/entity_candidates.csv","100757832aa39cfedbef8ed553373fcd4c98e6d9714cc3ca4917c521e3da9aaa","unknown","","","","","true","false","","","","","","","","","","","yes_lives_in_working_dir_only","","","DROP","T2,T4,T6","discard",""
"mac_working_dir_q4svccmsolselguide-marketingslick-070605a-98b07c_2026-05-23","mac_working_dir","/Users/scott/Desktop/Archive/prepared/q4svccmsolselguide-marketingslick-070605a-98b07c/working","","","","/Users/scott/Desktop/Archive/prescience_score_prompt_v2.md","f8c1e07469d8fce3148ad7c53f3ebb7f02fa312d8e0b724f6912808923385d29","true","0-5","","","","","","","","","","","","","","/Users/scott/Desktop/Archive/prepared/q4svccmsolselguide-marketingslick-070605a-98b07c/working/entity_candidates.csv","9ca3fa991ce7ab34e0eeed6906b2ad617d026139b94609a5d0814804f0248d5e","unknown","","","","","true","false","","","","","","","","","","","yes_lives_in_working_dir_only","","","DROP","T2,T4,T6","discard",""
"mac_working_dir_qrs-ba207a_2026-05-29","mac_working_dir","/Users/scott/Desktop/Archive/prepared/qrs-ba207a/working","6","0","0","/Users/scott/Desktop/Archive/prescience_score_prompt_v2.md","f8c1e07469d8fce3148ad7c53f3ebb7f02fa312d8e0b724f6912808923385d29","true","0-5","","","","","","","","","","","","","","/Users/scott/Desktop/Archive/prepared/qrs-ba207a/working/skipped_obs_v3.csv","0029bcd689304d7eae75fc98e54e2119dbac8eb71457334971adc2b5e167b96e","unknown","","","","","true","false","","","","0","0","0","0.0000","","0","0","yes_lives_in_working_dir_only","","","DROP","T2,T4,T6","discard",""
"mac_working_dir_ra-21stcen-3863-65fedd_2026-05-29","mac_working_dir","/Users/scott/Desktop/Archive/prepared/ra-21stcen-3863-65fedd/working","67","67","1","/Users/scott/Desktop/Archive/prescience_score_prompt_v2.md","f8c1e07469d8fce3148ad7c53f3ebb7f02fa312d8e0b724f6912808923385d29","true","0-5","","","","","","","","","","","","","","/Users/scott/Desktop/Archive/prepared/ra-21stcen-3863-65fedd/working/entity_candidates.csv","4a9cb30f13d2e618c05fdf9858ab9a54df6117da53bdb7056f7ab81e06c7ff34","unknown","","","","","true","false","","","","0","0","0","0.0000","","0","0","yes_lives_in_working_dir_only","","","DROP","T2,T4,T6","discard",""
"mac_working_dir_ra-admoutsourcing-rs-3597-59f661_2026-05-29","mac_working_dir","/Users/scott/Desktop/Archive/prepared/ra-admoutsourcing-rs-3597-59f661/working","3","3","1","/Users/scott/Desktop/Archive/prescience_score_prompt_v2.md","f8c1e07469d8fce3148ad7c53f3ebb7f02fa312d8e0b724f6912808923385d29","true","0-5","","","","","","","","","","","","","","/Users/scott/Desktop/Archive/prepared/ra-admoutsourcing-rs-3597-59f661/working/entity_candidates.csv","2b95156e79304ce2ebacdd7719bad343fcff7e291160d8d8c728d29f3a8c3dcf","unknown","","","","","true","false","","","","0","0","0","0.0000","","0","0","yes_lives_in_working_dir_only","","","DROP","T2,T4,T6","discard",""
"mac_working_dir_ra-advancedsourcing-3857-9ede9d_2026-05-29","mac_working_dir","/Users/scott/Desktop/Archive/prepared/ra-advancedsourcing-3857-9ede9d/working","37","37","1","/Users/scott/Desktop/Archive/prescience_score_prompt_v2.md","f8c1e07469d8fce3148ad7c53f3ebb7f02fa312d8e0b724f6912808923385d29","true","0-5","","","","","","","","","","","","","","/Users/scott/Desktop/Archive/prepared/ra-advancedsourcing-3857-9ede9d/working/entity_candidates.csv","528bae0286173076c3b4c76a46ee5e0713a8045171e080b727456cd97e416e68","unknown","","","","","true","false","","","","0","0","0","0.0000","","0","0","yes_lives_in_working_dir_only","","","DROP","T2,T4,T6","discard",""
"mac_working_dir_ra-bpsecinfoaccess-jh-8c3eaa_2026-05-29","mac_working_dir","/Users/scott/Desktop/Archive/prepared/ra-bpsecinfoaccess-jh-8c3eaa/working","49","49","1","/Users/scott/Desktop/Archive/prescience_score_prompt_v2.md","f8c1e07469d8fce3148ad7c53f3ebb7f02fa312d8e0b724f6912808923385d29","true","0-5","","","","","","","","","","","","","","/Users/scott/Desktop/Archive/prepared/ra-bpsecinfoaccess-jh-8c3eaa/working/entity_candidates.csv","b6534aa836d5e3f7c3348a1c9a963a1162f7efce3cee9565a6bd62113d540b1d","unknown","","","","","true","false","","","","0","0","0","0.0000","","0","0","yes_lives_in_working_dir_only","","","DROP","T2,T4,T6","discard",""
"mac_working_dir_ra-bpsop-se-134043_2026-05-29","mac_working_dir","/Users/scott/Desktop/Archive/prepared/ra-bpsop-se-134043/working","23","23","1","/Users/scott/Desktop/Archive/prescience_score_prompt_v2.md","f8c1e07469d8fce3148ad7c53f3ebb7f02fa312d8e0b724f6912808923385d29","true","0-5","","","","","","","","","","","","","","/Users/scott/Desktop/Archive/prepared/ra-bpsop-se-134043/working/entity_candidates.csv","0a5e4680e5bb1e409a47e350cfe1bd304755dc1a9f591ebc35e50afdd795a865","unknown","","","","","true","false","","","","0","0","0","0.0000","","0","0","yes_lives_in_working_dir_only","","","DROP","T2,T4,T6","discard",""
"mac_working_dir_ra-bptransmgmt-be-5977ec_2026-05-29","mac_working_dir","/Users/scott/Desktop/Archive/prepared/ra-bptransmgmt-be-5977ec/working","34","34","1","/Users/scott/Desktop/Archive/prescience_score_prompt_v2.md","f8c1e07469d8fce3148ad7c53f3ebb7f02fa312d8e0b724f6912808923385d29","true","0-5","","","","","","","","","","","","","","/Users/scott/Desktop/Archive/prepared/ra-bptransmgmt-be-5977ec/working/entity_candidates.csv","3dff124c7c30b710cb811692205933e7104899a216ef1f5eea0b9bd4dc11ffc6","unknown","","","","","true","false","","","","0","0","0","0.0000","","0","0","yes_lives_in_working_dir_only","","","DROP","T2,T4,T6","discard",""
"mac_working_dir_ra-cimss-la-2851-7ea2a2_2026-05-29","mac_working_dir","/Users/scott/Desktop/Archive/prepared/ra-cimss-la-2851-7ea2a2/working","28","28","1","/Users/scott/Desktop/Archive/prescience_score_prompt_v2.md","f8c1e07469d8fce3148ad7c53f3ebb7f02fa312d8e0b724f6912808923385d29","true","0-5","","","","","","","","","","","","","","/Users/scott/Desktop/Archive/prepared/ra-cimss-la-2851-7ea2a2/working/entity_candidates.csv","d6cf343f3a33ba0336c20cdffb1f864e12e74b494b25f966aa1f07a4ff65f37c","unknown","","","","","true","false","","","","0","0","0","0.0000","","0","0","yes_lives_in_working_dir_only","","","DROP","T2,T4,T6","discard",""
"mac_working_dir_ra-clicks-jl-3710-3cb22d_2026-05-29","mac_working_dir","/Users/scott/Desktop/Archive/prepared/ra-clicks-jl-3710-3cb22d/working","57","57","1","/Users/scott/Desktop/Archive/prescience_score_prompt_v2.md","f8c1e07469d8fce3148ad7c53f3ebb7f02fa312d8e0b724f6912808923385d29","true","0-5","","","","","","","","","","","","","","/Users/scott/Desktop/Archive/prepared/ra-clicks-jl-3710-3cb22d/working/entity_candidates.csv","0293b098d3671f2e8830476afaa9e9cae03a6ac2addd16635d88e242f9ecb2c0","unknown","","","","","true","false","","","","0","0","0","0.0000","","0","0","yes_lives_in_working_dir_only","","","DROP","T2,T4,T6","discard",""
"mac_working_dir_ra-cmo-smemme-la-3607-20a587_2026-05-29","mac_working_dir","/Users/scott/Desktop/Archive/prepared/ra-cmo-smemme-la-3607-20a587/working","70","70","1","/Users/scott/Desktop/Archive/prescience_score_prompt_v2.md","f8c1e07469d8fce3148ad7c53f3ebb7f02fa312d8e0b724f6912808923385d29","true","0-5","","","","","","","","","","","","","","/Users/scott/Desktop/Archive/prepared/ra-cmo-smemme-la-3607-20a587/working/entity_candidates.csv","10ae3dcd6df71e772a5ffb6dcdf298747aa8b80ebe7ed56a85062acee2ae3c63","unknown","","","","","true","false","","","","0","0","0","0.0000","","0","0","yes_lives_in_working_dir_only","","","DROP","T2,T4,T6","discard",""
"mac_working_dir_ra-compositeapps-rs-pk-3716-05cbff_2026-05-29","mac_working_dir","/Users/scott/Desktop/Archive/prepared/ra-compositeapps-rs-pk-3716-05cbff/working","51","51","1","/Users/scott/Desktop/Archive/prescience_score_prompt_v2.md","f8c1e07469d8fce3148ad7c53f3ebb7f02fa312d8e0b724f6912808923385d29","true","0-5","","","","","","","","","","","","","","/Users/scott/Desktop/Archive/prepared/ra-compositeapps-rs-pk-3716-05cbff/working/entity_candidates.csv","7e393829b6d93c1a4beb57a6bec263f551f3b96ff2c1b02cc5fbca2bf5b995df","unknown","","","","","true","false","","","","0","0","0","0.0000","","0","0","yes_lives_in_working_dir_only","","","DROP","T2,T4,T6","discard",""
"mac_working_dir_ra-custanalyticsssg-gb-jl-3709-b60131_2026-05-29","mac_working_dir","/Users/scott/Desktop/Archive/prepared/ra-custanalyticsssg-gb-jl-3709-b60131/working","9","9","1","/Users/scott/Desktop/Archive/prescience_score_prompt_v2.md","f8c1e07469d8fce3148ad7c53f3ebb7f02fa312d8e0b724f6912808923385d29","true","0-5","","","","","","","","","","","","","","/Users/scott/Desktop/Archive/prepared/ra-custanalyticsssg-gb-jl-3709-b60131/working/entity_candidates.csv","8473f8d6d5f7cfd2c2fe44ffbeb4479d2ff025701ca3702cf51d0b3b8cb893e0","unknown","","","","","true","false","","","","0","0","0","0.0000","","0","0","yes_lives_in_working_dir_only","","","DROP","T2,T4,T6","discard",""
"mac_working_dir_ra-final-endpointnac-bg-3723-84f1e0_2026-05-29","mac_working_dir","/Users/scott/Desktop/Archive/prepared/ra-final-endpointnac-bg-3723-84f1e0/working","79","79","1","/Users/scott/Desktop/Archive/prescience_score_prompt_v2.md","f8c1e07469d8fce3148ad7c53f3ebb7f02fa312d8e0b724f6912808923385d29","true","0-5","","","","","","","","","","","","","","/Users/scott/Desktop/Archive/prepared/ra-final-endpointnac-bg-3723-84f1e0/working/entity_candidates.csv","db556abffc1ea02cdfb2bbc16326b2c17d77065c234adb09c9a376d01eefbd99","unknown","","","","","true","false","","","","0","0","0","0.0000","","0","0","yes_lives_in_working_dir_only","","","DROP","T2,T4,T6","discard",""
"mac_working_dir_ra-governance-jh-1e6241_2026-05-29","mac_working_dir","/Users/scott/Desktop/Archive/prepared/ra-governance-jh-1e6241/working","38","38","1","/Users/scott/Desktop/Archive/prescience_score_prompt_v2.md","f8c1e07469d8fce3148ad7c53f3ebb7f02fa312d8e0b724f6912808923385d29","true","0-5","","","","","","","","","","","","","","/Users/scott/Desktop/Archive/prepared/ra-governance-jh-1e6241/working/entity_candidates.csv","f702bac8dfae225eebf4bbd91a3076b4f2d90a14a4b9443dc1dab9f18dc419c4","unknown","","","","","true","false","","","","0","0","0","0.0000","","0","0","yes_lives_in_working_dir_only","","","DROP","T2,T4,T6","discard",""
"mac_working_dir_ra-indbpinrevlog-rg-3865-b61078_2026-05-29","mac_working_dir","/Users/scott/Desktop/Archive/prepared/ra-indbpinrevlog-rg-3865-b61078/working","47","47","1","/Users/scott/Desktop/Archive/prescience_score_prompt_v2.md","f8c1e07469d8fce3148ad7c53f3ebb7f02fa312d8e0b724f6912808923385d29","true","0-5","","","","","","","","","","","","","","/Users/scott/Desktop/Archive/prepared/ra-indbpinrevlog-rg-3865-b61078/working/entity_candidates.csv","6e9f336abd14912cc802772a671ccc38157446acaa66513b79e3fbb1960fde0b","unknown","","","","","true","false","","","","0","0","0","0.0000","","0","0","yes_lives_in_working_dir_only","","","DROP","T2,T4,T6","discard",""
"mac_working_dir_ra-lbs-sd-3599-736223_2026-05-29","mac_working_dir","/Users/scott/Desktop/Archive/prepared/ra-lbs-sd-3599-736223/working","77","77","1","/Users/scott/Desktop/Archive/prescience_score_prompt_v2.md","f8c1e07469d8fce3148ad7c53f3ebb7f02fa312d8e0b724f6912808923385d29","true","0-5","","","","","","","","","","","","","","/Users/scott/Desktop/Archive/prepared/ra-lbs-sd-3599-736223/working/entity_candidates.csv","fcf740b9913e41397d7ba67f02ba794484536e5bc83ed4aba533e4f2f5777339","unknown","","","","","true","false","","","","0","0","0","0.0000","","0","0","yes_lives_in_working_dir_only","","","DROP","T2,T4,T6","discard",""
"mac_working_dir_ra-lean-jb-2845-f319f8_2026-05-29","mac_working_dir","/Users/scott/Desktop/Archive/prepared/ra-lean-jb-2845-f319f8/working","73","73","1","/Users/scott/Desktop/Archive/prescience_score_prompt_v2.md","f8c1e07469d8fce3148ad7c53f3ebb7f02fa312d8e0b724f6912808923385d29","true","0-5","","","","","","","","","","","","","","/Users/scott/Desktop/Archive/prepared/ra-lean-jb-2845-f319f8/working/entity_candidates.csv","bf3e328af63bb49e8c56c82f363d6761077b7f926deab20f935baa24ad4cb0ab","unknown","","","","","true","false","","","","0","0","0","0.0000","","0","0","yes_lives_in_working_dir_only","","","DROP","T2,T4,T6","discard",""
"mac_working_dir_ra-mfsupdate-mvsd-3719-dda2ac_2026-05-29","mac_working_dir","/Users/scott/Desktop/Archive/prepared/ra-mfsupdate-mvsd-3719-dda2ac/working","51","51","1","/Users/scott/Desktop/Archive/prescience_score_prompt_v2.md","f8c1e07469d8fce3148ad7c53f3ebb7f02fa312d8e0b724f6912808923385d29","true","0-5","","","","","","","","","","","","","","/Users/scott/Desktop/Archive/prepared/ra-mfsupdate-mvsd-3719-dda2ac/working/entity_candidates.csv","5b45e2f07e9166a405bbdd2f4978b254bc730db7c6b54b5082586b34c568e4e6","unknown","","","","","true","false","","","","0","0","0","0.0000","","0","0","yes_lives_in_working_dir_only","","","DROP","T2,T4,T6","discard",""
"mac_working_dir_ra-ntgenproddoc-3706-0a56e7_2026-05-29","mac_working_dir","/Users/scott/Desktop/Archive/prepared/ra-ntgenproddoc-3706-0a56e7/working","60","60","1","/Users/scott/Desktop/Archive/prescience_score_prompt_v2.md","f8c1e07469d8fce3148ad7c53f3ebb7f02fa312d8e0b724f6912808923385d29","true","0-5","","","","","","","","","","","","","","/Users/scott/Desktop/Archive/prepared/ra-ntgenproddoc-3706-0a56e7/working/entity_candidates.csv","1293d18065317a2497f09a0ec0039dcff87a08271cfc34b424c5e94dcb39b0e8","unknown","","","","","true","false","","","","0","0","0","0.0000","","0","0","yes_lives_in_working_dir_only","","","DROP","T2,T4,T6","discard",""
"mac_working_dir_ra-pointsofservice-pr-2858-838bf8_2026-05-29","mac_working_dir","/Users/scott/Desktop/Archive/prepared/ra-pointsofservice-pr-2858-838bf8/working","29","29","1","/Users/scott/Desktop/Archive/prescience_score_prompt_v2.md","f8c1e07469d8fce3148ad7c53f3ebb7f02fa312d8e0b724f6912808923385d29","true","0-5","","","","","","","","","","","","","","/Users/scott/Desktop/Archive/prepared/ra-pointsofservice-pr-2858-838bf8/working/entity_candidates.csv","63499305c50cde034ce8f82d97d26a08efec241f128409020dcc0988540972ee","unknown","","","","","true","false","","","","0","0","0","0.0000","","0","0","yes_lives_in_working_dir_only","","","DROP","T2,T4,T6","discard",""
"mac_working_dir_ra-procurementoutsourcing-rs-sb-3100-b7f944_2026-05-29","mac_working_dir","/Users/scott/Desktop/Archive/prepared/ra-procurementoutsourcing-rs-sb-3100-b7f944/working","41","41","1","/Users/scott/Desktop/Archive/prescience_score_prompt_v2.md","f8c1e07469d8fce3148ad7c53f3ebb7f02fa312d8e0b724f6912808923385d29","true","0-5","","","","","","","","","","","","","","/Users/scott/Desktop/Archive/prepared/ra-procurementoutsourcing-rs-sb-3100-b7f944/working/entity_candidates.csv","c0268e897f5d3813fd9013645e2bb692cc56bd1aa7053d4d403324a0f6ee9118","unknown","","","","","true","false","","","","0","0","0","0.0000","","0","0","yes_lives_in_working_dir_only","","","DROP","T2,T4,T6","discard",""
"mac_working_dir_ra-rfidmfg-3758-c43b7f_2026-05-29","mac_working_dir","/Users/scott/Desktop/Archive/prepared/ra-rfidmfg-3758-c43b7f/working","40","40","1","/Users/scott/Desktop/Archive/prescience_score_prompt_v2.md","f8c1e07469d8fce3148ad7c53f3ebb7f02fa312d8e0b724f6912808923385d29","true","0-5","","","","","","","","","","","","","","/Users/scott/Desktop/Archive/prepared/ra-rfidmfg-3758-c43b7f/working/entity_candidates.csv","9206a3411fb6ea89b4a6aa1ab5f3c899970f74eb55d9a9d5d666b1a776cc7334","unknown","","","","","true","false","","","","0","0","0","0.0000","","0","0","yes_lives_in_working_dir_only","","","DROP","T2,T4,T6","discard",""
"mac_working_dir_ra-scinnovator-be-3028-140f1e_2026-05-29","mac_working_dir","/Users/scott/Desktop/Archive/prepared/ra-scinnovator-be-3028-140f1e/working","44","44","1","/Users/scott/Desktop/Archive/prescience_score_prompt_v2.md","f8c1e07469d8fce3148ad7c53f3ebb7f02fa312d8e0b724f6912808923385d29","true","0-5","","","","","","","","","","","","","","/Users/scott/Desktop/Archive/prepared/ra-scinnovator-be-3028-140f1e/working/entity_candidates.csv","00bfd48137d834578dccd6231797dd3532c7b7cf43c747c6b9b035c6e951e77d","unknown","","","","","true","false","","","","0","0","0","0.0000","","0","0","yes_lives_in_working_dir_only","","","DROP","T2,T4,T6","discard",""
"mac_working_dir_ra-sctippingpt-be-abr2844-49af82_2026-05-29","mac_working_dir","/Users/scott/Desktop/Archive/prepared/ra-sctippingpt-be-abr2844-49af82/working","3","3","1","/Users/scott/Desktop/Archive/prescience_score_prompt_v2.md","f8c1e07469d8fce3148ad7c53f3ebb7f02fa312d8e0b724f6912808923385d29","true","0-5","","","","","","","","","","","","","","/Users/scott/Desktop/Archive/prepared/ra-sctippingpt-be-abr2844-49af82/working/entity_candidates.csv","6a50710c23d5bac5e79ca00bb9b0fc78a144620dfc9d37759dfb9b0013dfb535","unknown","","","","","true","false","","","","0","0","0","0.0000","","0","0","yes_lives_in_working_dir_only","","","DROP","T2,T4,T6","discard",""
"mac_working_dir_ra-sno-mvmt-2859-790aed_2026-05-29","mac_working_dir","/Users/scott/Desktop/Archive/prepared/ra-sno-mvmt-2859-790aed/working","46","46","1","/Users/scott/Desktop/Archive/prescience_score_prompt_v2.md","f8c1e07469d8fce3148ad7c53f3ebb7f02fa312d8e0b724f6912808923385d29","true","0-5","","","","","","","","","","","","","","/Users/scott/Desktop/Archive/prepared/ra-sno-mvmt-2859-790aed/working/entity_candidates.csv","e2d69fa07370ea69eb5609dfa3de43f8ed2e13778174362eae2cea6cafac8218","unknown","","","","","true","false","","","","0","0","0","0.0000","","0","0","yes_lives_in_working_dir_only","","","DROP","T2,T4,T6","discard",""
"mac_working_dir_ra-sro-mvrg-2860-edc995_2026-05-29","mac_working_dir","/Users/scott/Desktop/Archive/prepared/ra-sro-mvrg-2860-edc995/working","19","19","1","/Users/scott/Desktop/Archive/prescience_score_prompt_v2.md","f8c1e07469d8fce3148ad7c53f3ebb7f02fa312d8e0b724f6912808923385d29","true","0-5","","","","","","","","","","","","","","/Users/scott/Desktop/Archive/prepared/ra-sro-mvrg-2860-edc995/working/entity_candidates.csv","ca49c60a79ff0520388769f14140bb6752992c8b09a2e975876974a7bcf5c93c","unknown","","","","","true","false","","","","0","0","0","0.0000","","0","0","yes_lives_in_working_dir_only","","","DROP","T2,T4,T6","discard",""
"mac_working_dir_ra-supplierenablement-rs-2869-3e06ef_2026-05-29","mac_working_dir","/Users/scott/Desktop/Archive/prepared/ra-supplierenablement-rs-2869-3e06ef/working","44","44","1","/Users/scott/Desktop/Archive/prescience_score_prompt_v2.md","f8c1e07469d8fce3148ad7c53f3ebb7f02fa312d8e0b724f6912808923385d29","true","0-5","","","","","","","","","","","","","","/Users/scott/Desktop/Archive/prepared/ra-supplierenablement-rs-2869-3e06ef/working/entity_candidates.csv","3214d9e031b64ba47ec6a35c503a2412cb851bed3b39f42029b71f5de496047b","unknown","","","","","true","false","","","","0","0","0","0.0000","","0","0","yes_lives_in_working_dir_only","","","DROP","T2,T4,T6","discard",""
"mac_working_dir_ra-ttcmwireless-2855-027da7_2026-05-29","mac_working_dir","/Users/scott/Desktop/Archive/prepared/ra-ttcmwireless-2855-027da7/working","51","51","1","/Users/scott/Desktop/Archive/prescience_score_prompt_v2.md","f8c1e07469d8fce3148ad7c53f3ebb7f02fa312d8e0b724f6912808923385d29","true","0-5","","","","","","","","","","","","","","/Users/scott/Desktop/Archive/prepared/ra-ttcmwireless-2855-027da7/working/entity_candidates.csv","201e9cbff443d72b164984e5eb3cf312c7e43467464fe355564e3646324d6ad0","unknown","","","","","true","false","","","","0","0","0","0.0000","","0","0","yes_lives_in_working_dir_only","","","DROP","T2,T4,T6","discard",""
"mac_working_dir_ra-wan-pb-3854-d0b6ab_2026-05-29","mac_working_dir","/Users/scott/Desktop/Archive/prepared/ra-wan-pb-3854-d0b6ab/working","74","74","1","/Users/scott/Desktop/Archive/prescience_score_prompt_v2.md","f8c1e07469d8fce3148ad7c53f3ebb7f02fa312d8e0b724f6912808923385d29","true","0-5","","","","","","","","","","","","","","/Users/scott/Desktop/Archive/prepared/ra-wan-pb-3854-d0b6ab/working/entity_candidates.csv","0d310adfa4b202fbfe1f2c9009047a2c013619a9de3c1d460f68f570684df895","unknown","","","","","true","false","","","","0","0","0","0.0000","","0","0","yes_lives_in_working_dir_only","","","DROP","T2,T4,T6","discard",""
"mac_working_dir_ra-warehouseautomation-3867-89c99f_2026-05-29","mac_working_dir","/Users/scott/Desktop/Archive/prepared/ra-warehouseautomation-3867-89c99f/working","","","","/Users/scott/Desktop/Archive/prescience_score_prompt_v2.md","f8c1e07469d8fce3148ad7c53f3ebb7f02fa312d8e0b724f6912808923385d29","true","0-5","","","","","","","","","","","","","","/Users/scott/Desktop/Archive/prepared/ra-warehouseautomation-3867-89c99f/working/entity_candidates.csv","bd0cf03cfd214c1009010540c2c85b74c45d10bbf91991b74b23a0e8fa34dfb1","unknown","","","","","true","false","","","","","","","","","","","yes_lives_in_working_dir_only","","","DROP","T2,T4,T6","discard",""
"mac_working_dir_ra-web-site-search-3910-5f9297_2026-05-29","mac_working_dir","/Users/scott/Desktop/Archive/prepared/ra-web-site-search-3910-5f9297/working","64","64","1","/Users/scott/Desktop/Archive/prescience_score_prompt_v2.md","f8c1e07469d8fce3148ad7c53f3ebb7f02fa312d8e0b724f6912808923385d29","true","0-5","","","","","","","","","","","","","","/Users/scott/Desktop/Archive/prepared/ra-web-site-search-3910-5f9297/working/entity_candidates.csv","289a34e713ed310f7d1b7615288cd66f621603b980c6b7b64a8f696d63ee779b","unknown","","","","","true","false","","","","0","0","0","0.0000","","0","0","yes_lives_in_working_dir_only","","","DROP","T2,T4,T6","discard",""
"mac_working_dir_rainbowsnapshot-0df5ed_2026-05-29","mac_working_dir","/Users/scott/Desktop/Archive/prepared/rainbowsnapshot-0df5ed/working","","","","/Users/scott/Desktop/Archive/prescience_score_prompt_v2.md","f8c1e07469d8fce3148ad7c53f3ebb7f02fa312d8e0b724f6912808923385d29","true","0-5","","","","","","","","","","","","","","/Users/scott/Desktop/Archive/prepared/rainbowsnapshot-0df5ed/working/entity_candidates.csv","64fb33adc22896c00ec296df3fd6b5c2d84ecd27b1dcf9addb79e7eea3dee4c4","unknown","","","","","true","false","","","","","","","","","","","yes_lives_in_working_dir_only","","","DROP","T2,T4,T6","discard",""
"mac_working_dir_rb-bptransportation-be-e848ea_2026-05-29","mac_working_dir","/Users/scott/Desktop/Archive/prepared/rb-bptransportation-be-e848ea/working","3","3","1","/Users/scott/Desktop/Archive/prescience_score_prompt_v2.md","f8c1e07469d8fce3148ad7c53f3ebb7f02fa312d8e0b724f6912808923385d29","true","0-5","","","","","","","","","","","","","","/Users/scott/Desktop/Archive/prepared/rb-bptransportation-be-e848ea/working/entity_candidates.csv","cbce9d0915182ed0bba28325e2d3ccad05627c55aaaabdc873678e4d199f9f29","unknown","","","","","true","false","","","","0","0","0","0.0000","","0","0","yes_lives_in_working_dir_only","","","DROP","T2,T4,T6","discard",""
"mac_working_dir_rb-cmcfo-vp-3500-97dcdd_2026-05-29","mac_working_dir","/Users/scott/Desktop/Archive/prepared/rb-cmcfo-vp-3500-97dcdd/working","3","3","1","/Users/scott/Desktop/Archive/prescience_score_prompt_v2.md","f8c1e07469d8fce3148ad7c53f3ebb7f02fa312d8e0b724f6912808923385d29","true","0-5","","","","","","","","","","","","","","/Users/scott/Desktop/Archive/prepared/rb-cmcfo-vp-3500-97dcdd/working/entity_candidates.csv","d8f4922f3df4e234c5c212bc53a9f6bd09ef441079c9190b6e9ca50a8105071c","unknown","","","","","true","false","","","","0","0","0","0.0000","","0","0","yes_lives_in_working_dir_only","","","DROP","T2,T4,T6","discard",""
"mac_working_dir_rb-enablingb2bcollaboration-3890-56c184_2026-05-29","mac_working_dir","/Users/scott/Desktop/Archive/prepared/rb-enablingb2bcollaboration-3890-56c184/working","4","0","0","/Users/scott/Desktop/Archive/prescience_score_prompt_v2.md","f8c1e07469d8fce3148ad7c53f3ebb7f02fa312d8e0b724f6912808923385d29","true","0-5","","","","","","","","","","","","","","/Users/scott/Desktop/Archive/prepared/rb-enablingb2bcollaboration-3890-56c184/working/observation_candidates.csv","1387b626666e600244f17552388e02c3d7ed55bf3acfd6c4c494b66eb764422d","unknown","","","","","true","false","","","","0","0","0","0.0000","","0","0","yes_lives_in_working_dir_only","","","DROP","T2,T4,T6","discard",""
"mac_working_dir_rb-indtract-rg-2595-2652df_2026-05-29","mac_working_dir","/Users/scott/Desktop/Archive/prepared/rb-indtract-rg-2595-2652df/working","3","3","1","/Users/scott/Desktop/Archive/prescience_score_prompt_v2.md","f8c1e07469d8fce3148ad7c53f3ebb7f02fa312d8e0b724f6912808923385d29","true","0-5","","","","","","","","","","","","","","/Users/scott/Desktop/Archive/prepared/rb-indtract-rg-2595-2652df/working/entity_candidates.csv","0cea1856c101743b24bdb226b2e7a7a6f1f3424da023aca3a569da97a6b8f805","unknown","","","","","true","false","","","","0","0","0","0.0000","","0","0","yes_lives_in_working_dir_only","","","DROP","T2,T4,T6","discard",""
"mac_working_dir_rb-procindus-4020-1a618f_2026-05-29","mac_working_dir","/Users/scott/Desktop/Archive/prepared/rb-procindus-4020-1a618f/working","8","8","1","/Users/scott/Desktop/Archive/prescience_score_prompt_v2.md","f8c1e07469d8fce3148ad7c53f3ebb7f02fa312d8e0b724f6912808923385d29","true","0-5","","","","","","","","","","","","","","/Users/scott/Desktop/Archive/prepared/rb-procindus-4020-1a618f/working/entity_candidates.csv","8d9d655d2c8b63987b03f8a4a1d3108d67b5b1733febb9f48d91d875bc81123b","unknown","","","","","true","false","","","","0","0","0","0.0000","","0","0","yes_lives_in_working_dir_only","","","DROP","T2,T4,T6","discard",""
"mac_working_dir_rb-re-thinking-ibm-mainframe-psk-3052-cec46c_2026-05-29","mac_working_dir","/Users/scott/Desktop/Archive/prepared/rb-re-thinking-ibm-mainframe-psk-3052-cec46c/working","4","4","1","/Users/scott/Desktop/Archive/prescience_score_prompt_v2.md","f8c1e07469d8fce3148ad7c53f3ebb7f02fa312d8e0b724f6912808923385d29","true","0-5","","","","","","","","","","","","","","/Users/scott/Desktop/Archive/prepared/rb-re-thinking-ibm-mainframe-psk-3052-cec46c/working/entity_candidates.csv","7a643f1871c9c0146cbdb16a1ea4ae016405cac5cf71f58391a9cd6cdb71699a","unknown","","","","","true","false","","","","0","0","0","0.0000","","0","0","yes_lives_in_working_dir_only","","","DROP","T2,T4,T6","discard",""
"mac_working_dir_rb-retailersusebidata-gb-3174-7cf5d4_2026-05-29","mac_working_dir","/Users/scott/Desktop/Archive/prepared/rb-retailersusebidata-gb-3174-7cf5d4/working","12","12","1","/Users/scott/Desktop/Archive/prescience_score_prompt_v2.md","f8c1e07469d8fce3148ad7c53f3ebb7f02fa312d8e0b724f6912808923385d29","true","0-5","","","","","","","","","","","","","","/Users/scott/Desktop/Archive/prepared/rb-retailersusebidata-gb-3174-7cf5d4/working/entity_candidates.csv","dc35e38ae9a44bb4483170216154974ae28563121d7757f33846d294c92e90f0","unknown","","","","","true","false","","","","0","0","0","0.0000","","0","0","yes_lives_in_working_dir_only","","","DROP","T2,T4,T6","discard",""
"mac_working_dir_rb-soarfidxterprise-jfjb-2872-ff1c28_2026-05-29","mac_working_dir","/Users/scott/Desktop/Archive/prepared/rb-soarfidxterprise-jfjb-2872-ff1c28/working","","","","/Users/scott/Desktop/Archive/prescience_score_prompt_v2.md","f8c1e07469d8fce3148ad7c53f3ebb7f02fa312d8e0b724f6912808923385d29","true","0-5","","","","","","","","","","","","","","/Users/scott/Desktop/Archive/prepared/rb-soarfidxterprise-jfjb-2872-ff1c28/working/entity_candidates.csv","100757832aa39cfedbef8ed553373fcd4c98e6d9714cc3ca4917c521e3da9aaa","unknown","","","","","true","false","","","","","","","","","","","yes_lives_in_working_dir_only","","","DROP","T2,T4,T6","discard",""
"mac_working_dir_rb-tmsinnovate-be-3459-d564f4_2026-05-29","mac_working_dir","/Users/scott/Desktop/Archive/prepared/rb-tmsinnovate-be-3459-d564f4/working","9","9","1","/Users/scott/Desktop/Archive/prescience_score_prompt_v2.md","f8c1e07469d8fce3148ad7c53f3ebb7f02fa312d8e0b724f6912808923385d29","true","0-5","","","","","","","","","","","","","","/Users/scott/Desktop/Archive/prepared/rb-tmsinnovate-be-3459-d564f4/working/entity_candidates.csv","72f81513b79e06f968871bbb209db44bcb35a44ba2a3f5042f063bc0413811c2","unknown","","","","","true","false","","","","0","0","0","0.0000","","0","0","yes_lives_in_working_dir_only","","","DROP","T2,T4,T6","discard",""
"mac_working_dir_rb-truesource-fitzgerald-2158-cc0580_2026-05-29","mac_working_dir","/Users/scott/Desktop/Archive/prepared/rb-truesource-fitzgerald-2158-cc0580/working","2","0","0","/Users/scott/Desktop/Archive/prescience_score_prompt_v2.md","f8c1e07469d8fce3148ad7c53f3ebb7f02fa312d8e0b724f6912808923385d29","true","0-5","","","","","","","","","","","","","","/Users/scott/Desktop/Archive/prepared/rb-truesource-fitzgerald-2158-cc0580/working/observation_candidates.csv","373e001b37be3230f31b05867feff809ddd9b5a45920d8054bc0ca7b38ecf037","unknown","","","","","true","false","","","","0","0","0","0.0000","","0","0","yes_lives_in_working_dir_only","","","DROP","T2,T4,T6","discard",""
"mac_working_dir_rb-visibility-be-3694-181ec7_2026-05-29","mac_working_dir","/Users/scott/Desktop/Archive/prepared/rb-visibility-be-3694-181ec7/working","5","5","1","/Users/scott/Desktop/Archive/prescience_score_prompt_v2.md","f8c1e07469d8fce3148ad7c53f3ebb7f02fa312d8e0b724f6912808923385d29","true","0-5","","","","","","","","","","","","","","/Users/scott/Desktop/Archive/prepared/rb-visibility-be-3694-181ec7/working/entity_candidates.csv","100757832aa39cfedbef8ed553373fcd4c98e6d9714cc3ca4917c521e3da9aaa","unknown","","","","","true","false","","","","0","0","0","0.0000","","0","0","yes_lives_in_working_dir_only","","","DROP","T2,T4,T6","discard",""
"mac_working_dir_research-services-overview-914a21_2026-05-23","mac_working_dir","/Users/scott/Desktop/Archive/prepared/research-services-overview-914a21/working","","","","/Users/scott/Desktop/Archive/prescience_score_prompt_v2.md","f8c1e07469d8fce3148ad7c53f3ebb7f02fa312d8e0b724f6912808923385d29","true","0-5","","","","","","","","","","","","","","/Users/scott/Desktop/Archive/prepared/research-services-overview-914a21/working/entity_candidates.csv","100757832aa39cfedbef8ed553373fcd4c98e6d9714cc3ca4917c521e3da9aaa","unknown","","","","","true","false","","","","","","","","","","","yes_lives_in_working_dir_only","","","DROP","T2,T4,T6","discard",""
"mac_working_dir_research-services-overview-wb061005a-6994ac_2026-05-23","mac_working_dir","/Users/scott/Desktop/Archive/prepared/research-services-overview-wb061005a-6994ac/working","","","","/Users/scott/Desktop/Archive/prescience_score_prompt_v2.md","f8c1e07469d8fce3148ad7c53f3ebb7f02fa312d8e0b724f6912808923385d29","true","0-5","","","","","","","","","","","","","","/Users/scott/Desktop/Archive/prepared/research-services-overview-wb061005a-6994ac/working/entity_candidates.csv","100757832aa39cfedbef8ed553373fcd4c98e6d9714cc3ca4917c521e3da9aaa","unknown","","","","","true","false","","","","","","","","","","","yes_lives_in_working_dir_only","","","DROP","T2,T4,T6","discard",""
"mac_working_dir_retail-2006-research-agenda-9b6ba9_2026-05-23","mac_working_dir","/Users/scott/Desktop/Archive/prepared/retail-2006-research-agenda-9b6ba9/working","10","0","0","/Users/scott/Desktop/Archive/prescience_score_prompt_v2.md","f8c1e07469d8fce3148ad7c53f3ebb7f02fa312d8e0b724f6912808923385d29","true","0-5","","","","","","","","","","","","","","/Users/scott/Desktop/Archive/prepared/retail-2006-research-agenda-9b6ba9/working/entity_candidates.csv","100757832aa39cfedbef8ed553373fcd4c98e6d9714cc3ca4917c521e3da9aaa","unknown","","","","","true","false","","","","0","0","0","0.0000","","0","0","yes_lives_in_working_dir_only","","","DROP","T2,T4,T6","discard",""
"mac_working_dir_rp-appsec-mp-060927-6bae07_2026-05-23","mac_working_dir","/Users/scott/Desktop/Archive/prepared/rp-appsec-mp-060927-6bae07/working","3","0","0","/Users/scott/Desktop/Archive/prescience_score_prompt_v2.md","f8c1e07469d8fce3148ad7c53f3ebb7f02fa312d8e0b724f6912808923385d29","true","0-5","","","","","","","","","","","","","","/Users/scott/Desktop/Archive/prepared/rp-appsec-mp-060927-6bae07/working/entity_candidates.csv","7ec498bf67d56e826bb7949621eef0bc649462bbbe872d7287771a4a12c5a419","unknown","","","","","true","false","","","","0","0","0","0.0000","","0","0","yes_lives_in_working_dir_only","","","DROP","T2,T4,T6","discard",""
"mac_working_dir_rp-idandaccmgmt-hd-061130-4791a9_2026-05-23","mac_working_dir","/Users/scott/Desktop/Archive/prepared/rp-idandaccmgmt-hd-061130-4791a9/working","","","","/Users/scott/Desktop/Archive/prescience_score_prompt_v2.md","f8c1e07469d8fce3148ad7c53f3ebb7f02fa312d8e0b724f6912808923385d29","true","0-5","","","","","","","","","","","","","","/Users/scott/Desktop/Archive/prepared/rp-idandaccmgmt-hd-061130-4791a9/working/entity_candidates.csv","37b853d0b0cd2bd1b07054ad7c770e8eeeda20e95081c73fe7422d46c58dc6fe","unknown","","","","","true","false","","","","","","","","","","","yes_lives_in_working_dir_only","","","DROP","T2,T4,T6","discard",""
"mac_working_dir_rp-sim-hd-070104-506e96_2026-05-23","mac_working_dir","/Users/scott/Desktop/Archive/prepared/rp-sim-hd-070104-506e96/working","","","","/Users/scott/Desktop/Archive/prescience_score_prompt_v2.md","f8c1e07469d8fce3148ad7c53f3ebb7f02fa312d8e0b724f6912808923385d29","true","0-5","","","","","","","","","","","","","","/Users/scott/Desktop/Archive/prepared/rp-sim-hd-070104-506e96/working/entity_candidates.csv","dd44dc6054510373243f218ab95bffca90b8227c994b2b893ebbea1357305648","unknown","","","","","true","false","","","","","","","","","","","yes_lives_in_working_dir_only","","","DROP","T2,T4,T6","discard",""
"mac_working_dir_rr-businessintelligencecustmgmt-gb-3697-5bf0f4_2026-05-29","mac_working_dir","/Users/scott/Desktop/Archive/prepared/rr-businessintelligencecustmgmt-gb-3697-5bf0f4/working","49","49","1","/Users/scott/Desktop/Archive/prescience_score_prompt_v2.md","f8c1e07469d8fce3148ad7c53f3ebb7f02fa312d8e0b724f6912808923385d29","true","0-5","","","","","","","","","","","","","","/Users/scott/Desktop/Archive/prepared/rr-businessintelligencecustmgmt-gb-3697-5bf0f4/working/entity_candidates.csv","ed06cb8ae35bfdee0aea920fedc3f0f4fb77a9c176c24ddce32893c07633d25a","unknown","","","","","true","false","","","","0","0","0","0.0000","","0","0","yes_lives_in_working_dir_only","","","DROP","T2,T4,T6","discard",""
"mac_working_dir_safewebsnapshot-1f1fdd_2026-05-29","mac_working_dir","/Users/scott/Desktop/Archive/prepared/safewebsnapshot-1f1fdd/working","","","","/Users/scott/Desktop/Archive/prescience_score_prompt_v2.md","f8c1e07469d8fce3148ad7c53f3ebb7f02fa312d8e0b724f6912808923385d29","true","0-5","","","","","","","","","","","","","","/Users/scott/Desktop/Archive/prepared/safewebsnapshot-1f1fdd/working/entity_candidates.csv","64fb33adc22896c00ec296df3fd6b5c2d84ecd27b1dcf9addb79e7eea3dee4c4","unknown","","","","","true","false","","","","","","","","","","","yes_lives_in_working_dir_only","","","DROP","T2,T4,T6","discard",""
"mac_working_dir_sagesnapshot-d92fc8_2026-05-29","mac_working_dir","/Users/scott/Desktop/Archive/prepared/sagesnapshot-d92fc8/working","2","0","0","/Users/scott/Desktop/Archive/prescience_score_prompt_v2.md","f8c1e07469d8fce3148ad7c53f3ebb7f02fa312d8e0b724f6912808923385d29","true","0-5","","","","","","","","","","","","","","/Users/scott/Desktop/Archive/prepared/sagesnapshot-d92fc8/working/skipped_obs_v3.csv","1abeb18c7d2e18cac2de022072512f590817ffb5f4ee2905c7abd206db7095b4","unknown","","","","","true","false","","","","0","0","0","0.0000","","0","0","yes_lives_in_working_dir_only","","","DROP","T2,T4,T6","discard",""
"mac_working_dir_salesforce-d77b13_2026-05-29","mac_working_dir","/Users/scott/Desktop/Archive/prepared/salesforce-d77b13/working","5","0","0","/Users/scott/Desktop/Archive/prescience_score_prompt_v2.md","f8c1e07469d8fce3148ad7c53f3ebb7f02fa312d8e0b724f6912808923385d29","true","0-5","","","","","","","","","","","","","","/Users/scott/Desktop/Archive/prepared/salesforce-d77b13/working/skipped_obs_v3.csv","6c025fbe4ba651961ffdff080e121b0e14778139808a20331401f993ee7ccf98","unknown","","","","","true","false","","","","0","0","0","0.0000","","0","0","yes_lives_in_working_dir_only","","","DROP","T2,T4,T6","discard",""
"mac_working_dir_sample-personal-benchmark-94cc2b_2026-05-29","mac_working_dir","/Users/scott/Desktop/Archive/prepared/sample-personal-benchmark-94cc2b/working","22","22","1","/Users/scott/Desktop/Archive/prescience_score_prompt_v2.md","f8c1e07469d8fce3148ad7c53f3ebb7f02fa312d8e0b724f6912808923385d29","true","0-5","","","","","","","","","","","","","","/Users/scott/Desktop/Archive/prepared/sample-personal-benchmark-94cc2b/working/entity_candidates.csv","b18572de6cf724b01d277938a2e793120e7efb218ac0ebcae713ffd0c10e45c8","unknown","","","","","true","false","","","","0","0","0","0.0000","","0","0","yes_lives_in_working_dir_only","","","DROP","T2,T4,T6","discard",""
"mac_working_dir_sap-f4603b_2026-05-29","mac_working_dir","/Users/scott/Desktop/Archive/prepared/sap-f4603b/working","14","0","0","/Users/scott/Desktop/Archive/prescience_score_prompt_v2.md","f8c1e07469d8fce3148ad7c53f3ebb7f02fa312d8e0b724f6912808923385d29","true","0-5","","","","","","","","","","","","","","/Users/scott/Desktop/Archive/prepared/sap-f4603b/working/skipped_obs_v3.csv","19d2f3d9c7a1c699f9a8076ca5f1027a01863cd341cb815d91bd4bee3f8ff223","unknown","","","","","true","false","","","","0","0","0","0.0000","","0","0","yes_lives_in_working_dir_only","","","DROP","T2,T4,T6","discard",""
"mac_working_dir_sc-05-06-planning-080505a-016cb5_2026-05-23","mac_working_dir","/Users/scott/Desktop/Archive/prepared/sc-05-06-planning-080505a-016cb5/working","","","","/Users/scott/Desktop/Archive/prescience_score_prompt_v2.md","f8c1e07469d8fce3148ad7c53f3ebb7f02fa312d8e0b724f6912808923385d29","true","0-5","","","","","","","","","","","","","","/Users/scott/Desktop/Archive/prepared/sc-05-06-planning-080505a-016cb5/working/entity_candidates.csv","100757832aa39cfedbef8ed553373fcd4c98e6d9714cc3ca4917c521e3da9aaa","unknown","","","","","true","false","","","","","","","","","","","yes_lives_in_working_dir_only","","","DROP","T2,T4,T6","discard",""
"mac_working_dir_sc-05-06-supplychain-globaltrade-100505b-856b09_2026-05-23","mac_working_dir","/Users/scott/Desktop/Archive/prepared/sc-05-06-supplychain-globaltrade-100505b-856b09/working","","","","/Users/scott/Desktop/Archive/prescience_score_prompt_v2.md","f8c1e07469d8fce3148ad7c53f3ebb7f02fa312d8e0b724f6912808923385d29","true","0-5","","","","","","","","","","","","","","/Users/scott/Desktop/Archive/prepared/sc-05-06-supplychain-globaltrade-100505b-856b09/working/entity_candidates.csv","100757832aa39cfedbef8ed553373fcd4c98e6d9714cc3ca4917c521e3da9aaa","unknown","","","","","true","false","","","","","","","","","","","yes_lives_in_working_dir_only","","","DROP","T2,T4,T6","discard",""
"mac_working_dir_scm-05-06-research-agenda-081605a-bc04b6_2026-05-23","mac_working_dir","/Users/scott/Desktop/Archive/prepared/scm-05-06-research-agenda-081605a-bc04b6/working","","","","/Users/scott/Desktop/Archive/prescience_score_prompt_v2.md","f8c1e07469d8fce3148ad7c53f3ebb7f02fa312d8e0b724f6912808923385d29","true","0-5","","","","","","","","","","","","","","/Users/scott/Desktop/Archive/prepared/scm-05-06-research-agenda-081605a-bc04b6/working/entity_candidates.csv","100757832aa39cfedbef8ed553373fcd4c98e6d9714cc3ca4917c521e3da9aaa","unknown","","","","","true","false","","","","","","","","","","","yes_lives_in_working_dir_only","","","DROP","T2,T4,T6","discard",""
"mac_working_dir_searchspace-aff41f_2026-05-29","mac_working_dir","/Users/scott/Desktop/Archive/prepared/searchspace-aff41f/working","","","","/Users/scott/Desktop/Archive/prescience_score_prompt_v2.md","f8c1e07469d8fce3148ad7c53f3ebb7f02fa312d8e0b724f6912808923385d29","true","0-5","","","","","","","","","","","","","","/Users/scott/Desktop/Archive/prepared/searchspace-aff41f/working/entity_candidates.csv","64fb33adc22896c00ec296df3fd6b5c2d84ecd27b1dcf9addb79e7eea3dee4c4","unknown","","","","","true","false","","","","","","","","","","","yes_lives_in_working_dir_only","","","DROP","T2,T4,T6","discard",""
"mac_working_dir_securecomputingsnapshot-ce5ea3_2026-05-29","mac_working_dir","/Users/scott/Desktop/Archive/prepared/securecomputingsnapshot-ce5ea3/working","8","0","0","/Users/scott/Desktop/Archive/prescience_score_prompt_v2.md","f8c1e07469d8fce3148ad7c53f3ebb7f02fa312d8e0b724f6912808923385d29","true","0-5","","","","","","","","","","","","","","/Users/scott/Desktop/Archive/prepared/securecomputingsnapshot-ce5ea3/working/skipped_obs_v3.csv","2dc3f0fd046f8f174e0ddcb219079d534435969f96d4332a9cd7c2a148cfe840","unknown","","","","","true","false","","","","0","0","0","0.0000","","0","0","yes_lives_in_working_dir_only","","","DROP","T2,T4,T6","discard",""
"mac_working_dir_secureinfosnapshot-300aec_2026-05-29","mac_working_dir","/Users/scott/Desktop/Archive/prepared/secureinfosnapshot-300aec/working","2","0","0","/Users/scott/Desktop/Archive/prescience_score_prompt_v2.md","f8c1e07469d8fce3148ad7c53f3ebb7f02fa312d8e0b724f6912808923385d29","true","0-5","","","","","","","","","","","","","","/Users/scott/Desktop/Archive/prepared/secureinfosnapshot-300aec/working/skipped_obs_v3.csv","f0831463cf0350b7b1936be040b85e9b89d3c6c7c9993a6f52f1d73f6db61ba4","unknown","","","","","true","false","","","","0","0","0","0.0000","","0","0","yes_lives_in_working_dir_only","","","DROP","T2,T4,T6","discard",""
"mac_working_dir_selecticasnapshot-c0c207_2026-05-29","mac_working_dir","/Users/scott/Desktop/Archive/prepared/selecticasnapshot-c0c207/working","11","0","0","/Users/scott/Desktop/Archive/prescience_score_prompt_v2.md","f8c1e07469d8fce3148ad7c53f3ebb7f02fa312d8e0b724f6912808923385d29","true","0-5","","","","","","","","","","","","","","/Users/scott/Desktop/Archive/prepared/selecticasnapshot-c0c207/working/skipped_obs_v3.csv","09862bdee36f753dc2ae9b4097b59ee2745f4c0c2513394d840d8bf0f281665b","unknown","","","","","true","false","","","","0","0","0","0.0000","","0","0","yes_lives_in_working_dir_only","","","DROP","T2,T4,T6","discard",""
"mac_working_dir_sell-siderptabridged-5cc8e7_2026-05-29","mac_working_dir","/Users/scott/Desktop/Archive/prepared/sell-siderptabridged-5cc8e7/working","18","0","0","/Users/scott/Desktop/Archive/prescience_score_prompt_v2.md","f8c1e07469d8fce3148ad7c53f3ebb7f02fa312d8e0b724f6912808923385d29","true","0-5","","","","","","","","","","","","","","/Users/scott/Desktop/Archive/prepared/sell-siderptabridged-5cc8e7/working/skipped_obs_v3.csv","7ec9fcb61430e814a724af3d184425bd3716d9c42fe63882ff9d6a4e642cbbb8","unknown","","","","","true","false","","","","0","0","0","0.0000","","0","0","yes_lives_in_working_dir_only","","","DROP","T2,T4,T6","discard",""
"mac_working_dir_servgatesnapshot-a891dd_2026-05-29","mac_working_dir","/Users/scott/Desktop/Archive/prepared/servgatesnapshot-a891dd/working","4","0","0","/Users/scott/Desktop/Archive/prescience_score_prompt_v2.md","f8c1e07469d8fce3148ad7c53f3ebb7f02fa312d8e0b724f6912808923385d29","true","0-5","","","","","","","","","","","","","","/Users/scott/Desktop/Archive/prepared/servgatesnapshot-a891dd/working/skipped_obs_v3.csv","cd4894077e013f38b6f54be14e9184c6703abe303ca703b2ab9cf395f2a0afcb","unknown","","","","","true","false","","","","0","0","0","0.0000","","0","0","yes_lives_in_working_dir_only","","","DROP","T2,T4,T6","discard",""
"mac_working_dir_shavliksnapshot-fd9e0f_2026-05-29","mac_working_dir","/Users/scott/Desktop/Archive/prepared/shavliksnapshot-fd9e0f/working","4","0","0","/Users/scott/Desktop/Archive/prescience_score_prompt_v2.md","f8c1e07469d8fce3148ad7c53f3ebb7f02fa312d8e0b724f6912808923385d29","true","0-5","","","","","","","","","","","","","","/Users/scott/Desktop/Archive/prepared/shavliksnapshot-fd9e0f/working/skipped_obs_v3.csv","ab7f47fd527fccfad2276f9935c66660e19c9f6d8a55887449da32a3909d1ea5","unknown","","","","","true","false","","","","0","0","0","0.0000","","0","0","yes_lives_in_working_dir_only","","","DROP","T2,T4,T6","discard",""
"mac_working_dir_silverpopsnapshot-4c53eb_2026-05-29","mac_working_dir","/Users/scott/Desktop/Archive/prepared/silverpopsnapshot-4c53eb/working","2","0","0","/Users/scott/Desktop/Archive/prescience_score_prompt_v2.md","f8c1e07469d8fce3148ad7c53f3ebb7f02fa312d8e0b724f6912808923385d29","true","0-5","","","","","","","","","","","","","","/Users/scott/Desktop/Archive/prepared/silverpopsnapshot-4c53eb/working/skipped_obs_v3.csv","1bf60dc69c052760653db6dbe05fa481a790b6eb2569424f4bd08ecd5fd3c7c6","unknown","","","","","true","false","","","","0","0","0","0.0000","","0","0","yes_lives_in_working_dir_only","","","DROP","T2,T4,T6","discard",""
"mac_working_dir_sipp-speech-florida-06-30-03-5776a8_2026-05-29","mac_working_dir","/Users/scott/Desktop/Archive/prepared/sipp-speech-florida-06-30-03-5776a8/working","6","6","1","/Users/scott/Desktop/Archive/prescience_score_prompt_v2.md","f8c1e07469d8fce3148ad7c53f3ebb7f02fa312d8e0b724f6912808923385d29","true","0-5","","","","","","","","","","","","","","/Users/scott/Desktop/Archive/prepared/sipp-speech-florida-06-30-03-5776a8/working/entity_candidates.csv","c93b2ad50f03fc29563f7d4999b5d68b12401d39cbe2f06e5b803a67c51c06e5","unknown","","","","","true","false","","","","0","0","0","0.0000","","0","0","yes_lives_in_working_dir_only","","","DROP","T2,T4,T6","discard",""
"mac_working_dir_snapappliancesnapshot-0c0757_2026-05-29","mac_working_dir","/Users/scott/Desktop/Archive/prepared/snapappliancesnapshot-0c0757/working","11","0","0","/Users/scott/Desktop/Archive/prescience_score_prompt_v2.md","f8c1e07469d8fce3148ad7c53f3ebb7f02fa312d8e0b724f6912808923385d29","true","0-5","","","","","","","","","","","","","","/Users/scott/Desktop/Archive/prepared/snapappliancesnapshot-0c0757/working/skipped_obs_v3.csv","07747142d33eaffd2b1718d0033bc02c8983a38e57c6b19a2d4dd4bd9e7a45b7","unknown","","","","","true","false","","","","0","0","0","0.0000","","0","0","yes_lives_in_working_dir_only","","","DROP","T2,T4,T6","discard",""
"mac_working_dir_snapshots-20market-20visibility-20collateral-34f703_2026-05-23","mac_working_dir","/Users/scott/Desktop/Archive/prepared/snapshots-20market-20visibility-20collateral-34f703/working","","","","/Users/scott/Desktop/Archive/prescience_score_prompt_v2.md","f8c1e07469d8fce3148ad7c53f3ebb7f02fa312d8e0b724f6912808923385d29","true","0-5","","","","","","","","","","","","","","/Users/scott/Desktop/Archive/prepared/snapshots-20market-20visibility-20collateral-34f703/working/entity_candidates.csv","3c45478c8110f97d1879faf764b16e099eb5e1333a08bb407e906ebe91a16ca2","unknown","","","","","true","false","","","","","","","","","","","yes_lives_in_working_dir_only","","","DROP","T2,T4,T6","discard",""
"mac_working_dir_solution-provider-introduction-3cd92e_2026-05-23","mac_working_dir","/Users/scott/Desktop/Archive/prepared/solution-provider-introduction-3cd92e/working","","","","/Users/scott/Desktop/Archive/prescience_score_prompt_v2.md","f8c1e07469d8fce3148ad7c53f3ebb7f02fa312d8e0b724f6912808923385d29","true","0-5","","","","","","","","","","","","","","/Users/scott/Desktop/Archive/prepared/solution-provider-introduction-3cd92e/working/entity_candidates.csv","100757832aa39cfedbef8ed553373fcd4c98e6d9714cc3ca4917c521e3da9aaa","unknown","","","","","true","false","","","","","","","","","","","yes_lives_in_working_dir_only","","","DROP","T2,T4,T6","discard",""
"mac_working_dir_solution-provider-introduction-wb061005a-af380e_2026-05-23","mac_working_dir","/Users/scott/Desktop/Archive/prepared/solution-provider-introduction-wb061005a-af380e/working","","","","/Users/scott/Desktop/Archive/prescience_score_prompt_v2.md","f8c1e07469d8fce3148ad7c53f3ebb7f02fa312d8e0b724f6912808923385d29","true","0-5","","","","","","","","","","","","","","/Users/scott/Desktop/Archive/prepared/solution-provider-introduction-wb061005a-af380e/working/entity_candidates.csv","100757832aa39cfedbef8ed553373fcd4c98e6d9714cc3ca4917c521e3da9aaa","unknown","","","","","true","false","","","","","","","","","","","yes_lives_in_working_dir_only","","","DROP","T2,T4,T6","discard",""
"mac_working_dir_solution-providers-accelerating-sales-dd23da_2026-05-23","mac_working_dir","/Users/scott/Desktop/Archive/prepared/solution-providers-accelerating-sales-dd23da/working","","","","/Users/scott/Desktop/Archive/prescience_score_prompt_v2.md","f8c1e07469d8fce3148ad7c53f3ebb7f02fa312d8e0b724f6912808923385d29","true","0-5","","","","","","","","","","","","","","/Users/scott/Desktop/Archive/prepared/solution-providers-accelerating-sales-dd23da/working/entity_candidates.csv","100757832aa39cfedbef8ed553373fcd4c98e6d9714cc3ca4917c521e3da9aaa","unknown","","","","","true","false","","","","","","","","","","","yes_lives_in_working_dir_only","","","DROP","T2,T4,T6","discard",""
"mac_working_dir_solution-providers-accelerating-sales-wb060205a-876d27_2026-05-23","mac_working_dir","/Users/scott/Desktop/Archive/prepared/solution-providers-accelerating-sales-wb060205a-876d27/working","","","","/Users/scott/Desktop/Archive/prescience_score_prompt_v2.md","f8c1e07469d8fce3148ad7c53f3ebb7f02fa312d8e0b724f6912808923385d29","true","0-5","","","","","","","","","","","","","","/Users/scott/Desktop/Archive/prepared/solution-providers-accelerating-sales-wb060205a-876d27/working/entity_candidates.csv","100757832aa39cfedbef8ed553373fcd4c98e6d9714cc3ca4917c521e3da9aaa","unknown","","","","","true","false","","","","","","","","","","","yes_lives_in_working_dir_only","","","DROP","T2,T4,T6","discard",""
"mac_working_dir_solution-providers-creating-demand-49b049_2026-05-23","mac_working_dir","/Users/scott/Desktop/Archive/prepared/solution-providers-creating-demand-49b049/working","","","","/Users/scott/Desktop/Archive/prescience_score_prompt_v2.md","f8c1e07469d8fce3148ad7c53f3ebb7f02fa312d8e0b724f6912808923385d29","true","0-5","","","","","","","","","","","","","","/Users/scott/Desktop/Archive/prepared/solution-providers-creating-demand-49b049/working/entity_candidates.csv","100757832aa39cfedbef8ed553373fcd4c98e6d9714cc3ca4917c521e3da9aaa","unknown","","","","","true","false","","","","","","","","","","","yes_lives_in_working_dir_only","","","DROP","T2,T4,T6","discard",""
"mac_working_dir_solution-providers-creating-demand-wb060905a-b72e30_2026-05-23","mac_working_dir","/Users/scott/Desktop/Archive/prepared/solution-providers-creating-demand-wb060905a-b72e30/working","","","","/Users/scott/Desktop/Archive/prescience_score_prompt_v2.md","f8c1e07469d8fce3148ad7c53f3ebb7f02fa312d8e0b724f6912808923385d29","true","0-5","","","","","","","","","","","","","","/Users/scott/Desktop/Archive/prepared/solution-providers-creating-demand-wb060905a-b72e30/working/entity_candidates.csv","100757832aa39cfedbef8ed553373fcd4c98e6d9714cc3ca4917c521e3da9aaa","unknown","","","","","true","false","","","","","","","","","","","yes_lives_in_working_dir_only","","","DROP","T2,T4,T6","discard",""
"mac_working_dir_solution-providers-growing-customers-b956f7_2026-05-23","mac_working_dir","/Users/scott/Desktop/Archive/prepared/solution-providers-growing-customers-b956f7/working","","","","/Users/scott/Desktop/Archive/prescience_score_prompt_v2.md","f8c1e07469d8fce3148ad7c53f3ebb7f02fa312d8e0b724f6912808923385d29","true","0-5","","","","","","","","","","","","","","/Users/scott/Desktop/Archive/prepared/solution-providers-growing-customers-b956f7/working/entity_candidates.csv","100757832aa39cfedbef8ed553373fcd4c98e6d9714cc3ca4917c521e3da9aaa","unknown","","","","","true","false","","","","","","","","","","","yes_lives_in_working_dir_only","","","DROP","T2,T4,T6","discard",""
"mac_working_dir_solution-providers-growing-customers-wb061005a-dc4e92_2026-05-23","mac_working_dir","/Users/scott/Desktop/Archive/prepared/solution-providers-growing-customers-wb061005a-dc4e92/working","","","","/Users/scott/Desktop/Archive/prescience_score_prompt_v2.md","f8c1e07469d8fce3148ad7c53f3ebb7f02fa312d8e0b724f6912808923385d29","true","0-5","","","","","","","","","","","","","","/Users/scott/Desktop/Archive/prepared/solution-providers-growing-customers-wb061005a-dc4e92/working/entity_candidates.csv","100757832aa39cfedbef8ed553373fcd4c98e6d9714cc3ca4917c521e3da9aaa","unknown","","","","","true","false","","","","","","","","","","","yes_lives_in_working_dir_only","","","DROP","T2,T4,T6","discard",""
"mac_working_dir_solution-providers-mktawareness-b2463f_2026-05-23","mac_working_dir","/Users/scott/Desktop/Archive/prepared/solution-providers-mktawareness-b2463f/working","","","","/Users/scott/Desktop/Archive/prescience_score_prompt_v2.md","f8c1e07469d8fce3148ad7c53f3ebb7f02fa312d8e0b724f6912808923385d29","true","0-5","","","","","","","","","","","","","","/Users/scott/Desktop/Archive/prepared/solution-providers-mktawareness-b2463f/working/entity_candidates.csv","100757832aa39cfedbef8ed553373fcd4c98e6d9714cc3ca4917c521e3da9aaa","unknown","","","","","true","false","","","","","","","","","","","yes_lives_in_working_dir_only","","","DROP","T2,T4,T6","discard",""
"mac_working_dir_solution-providers-mktawareness-np110405a-7a1bc7_2026-05-23","mac_working_dir","/Users/scott/Desktop/Archive/prepared/solution-providers-mktawareness-np110405a-7a1bc7/working","","","","/Users/scott/Desktop/Archive/prescience_score_prompt_v2.md","f8c1e07469d8fce3148ad7c53f3ebb7f02fa312d8e0b724f6912808923385d29","true","0-5","","","","","","","","","","","","","","/Users/scott/Desktop/Archive/prepared/solution-providers-mktawareness-np110405a-7a1bc7/working/entity_candidates.csv","100757832aa39cfedbef8ed553373fcd4c98e6d9714cc3ca4917c521e3da9aaa","unknown","","","","","true","false","","","","","","","","","","","yes_lives_in_working_dir_only","","","DROP","T2,T4,T6","discard",""
"mac_working_dir_spidynamicssnapshot-2b4eae_2026-05-29","mac_working_dir","/Users/scott/Desktop/Archive/prepared/spidynamicssnapshot-2b4eae/working","3","0","0","/Users/scott/Desktop/Archive/prescience_score_prompt_v2.md","f8c1e07469d8fce3148ad7c53f3ebb7f02fa312d8e0b724f6912808923385d29","true","0-5","","","","","","","","","","","","","","/Users/scott/Desktop/Archive/prepared/spidynamicssnapshot-2b4eae/working/skipped_obs_v3.csv","f4c6040e3ccc1cc19ab1f1eb2268f5d356d1f5d61ffabe77045dd7dfd2159a9a","unknown","","","","","true","false","","","","0","0","0","0.0000","","0","0","yes_lives_in_working_dir_only","","","DROP","T2,T4,T6","discard",""
"mac_working_dir_spotlightakamai-b83de6_2026-05-29","mac_working_dir","/Users/scott/Desktop/Archive/prepared/spotlightakamai-b83de6/working","8","0","0","/Users/scott/Desktop/Archive/prescience_score_prompt_v2.md","f8c1e07469d8fce3148ad7c53f3ebb7f02fa312d8e0b724f6912808923385d29","true","0-5","","","","","","","","","","","","","","/Users/scott/Desktop/Archive/prepared/spotlightakamai-b83de6/working/skipped_obs_v3.csv","7cdf7e8aa68a1e98b9a8c312d595e2beadab5f2a57e0e01386d410fccb17b2d4","unknown","","","","","true","false","","","","0","0","0","0.0000","","0","0","yes_lives_in_working_dir_only","","","DROP","T2,T4,T6","discard",""
"mac_working_dir_spotlightavotus-997b04_2026-05-29","mac_working_dir","/Users/scott/Desktop/Archive/prepared/spotlightavotus-997b04/working","2","0","0","/Users/scott/Desktop/Archive/prescience_score_prompt_v2.md","f8c1e07469d8fce3148ad7c53f3ebb7f02fa312d8e0b724f6912808923385d29","true","0-5","","","","","","","","","","","","","","/Users/scott/Desktop/Archive/prepared/spotlightavotus-997b04/working/skipped_obs_v3.csv","af6488e91ae232197cee259205010e7bf0d53438045de27d42081a66fef54737","unknown","","","","","true","false","","","","0","0","0","0.0000","","0","0","yes_lives_in_working_dir_only","","","DROP","T2,T4,T6","discard",""
"mac_working_dir_spotlightdigitalfountain-3a7ed2_2026-05-29","mac_working_dir","/Users/scott/Desktop/Archive/prepared/spotlightdigitalfountain-3a7ed2/working","6","0","0","/Users/scott/Desktop/Archive/prescience_score_prompt_v2.md","f8c1e07469d8fce3148ad7c53f3ebb7f02fa312d8e0b724f6912808923385d29","true","0-5","","","","","","","","","","","","","","/Users/scott/Desktop/Archive/prepared/spotlightdigitalfountain-3a7ed2/working/skipped_obs_v3.csv","e262aa7faafe58d56968e7b1b5d173d421b367be582847d93182b0f390a65c17","unknown","","","","","true","false","","","","0","0","0","0.0000","","0","0","yes_lives_in_working_dir_only","","","DROP","T2,T4,T6","discard",""
"mac_working_dir_spotlightdigitalreliance-8246bd_2026-05-29","mac_working_dir","/Users/scott/Desktop/Archive/prepared/spotlightdigitalreliance-8246bd/working","","","","/Users/scott/Desktop/Archive/prescience_score_prompt_v2.md","f8c1e07469d8fce3148ad7c53f3ebb7f02fa312d8e0b724f6912808923385d29","true","0-5","","","","","","","","","","","","","","/Users/scott/Desktop/Archive/prepared/spotlightdigitalreliance-8246bd/working/entity_candidates.csv","93cfd0a683471fcb90ad12ee78143caccb93b10e07d49724afc456044af48842","unknown","","","","","true","false","","","","","","","","","","","yes_lives_in_working_dir_only","","","DROP","T2,T4,T6","discard",""
"mac_working_dir_spotlightmirrorimage-3ee2aa_2026-05-29","mac_working_dir","/Users/scott/Desktop/Archive/prepared/spotlightmirrorimage-3ee2aa/working","9","0","0","/Users/scott/Desktop/Archive/prescience_score_prompt_v2.md","f8c1e07469d8fce3148ad7c53f3ebb7f02fa312d8e0b724f6912808923385d29","true","0-5","","","","","","","","","","","","","","/Users/scott/Desktop/Archive/prepared/spotlightmirrorimage-3ee2aa/working/skipped_obs_v3.csv","021aaa647d78cc48a8deca4ebc2291c774d48a1245c877cb05b4f3735f1c54bb","unknown","","","","","true","false","","","","0","0","0","0.0000","","0","0","yes_lives_in_working_dir_only","","","DROP","T2,T4,T6","discard",""
"mac_working_dir_spotlightprofitline-f0b7b5_2026-05-29","mac_working_dir","/Users/scott/Desktop/Archive/prepared/spotlightprofitline-f0b7b5/working","4","0","0","/Users/scott/Desktop/Archive/prescience_score_prompt_v2.md","f8c1e07469d8fce3148ad7c53f3ebb7f02fa312d8e0b724f6912808923385d29","true","0-5","","","","","","","","","","","","","","/Users/scott/Desktop/Archive/prepared/spotlightprofitline-f0b7b5/working/skipped_obs_v3.csv","3e0adff622b34e49a78246ecd7158817b94bc8ab06a3126e59c7edef2b094a02","unknown","","","","","true","false","","","","0","0","0","0.0000","","0","0","yes_lives_in_working_dir_only","","","DROP","T2,T4,T6","discard",""
"mac_working_dir_spotlightradiance-5915fb_2026-05-29","mac_working_dir","/Users/scott/Desktop/Archive/prepared/spotlightradiance-5915fb/working","3","0","0","/Users/scott/Desktop/Archive/prescience_score_prompt_v2.md","f8c1e07469d8fce3148ad7c53f3ebb7f02fa312d8e0b724f6912808923385d29","true","0-5","","","","","","","","","","","","","","/Users/scott/Desktop/Archive/prepared/spotlightradiance-5915fb/working/skipped_obs_v3.csv","bb77debd4a5b115e0917d496be6d22954b3a8cdd59b9f08072a9bfd9198d6d4e","unknown","","","","","true","false","","","","0","0","0","0.0000","","0","0","yes_lives_in_working_dir_only","","","DROP","T2,T4,T6","discard",""
"mac_working_dir_spotlightstratacache-970c06_2026-05-29","mac_working_dir","/Users/scott/Desktop/Archive/prepared/spotlightstratacache-970c06/working","4","0","0","/Users/scott/Desktop/Archive/prescience_score_prompt_v2.md","f8c1e07469d8fce3148ad7c53f3ebb7f02fa312d8e0b724f6912808923385d29","true","0-5","","","","","","","","","","","","","","/Users/scott/Desktop/Archive/prepared/spotlightstratacache-970c06/working/skipped_obs_v3.csv","0a76516092acd55f5d7ffd5e75c9bdacb4d1546c371d8723471ac24eea87eb94","unknown","","","","","true","false","","","","0","0","0","0.0000","","0","0","yes_lives_in_working_dir_only","","","DROP","T2,T4,T6","discard",""
"mac_working_dir_spotlightteldata-3e83bb_2026-05-29","mac_working_dir","/Users/scott/Desktop/Archive/prepared/spotlightteldata-3e83bb/working","","","","/Users/scott/Desktop/Archive/prescience_score_prompt_v2.md","f8c1e07469d8fce3148ad7c53f3ebb7f02fa312d8e0b724f6912808923385d29","true","0-5","","","","","","","","","","","","","","/Users/scott/Desktop/Archive/prepared/spotlightteldata-3e83bb/working/entity_candidates.csv","9d2941ed2cda774e20a42d7d6ccbdc6c9af474354adc56df79ba4e17dbe3d961","unknown","","","","","true","false","","","","","","","","","","","yes_lives_in_working_dir_only","","","DROP","T2,T4,T6","discard",""
"mac_working_dir_spotlighttraq-99dc04_2026-05-29","mac_working_dir","/Users/scott/Desktop/Archive/prepared/spotlighttraq-99dc04/working","2","0","0","/Users/scott/Desktop/Archive/prescience_score_prompt_v2.md","f8c1e07469d8fce3148ad7c53f3ebb7f02fa312d8e0b724f6912808923385d29","true","0-5","","","","","","","","","","","","","","/Users/scott/Desktop/Archive/prepared/spotlighttraq-99dc04/working/skipped_obs_v3.csv","9ea7ad78cf689497e98b991afd7a153b636eaac1a7ea08706a240ca1a50b4908","unknown","","","","","true","false","","","","0","0","0","0.0000","","0","0","yes_lives_in_working_dir_only","","","DROP","T2,T4,T6","discard",""
"mac_working_dir_spotlightvalicert-cff98a_2026-05-29","mac_working_dir","/Users/scott/Desktop/Archive/prepared/spotlightvalicert-cff98a/working","6","0","0","/Users/scott/Desktop/Archive/prescience_score_prompt_v2.md","f8c1e07469d8fce3148ad7c53f3ebb7f02fa312d8e0b724f6912808923385d29","true","0-5","","","","","","","","","","","","","","/Users/scott/Desktop/Archive/prepared/spotlightvalicert-cff98a/working/skipped_obs_v3.csv","ebd45f5dbcd174d811933b14829ad966c17752c7f67c2fbe6c5ce0ab300bd002","unknown","","","","","true","false","","","","0","0","0","0.0000","","0","0","yes_lives_in_working_dir_only","","","DROP","T2,T4,T6","discard",""
"mac_working_dir_streamingmediatoc-d6b5cc_2026-05-29","mac_working_dir","/Users/scott/Desktop/Archive/prepared/streamingmediatoc-d6b5cc/working","6","0","0","/Users/scott/Desktop/Archive/prescience_score_prompt_v2.md","f8c1e07469d8fce3148ad7c53f3ebb7f02fa312d8e0b724f6912808923385d29","true","0-5","","","","","","","","","","","","","","/Users/scott/Desktop/Archive/prepared/streamingmediatoc-d6b5cc/working/skipped_obs_v3.csv","c059dedd98d12e9a0083591a8d2b411a88651a958601daab398401e54a59771f","unknown","","","","","true","false","","","","0","0","0","0.0000","","0","0","yes_lives_in_working_dir_only","","","DROP","T2,T4,T6","discard",""
"mac_working_dir_sunsnapshota-da6171_2026-05-29","mac_working_dir","/Users/scott/Desktop/Archive/prepared/sunsnapshota-da6171/working","4","0","0","/Users/scott/Desktop/Archive/prescience_score_prompt_v2.md","f8c1e07469d8fce3148ad7c53f3ebb7f02fa312d8e0b724f6912808923385d29","true","0-5","","","","","","","","","","","","","","/Users/scott/Desktop/Archive/prepared/sunsnapshota-da6171/working/skipped_obs_v3.csv","fe66051f513a63e88c33e161f2da11982fa6f1a919ed46fa11fb3292326e73ad","unknown","","","","","true","false","","","","0","0","0","0.0000","","0","0","yes_lives_in_working_dir_only","","","DROP","T2,T4,T6","discard",""
"mac_working_dir_supply-chain-research-snapshot-7bc490_2026-05-29","mac_working_dir","/Users/scott/Desktop/Archive/prepared/supply-chain-research-snapshot-7bc490/working","","","","/Users/scott/Desktop/Archive/prescience_score_prompt_v2.md","f8c1e07469d8fce3148ad7c53f3ebb7f02fa312d8e0b724f6912808923385d29","true","0-5","","","","","","","","","","","","","","/Users/scott/Desktop/Archive/prepared/supply-chain-research-snapshot-7bc490/working/entity_candidates.csv","e1b9f0898a810036c9fce92e2db598f17cc8090198b2d58bdcdcff6138fec9a1","unknown","","","","","true","false","","","","","","","","","","","yes_lives_in_working_dir_only","","","DROP","T2,T4,T6","discard",""
"mac_working_dir_surfcontrolsnapshot-af71d7_2026-05-29","mac_working_dir","/Users/scott/Desktop/Archive/prepared/surfcontrolsnapshot-af71d7/working","5","0","0","/Users/scott/Desktop/Archive/prescience_score_prompt_v2.md","f8c1e07469d8fce3148ad7c53f3ebb7f02fa312d8e0b724f6912808923385d29","true","0-5","","","","","","","","","","","","","","/Users/scott/Desktop/Archive/prepared/surfcontrolsnapshot-af71d7/working/skipped_obs_v3.csv","7e4ba99a92a3347a3e778370762d56bbfcfe293c0d5cf40d104db042671a216c","unknown","","","","","true","false","","","","0","0","0","0.0000","","0","0","yes_lives_in_working_dir_only","","","DROP","T2,T4,T6","discard",""
"mac_working_dir_svcchmgt-2006agenda-expanded-mwv-434c1f_2026-05-23","mac_working_dir","/Users/scott/Desktop/Archive/prepared/svcchmgt-2006agenda-expanded-mwv-434c1f/working","6","0","0","/Users/scott/Desktop/Archive/prescience_score_prompt_v2.md","f8c1e07469d8fce3148ad7c53f3ebb7f02fa312d8e0b724f6912808923385d29","true","0-5","","","","","","","","","","","","","","/Users/scott/Desktop/Archive/prepared/svcchmgt-2006agenda-expanded-mwv-434c1f/working/entity_candidates.csv","100757832aa39cfedbef8ed553373fcd4c98e6d9714cc3ca4917c521e3da9aaa","unknown","","","","","true","false","","","","0","0","0","0.0000","","0","0","yes_lives_in_working_dir_only","","","DROP","T2,T4,T6","discard",""
"mac_working_dir_sygatesnapshot-cdaab7_2026-05-29","mac_working_dir","/Users/scott/Desktop/Archive/prepared/sygatesnapshot-cdaab7/working","11","0","0","/Users/scott/Desktop/Archive/prescience_score_prompt_v2.md","f8c1e07469d8fce3148ad7c53f3ebb7f02fa312d8e0b724f6912808923385d29","true","0-5","","","","","","","","","","","","","","/Users/scott/Desktop/Archive/prepared/sygatesnapshot-cdaab7/working/skipped_obs_v3.csv","42a1d6fe0a81a51c54f029ab313bb48bee67b803436963a5685a0195d6c38ac2","unknown","","","","","true","false","","","","0","0","0","0.0000","","0","0","yes_lives_in_working_dir_only","","","DROP","T2,T4,T6","discard",""
"mac_working_dir_symantecsnapshot-da9c4c_2026-05-29","mac_working_dir","/Users/scott/Desktop/Archive/prepared/symantecsnapshot-da9c4c/working","4","0","0","/Users/scott/Desktop/Archive/prescience_score_prompt_v2.md","f8c1e07469d8fce3148ad7c53f3ebb7f02fa312d8e0b724f6912808923385d29","true","0-5","","","","","","","","","","","","","","/Users/scott/Desktop/Archive/prepared/symantecsnapshot-da9c4c/working/skipped_obs_v3.csv","336e0964b322254f409c4508fa5550848fb634ac9a275281a640ba0735344379","unknown","","","","","true","false","","","","0","0","0","0.0000","","0","0","yes_lives_in_working_dir_only","","","DROP","T2,T4,T6","discard",""
"mac_working_dir_symarksnapshot-ae8735_2026-05-29","mac_working_dir","/Users/scott/Desktop/Archive/prepared/symarksnapshot-ae8735/working","2","0","0","/Users/scott/Desktop/Archive/prescience_score_prompt_v2.md","f8c1e07469d8fce3148ad7c53f3ebb7f02fa312d8e0b724f6912808923385d29","true","0-5","","","","","","","","","","","","","","/Users/scott/Desktop/Archive/prepared/symarksnapshot-ae8735/working/skipped_obs_v3.csv","93f0140191b5ee3de22c533271b2487406053a9403c69b3e2645823b5f0a6305","unknown","","","","","true","false","","","","0","0","0","0.0000","","0","0","yes_lives_in_working_dir_only","","","DROP","T2,T4,T6","discard",""
"mac_working_dir_tfc2002-20reporttoc-c584fa_2026-05-29","mac_working_dir","/Users/scott/Desktop/Archive/prepared/tfc2002-20reporttoc-c584fa/working","","","","/Users/scott/Desktop/Archive/prescience_score_prompt_v2.md","f8c1e07469d8fce3148ad7c53f3ebb7f02fa312d8e0b724f6912808923385d29","true","0-5","","","","","","","","","","","","","","/Users/scott/Desktop/Archive/prepared/tfc2002-20reporttoc-c584fa/working/entity_candidates.csv","dfe4ef5ea56d20bdf140b80053673c4083206af6c713518198a193cf42eb0820","unknown","","","","","true","false","","","","","","","","","","","yes_lives_in_working_dir_only","","","DROP","T2,T4,T6","discard",""
"mac_working_dir_tfcbuyingintentions2003toc-e9e578_2026-05-23","mac_working_dir","/Users/scott/Desktop/Archive/prepared/tfcbuyingintentions2003toc-e9e578/working","","","","/Users/scott/Desktop/Archive/prescience_score_prompt_v2.md","f8c1e07469d8fce3148ad7c53f3ebb7f02fa312d8e0b724f6912808923385d29","true","0-5","","","","","","","","","","","","","","/Users/scott/Desktop/Archive/prepared/tfcbuyingintentions2003toc-e9e578/working/entity_candidates.csv","7f52ca47482c6e11047d8b89e025ed7540d69fca3fdeca47045e724f9f7c8282","unknown","","","","","true","false","","","","","","","","","","","yes_lives_in_working_dir_only","","","DROP","T2,T4,T6","discard",""
"mac_working_dir_thought-20leadership-20collateral-8fcaaf_2026-05-23","mac_working_dir","/Users/scott/Desktop/Archive/prepared/thought-20leadership-20collateral-8fcaaf/working","","","","/Users/scott/Desktop/Archive/prescience_score_prompt_v2.md","f8c1e07469d8fce3148ad7c53f3ebb7f02fa312d8e0b724f6912808923385d29","true","0-5","","","","","","","","","","","","","","/Users/scott/Desktop/Archive/prepared/thought-20leadership-20collateral-8fcaaf/working/entity_candidates.csv","100757832aa39cfedbef8ed553373fcd4c98e6d9714cc3ca4917c521e3da9aaa","unknown","","","","","true","false","","","","","","","","","","","yes_lives_in_working_dir_only","","","DROP","T2,T4,T6","discard",""
"mac_working_dir_tivolisnapshot-b48230_2026-05-29","mac_working_dir","/Users/scott/Desktop/Archive/prepared/tivolisnapshot-b48230/working","4","0","0","/Users/scott/Desktop/Archive/prescience_score_prompt_v2.md","f8c1e07469d8fce3148ad7c53f3ebb7f02fa312d8e0b724f6912808923385d29","true","0-5","","","","","","","","","","","","","","/Users/scott/Desktop/Archive/prepared/tivolisnapshot-b48230/working/skipped_obs_v3.csv","ef6e2688b40e2cde32d6278093464d1adf59be39b6e47eda54476ce1007ad670","unknown","","","","","true","false","","","","0","0","0","0.0000","","0","0","yes_lives_in_working_dir_only","","","DROP","T2,T4,T6","discard",""
"mac_working_dir_top10cpc-8ae27e_2026-05-29","mac_working_dir","/Users/scott/Desktop/Archive/prepared/top10cpc-8ae27e/working","2","0","0","/Users/scott/Desktop/Archive/prescience_score_prompt_v2.md","f8c1e07469d8fce3148ad7c53f3ebb7f02fa312d8e0b724f6912808923385d29","true","0-5","","","","","","","","","","","","","","/Users/scott/Desktop/Archive/prepared/top10cpc-8ae27e/working/skipped_obs_v3.csv","f3363887c309f16eeccfc4e2e6ca491ae24bc704f4ce0c67f5deb0b3fd173e22","unknown","","","","","true","false","","","","0","0","0","0.0000","","0","0","yes_lives_in_working_dir_only","","","DROP","T2,T4,T6","discard",""
"mac_working_dir_top10crm-185a2a_2026-05-29","mac_working_dir","/Users/scott/Desktop/Archive/prepared/top10crm-185a2a/working","10","0","0","/Users/scott/Desktop/Archive/prescience_score_prompt_v2.md","f8c1e07469d8fce3148ad7c53f3ebb7f02fa312d8e0b724f6912808923385d29","true","0-5","","","","","","","","","","","","","","/Users/scott/Desktop/Archive/prepared/top10crm-185a2a/working/skipped_obs_v3.csv","8e38e5937f73bdd7791ba346c5b8b7f4d5a52bbba6213d6a6bcf4c454933db9f","unknown","","","","","true","false","","","","0","0","0","0.0000","","0","0","yes_lives_in_working_dir_only","","","DROP","T2,T4,T6","discard",""
"mac_working_dir_tpc-c-results-89bdb3_2026-05-29","mac_working_dir","/Users/scott/Desktop/Archive/prepared/tpc-c-results-89bdb3/working","6","0","0","/Users/scott/Desktop/Archive/prescience_score_prompt_v2.md","f8c1e07469d8fce3148ad7c53f3ebb7f02fa312d8e0b724f6912808923385d29","true","0-5","","","","","","","","","","","","","","/Users/scott/Desktop/Archive/prepared/tpc-c-results-89bdb3/working/observation_candidates.csv","18f535bb34cd7cbd5773fce871e85b86ae1d2fbbbc3bb98e56824e9ed13681be","unknown","","","","","true","false","","","","0","0","0","0.0000","","0","0","yes_lives_in_working_dir_only","","","DROP","T2,T4,T6","discard",""
"mac_working_dir_tradec-51c687_2026-05-29","mac_working_dir","/Users/scott/Desktop/Archive/prepared/tradec-51c687/working","4","0","0","/Users/scott/Desktop/Archive/prescience_score_prompt_v2.md","f8c1e07469d8fce3148ad7c53f3ebb7f02fa312d8e0b724f6912808923385d29","true","0-5","","","","","","","","","","","","","","/Users/scott/Desktop/Archive/prepared/tradec-51c687/working/skipped_obs_v3.csv","9976b560d52047a2e0f87c3b4c39724fb4197884a27582eafa18b4a26adf1ee1","unknown","","","","","true","false","","","","0","0","0","0.0000","","0","0","yes_lives_in_working_dir_only","","","DROP","T2,T4,T6","discard",""
"mac_working_dir_tripwiresnapshot-952557_2026-05-29","mac_working_dir","/Users/scott/Desktop/Archive/prepared/tripwiresnapshot-952557/working","7","0","0","/Users/scott/Desktop/Archive/prescience_score_prompt_v2.md","f8c1e07469d8fce3148ad7c53f3ebb7f02fa312d8e0b724f6912808923385d29","true","0-5","","","","","","","","","","","","","","/Users/scott/Desktop/Archive/prepared/tripwiresnapshot-952557/working/skipped_obs_v3.csv","07a248de01cb450a7d09350923b1615b50061ead6c2f8b19c5b2e3a2b477dae8","unknown","","","","","true","false","","","","0","0","0","0.0000","","0","0","yes_lives_in_working_dir_only","","","DROP","T2,T4,T6","discard",""
"mac_working_dir_unipresssnapshot-fb7211_2026-05-29","mac_working_dir","/Users/scott/Desktop/Archive/prepared/unipresssnapshot-fb7211/working","4","0","0","/Users/scott/Desktop/Archive/prescience_score_prompt_v2.md","f8c1e07469d8fce3148ad7c53f3ebb7f02fa312d8e0b724f6912808923385d29","true","0-5","","","","","","","","","","","","","","/Users/scott/Desktop/Archive/prepared/unipresssnapshot-fb7211/working/skipped_obs_v3.csv","a3df54fdf5539bb093fdb7fdec467e0a95906dcd9cecb5023bc806157c9984a4","unknown","","","","","true","false","","","","0","0","0","0.0000","","0","0","yes_lives_in_working_dir_only","","","DROP","T2,T4,T6","discard",""
"mac_working_dir_v12n1-70fd0c_2026-05-29","mac_working_dir","/Users/scott/Desktop/Archive/prepared/v12n1-70fd0c/working","24","24","1","/Users/scott/Desktop/Archive/prescience_score_prompt_v2.md","f8c1e07469d8fce3148ad7c53f3ebb7f02fa312d8e0b724f6912808923385d29","true","0-5","","","","","","","","","","","","","","/Users/scott/Desktop/Archive/prepared/v12n1-70fd0c/working/entity_candidates.csv","bc916ce2c96d5a9d03f9c2fd9b3395944d0f8b64b2f4ddb9c1cd15d114e8a4b1","unknown","","","","","true","false","","","","0","0","0","0.0000","","0","0","yes_lives_in_working_dir_only","","","DROP","T2,T4,T6","discard",""
"mac_working_dir_verticalsolutionssnapshot-df0498_2026-05-29","mac_working_dir","/Users/scott/Desktop/Archive/prepared/verticalsolutionssnapshot-df0498/working","","","","/Users/scott/Desktop/Archive/prescience_score_prompt_v2.md","f8c1e07469d8fce3148ad7c53f3ebb7f02fa312d8e0b724f6912808923385d29","true","0-5","","","","","","","","","","","","","","/Users/scott/Desktop/Archive/prepared/verticalsolutionssnapshot-df0498/working/entity_candidates.csv","34bb60af1285172dd6b5d9bbb80fe9e51642dde902b8002ce055085c2de43eb8","unknown","","","","","true","false","","","","","","","","","","","yes_lives_in_working_dir_only","","","DROP","T2,T4,T6","discard",""
"mac_working_dir_voiptoc-7206c3_2026-05-29","mac_working_dir","/Users/scott/Desktop/Archive/prepared/voiptoc-7206c3/working","5","0","0","/Users/scott/Desktop/Archive/prescience_score_prompt_v2.md","f8c1e07469d8fce3148ad7c53f3ebb7f02fa312d8e0b724f6912808923385d29","true","0-5","","","","","","","","","","","","","","/Users/scott/Desktop/Archive/prepared/voiptoc-7206c3/working/skipped_obs_v3.csv","79dbd1869bc0ac4951d5efd95f9f8cf9dd013b602ab177007f9fe6788094743f","unknown","","","","","true","false","","","","0","0","0","0.0000","","0","0","yes_lives_in_working_dir_only","","","DROP","T2,T4,T6","discard",""
"mac_working_dir_webglobalization-9a3e89_2026-05-29","mac_working_dir","/Users/scott/Desktop/Archive/prepared/webglobalization-9a3e89/working","","","","/Users/scott/Desktop/Archive/prescience_score_prompt_v2.md","f8c1e07469d8fce3148ad7c53f3ebb7f02fa312d8e0b724f6912808923385d29","true","0-5","","","","","","","","","","","","","","/Users/scott/Desktop/Archive/prepared/webglobalization-9a3e89/working/entity_candidates.csv","434d0f0223719c271efc6d8c64075a98d9790f38537fd06ff8fd28f0e8a49290","unknown","","","","","true","false","","","","","","","","","","","yes_lives_in_working_dir_only","","","DROP","T2,T4,T6","discard",""
"mac_working_dir_websidestorysnapshot-d9e992_2026-05-29","mac_working_dir","/Users/scott/Desktop/Archive/prepared/websidestorysnapshot-d9e992/working","5","0","0","/Users/scott/Desktop/Archive/prescience_score_prompt_v2.md","f8c1e07469d8fce3148ad7c53f3ebb7f02fa312d8e0b724f6912808923385d29","true","0-5","","","","","","","","","","","","","","/Users/scott/Desktop/Archive/prepared/websidestorysnapshot-d9e992/working/skipped_obs_v3.csv","d34c64f86e140b3e6ac322e5223722bb992c6bf78fc43912429d91b201242704","unknown","","","","","true","false","","","","0","0","0","0.0000","","0","0","yes_lives_in_working_dir_only","","","DROP","T2,T4,T6","discard",""
"mac_working_dir_webwashersnapshot-a1cfa0_2026-05-29","mac_working_dir","/Users/scott/Desktop/Archive/prepared/webwashersnapshot-a1cfa0/working","","","","/Users/scott/Desktop/Archive/prescience_score_prompt_v2.md","f8c1e07469d8fce3148ad7c53f3ebb7f02fa312d8e0b724f6912808923385d29","true","0-5","","","","","","","","","","","","","","/Users/scott/Desktop/Archive/prepared/webwashersnapshot-a1cfa0/working/entity_candidates.csv","64fb33adc22896c00ec296df3fd6b5c2d84ecd27b1dcf9addb79e7eea3dee4c4","unknown","","","","","true","false","","","","","","","","","","","yes_lives_in_working_dir_only","","","DROP","T2,T4,T6","discard",""
"mac_working_dir_westerneuropereporttoc-6d43c8_2026-05-29","mac_working_dir","/Users/scott/Desktop/Archive/prepared/westerneuropereporttoc-6d43c8/working","","","","/Users/scott/Desktop/Archive/prescience_score_prompt_v2.md","f8c1e07469d8fce3148ad7c53f3ebb7f02fa312d8e0b724f6912808923385d29","true","0-5","","","","","","","","","","","","","","/Users/scott/Desktop/Archive/prepared/westerneuropereporttoc-6d43c8/working/entity_candidates.csv","559ef8b1bd21c65cd0518cc46fbef03fecac864677650236ffb538114745f60d","unknown","","","","","true","false","","","","","","","","","","","yes_lives_in_working_dir_only","","","DROP","T2,T4,T6","discard",""
"mac_working_dir_wfms-research-preview-q406-cce768_2026-05-23","mac_working_dir","/Users/scott/Desktop/Archive/prepared/wfms-research-preview-q406-cce768/working","3","0","0","/Users/scott/Desktop/Archive/prescience_score_prompt_v2.md","f8c1e07469d8fce3148ad7c53f3ebb7f02fa312d8e0b724f6912808923385d29","true","0-5","","","","","","","","","","","","","","/Users/scott/Desktop/Archive/prepared/wfms-research-preview-q406-cce768/working/observation_candidates.csv","bef3630f215dc0a5563aab9cb8e19d60e0054a9de5cffbfface482ee0b623cb3","unknown","","","","","true","false","","","","0","0","0","0.0000","","0","0","yes_lives_in_working_dir_only","","","DROP","T2,T4,T6","discard",""
"mac_working_dir_written-1996-electronic-commerce-9cdeba_2026-05-29","mac_working_dir","/Users/scott/Desktop/Archive/prepared/written-1996-electronic-commerce-9cdeba/working","2","2","1","/Users/scott/Desktop/Archive/prescience_score_prompt_v2.md","f8c1e07469d8fce3148ad7c53f3ebb7f02fa312d8e0b724f6912808923385d29","true","0-5","","","","","","","","","","","","","","/Users/scott/Desktop/Archive/prepared/written-1996-electronic-commerce-9cdeba/working/entity_candidates.csv","8fdea82bd34c1f116fbc1ccebea633a4d17781946a73dd5e8eec9bd411261cbf","unknown","","","","","true","false","","","","0","0","0","0.0000","","0","0","yes_lives_in_working_dir_only","","","DROP","T2,T4,T6","discard",""
"mac_working_dir_written-2004-05dell-storage-profile-editpk-051704f-8b106e_2026-05-29","mac_working_dir","/Users/scott/Desktop/Archive/prepared/written-2004-05dell-storage-profile-editpk-051704f-8b106e/working","7","0","0","/Users/scott/Desktop/Archive/prescience_score_prompt_v2.md","f8c1e07469d8fce3148ad7c53f3ebb7f02fa312d8e0b724f6912808923385d29","true","0-5","","","","","","","","","","","","","","/Users/scott/Desktop/Archive/prepared/written-2004-05dell-storage-profile-editpk-051704f-8b106e/working/observation_candidates.csv","b64b6548197b3fe6a774f9a767b59414fd3a2f62599516b679af903a17721a84","unknown","","","","","true","false","","","","0","0","0","0.0000","","0","0","yes_lives_in_working_dir_only","","","DROP","T2,T4,T6","discard",""
"mac_working_dir_written-all-aberdeen-publications-6332de_2026-05-29","mac_working_dir","/Users/scott/Desktop/Archive/prepared/written-all-aberdeen-publications-6332de/working","134","0","0","/Users/scott/Desktop/Archive/prescience_score_prompt_v2.md","f8c1e07469d8fce3148ad7c53f3ebb7f02fa312d8e0b724f6912808923385d29","true","0-5","","","","","","","","","","","","","","/Users/scott/Desktop/Archive/prepared/written-all-aberdeen-publications-6332de/working/observation_candidates.csv","373e001b37be3230f31b05867feff809ddd9b5a45920d8054bc0ca7b38ecf037","unknown","","","","","true","false","","","","0","0","0","0.0000","","0","0","yes_lives_in_working_dir_only","","","DROP","T2,T4,T6","discard",""
"mac_working_dir_written-amd-profile01-677733_2026-05-29","mac_working_dir","/Users/scott/Desktop/Archive/prepared/written-amd-profile01-677733/working","9","0","0","/Users/scott/Desktop/Archive/prescience_score_prompt_v2.md","f8c1e07469d8fce3148ad7c53f3ebb7f02fa312d8e0b724f6912808923385d29","true","0-5","","","","","","","","","","","","","","/Users/scott/Desktop/Archive/prepared/written-amd-profile01-677733/working/observation_candidates.csv","373e001b37be3230f31b05867feff809ddd9b5a45920d8054bc0ca7b38ecf037","unknown","","","","","true","false","","","","0","0","0","0.0000","","0","0","yes_lives_in_working_dir_only","","","DROP","T2,T4,T6","discard",""
"mac_working_dir_written-computerworld-ilm-article-b063f3_2026-05-29","mac_working_dir","/Users/scott/Desktop/Archive/prepared/written-computerworld-ilm-article-b063f3/working","4","0","0","/Users/scott/Desktop/Archive/prescience_score_prompt_v2.md","f8c1e07469d8fce3148ad7c53f3ebb7f02fa312d8e0b724f6912808923385d29","true","0-5","","","","","","","","","","","","","","/Users/scott/Desktop/Archive/prepared/written-computerworld-ilm-article-b063f3/working/observation_candidates.csv","68815e806f3a479644b8701cf66b8589238be260495ad9c9ba2c82473b88f67a","unknown","","","","","true","false","","","","0","0","0","0.0000","","0","0","yes_lives_in_working_dir_only","","","DROP","T2,T4,T6","discard",""
"mac_working_dir_written-copy-of-hp-camera-lab-journal-prod-b8b75a_2026-05-29","mac_working_dir","/Users/scott/Desktop/Archive/prepared/written-copy-of-hp-camera-lab-journal-prod-b8b75a/working","4","0","0","/Users/scott/Desktop/Archive/prescience_score_prompt_v2.md","f8c1e07469d8fce3148ad7c53f3ebb7f02fa312d8e0b724f6912808923385d29","true","0-5","","","","","","","","","","","","","","/Users/scott/Desktop/Archive/prepared/written-copy-of-hp-camera-lab-journal-prod-b8b75a/working/observation_candidates.csv","373e001b37be3230f31b05867feff809ddd9b5a45920d8054bc0ca7b38ecf037","unknown","","","","","true","false","","","","0","0","0","0.0000","","0","0","yes_lives_in_working_dir_only","","","DROP","T2,T4,T6","discard",""
"mac_working_dir_written-dct-oct-4-hot-topic-13a344_2026-05-29","mac_working_dir","/Users/scott/Desktop/Archive/prepared/written-dct-oct-4-hot-topic-13a344/working","7","0","0","/Users/scott/Desktop/Archive/prescience_score_prompt_v2.md","f8c1e07469d8fce3148ad7c53f3ebb7f02fa312d8e0b724f6912808923385d29","true","0-5","","","","","","","","","","","","","","/Users/scott/Desktop/Archive/prepared/written-dct-oct-4-hot-topic-13a344/working/observation_candidates.csv","2225efc2a998be0aa3ee9c6eaa6052440609a38fd62b4eafa9b51e1292b5597d","unknown","","","","","true","false","","","","0","0","0","0.0000","","0","0","yes_lives_in_working_dir_only","","","DROP","T2,T4,T6","discard",""
"mac_working_dir_written-dell-ars-white-paper-prod-7-11m-343063_2026-05-29","mac_working_dir","/Users/scott/Desktop/Archive/prepared/written-dell-ars-white-paper-prod-7-11m-343063/working","26","26","1","/Users/scott/Desktop/Archive/prescience_score_prompt_v2.md","f8c1e07469d8fce3148ad7c53f3ebb7f02fa312d8e0b724f6912808923385d29","true","0-5","","","","","","","","","","","","","","/Users/scott/Desktop/Archive/prepared/written-dell-ars-white-paper-prod-7-11m-343063/working/entity_candidates.csv","fe69797c8cd16fffc49c736796437b211a3c137a7940b647dc665f035278e334","unknown","","","","","true","false","","","","0","0","0","0.0000","","0","0","yes_lives_in_working_dir_only","","","DROP","T2,T4,T6","discard",""
"mac_working_dir_written-dell-asset-recovery-services-2-0abe18_2026-05-29","mac_working_dir","/Users/scott/Desktop/Archive/prepared/written-dell-asset-recovery-services-2-0abe18/working","26","26","1","/Users/scott/Desktop/Archive/prescience_score_prompt_v2.md","f8c1e07469d8fce3148ad7c53f3ebb7f02fa312d8e0b724f6912808923385d29","true","0-5","","","","","","","","","","","","","","/Users/scott/Desktop/Archive/prepared/written-dell-asset-recovery-services-2-0abe18/working/entity_candidates.csv","2b19ddcd68024b976cf4464126c0bcc96da3a282ada0ddd9bde104608c416f88","unknown","","","","","true","false","","","","0","0","0","0.0000","","0","0","yes_lives_in_working_dir_only","","","DROP","T2,T4,T6","discard",""
"mac_working_dir_written-dell-sd2-final-330962_2026-05-29","mac_working_dir","/Users/scott/Desktop/Archive/prepared/written-dell-sd2-final-330962/working","3","3","1","/Users/scott/Desktop/Archive/prescience_score_prompt_v2.md","f8c1e07469d8fce3148ad7c53f3ebb7f02fa312d8e0b724f6912808923385d29","true","0-5","","","","","","","","","","","","","","/Users/scott/Desktop/Archive/prepared/written-dell-sd2-final-330962/working/entity_candidates.csv","e328d352f8c7ba1c8a4f21fd1c0d239f2769bb0a97e21449b554d297abaa8adc","unknown","","","","","true","false","","","","0","0","0","0.0000","","0","0","yes_lives_in_working_dir_only","","","DROP","T2,T4,T6","discard",""
"mac_working_dir_written-desktop-virtualization-roi-aberdeen-f059d8_2026-05-29","mac_working_dir","/Users/scott/Desktop/Archive/prepared/written-desktop-virtualization-roi-aberdeen-f059d8/working","10","10","1","/Users/scott/Desktop/Archive/prescience_score_prompt_v2.md","f8c1e07469d8fce3148ad7c53f3ebb7f02fa312d8e0b724f6912808923385d29","true","0-5","","","","","","","","","","","","","","/Users/scott/Desktop/Archive/prepared/written-desktop-virtualization-roi-aberdeen-f059d8/working/entity_candidates.csv","8adb7e25ff41b2bf5269d685941afe17b479a33a81632b6f0583bc19854878f9","unknown","","","","","true","false","","","","0","0","0","0.0000","","0","0","yes_lives_in_working_dir_only","","","DROP","T2,T4,T6","discard",""
"mac_working_dir_written-eclipsys-auditor-report-4-672868_2026-05-29","mac_working_dir","/Users/scott/Desktop/Archive/prepared/written-eclipsys-auditor-report-4-672868/working","12","0","0","/Users/scott/Desktop/Archive/prescience_score_prompt_v2.md","f8c1e07469d8fce3148ad7c53f3ebb7f02fa312d8e0b724f6912808923385d29","true","0-5","","","","","","","","","","","","","","/Users/scott/Desktop/Archive/prepared/written-eclipsys-auditor-report-4-672868/working/observation_candidates.csv","0d450c9c4fbc9347338e9322932fdc270736ef0d871e21e3d7e10c31baa7d594","unknown","","","","","true","false","","","","0","0","0","0.0000","","0","0","yes_lives_in_working_dir_only","","","DROP","T2,T4,T6","discard",""
"mac_working_dir_written-goremote-profile-5-2a-78ab20_2026-05-29","mac_working_dir","/Users/scott/Desktop/Archive/prepared/written-goremote-profile-5-2a-78ab20/working","13","0","0","/Users/scott/Desktop/Archive/prescience_score_prompt_v2.md","f8c1e07469d8fce3148ad7c53f3ebb7f02fa312d8e0b724f6912808923385d29","true","0-5","","","","","","","","","","","","","","/Users/scott/Desktop/Archive/prepared/written-goremote-profile-5-2a-78ab20/working/observation_candidates.csv","f28cd5ba14afeb9ea3e50acd940ee8fe74e5aa62778aab478168c08f520c21cb","unknown","","","","","true","false","","","","0","0","0","0.0000","","0","0","yes_lives_in_working_dir_only","","","DROP","T2,T4,T6","discard",""
"mac_working_dir_written-hp-can-boost-soa-offerings-with-acquisition-of-mercury-2006-4f11c1_2026-05-29","mac_working_dir","/Users/scott/Desktop/Archive/prepared/written-hp-can-boost-soa-offerings-with-acquisition-of-mercury-2006-4f11c1/working","11","0","0","/Users/scott/Desktop/Archive/prescience_score_prompt_v2.md","f8c1e07469d8fce3148ad7c53f3ebb7f02fa312d8e0b724f6912808923385d29","true","0-5","","","","","","","","","","","","","","/Users/scott/Desktop/Archive/prepared/written-hp-can-boost-soa-offerings-with-acquisition-of-mercury-2006-4f11c1/working/observation_candidates.csv","b1ed11faf9adea80672a3351d0157008c334c8c8191f4f74fab1813a6f41bd53","unknown","","","","","true","false","","","","0","0","0","0.0000","","0","0","yes_lives_in_working_dir_only","","","DROP","T2,T4,T6","discard",""
"mac_working_dir_written-hp-compaq-kastner-insight1-753142_2026-05-29","mac_working_dir","/Users/scott/Desktop/Archive/prepared/written-hp-compaq-kastner-insight1-753142/working","9","0","0","/Users/scott/Desktop/Archive/prescience_score_prompt_v2.md","f8c1e07469d8fce3148ad7c53f3ebb7f02fa312d8e0b724f6912808923385d29","true","0-5","","","","","","","","","","","","","","/Users/scott/Desktop/Archive/prepared/written-hp-compaq-kastner-insight1-753142/working/observation_candidates.csv","373e001b37be3230f31b05867feff809ddd9b5a45920d8054bc0ca7b38ecf037","unknown","","","","","true","false","","","","0","0","0","0.0000","","0","0","yes_lives_in_working_dir_only","","","DROP","T2,T4,T6","discard",""
"mac_working_dir_written-ibm-webify-industry-soa-application-jumpstart-2006-a0301e_2026-05-29","mac_working_dir","/Users/scott/Desktop/Archive/prepared/written-ibm-webify-industry-soa-application-jumpstart-2006-a0301e/working","9","0","0","/Users/scott/Desktop/Archive/prescience_score_prompt_v2.md","f8c1e07469d8fce3148ad7c53f3ebb7f02fa312d8e0b724f6912808923385d29","true","0-5","","","","","","","","","","","","","","/Users/scott/Desktop/Archive/prepared/written-ibm-webify-industry-soa-application-jumpstart-2006-a0301e/working/observation_candidates.csv","4f3b4598639227dc358bb97c0164af7a8c0c1e318d8d092642137d7ad8dba06a","unknown","","","","","true","false","","","","0","0","0","0.0000","","0","0","yes_lives_in_working_dir_only","","","DROP","T2,T4,T6","discard",""
"mac_working_dir_written-iha-full-report-draft-jul-28-075611_2026-05-29","mac_working_dir","/Users/scott/Desktop/Archive/prepared/written-iha-full-report-draft-jul-28-075611/working","17","17","1","/Users/scott/Desktop/Archive/prescience_score_prompt_v2.md","f8c1e07469d8fce3148ad7c53f3ebb7f02fa312d8e0b724f6912808923385d29","true","0-5","","","","","","","","","","","","","","/Users/scott/Desktop/Archive/prepared/written-iha-full-report-draft-jul-28-075611/working/entity_candidates.csv","19f1f6bbdada8988b0f6aead84b84644f51a050006221d7f7ec3f5371d43d5dc","unknown","","","","","true","false","","","","0","0","0","0.0000","","0","0","yes_lives_in_working_dir_only","","","DROP","T2,T4,T6","discard",""
"mac_working_dir_written-intel-centrino-pk-b43168_2026-05-29","mac_working_dir","/Users/scott/Desktop/Archive/prepared/written-intel-centrino-pk-b43168/working","6","0","0","/Users/scott/Desktop/Archive/prescience_score_prompt_v2.md","f8c1e07469d8fce3148ad7c53f3ebb7f02fa312d8e0b724f6912808923385d29","true","0-5","","","","","","","","","","","","","","/Users/scott/Desktop/Archive/prepared/written-intel-centrino-pk-b43168/working/observation_candidates.csv","3a17d920730dfe39ab6111d651fde60fe43585574759ff10dca037f495e9b2c3","unknown","","","","","true","false","","","","0","0","0","0.0000","","0","0","yes_lives_in_working_dir_only","","","DROP","T2,T4,T6","discard",""
"mac_working_dir_written-intel-consumer-lt-10-5-03-df2e9c_2026-05-29","mac_working_dir","/Users/scott/Desktop/Archive/prepared/written-intel-consumer-lt-10-5-03-df2e9c/working","8","0","0","/Users/scott/Desktop/Archive/prescience_score_prompt_v2.md","f8c1e07469d8fce3148ad7c53f3ebb7f02fa312d8e0b724f6912808923385d29","true","0-5","","","","","","","","","","","","","","/Users/scott/Desktop/Archive/prepared/written-intel-consumer-lt-10-5-03-df2e9c/working/observation_candidates.csv","c774175acd98fcf96a8e41fe4781032018e4fbbd0615404e1b9e8e60776aea48","unknown","","","","","true","false","","","","0","0","0","0.0000","","0","0","yes_lives_in_working_dir_only","","","DROP","T2,T4,T6","discard",""
"mac_working_dir_written-intel-ia2004-pk4-kc-edits-752232_2026-05-29","mac_working_dir","/Users/scott/Desktop/Archive/prepared/written-intel-ia2004-pk4-kc-edits-752232/working","6","0","0","/Users/scott/Desktop/Archive/prescience_score_prompt_v2.md","f8c1e07469d8fce3148ad7c53f3ebb7f02fa312d8e0b724f6912808923385d29","true","0-5","","","","","","","","","","","","","","/Users/scott/Desktop/Archive/prepared/written-intel-ia2004-pk4-kc-edits-752232/working/observation_candidates.csv","373e001b37be3230f31b05867feff809ddd9b5a45920d8054bc0ca7b38ecf037","unknown","","","","","true","false","","","","0","0","0","0.0000","","0","0","yes_lives_in_working_dir_only","","","DROP","T2,T4,T6","discard",""
"mac_working_dir_written-intel-infiband-wp-edit-psk-5-22f-c7606f_2026-05-29","mac_working_dir","/Users/scott/Desktop/Archive/prepared/written-intel-infiband-wp-edit-psk-5-22f-c7606f/working","17","0","0","/Users/scott/Desktop/Archive/prescience_score_prompt_v2.md","f8c1e07469d8fce3148ad7c53f3ebb7f02fa312d8e0b724f6912808923385d29","true","0-5","","","","","","","","","","","","","","/Users/scott/Desktop/Archive/prepared/written-intel-infiband-wp-edit-psk-5-22f-c7606f/working/observation_candidates.csv","17969d3376b3a68310e837c3eb4c7878ba9e77d356e999f6927d0b6a5b44ed69","unknown","","","","","true","false","","","","0","0","0","0.0000","","0","0","yes_lives_in_working_dir_only","","","DROP","T2,T4,T6","discard",""
"mac_working_dir_written-intelitaniummfewp1-1-204e5f_2026-05-29","mac_working_dir","/Users/scott/Desktop/Archive/prepared/written-intelitaniummfewp1-1-204e5f/working","13","13","1","/Users/scott/Desktop/Archive/prescience_score_prompt_v2.md","f8c1e07469d8fce3148ad7c53f3ebb7f02fa312d8e0b724f6912808923385d29","true","0-5","","","","","","","","","","","","","","/Users/scott/Desktop/Archive/prepared/written-intelitaniummfewp1-1-204e5f/working/entity_candidates.csv","9d25f6de4462271625f36559be9e3a65c252db391cd2908f3ab6fd328fe38bf1","unknown","","","","","true","false","","","","0","0","0","0.0000","","0","0","yes_lives_in_working_dir_only","","","DROP","T2,T4,T6","discard",""
"mac_working_dir_written-ma-unisyswipro-rs-3747-355001_2026-05-29","mac_working_dir","/Users/scott/Desktop/Archive/prepared/written-ma-unisyswipro-rs-3747-355001/working","3","3","1","/Users/scott/Desktop/Archive/prescience_score_prompt_v2.md","f8c1e07469d8fce3148ad7c53f3ebb7f02fa312d8e0b724f6912808923385d29","true","0-5","","","","","","","","","","","","","","/Users/scott/Desktop/Archive/prepared/written-ma-unisyswipro-rs-3747-355001/working/entity_candidates.csv","c8e99db33136af108b66e1a8c8bff0382d171a2633d7e9756fc91f0db10e4948","unknown","","","","","true","false","","","","0","0","0","0.0000","","0","0","yes_lives_in_working_dir_only","","","DROP","T2,T4,T6","discard",""
"mac_working_dir_written-mirror-image-profile-v2-050404-384513_2026-05-29","mac_working_dir","/Users/scott/Desktop/Archive/prepared/written-mirror-image-profile-v2-050404-384513/working","6","0","0","/Users/scott/Desktop/Archive/prescience_score_prompt_v2.md","f8c1e07469d8fce3148ad7c53f3ebb7f02fa312d8e0b724f6912808923385d29","true","0-5","","","","","","","","","","","","","","/Users/scott/Desktop/Archive/prepared/written-mirror-image-profile-v2-050404-384513/working/observation_candidates.csv","373e001b37be3230f31b05867feff809ddd9b5a45920d8054bc0ca7b38ecf037","unknown","","","","","true","false","","","","0","0","0","0.0000","","0","0","yes_lives_in_working_dir_only","","","DROP","T2,T4,T6","discard",""
"mac_working_dir_written-oracleroiwhitepaperprod-235e19_2026-05-29","mac_working_dir","/Users/scott/Desktop/Archive/prepared/written-oracleroiwhitepaperprod-235e19/working","16","16","1","/Users/scott/Desktop/Archive/prescience_score_prompt_v2.md","f8c1e07469d8fce3148ad7c53f3ebb7f02fa312d8e0b724f6912808923385d29","true","0-5","","","","","","","","","","","","","","/Users/scott/Desktop/Archive/prepared/written-oracleroiwhitepaperprod-235e19/working/entity_candidates.csv","ac16c57f37e06e1bfb40fc838b1d6057ca4c7057d7f32788e677a0a27ad7c392","unknown","","","","","true","false","","","","0","0","0","0.0000","","0","0","yes_lives_in_working_dir_only","","","DROP","T2,T4,T6","discard",""
"mac_working_dir_written-outsourcing-application-development-and-maintenance-0877e6_2026-05-29","mac_working_dir","/Users/scott/Desktop/Archive/prepared/written-outsourcing-application-development-and-maintenance-0877e6/working","39","39","1","/Users/scott/Desktop/Archive/prescience_score_prompt_v2.md","f8c1e07469d8fce3148ad7c53f3ebb7f02fa312d8e0b724f6912808923385d29","true","0-5","","","","","","","","","","","","","","/Users/scott/Desktop/Archive/prepared/written-outsourcing-application-development-and-maintenance-0877e6/working/entity_candidates.csv","97303e4aa72185c7d5acdf17dd225c4df84f3886a5efa35a968c961d7fda9abe","unknown","","","","","true","false","","","","0","0","0","0.0000","","0","0","yes_lives_in_working_dir_only","","","DROP","T2,T4,T6","discard",""
"mac_working_dir_written-perspective-041304-eb8c4a_2026-05-29","mac_working_dir","/Users/scott/Desktop/Archive/prepared/written-perspective-041304-eb8c4a/working","3","3","1","/Users/scott/Desktop/Archive/prescience_score_prompt_v2.md","f8c1e07469d8fce3148ad7c53f3ebb7f02fa312d8e0b724f6912808923385d29","true","0-5","","","","","","","","","","","","","","/Users/scott/Desktop/Archive/prepared/written-perspective-041304-eb8c4a/working/entity_candidates.csv","f1cd10eafde8e043a2d197c5676338b3a1b488f929b0a4b882eee99359b4313b","unknown","","","","","true","false","","","","0","0","0","0.0000","","0","0","yes_lives_in_working_dir_only","","","DROP","T2,T4,T6","discard",""
"mac_working_dir_written-sars2-hot-topic-1eeb5c_2026-05-29","mac_working_dir","/Users/scott/Desktop/Archive/prepared/written-sars2-hot-topic-1eeb5c/working","8","0","0","/Users/scott/Desktop/Archive/prescience_score_prompt_v2.md","f8c1e07469d8fce3148ad7c53f3ebb7f02fa312d8e0b724f6912808923385d29","true","0-5","","","","","","","","","","","","","","/Users/scott/Desktop/Archive/prepared/written-sars2-hot-topic-1eeb5c/working/observation_candidates.csv","3d000545c203eb5143829b1b616c13a228a9813e4ef00c59b4860ebbf913348a","unknown","","","","","true","false","","","","0","0","0","0.0000","","0","0","yes_lives_in_working_dir_only","","","DROP","T2,T4,T6","discard",""
"mac_working_dir_written-snap-appliances-snapshot-10-15pk-a7b49c_2026-05-29","mac_working_dir","/Users/scott/Desktop/Archive/prepared/written-snap-appliances-snapshot-10-15pk-a7b49c/working","12","0","0","/Users/scott/Desktop/Archive/prescience_score_prompt_v2.md","f8c1e07469d8fce3148ad7c53f3ebb7f02fa312d8e0b724f6912808923385d29","true","0-5","","","","","","","","","","","","","","/Users/scott/Desktop/Archive/prepared/written-snap-appliances-snapshot-10-15pk-a7b49c/working/observation_candidates.csv","b1f7bf2717255bad8edcfad42d112e37c69a19f79df943b85fb2a5a5afcf2740","unknown","","","","","true","false","","","","0","0","0","0.0000","","0","0","yes_lives_in_working_dir_only","","","DROP","T2,T4,T6","discard",""
"mac_working_dir_written-snapshot-snap-templated-611beb_2026-05-29","mac_working_dir","/Users/scott/Desktop/Archive/prepared/written-snapshot-snap-templated-611beb/working","10","0","0","/Users/scott/Desktop/Archive/prescience_score_prompt_v2.md","f8c1e07469d8fce3148ad7c53f3ebb7f02fa312d8e0b724f6912808923385d29","true","0-5","","","","","","","","","","","","","","/Users/scott/Desktop/Archive/prepared/written-snapshot-snap-templated-611beb/working/observation_candidates.csv","373e001b37be3230f31b05867feff809ddd9b5a45920d8054bc0ca7b38ecf037","unknown","","","","","true","false","","","","0","0","0","0.0000","","0","0","yes_lives_in_working_dir_only","","","DROP","T2,T4,T6","discard",""
"mac_working_dir_written-technology-themes-4d6f14_2026-05-29","mac_working_dir","/Users/scott/Desktop/Archive/prepared/written-technology-themes-4d6f14/working","3","0","0","/Users/scott/Desktop/Archive/prescience_score_prompt_v2.md","f8c1e07469d8fce3148ad7c53f3ebb7f02fa312d8e0b724f6912808923385d29","true","0-5","","","","","","","","","","","","","","/Users/scott/Desktop/Archive/prepared/written-technology-themes-4d6f14/working/observation_candidates.csv","10ae402d529912e45f2decc7f5ee3bd4b62258134e309c3786211e27aeb1a0bb","unknown","","","","","true","false","","","","0","0","0","0.0000","","0","0","yes_lives_in_working_dir_only","","","DROP","T2,T4,T6","discard",""
"mac_working_dir_written-the-business-value-in-it-outsourcing-d9a0f9_2026-05-29","mac_working_dir","/Users/scott/Desktop/Archive/prepared/written-the-business-value-in-it-outsourcing-d9a0f9/working","6","6","1","/Users/scott/Desktop/Archive/prescience_score_prompt_v2.md","f8c1e07469d8fce3148ad7c53f3ebb7f02fa312d8e0b724f6912808923385d29","true","0-5","","","","","","","","","","","","","","/Users/scott/Desktop/Archive/prepared/written-the-business-value-in-it-outsourcing-d9a0f9/working/entity_candidates.csv","9a5ea0b2d543657c18878da94b106fb38d838aa6398b6b4e849fd8d560b991ca","unknown","","","","","true","false","","","","0","0","0","0.0000","","0","0","yes_lives_in_working_dir_only","","","DROP","T2,T4,T6","discard",""
"mac_working_dir_written-webex-taking-conferencing-to-the-business-communications-summit-2b6842_2026-05-29","mac_working_dir","/Users/scott/Desktop/Archive/prepared/written-webex-taking-conferencing-to-the-business-communications-summit-2b6842/working","4","0","0","/Users/scott/Desktop/Archive/prescience_score_prompt_v2.md","f8c1e07469d8fce3148ad7c53f3ebb7f02fa312d8e0b724f6912808923385d29","true","0-5","","","","","","","","","","","","","","/Users/scott/Desktop/Archive/prepared/written-webex-taking-conferencing-to-the-business-communications-summit-2b6842/working/observation_candidates.csv","6e66a75db6d3e0029dac8030d61536b22256e87e8ffef0eadf359bfb71677deb","unknown","","","","","true","false","","","","0","0","0","0.0000","","0","0","yes_lives_in_working_dir_only","","","DROP","T2,T4,T6","discard",""
"mac_working_dir_wwstoragereporttoc-2ba9ad_2026-05-29","mac_working_dir","/Users/scott/Desktop/Archive/prepared/wwstoragereporttoc-2ba9ad/working","7","0","0","/Users/scott/Desktop/Archive/prescience_score_prompt_v2.md","f8c1e07469d8fce3148ad7c53f3ebb7f02fa312d8e0b724f6912808923385d29","true","0-5","","","","","","","","","","","","","","/Users/scott/Desktop/Archive/prepared/wwstoragereporttoc-2ba9ad/working/skipped_obs_v3.csv","7f510505ae190e40d20eff392e4ab0533c1ccfcd20692676aafbfc3c6e5796cd","unknown","","","","","true","false","","","","0","0","0","0.0000","","0","0","yes_lives_in_working_dir_only","","","DROP","T2,T4,T6","discard",""
"mac_working_dir_xignsnapshot-4553de_2026-05-29","mac_working_dir","/Users/scott/Desktop/Archive/prepared/xignsnapshot-4553de/working","3","0","0","/Users/scott/Desktop/Archive/prescience_score_prompt_v2.md","f8c1e07469d8fce3148ad7c53f3ebb7f02fa312d8e0b724f6912808923385d29","true","0-5","","","","","","","","","","","","","","/Users/scott/Desktop/Archive/prepared/xignsnapshot-4553de/working/skipped_obs_v3.csv","711f862b477a43660b9c4cf0a5b304b0412cc34d1da20b4a2dfdfcd40d8ffe37","unknown","","","","","true","false","","","","0","0","0","0.0000","","0","0","yes_lives_in_working_dir_only","","","DROP","T2,T4,T6","discard",""
"mac_working_dir_xsidessnapshot-24bb47_2026-05-29","mac_working_dir","/Users/scott/Desktop/Archive/prepared/xsidessnapshot-24bb47/working","4","0","0","/Users/scott/Desktop/Archive/prescience_score_prompt_v2.md","f8c1e07469d8fce3148ad7c53f3ebb7f02fa312d8e0b724f6912808923385d29","true","0-5","","","","","","","","","","","","","","/Users/scott/Desktop/Archive/prepared/xsidessnapshot-24bb47/working/skipped_obs_v3.csv","89ce3f9c7b2e72fea236590bc4d126a2892d3c24817e84a6dc9b6612f71c8e55","unknown","","","","","true","false","","","","0","0","0","0.0000","","0","0","yes_lives_in_working_dir_only","","","DROP","T2,T4,T6","discard",""
"mac_working_dir_zonelabssnapshot-111c0a_2026-05-29","mac_working_dir","/Users/scott/Desktop/Archive/prepared/zonelabssnapshot-111c0a/working","11","0","0","/Users/scott/Desktop/Archive/prescience_score_prompt_v2.md","f8c1e07469d8fce3148ad7c53f3ebb7f02fa312d8e0b724f6912808923385d29","true","0-5","","","","","","","","","","","","","","/Users/scott/Desktop/Archive/prepared/zonelabssnapshot-111c0a/working/skipped_obs_v3.csv","256aa1e6edcc0485d337b35d6a7956350bc970cbd8559bc5a389f7564d80789f","unknown","","","","","true","false","","","","0","0","0","0.0000","","0","0","yes_lives_in_working_dir_only","","","DROP","T2,T4,T6","discard",""
"mac_abandoned_run_08011974-195886_2026-05-29","mac_abandoned_run","/Users/scott/Desktop/Archive/_pass_c_abandoned_runs/20260526/prepared/08011974-195886/working","","","","/Users/scott/Desktop/Archive/prescience_score_prompt_v2.md","f8c1e07469d8fce3148ad7c53f3ebb7f02fa312d8e0b724f6912808923385d29","true","0-5","","","","","","","","","","","","","","/Users/scott/Desktop/Archive/_pass_c_abandoned_runs/20260526/prepared/08011974-195886/working/prescience_scores_27b_passC_v1.csv","6289f7a7e2a12228a548ff299b6866b045c2f730cd4630a5e141692006922e9d","unknown","","","","","true","true","agent_quality_regression_may26","","","","","","","","","","no_explicitly_rejected","","","DROP","T2,T4,T5,T6,T7","keep_for_triangulation_only",""
"mac_abandoned_run_09010002-18ee8a_2026-05-29","mac_abandoned_run","/Users/scott/Desktop/Archive/_pass_c_abandoned_runs/20260526/prepared/09010002-18ee8a/working","","","","/Users/scott/Desktop/Archive/prescience_score_prompt_v2.md","f8c1e07469d8fce3148ad7c53f3ebb7f02fa312d8e0b724f6912808923385d29","true","0-5","","","","","","","","","","","","","","/Users/scott/Desktop/Archive/_pass_c_abandoned_runs/20260526/prepared/09010002-18ee8a/working/prescience_scores_27b_passC_v1.csv","b063f86d7ec81b2451cbb6c679d3b636208061216d1cd1765e7e21939e9787d5","unknown","","","","","true","true","agent_quality_regression_may26","","","","","","","","","","no_explicitly_rejected","","","DROP","T2,T4,T5,T6,T7","keep_for_triangulation_only",""
"mac_abandoned_run_09010004-25b35c_2026-05-29","mac_abandoned_run","/Users/scott/Desktop/Archive/_pass_c_abandoned_runs/20260526/prepared/09010004-25b35c/working","","","","/Users/scott/Desktop/Archive/prescience_score_prompt_v2.md","f8c1e07469d8fce3148ad7c53f3ebb7f02fa312d8e0b724f6912808923385d29","true","0-5","","","","","","","","","","","","","","/Users/scott/Desktop/Archive/_pass_c_abandoned_runs/20260526/prepared/09010004-25b35c/working/prescience_scores_27b_passC_v1.csv","3921dd437f59c0a2939c4a66b7ceb5c7ca2e02ddddf14300cf4065cc1832169f","unknown","","","","","true","true","agent_quality_regression_may26","","","","","","","","","","no_explicitly_rejected","","","DROP","T2,T4,T5,T6,T7","keep_for_triangulation_only",""
"mac_abandoned_run_09010005-d36601_2026-05-29","mac_abandoned_run","/Users/scott/Desktop/Archive/_pass_c_abandoned_runs/20260526/prepared/09010005-d36601/working","","","","/Users/scott/Desktop/Archive/prescience_score_prompt_v2.md","f8c1e07469d8fce3148ad7c53f3ebb7f02fa312d8e0b724f6912808923385d29","true","0-5","","","","","","","","","","","","","","/Users/scott/Desktop/Archive/_pass_c_abandoned_runs/20260526/prepared/09010005-d36601/working/prescience_scores_27b_passC_v1.csv","28deeafe8d4289c90cd6c965839146951082323b64f240df381e96594dba6746","unknown","","","","","true","true","agent_quality_regression_may26","","","","","","","","","","no_explicitly_rejected","","","DROP","T2,T4,T5,T6,T7","keep_for_triangulation_only",""
"mac_abandoned_run_09010006-f43488_2026-05-29","mac_abandoned_run","/Users/scott/Desktop/Archive/_pass_c_abandoned_runs/20260526/prepared/09010006-f43488/working","","","","/Users/scott/Desktop/Archive/prescience_score_prompt_v2.md","f8c1e07469d8fce3148ad7c53f3ebb7f02fa312d8e0b724f6912808923385d29","true","0-5","","","","","","","","","","","","","","/Users/scott/Desktop/Archive/_pass_c_abandoned_runs/20260526/prepared/09010006-f43488/working/prescience_scores_27b_passC_v1.csv","c301eb2983a075a094661d60e61bbcb339b8a66ea1b34d2c07cee1bc045a0b6e","unknown","","","","","true","true","agent_quality_regression_may26","","","","","","","","","","no_explicitly_rejected","","","DROP","T2,T4,T5,T6,T7","keep_for_triangulation_only",""
"mac_abandoned_run_09010007-2a8be4_2026-05-29","mac_abandoned_run","/Users/scott/Desktop/Archive/_pass_c_abandoned_runs/20260526/prepared/09010007-2a8be4/working","","","","/Users/scott/Desktop/Archive/prescience_score_prompt_v2.md","f8c1e07469d8fce3148ad7c53f3ebb7f02fa312d8e0b724f6912808923385d29","true","0-5","","","","","","","","","","","","","","/Users/scott/Desktop/Archive/_pass_c_abandoned_runs/20260526/prepared/09010007-2a8be4/working/prescience_scores_27b_passC_v1.csv","e3eb604417c6c21ea39b7001e33cd3194ca08f12d676998ef5b9e35ce14c47d9","unknown","","","","","true","true","agent_quality_regression_may26","","","","","","","","","","no_explicitly_rejected","","","DROP","T2,T4,T5,T6,T7","keep_for_triangulation_only",""
"mac_abandoned_run_09010008-931106_2026-05-29","mac_abandoned_run","/Users/scott/Desktop/Archive/_pass_c_abandoned_runs/20260526/prepared/09010008-931106/working","","","","/Users/scott/Desktop/Archive/prescience_score_prompt_v2.md","f8c1e07469d8fce3148ad7c53f3ebb7f02fa312d8e0b724f6912808923385d29","true","0-5","","","","","","","","","","","","","","/Users/scott/Desktop/Archive/_pass_c_abandoned_runs/20260526/prepared/09010008-931106/working/prescience_scores_27b_passC_v1.csv","29a5e080772273bcdc26d616513df9865006c682bd2a9e9fd06dc7df013ec163","unknown","","","","","true","true","agent_quality_regression_may26","","","","","","","","","","no_explicitly_rejected","","","DROP","T2,T4,T5,T6,T7","keep_for_triangulation_only",""
"mac_abandoned_run_10991290-4e6131_2026-05-29","mac_abandoned_run","/Users/scott/Desktop/Archive/_pass_c_abandoned_runs/20260526/prepared/10991290-4e6131/working","","","","/Users/scott/Desktop/Archive/prescience_score_prompt_v2.md","f8c1e07469d8fce3148ad7c53f3ebb7f02fa312d8e0b724f6912808923385d29","true","0-5","","","","","","","","","","","","","","/Users/scott/Desktop/Archive/_pass_c_abandoned_runs/20260526/prepared/10991290-4e6131/working/prescience_scores_27b_passC_v1.csv","c3dbc52177c950d71443856a815352a0fdd881a51b5c38d64a482bc27db036c0","unknown","","","","","true","true","agent_quality_regression_may26","","","","","","","","","","no_explicitly_rejected","","","DROP","T2,T4,T5,T6,T7","keep_for_triangulation_only",""
"mac_abandoned_run_1996-electronic-commerce-06b0b5_2026-05-29","mac_abandoned_run","/Users/scott/Desktop/Archive/_pass_c_abandoned_runs/20260526/prepared/1996-electronic-commerce-06b0b5/working","","","","/Users/scott/Desktop/Archive/prescience_score_prompt_v2.md","f8c1e07469d8fce3148ad7c53f3ebb7f02fa312d8e0b724f6912808923385d29","true","0-5","","","","","","","","","","","","","","/Users/scott/Desktop/Archive/_pass_c_abandoned_runs/20260526/prepared/1996-electronic-commerce-06b0b5/working/prescience_scores_27b_passC_v1.csv","ad264816b803d9481007e6ae210fd0c876776cbf532c38c2d5528167b2b6fa09","unknown","","","","","true","true","agent_quality_regression_may26","","","","","","","","","","no_explicitly_rejected","","","DROP","T2,T4,T5,T6,T7","keep_for_triangulation_only",""
"mac_abandoned_run_1998-software-ag-insurance-74c710_2026-05-29","mac_abandoned_run","/Users/scott/Desktop/Archive/_pass_c_abandoned_runs/20260526/prepared/1998-software-ag-insurance-74c710/working","","","","/Users/scott/Desktop/Archive/prescience_score_prompt_v2.md","f8c1e07469d8fce3148ad7c53f3ebb7f02fa312d8e0b724f6912808923385d29","true","0-5","","","","","","","","","","","","","","/Users/scott/Desktop/Archive/_pass_c_abandoned_runs/20260526/prepared/1998-software-ag-insurance-74c710/working/prescience_scores_27b_passC_v1.csv","663a70bf9a909d32f9668b5354881c728adae80efca6dd92667ffa7a476a3bc6","unknown","","","","","true","true","agent_quality_regression_may26","","","","","","","","","","no_explicitly_rejected","","","DROP","T2,T4,T5,T6,T7","keep_for_triangulation_only",""
"mac_abandoned_run_2000-e-learning-in-the-enterprise-psk-5caf5b_2026-05-29","mac_abandoned_run","/Users/scott/Desktop/Archive/_pass_c_abandoned_runs/20260526/prepared/2000-e-learning-in-the-enterprise-psk-5caf5b/working","","","","/Users/scott/Desktop/Archive/prescience_score_prompt_v2.md","f8c1e07469d8fce3148ad7c53f3ebb7f02fa312d8e0b724f6912808923385d29","true","0-5","","","","","","","","","","","","","","/Users/scott/Desktop/Archive/_pass_c_abandoned_runs/20260526/prepared/2000-e-learning-in-the-enterprise-psk-5caf5b/working/prescience_scores_27b_passC_v1.csv","363ee161561e1cfb06789850433dec6074b9874e3ce35b4e579aed7abb0f959c","unknown","","","","","true","true","agent_quality_regression_may26","","","","","","","","","","no_explicitly_rejected","","","DROP","T2,T4,T5,T6,T7","keep_for_triangulation_only",""
"mac_abandoned_run_2000-the-new-hp-stands-up-to-be-counted-psk-726ee3_2026-05-29","mac_abandoned_run","/Users/scott/Desktop/Archive/_pass_c_abandoned_runs/20260526/prepared/2000-the-new-hp-stands-up-to-be-counted-psk-726ee3/working","","","","/Users/scott/Desktop/Archive/prescience_score_prompt_v2.md","f8c1e07469d8fce3148ad7c53f3ebb7f02fa312d8e0b724f6912808923385d29","true","0-5","","","","","","","","","","","","","","/Users/scott/Desktop/Archive/_pass_c_abandoned_runs/20260526/prepared/2000-the-new-hp-stands-up-to-be-counted-psk-726ee3/working/prescience_scores_27b_passC_v1.csv","e6e756c40c70b9e3508297d1ceb272f05f4505484dd72213a3ea623c03103a32","unknown","","","","","true","true","agent_quality_regression_may26","","","","","","","","","","no_explicitly_rejected","","","DROP","T2,T4,T5,T6,T7","keep_for_triangulation_only",""
"mac_abandoned_run_2003-compaqsnapshot-5924f7_2026-05-29","mac_abandoned_run","/Users/scott/Desktop/Archive/_pass_c_abandoned_runs/20260526/prepared/2003-compaqsnapshot-5924f7/working","","","","/Users/scott/Desktop/Archive/prescience_score_prompt_v2.md","f8c1e07469d8fce3148ad7c53f3ebb7f02fa312d8e0b724f6912808923385d29","true","0-5","","","","","","","","","","","","","","/Users/scott/Desktop/Archive/_pass_c_abandoned_runs/20260526/prepared/2003-compaqsnapshot-5924f7/working/prescience_scores_27b_passC_v1.csv","8d31fc85938faa606f2ee4fc800a8d524e63236a06a9a5695dc92229891241c2","unknown","","","","","true","true","agent_quality_regression_may26","","","","","","","","","","no_explicitly_rejected","","","DROP","T2,T4,T5,T6,T7","keep_for_triangulation_only",""
"mac_abandoned_run_2003-ibmsnapshot-a00f7c_2026-05-29","mac_abandoned_run","/Users/scott/Desktop/Archive/_pass_c_abandoned_runs/20260526/prepared/2003-ibmsnapshot-a00f7c/working","","","","/Users/scott/Desktop/Archive/prescience_score_prompt_v2.md","f8c1e07469d8fce3148ad7c53f3ebb7f02fa312d8e0b724f6912808923385d29","true","0-5","","","","","","","","","","","","","","/Users/scott/Desktop/Archive/_pass_c_abandoned_runs/20260526/prepared/2003-ibmsnapshot-a00f7c/working/prescience_scores_27b_passC_v1.csv","f306ed737d7132e1ca5cdc093e132a8afb8c02968df90c4652fcdd4b6fe54208","unknown","","","","","true","true","agent_quality_regression_may26","","","","","","","","","","no_explicitly_rejected","","","DROP","T2,T4,T5,T6,T7","keep_for_triangulation_only",""
"mac_abandoned_run_2004-09010005-f58946_2026-05-29","mac_abandoned_run","/Users/scott/Desktop/Archive/_pass_c_abandoned_runs/20260526/prepared/2004-09010005-f58946/working","","","","/Users/scott/Desktop/Archive/prescience_score_prompt_v2.md","f8c1e07469d8fce3148ad7c53f3ebb7f02fa312d8e0b724f6912808923385d29","true","0-5","","","","","","","","","","","","","","/Users/scott/Desktop/Archive/_pass_c_abandoned_runs/20260526/prepared/2004-09010005-f58946/working/prescience_scores_27b_passC_v1.csv","598276095cddb5d73fd9b573ef405cf9d29c9f9b3d5080a4b3d7d3f75c2d1e05","unknown","","","","","true","true","agent_quality_regression_may26","","","","","","","","","","no_explicitly_rejected","","","DROP","T2,T4,T5,T6,T7","keep_for_triangulation_only",""
"mac_abandoned_run_2004-10991290-87c05d_2026-05-29","mac_abandoned_run","/Users/scott/Desktop/Archive/_pass_c_abandoned_runs/20260526/prepared/2004-10991290-87c05d/working","","","","/Users/scott/Desktop/Archive/prescience_score_prompt_v2.md","f8c1e07469d8fce3148ad7c53f3ebb7f02fa312d8e0b724f6912808923385d29","true","0-5","","","","","","","","","","","","","","/Users/scott/Desktop/Archive/_pass_c_abandoned_runs/20260526/prepared/2004-10991290-87c05d/working/prescience_scores_27b_passC_v1.csv","a48fe63cc96523cafca6abcf082d2c2b320973fca8d43b45faf48ab832fcdde6","unknown","","","","","true","true","agent_quality_regression_may26","","","","","","","","","","no_explicitly_rejected","","","DROP","T2,T4,T5,T6,T7","keep_for_triangulation_only",""
"mac_abandoned_run_2004-agile-9a7a61_2026-05-29","mac_abandoned_run","/Users/scott/Desktop/Archive/_pass_c_abandoned_runs/20260526/prepared/2004-agile-9a7a61/working","","","","/Users/scott/Desktop/Archive/prescience_score_prompt_v2.md","f8c1e07469d8fce3148ad7c53f3ebb7f02fa312d8e0b724f6912808923385d29","true","0-5","","","","","","","","","","","","","","/Users/scott/Desktop/Archive/_pass_c_abandoned_runs/20260526/prepared/2004-agile-9a7a61/working/prescience_scores_27b_passC_v1.csv","120a19a4b028e4259b6f7df4e20191606ac5e58c272604fdd2098f957018923c","unknown","","","","","true","true","agent_quality_regression_may26","","","","","","","","","","no_explicitly_rejected","","","DROP","T2,T4,T5,T6,T7","keep_for_triangulation_only",""
"mac_abandoned_run_2004-aimsnapshot-6c49f0_2026-05-29","mac_abandoned_run","/Users/scott/Desktop/Archive/_pass_c_abandoned_runs/20260526/prepared/2004-aimsnapshot-6c49f0/working","","","","/Users/scott/Desktop/Archive/prescience_score_prompt_v2.md","f8c1e07469d8fce3148ad7c53f3ebb7f02fa312d8e0b724f6912808923385d29","true","0-5","","","","","","","","","","","","","","/Users/scott/Desktop/Archive/_pass_c_abandoned_runs/20260526/prepared/2004-aimsnapshot-6c49f0/working/prescience_scores_27b_passC_v1.csv","1a434dd8328a033a9253531ec9f803a3477fe09dc7daca09b20da01c91079e16","unknown","","","","","true","true","agent_quality_regression_may26","","","","","","","","","","no_explicitly_rejected","","","DROP","T2,T4,T5,T6,T7","keep_for_triangulation_only",""
"mac_abandoned_run_2004-azeritysnapshot-4c1c8d_2026-05-29","mac_abandoned_run","/Users/scott/Desktop/Archive/_pass_c_abandoned_runs/20260526/prepared/2004-azeritysnapshot-4c1c8d/working","","","","/Users/scott/Desktop/Archive/prescience_score_prompt_v2.md","f8c1e07469d8fce3148ad7c53f3ebb7f02fa312d8e0b724f6912808923385d29","true","0-5","","","","","","","","","","","","","","/Users/scott/Desktop/Archive/_pass_c_abandoned_runs/20260526/prepared/2004-azeritysnapshot-4c1c8d/working/prescience_scores_27b_passC_v1.csv","5eb53d4b74ce6283cfd86cd2f712cbd39b3337777eccbaf0ea6e31581424459a","unknown","","","","","true","true","agent_quality_regression_may26","","","","","","","","","","no_explicitly_rejected","","","DROP","T2,T4,T5,T6,T7","keep_for_triangulation_only",""
"mac_abandoned_run_2004-bluestreaksnapshot-7a4713_2026-05-29","mac_abandoned_run","/Users/scott/Desktop/Archive/_pass_c_abandoned_runs/20260526/prepared/2004-bluestreaksnapshot-7a4713/working","","","","/Users/scott/Desktop/Archive/prescience_score_prompt_v2.md","f8c1e07469d8fce3148ad7c53f3ebb7f02fa312d8e0b724f6912808923385d29","true","0-5","","","","","","","","","","","","","","/Users/scott/Desktop/Archive/_pass_c_abandoned_runs/20260526/prepared/2004-bluestreaksnapshot-7a4713/working/prescience_scores_27b_passC_v1.csv","7efe080c4370f7a9877002510d3fdd0e582fc66ac623b861a2bf1c0f651cc667","unknown","","","","","true","true","agent_quality_regression_may26","","","","","","","","","","no_explicitly_rejected","","","DROP","T2,T4,T5,T6,T7","keep_for_triangulation_only",""
"mac_abandoned_run_2004-crmeuropetoc-c6f15e_2026-05-29","mac_abandoned_run","/Users/scott/Desktop/Archive/_pass_c_abandoned_runs/20260526/prepared/2004-crmeuropetoc-c6f15e/working","","","","/Users/scott/Desktop/Archive/prescience_score_prompt_v2.md","f8c1e07469d8fce3148ad7c53f3ebb7f02fa312d8e0b724f6912808923385d29","true","0-5","","","","","","","","","","","","","","/Users/scott/Desktop/Archive/_pass_c_abandoned_runs/20260526/prepared/2004-crmeuropetoc-c6f15e/working/prescience_scores_27b_passC_v1.csv","285b865f3886fb2143beb5141e2ff3f5ab83192bd8d84ea6982640a358e97966","unknown","","","","","true","true","agent_quality_regression_may26","","","","","","","","","","no_explicitly_rejected","","","DROP","T2,T4,T5,T6,T7","keep_for_triangulation_only",""
"mac_abandoned_run_2004-dellsnapshot-953527_2026-05-29","mac_abandoned_run","/Users/scott/Desktop/Archive/_pass_c_abandoned_runs/20260526/prepared/2004-dellsnapshot-953527/working","","","","/Users/scott/Desktop/Archive/prescience_score_prompt_v2.md","f8c1e07469d8fce3148ad7c53f3ebb7f02fa312d8e0b724f6912808923385d29","true","0-5","","","","","","","","","","","","","","/Users/scott/Desktop/Archive/_pass_c_abandoned_runs/20260526/prepared/2004-dellsnapshot-953527/working/prescience_scores_27b_passC_v1.csv","1a837c30c57e8f1f7875da8e8c3b93522f7a691069b48eb5f448e9da507d7a5a","unknown","","","","","true","true","agent_quality_regression_may26","","","","","","","","","","no_explicitly_rejected","","","DROP","T2,T4,T5,T6,T7","keep_for_triangulation_only",""
"mac_abandoned_run_2004-examensnapshot-171cca_2026-05-29","mac_abandoned_run","/Users/scott/Desktop/Archive/_pass_c_abandoned_runs/20260526/prepared/2004-examensnapshot-171cca/working","","","","/Users/scott/Desktop/Archive/prescience_score_prompt_v2.md","f8c1e07469d8fce3148ad7c53f3ebb7f02fa312d8e0b724f6912808923385d29","true","0-5","","","","","","","","","","","","","","/Users/scott/Desktop/Archive/_pass_c_abandoned_runs/20260526/prepared/2004-examensnapshot-171cca/working/prescience_scores_27b_passC_v1.csv","224ac2839b9213327bd209a94fd4554ada27618c1d8e5eac022ed1d9ad34240f","unknown","","","","","true","true","agent_quality_regression_may26","","","","","","","","","","no_explicitly_rejected","","","DROP","T2,T4,T5,T6,T7","keep_for_triangulation_only",""
"mac_abandoned_run_2004-firstwavesnapshot-92dd2e_2026-05-29","mac_abandoned_run","/Users/scott/Desktop/Archive/_pass_c_abandoned_runs/20260526/prepared/2004-firstwavesnapshot-92dd2e/working","","","","/Users/scott/Desktop/Archive/prescience_score_prompt_v2.md","f8c1e07469d8fce3148ad7c53f3ebb7f02fa312d8e0b724f6912808923385d29","true","0-5","","","","","","","","","","","","","","/Users/scott/Desktop/Archive/_pass_c_abandoned_runs/20260526/prepared/2004-firstwavesnapshot-92dd2e/working/prescience_scores_27b_passC_v1.csv","15327109963963a67cc13fee75603f6e72e66c8920053818e3ba8a6a542d5b50","unknown","","","","","true","true","agent_quality_regression_may26","","","","","","","","","","no_explicitly_rejected","","","DROP","T2,T4,T5,T6,T7","keep_for_triangulation_only",""
"mac_abandoned_run_2004-fsmwebtoc-85b5dc_2026-05-29","mac_abandoned_run","/Users/scott/Desktop/Archive/_pass_c_abandoned_runs/20260526/prepared/2004-fsmwebtoc-85b5dc/working","","","","/Users/scott/Desktop/Archive/prescience_score_prompt_v2.md","f8c1e07469d8fce3148ad7c53f3ebb7f02fa312d8e0b724f6912808923385d29","true","0-5","","","","","","","","","","","","","","/Users/scott/Desktop/Archive/_pass_c_abandoned_runs/20260526/prepared/2004-fsmwebtoc-85b5dc/working/prescience_scores_27b_passC_v1.csv","a7f6464ea6631c3c991b04d207903364f9eae5c9be9a2fc2942c7938f89e205b","unknown","","","","","true","true","agent_quality_regression_may26","","","","","","","","","","no_explicitly_rejected","","","DROP","T2,T4,T5,T6,T7","keep_for_triangulation_only",""
"mac_abandoned_run_2004-fvcmwebtoc-53b01f_2026-05-29","mac_abandoned_run","/Users/scott/Desktop/Archive/_pass_c_abandoned_runs/20260526/prepared/2004-fvcmwebtoc-53b01f/working","","","","/Users/scott/Desktop/Archive/prescience_score_prompt_v2.md","f8c1e07469d8fce3148ad7c53f3ebb7f02fa312d8e0b724f6912808923385d29","true","0-5","","","","","","","","","","","","","","/Users/scott/Desktop/Archive/_pass_c_abandoned_runs/20260526/prepared/2004-fvcmwebtoc-53b01f/working/prescience_scores_27b_passC_v1.csv","ef5186c9f718be4aa2ff44de3edabe41ab82be6df514ca05ac110f1bbff9899c","unknown","","","","","true","true","agent_quality_regression_may26","","","","","","","","","","no_explicitly_rejected","","","DROP","T2,T4,T5,T6,T7","keep_for_triangulation_only",""
"mac_abandoned_run_2004-ibmsnapshot-e40dbe_2026-05-29","mac_abandoned_run","/Users/scott/Desktop/Archive/_pass_c_abandoned_runs/20260526/prepared/2004-ibmsnapshot-e40dbe/working","","","","/Users/scott/Desktop/Archive/prescience_score_prompt_v2.md","f8c1e07469d8fce3148ad7c53f3ebb7f02fa312d8e0b724f6912808923385d29","true","0-5","","","","","","","","","","","","","","/Users/scott/Desktop/Archive/_pass_c_abandoned_runs/20260526/prepared/2004-ibmsnapshot-e40dbe/working/prescience_scores_27b_passC_v1.csv","ed5691740c35808a39d1631654a6f5fdaa71845aa238bb42cae01dfd21d58f99","unknown","","","","","true","true","agent_quality_regression_may26","","","","","","","","","","no_explicitly_rejected","","","DROP","T2,T4,T5,T6,T7","keep_for_triangulation_only",""
"mac_abandoned_run_2004-manugisticssnapshot-9e0526_2026-05-29","mac_abandoned_run","/Users/scott/Desktop/Archive/_pass_c_abandoned_runs/20260526/prepared/2004-manugisticssnapshot-9e0526/working","","","","/Users/scott/Desktop/Archive/prescience_score_prompt_v2.md","f8c1e07469d8fce3148ad7c53f3ebb7f02fa312d8e0b724f6912808923385d29","true","0-5","","","","","","","","","","","","","","/Users/scott/Desktop/Archive/_pass_c_abandoned_runs/20260526/prepared/2004-manugisticssnapshot-9e0526/working/prescience_scores_27b_passC_v1.csv","9ffcb41c317147d549d6416d9de812de5c99ef5c5fa5f20ea1a13925ea64de95","unknown","","","","","true","true","agent_quality_regression_may26","","","","","","","","","","no_explicitly_rejected","","","DROP","T2,T4,T5,T6,T7","keep_for_triangulation_only",""
"mac_abandoned_run_2004-newmediasnapshot-cd4186_2026-05-29","mac_abandoned_run","/Users/scott/Desktop/Archive/_pass_c_abandoned_runs/20260526/prepared/2004-newmediasnapshot-cd4186/working","","","","/Users/scott/Desktop/Archive/prescience_score_prompt_v2.md","f8c1e07469d8fce3148ad7c53f3ebb7f02fa312d8e0b724f6912808923385d29","true","0-5","","","","","","","","","","","","","","/Users/scott/Desktop/Archive/_pass_c_abandoned_runs/20260526/prepared/2004-newmediasnapshot-cd4186/working/prescience_scores_27b_passC_v1.csv","bfd225c640f3e6f5c83532572abcaff172377715eaf45b82661d324cc590feca","unknown","","","","","true","true","agent_quality_regression_may26","","","","","","","","","","no_explicitly_rejected","","","DROP","T2,T4,T5,T6,T7","keep_for_triangulation_only",""
"mac_abandoned_run_2004-procuri-ee38ef_2026-05-29","mac_abandoned_run","/Users/scott/Desktop/Archive/_pass_c_abandoned_runs/20260526/prepared/2004-procuri-ee38ef/working","","","","/Users/scott/Desktop/Archive/prescience_score_prompt_v2.md","f8c1e07469d8fce3148ad7c53f3ebb7f02fa312d8e0b724f6912808923385d29","true","0-5","","","","","","","","","","","","","","/Users/scott/Desktop/Archive/_pass_c_abandoned_runs/20260526/prepared/2004-procuri-ee38ef/working/prescience_scores_27b_passC_v1.csv","2d4ff36ec06bb6c18210458b04e704650c9ff4da03c9df3b996334e0cfe4ff6b","unknown","","","","","true","true","agent_quality_regression_may26","","","","","","","","","","no_explicitly_rejected","","","DROP","T2,T4,T5,T6,T7","keep_for_triangulation_only",""
"mac_abandoned_run_2004-psa2001surveyreporttoc-9a9928_2026-05-29","mac_abandoned_run","/Users/scott/Desktop/Archive/_pass_c_abandoned_runs/20260526/prepared/2004-psa2001surveyreporttoc-9a9928/working","","","","/Users/scott/Desktop/Archive/prescience_score_prompt_v2.md","f8c1e07469d8fce3148ad7c53f3ebb7f02fa312d8e0b724f6912808923385d29","true","0-5","","","","","","","","","","","","","","/Users/scott/Desktop/Archive/_pass_c_abandoned_runs/20260526/prepared/2004-psa2001surveyreporttoc-9a9928/working/prescience_scores_27b_passC_v1.csv","6caa116af3bd0eb62f8cadb9bf46bd20bcc49ce5cc34be4d5524b1600699959e","unknown","","","","","true","true","agent_quality_regression_may26","","","","","","","","","","no_explicitly_rejected","","","DROP","T2,T4,T5,T6,T7","keep_for_triangulation_only",""
"mac_abandoned_run_2004-salesforce-5a1170_2026-05-29","mac_abandoned_run","/Users/scott/Desktop/Archive/_pass_c_abandoned_runs/20260526/prepared/2004-salesforce-5a1170/working","","","","/Users/scott/Desktop/Archive/prescience_score_prompt_v2.md","f8c1e07469d8fce3148ad7c53f3ebb7f02fa312d8e0b724f6912808923385d29","true","0-5","","","","","","","","","","","","","","/Users/scott/Desktop/Archive/_pass_c_abandoned_runs/20260526/prepared/2004-salesforce-5a1170/working/prescience_scores_27b_passC_v1.csv","fdd0b34d6f4a06898f490734b0e7ba1feabd10f051199317e48cfff460911c41","unknown","","","","","true","true","agent_quality_regression_may26","","","","","","","","","","no_explicitly_rejected","","","DROP","T2,T4,T5,T6,T7","keep_for_triangulation_only",""
"mac_abandoned_run_2004-silverpopsnapshot-08423a_2026-05-29","mac_abandoned_run","/Users/scott/Desktop/Archive/_pass_c_abandoned_runs/20260526/prepared/2004-silverpopsnapshot-08423a/working","","","","/Users/scott/Desktop/Archive/prescience_score_prompt_v2.md","f8c1e07469d8fce3148ad7c53f3ebb7f02fa312d8e0b724f6912808923385d29","true","0-5","","","","","","","","","","","","","","/Users/scott/Desktop/Archive/_pass_c_abandoned_runs/20260526/prepared/2004-silverpopsnapshot-08423a/working/prescience_scores_27b_passC_v1.csv","5e56ab607212b9f9ecb244475ba55a73981894ab13a6f742d614368b8b9fe06b","unknown","","","","","true","true","agent_quality_regression_may26","","","","","","","","","","no_explicitly_rejected","","","DROP","T2,T4,T5,T6,T7","keep_for_triangulation_only",""
"mac_abandoned_run_2004-spotlightteldata-67a55f_2026-05-29","mac_abandoned_run","/Users/scott/Desktop/Archive/_pass_c_abandoned_runs/20260526/prepared/2004-spotlightteldata-67a55f/working","","","","/Users/scott/Desktop/Archive/prescience_score_prompt_v2.md","f8c1e07469d8fce3148ad7c53f3ebb7f02fa312d8e0b724f6912808923385d29","true","0-5","","","","","","","","","","","","","","/Users/scott/Desktop/Archive/_pass_c_abandoned_runs/20260526/prepared/2004-spotlightteldata-67a55f/working/prescience_scores_27b_passC_v1.csv","0592dccd71fbb992db750f94e3b0789208105078b838113970d86bf24b648cd6","unknown","","","","","true","true","agent_quality_regression_may26","","","","","","","","","","no_explicitly_rejected","","","DROP","T2,T4,T5,T6,T7","keep_for_triangulation_only",""
"mac_abandoned_run_2004-verticalsolutionssnapshot-fd28fe_2026-05-29","mac_abandoned_run","/Users/scott/Desktop/Archive/_pass_c_abandoned_runs/20260526/prepared/2004-verticalsolutionssnapshot-fd28fe/working","","","","/Users/scott/Desktop/Archive/prescience_score_prompt_v2.md","f8c1e07469d8fce3148ad7c53f3ebb7f02fa312d8e0b724f6912808923385d29","true","0-5","","","","","","","","","","","","","","/Users/scott/Desktop/Archive/_pass_c_abandoned_runs/20260526/prepared/2004-verticalsolutionssnapshot-fd28fe/working/prescience_scores_27b_passC_v1.csv","315e5f553a52720aecba568cbcff975f76d1c051503561752a460e17954c1ede","unknown","","","","","true","true","agent_quality_regression_may26","","","","","","","","","","no_explicitly_rejected","","","DROP","T2,T4,T5,T6,T7","keep_for_triangulation_only",""
"mac_abandoned_run_2004-voiptoc-472d11_2026-05-29","mac_abandoned_run","/Users/scott/Desktop/Archive/_pass_c_abandoned_runs/20260526/prepared/2004-voiptoc-472d11/working","","","","/Users/scott/Desktop/Archive/prescience_score_prompt_v2.md","f8c1e07469d8fce3148ad7c53f3ebb7f02fa312d8e0b724f6912808923385d29","true","0-5","","","","","","","","","","","","","","/Users/scott/Desktop/Archive/_pass_c_abandoned_runs/20260526/prepared/2004-voiptoc-472d11/working/prescience_scores_27b_passC_v1.csv","9118ccc5f3a9ac001737ee813a59c830324267c87a0d97c6d6c2d494745fd7e4","unknown","","","","","true","true","agent_quality_regression_may26","","","","","","","","","","no_explicitly_rejected","","","DROP","T2,T4,T5,T6,T7","keep_for_triangulation_only",""
"mac_abandoned_run_2006-aberdeen-research-calendar-123ac2_2026-05-29","mac_abandoned_run","/Users/scott/Desktop/Archive/_pass_c_abandoned_runs/20260526/prepared/2006-aberdeen-research-calendar-123ac2/working","","","","/Users/scott/Desktop/Archive/prescience_score_prompt_v2.md","f8c1e07469d8fce3148ad7c53f3ebb7f02fa312d8e0b724f6912808923385d29","true","0-5","","","","","","","","","","","","","","/Users/scott/Desktop/Archive/_pass_c_abandoned_runs/20260526/prepared/2006-aberdeen-research-calendar-123ac2/working/prescience_scores_27b_passC_v1.csv","d8c8e149930f5b1ce57c0119e390f4768cc3fa03b3b901c44dc31db549411e04","unknown","","","","","true","true","agent_quality_regression_may26","","","","","","","","","","no_explicitly_rejected","","","DROP","T2,T4,T5,T6,T7","keep_for_triangulation_only",""
"mac_abandoned_run_2007-aberdeen-research-calendar-629972_2026-05-29","mac_abandoned_run","/Users/scott/Desktop/Archive/_pass_c_abandoned_runs/20260526/prepared/2007-aberdeen-research-calendar-629972/working","","","","/Users/scott/Desktop/Archive/prescience_score_prompt_v2.md","f8c1e07469d8fce3148ad7c53f3ebb7f02fa312d8e0b724f6912808923385d29","true","0-5","","","","","","","","","","","","","","/Users/scott/Desktop/Archive/_pass_c_abandoned_runs/20260526/prepared/2007-aberdeen-research-calendar-629972/working/prescience_scores_27b_passC_v1.csv","21404180afc9a12209391aa399f5ebceecdad753deac991cfd2cac67130dfb83","unknown","","","","","true","true","agent_quality_regression_may26","","","","","","","","","","no_explicitly_rejected","","","DROP","T2,T4,T5,T6,T7","keep_for_triangulation_only",""
"mac_abandoned_run_2007-ra-clicks-jl-3710-37b7a4_2026-05-29","mac_abandoned_run","/Users/scott/Desktop/Archive/_pass_c_abandoned_runs/20260526/prepared/2007-ra-clicks-jl-3710-37b7a4/working","","","","/Users/scott/Desktop/Archive/prescience_score_prompt_v2.md","f8c1e07469d8fce3148ad7c53f3ebb7f02fa312d8e0b724f6912808923385d29","true","0-5","","","","","","","","","","","","","","/Users/scott/Desktop/Archive/_pass_c_abandoned_runs/20260526/prepared/2007-ra-clicks-jl-3710-37b7a4/working/prescience_scores_27b_passC_v1.csv","f0a7c308c74ea764c445441ebf9687cc643b9b0fcbe7b7b6cee66ad843f48878","unknown","","","","","true","true","agent_quality_regression_may26","","","","","","","","","","no_explicitly_rejected","","","DROP","T2,T4,T5,T6,T7","keep_for_triangulation_only",""
"mac_abandoned_run_2007-ra-cmo-smemme-la-3607-eff289_2026-05-29","mac_abandoned_run","/Users/scott/Desktop/Archive/_pass_c_abandoned_runs/20260526/prepared/2007-ra-cmo-smemme-la-3607-eff289/working","","","","/Users/scott/Desktop/Archive/prescience_score_prompt_v2.md","f8c1e07469d8fce3148ad7c53f3ebb7f02fa312d8e0b724f6912808923385d29","true","0-5","","","","","","","","","","","","","","/Users/scott/Desktop/Archive/_pass_c_abandoned_runs/20260526/prepared/2007-ra-cmo-smemme-la-3607-eff289/working/prescience_scores_27b_passC_v1.csv","b38d09519d092acaa33257db36a5198f017952e578c89df05dfae1615c61074f","unknown","","","","","true","true","agent_quality_regression_may26","","","","","","","","","","no_explicitly_rejected","","","DROP","T2,T4,T5,T6,T7","keep_for_triangulation_only",""
"mac_abandoned_run_aberdeen-companyprofile-50a990_2026-05-29","mac_abandoned_run","/Users/scott/Desktop/Archive/_pass_c_abandoned_runs/20260526/prepared/aberdeen-companyprofile-50a990/working","","","","/Users/scott/Desktop/Archive/prescience_score_prompt_v2.md","f8c1e07469d8fce3148ad7c53f3ebb7f02fa312d8e0b724f6912808923385d29","true","0-5","","","","","","","","","","","","","","/Users/scott/Desktop/Archive/_pass_c_abandoned_runs/20260526/prepared/aberdeen-companyprofile-50a990/working/prescience_scores_27b_passC_v1.csv","0c193ef1bed56c9ba19c0ebfdfecd98676436cc6a944a87f014140ece88030a5","unknown","","","","","true","true","agent_quality_regression_may26","","","","","","","","","","no_explicitly_rejected","","","DROP","T2,T4,T5,T6,T7","keep_for_triangulation_only",""
"mac_abandoned_run_aberdeen-preso-for-emc-final-storage-ead7c2_2026-05-29","mac_abandoned_run","/Users/scott/Desktop/Archive/_pass_c_abandoned_runs/20260526/prepared/aberdeen-preso-for-emc-final-storage-ead7c2/working","1","1","1","/Users/scott/Desktop/Archive/prescience_score_prompt_v2.md","f8c1e07469d8fce3148ad7c53f3ebb7f02fa312d8e0b724f6912808923385d29","true","0-5","","","","","","","","","","","","","","/Users/scott/Desktop/Archive/_pass_c_abandoned_runs/20260526/prepared/aberdeen-preso-for-emc-final-storage-ead7c2/working/prescience_scores_27b_passC_v1.csv","5043c6b3e9f9a3aa784b7eddd75754c24559471c8c36748330f196a0f2dabcaf","unknown","","","","","true","true","agent_quality_regression_may26","","","0","0","0","0.0000","","0","0","no_explicitly_rejected","","","DROP","T2,T4,T5,T6,T7","keep_for_triangulation_only",""
"mac_abandoned_run_aberdeen-report-2007-1st-edition-6e3b0d_2026-05-29","mac_abandoned_run","/Users/scott/Desktop/Archive/_pass_c_abandoned_runs/20260526/prepared/aberdeen-report-2007-1st-edition-6e3b0d/working","","","","/Users/scott/Desktop/Archive/prescience_score_prompt_v2.md","f8c1e07469d8fce3148ad7c53f3ebb7f02fa312d8e0b724f6912808923385d29","true","0-5","","","","","","","","","","","","","","/Users/scott/Desktop/Archive/_pass_c_abandoned_runs/20260526/prepared/aberdeen-report-2007-1st-edition-6e3b0d/working/prescience_scores_27b_passC_v1.csv","699e7efcfa37363d79bdac845702384e0269fd7cbd616c84c1e71955d95992b2","unknown","","","","","true","true","agent_quality_regression_may26","","","","","","","","","","no_explicitly_rejected","","","DROP","T2,T4,T5,T6,T7","keep_for_triangulation_only",""
"mac_abandoned_run_adls-911-systems-90e771_2026-05-29","mac_abandoned_run","/Users/scott/Desktop/Archive/_pass_c_abandoned_runs/20260526/prepared/adls-911-systems-90e771/working","","","","/Users/scott/Desktop/Archive/prescience_score_prompt_v2.md","f8c1e07469d8fce3148ad7c53f3ebb7f02fa312d8e0b724f6912808923385d29","true","0-5","","","","","","","","","","","","","","/Users/scott/Desktop/Archive/_pass_c_abandoned_runs/20260526/prepared/adls-911-systems-90e771/working/prescience_scores_27b_passC_v1.csv","9bb72dcb183bef8d9cf98ce982f5ddeb84e1a17718b17fa1069f679099d4e7fb","unknown","","","","","true","true","agent_quality_regression_may26","","","","","","","","","","no_explicitly_rejected","","","DROP","T2,T4,T5,T6,T7","keep_for_triangulation_only",""
"mac_abandoned_run_adls-chase-manhattan-bank-208c2d_2026-05-29","mac_abandoned_run","/Users/scott/Desktop/Archive/_pass_c_abandoned_runs/20260526/prepared/adls-chase-manhattan-bank-208c2d/working","","","","/Users/scott/Desktop/Archive/prescience_score_prompt_v2.md","f8c1e07469d8fce3148ad7c53f3ebb7f02fa312d8e0b724f6912808923385d29","true","0-5","","","","","","","","","","","","","","/Users/scott/Desktop/Archive/_pass_c_abandoned_runs/20260526/prepared/adls-chase-manhattan-bank-208c2d/working/prescience_scores_27b_passC_v1.csv","f4973b6b9dbe95d73ee9d15818d1bb5f0a4d9996e2bfcabdc4b377d732e8b13b","unknown","","","","","true","true","agent_quality_regression_may26","","","","","","","","","","no_explicitly_rejected","","","DROP","T2,T4,T5,T6,T7","keep_for_triangulation_only",""
"mac_abandoned_run_adp-ase-meters-75c4c2_2026-05-29","mac_abandoned_run","/Users/scott/Desktop/Archive/_pass_c_abandoned_runs/20260526/prepared/adp-ase-meters-75c4c2/working","","","","/Users/scott/Desktop/Archive/prescience_score_prompt_v2.md","f8c1e07469d8fce3148ad7c53f3ebb7f02fa312d8e0b724f6912808923385d29","true","0-5","","","","","","","","","","","","","","/Users/scott/Desktop/Archive/_pass_c_abandoned_runs/20260526/prepared/adp-ase-meters-75c4c2/working/prescience_scores_27b_passC_v1.csv","11882a34cb8666509032c9e4bb3252872863c9b549459cbb100c07778621af1b","unknown","","","","","true","true","agent_quality_regression_may26","","","","","","","","","","no_explicitly_rejected","","","DROP","T2,T4,T5,T6,T7","keep_for_triangulation_only",""
"mac_abandoned_run_agile-8ecf32_2026-05-29","mac_abandoned_run","/Users/scott/Desktop/Archive/_pass_c_abandoned_runs/20260526/prepared/agile-8ecf32/working","","","","/Users/scott/Desktop/Archive/prescience_score_prompt_v2.md","f8c1e07469d8fce3148ad7c53f3ebb7f02fa312d8e0b724f6912808923385d29","true","0-5","","","","","","","","","","","","","","/Users/scott/Desktop/Archive/_pass_c_abandoned_runs/20260526/prepared/agile-8ecf32/working/prescience_scores_27b_passC_v1.csv","c4a1bd1ef78bc44cb6287f70cc50e930391872eb2ddeeb91aba1406b468e849d","unknown","","","","","true","true","agent_quality_regression_may26","","","","","","","","","","no_explicitly_rejected","","","DROP","T2,T4,T5,T6,T7","keep_for_triangulation_only",""
"mac_abandoned_run_aimsnapshot-8adfd4_2026-05-29","mac_abandoned_run","/Users/scott/Desktop/Archive/_pass_c_abandoned_runs/20260526/prepared/aimsnapshot-8adfd4/working","","","","/Users/scott/Desktop/Archive/prescience_score_prompt_v2.md","f8c1e07469d8fce3148ad7c53f3ebb7f02fa312d8e0b724f6912808923385d29","true","0-5","","","","","","","","","","","","","","/Users/scott/Desktop/Archive/_pass_c_abandoned_runs/20260526/prepared/aimsnapshot-8adfd4/working/prescience_scores_27b_passC_v1.csv","34f652a56603bb5128d66e5d4b95c72a7821c64264f4aa6804421d85fc084671","unknown","","","","","true","true","agent_quality_regression_may26","","","","","","","","","","no_explicitly_rejected","","","DROP","T2,T4,T5,T6,T7","keep_for_triangulation_only",""
"mac_abandoned_run_akonixsnapshot-089ee6_2026-05-29","mac_abandoned_run","/Users/scott/Desktop/Archive/_pass_c_abandoned_runs/20260526/prepared/akonixsnapshot-089ee6/working","","","","/Users/scott/Desktop/Archive/prescience_score_prompt_v2.md","f8c1e07469d8fce3148ad7c53f3ebb7f02fa312d8e0b724f6912808923385d29","true","0-5","","","","","","","","","","","","","","/Users/scott/Desktop/Archive/_pass_c_abandoned_runs/20260526/prepared/akonixsnapshot-089ee6/working/prescience_scores_27b_passC_v1.csv","a0ccc17d37583936499b5ff192f35931bbbcb24e3d03ee5f21b510eb373fd4ef","unknown","","","","","true","true","agent_quality_regression_may26","","","","","","","","","","no_explicitly_rejected","","","DROP","T2,T4,T5,T6,T7","keep_for_triangulation_only",""
"mac_abandoned_run_alternasnapshot-5ed256_2026-05-29","mac_abandoned_run","/Users/scott/Desktop/Archive/_pass_c_abandoned_runs/20260526/prepared/alternasnapshot-5ed256/working","","","","/Users/scott/Desktop/Archive/prescience_score_prompt_v2.md","f8c1e07469d8fce3148ad7c53f3ebb7f02fa312d8e0b724f6912808923385d29","true","0-5","","","","","","","","","","","","","","/Users/scott/Desktop/Archive/_pass_c_abandoned_runs/20260526/prepared/alternasnapshot-5ed256/working/prescience_scores_27b_passC_v1.csv","0bcf06229d2db16c74ca2b3aa3d3b14dc0054d593ee2985da5b57d7abd812355","unknown","","","","","true","true","agent_quality_regression_may26","","","","","","","","","","no_explicitly_rejected","","","DROP","T2,T4,T5,T6,T7","keep_for_triangulation_only",""
"mac_abandoned_run_ariba-e7dfd0_2026-05-29","mac_abandoned_run","/Users/scott/Desktop/Archive/_pass_c_abandoned_runs/20260526/prepared/ariba-e7dfd0/working","","","","/Users/scott/Desktop/Archive/prescience_score_prompt_v2.md","f8c1e07469d8fce3148ad7c53f3ebb7f02fa312d8e0b724f6912808923385d29","true","0-5","","","","","","","","","","","","","","/Users/scott/Desktop/Archive/_pass_c_abandoned_runs/20260526/prepared/ariba-e7dfd0/working/prescience_scores_27b_passC_v1.csv","6c30769e89b219243d35b44525c17a7f16794a93692ff53fbcc009b43f560701","unknown","","","","","true","true","agent_quality_regression_may26","","","","","","","","","","no_explicitly_rejected","","","DROP","T2,T4,T5,T6,T7","keep_for_triangulation_only",""
"mac_abandoned_run_arzoonsnapshot-149da0_2026-05-29","mac_abandoned_run","/Users/scott/Desktop/Archive/_pass_c_abandoned_runs/20260526/prepared/arzoonsnapshot-149da0/working","","","","/Users/scott/Desktop/Archive/prescience_score_prompt_v2.md","f8c1e07469d8fce3148ad7c53f3ebb7f02fa312d8e0b724f6912808923385d29","true","0-5","","","","","","","","","","","","","","/Users/scott/Desktop/Archive/_pass_c_abandoned_runs/20260526/prepared/arzoonsnapshot-149da0/working/prescience_scores_27b_passC_v1.csv","3cab2099efd48a6f6797f2a612f1001b6a2c033d9af95f10a8f4b95ce942bcd2","unknown","","","","","true","true","agent_quality_regression_may26","","","","","","","","","","no_explicitly_rejected","","","DROP","T2,T4,T5,T6,T7","keep_for_triangulation_only",""
"mac_abandoned_run_avatiersnapshot-882cb6_2026-05-29","mac_abandoned_run","/Users/scott/Desktop/Archive/_pass_c_abandoned_runs/20260526/prepared/avatiersnapshot-882cb6/working","","","","/Users/scott/Desktop/Archive/prescience_score_prompt_v2.md","f8c1e07469d8fce3148ad7c53f3ebb7f02fa312d8e0b724f6912808923385d29","true","0-5","","","","","","","","","","","","","","/Users/scott/Desktop/Archive/_pass_c_abandoned_runs/20260526/prepared/avatiersnapshot-882cb6/working/prescience_scores_27b_passC_v1.csv","60a805466ddd217bab76a1e101f329114d8f80df699ee0e7f9b083140324e1ff","unknown","","","","","true","true","agent_quality_regression_may26","","","","","","","","","","no_explicitly_rejected","","","DROP","T2,T4,T5,T6,T7","keep_for_triangulation_only",""
"mac_abandoned_run_azeritysnapshot-511e79_2026-05-29","mac_abandoned_run","/Users/scott/Desktop/Archive/_pass_c_abandoned_runs/20260526/prepared/azeritysnapshot-511e79/working","","","","/Users/scott/Desktop/Archive/prescience_score_prompt_v2.md","f8c1e07469d8fce3148ad7c53f3ebb7f02fa312d8e0b724f6912808923385d29","true","0-5","","","","","","","","","","","","","","/Users/scott/Desktop/Archive/_pass_c_abandoned_runs/20260526/prepared/azeritysnapshot-511e79/working/prescience_scores_27b_passC_v1.csv","950fde87b340a844516cee78194fdc71d57b08be0c130bf269a3cc64d5752452","unknown","","","","","true","true","agent_quality_regression_may26","","","","","","","","","","no_explicitly_rejected","","","DROP","T2,T4,T5,T6,T7","keep_for_triangulation_only",""
"mac_abandoned_run_ba-mobilemessaging-apw-bs-3703-2a96a0_2026-05-29","mac_abandoned_run","/Users/scott/Desktop/Archive/_pass_c_abandoned_runs/20260526/prepared/ba-mobilemessaging-apw-bs-3703-2a96a0/working","","","","/Users/scott/Desktop/Archive/prescience_score_prompt_v2.md","f8c1e07469d8fce3148ad7c53f3ebb7f02fa312d8e0b724f6912808923385d29","true","0-5","","","","","","","","","","","","","","/Users/scott/Desktop/Archive/_pass_c_abandoned_runs/20260526/prepared/ba-mobilemessaging-apw-bs-3703-2a96a0/working/prescience_scores_27b_passC_v1.csv","a09f5f24e5d7bb0c04d7bbd10461e52f845f04637e77af014c5cc6fb375418c6","unknown","","","","","true","true","agent_quality_regression_may26","","","","","","","","","","no_explicitly_rejected","","","DROP","T2,T4,T5,T6,T7","keep_for_triangulation_only",""
"mac_abandoned_run_ba-uc-pb-3704-82afab_2026-05-29","mac_abandoned_run","/Users/scott/Desktop/Archive/_pass_c_abandoned_runs/20260526/prepared/ba-uc-pb-3704-82afab/working","","","","/Users/scott/Desktop/Archive/prescience_score_prompt_v2.md","f8c1e07469d8fce3148ad7c53f3ebb7f02fa312d8e0b724f6912808923385d29","true","0-5","","","","","","","","","","","","","","/Users/scott/Desktop/Archive/_pass_c_abandoned_runs/20260526/prepared/ba-uc-pb-3704-82afab/working/prescience_scores_27b_passC_v1.csv","15ab2401053fb15d668dbd29003ccc8adf9cde087ed6655eb5ad5419156af611","unknown","","","","","true","true","agent_quality_regression_may26","","","","","","","","","","no_explicitly_rejected","","","DROP","T2,T4,T5,T6,T7","keep_for_triangulation_only",""
"mac_abandoned_run_bigfixsnapshot-f4a360_2026-05-29","mac_abandoned_run","/Users/scott/Desktop/Archive/_pass_c_abandoned_runs/20260526/prepared/bigfixsnapshot-f4a360/working","","","","/Users/scott/Desktop/Archive/prescience_score_prompt_v2.md","f8c1e07469d8fce3148ad7c53f3ebb7f02fa312d8e0b724f6912808923385d29","true","0-5","","","","","","","","","","","","","","/Users/scott/Desktop/Archive/_pass_c_abandoned_runs/20260526/prepared/bigfixsnapshot-f4a360/working/prescience_scores_27b_passC_v1.csv","eac0e2e745fab169be61db62a3f70a6d5b22ee348fe9e53e51fb78386ddfe6f5","unknown","","","","","true","true","agent_quality_regression_may26","","","","","","","","","","no_explicitly_rejected","","","DROP","T2,T4,T5,T6,T7","keep_for_triangulation_only",""
"mac_abandoned_run_bluestreaksnapshot-be4053_2026-05-29","mac_abandoned_run","/Users/scott/Desktop/Archive/_pass_c_abandoned_runs/20260526/prepared/bluestreaksnapshot-be4053/working","","","","/Users/scott/Desktop/Archive/prescience_score_prompt_v2.md","f8c1e07469d8fce3148ad7c53f3ebb7f02fa312d8e0b724f6912808923385d29","true","0-5","","","","","","","","","","","","","","/Users/scott/Desktop/Archive/_pass_c_abandoned_runs/20260526/prepared/bluestreaksnapshot-be4053/working/prescience_scores_27b_passC_v1.csv","66cb4bb9cb545069037f6e6e7ec23fd4e1e7708ab091aed24c2561fae0acec4e","unknown","","","","","true","true","agent_quality_regression_may26","","","","","","","","","","no_explicitly_rejected","","","DROP","T2,T4,T5,T6,T7","keep_for_triangulation_only",""
"mac_abandoned_run_bm-compliance-clues-3590-ac2adb_2026-05-29","mac_abandoned_run","/Users/scott/Desktop/Archive/_pass_c_abandoned_runs/20260526/prepared/bm-compliance-clues-3590-ac2adb/working","","","","/Users/scott/Desktop/Archive/prescience_score_prompt_v2.md","f8c1e07469d8fce3148ad7c53f3ebb7f02fa312d8e0b724f6912808923385d29","true","0-5","","","","","","","","","","","","","","/Users/scott/Desktop/Archive/_pass_c_abandoned_runs/20260526/prepared/bm-compliance-clues-3590-ac2adb/working/prescience_scores_27b_passC_v1.csv","9e2fb44ad63cae4e3c23edc8bdbfc7980fba4953f337912dcd7de2a31fffaa16","unknown","","","","","true","true","agent_quality_regression_may26","","","","","","","","","","no_explicitly_rejected","","","DROP","T2,T4,T5,T6,T7","keep_for_triangulation_only",""
"mac_abandoned_run_bm-compliance-traceability-3702-c02e4b_2026-05-29","mac_abandoned_run","/Users/scott/Desktop/Archive/_pass_c_abandoned_runs/20260526/prepared/bm-compliance-traceability-3702-c02e4b/working","","","","/Users/scott/Desktop/Archive/prescience_score_prompt_v2.md","f8c1e07469d8fce3148ad7c53f3ebb7f02fa312d8e0b724f6912808923385d29","true","0-5","","","","","","","","","","","","","","/Users/scott/Desktop/Archive/_pass_c_abandoned_runs/20260526/prepared/bm-compliance-traceability-3702-c02e4b/working/prescience_scores_27b_passC_v1.csv","777286d337752323f2065a8558e343a40f493a0e314eedacb221635bd07ccd9f","unknown","","","","","true","true","agent_quality_regression_may26","","","","","","","","","","no_explicitly_rejected","","","DROP","T2,T4,T5,T6,T7","keep_for_triangulation_only",""
"mac_abandoned_run_bm-manufacturing-intelligence-3594-578435_2026-05-29","mac_abandoned_run","/Users/scott/Desktop/Archive/_pass_c_abandoned_runs/20260526/prepared/bm-manufacturing-intelligence-3594-578435/working","","","","/Users/scott/Desktop/Archive/prescience_score_prompt_v2.md","f8c1e07469d8fce3148ad7c53f3ebb7f02fa312d8e0b724f6912808923385d29","true","0-5","","","","","","","","","","","","","","/Users/scott/Desktop/Archive/_pass_c_abandoned_runs/20260526/prepared/bm-manufacturing-intelligence-3594-578435/working/prescience_scores_27b_passC_v1.csv","6d7d01010cdebf58b2a9c0c75b1934686b74469c130d0dfbfcf3b5272713fa78","unknown","","","","","true","true","agent_quality_regression_may26","","","","","","","","","","no_explicitly_rejected","","","DROP","T2,T4,T5,T6,T7","keep_for_triangulation_only",""
"mac_abandoned_run_bocsnapshot-a766a7_2026-05-29","mac_abandoned_run","/Users/scott/Desktop/Archive/_pass_c_abandoned_runs/20260526/prepared/bocsnapshot-a766a7/working","","","","/Users/scott/Desktop/Archive/prescience_score_prompt_v2.md","f8c1e07469d8fce3148ad7c53f3ebb7f02fa312d8e0b724f6912808923385d29","true","0-5","","","","","","","","","","","","","","/Users/scott/Desktop/Archive/_pass_c_abandoned_runs/20260526/prepared/bocsnapshot-a766a7/working/prescience_scores_27b_passC_v1.csv","e65ec98659682c10707261deb9d77973e532a18ae8cc66a9b43430b940335167","unknown","","","","","true","true","agent_quality_regression_may26","","","","","","","","","","no_explicitly_rejected","","","DROP","T2,T4,T5,T6,T7","keep_for_triangulation_only",""
"mac_abandoned_run_bpmwebtoc-065bc6_2026-05-29","mac_abandoned_run","/Users/scott/Desktop/Archive/_pass_c_abandoned_runs/20260526/prepared/bpmwebtoc-065bc6/working","","","","/Users/scott/Desktop/Archive/prescience_score_prompt_v2.md","f8c1e07469d8fce3148ad7c53f3ebb7f02fa312d8e0b724f6912808923385d29","true","0-5","","","","","","","","","","","","","","/Users/scott/Desktop/Archive/_pass_c_abandoned_runs/20260526/prepared/bpmwebtoc-065bc6/working/prescience_scores_27b_passC_v1.csv","0a2b338acc364c24bbb250eed4692cb0d95cc4f17e729096fad1c7ef308ba501","unknown","","","","","true","true","agent_quality_regression_may26","","","","","","","","","","no_explicitly_rejected","","","DROP","T2,T4,T5,T6,T7","keep_for_triangulation_only",""
"mac_abandoned_run_bvr-spendcompmgmt-121704b-e31821_2026-05-29","mac_abandoned_run","/Users/scott/Desktop/Archive/_pass_c_abandoned_runs/20260526/prepared/bvr-spendcompmgmt-121704b-e31821/working","","","","/Users/scott/Desktop/Archive/prescience_score_prompt_v2.md","f8c1e07469d8fce3148ad7c53f3ebb7f02fa312d8e0b724f6912808923385d29","true","0-5","","","","","","","","","","","","","","/Users/scott/Desktop/Archive/_pass_c_abandoned_runs/20260526/prepared/bvr-spendcompmgmt-121704b-e31821/working/prescience_scores_27b_passC_v1.csv","7c38ce5596a7674e148adf9442ef8eb3b1f615ed9f9b2452ba9d88d981946d5a","unknown","","","","","true","true","agent_quality_regression_may26","","","","","","","","","","no_explicitly_rejected","","","DROP","T2,T4,T5,T6,T7","keep_for_triangulation_only",""
"mac_abandoned_run_callcenteroptimization-researchreport-rk-3503-0ea8b5_2026-05-29","mac_abandoned_run","/Users/scott/Desktop/Archive/_pass_c_abandoned_runs/20260526/prepared/callcenteroptimization-researchreport-rk-3503-0ea8b5/working","","","","/Users/scott/Desktop/Archive/prescience_score_prompt_v2.md","f8c1e07469d8fce3148ad7c53f3ebb7f02fa312d8e0b724f6912808923385d29","true","0-5","","","","","","","","","","","","","","/Users/scott/Desktop/Archive/_pass_c_abandoned_runs/20260526/prepared/callcenteroptimization-researchreport-rk-3503-0ea8b5/working/prescience_scores_27b_passC_v1.csv","708704c711490cdd61333a7c553eeb885e51f6f46c6fffd3b9d797987860b51c","unknown","","","","","true","true","agent_quality_regression_may26","","","","","","","","","","no_explicitly_rejected","","","DROP","T2,T4,T5,T6,T7","keep_for_triangulation_only",""
"mac_abandoned_run_callcenterstoc-46e10a_2026-05-29","mac_abandoned_run","/Users/scott/Desktop/Archive/_pass_c_abandoned_runs/20260526/prepared/callcenterstoc-46e10a/working","","","","/Users/scott/Desktop/Archive/prescience_score_prompt_v2.md","f8c1e07469d8fce3148ad7c53f3ebb7f02fa312d8e0b724f6912808923385d29","true","0-5","","","","","","","","","","","","","","/Users/scott/Desktop/Archive/_pass_c_abandoned_runs/20260526/prepared/callcenterstoc-46e10a/working/prescience_scores_27b_passC_v1.csv","dd2d905a26e5af96ea477e8755a848ce70ed2fc008388bf1268ed12c1e7a7139","unknown","","","","","true","true","agent_quality_regression_may26","","","","","","","","","","no_explicitly_rejected","","","DROP","T2,T4,T5,T6,T7","keep_for_triangulation_only",""
"mac_abandoned_run_citadelsnapshot-654e06_2026-05-29","mac_abandoned_run","/Users/scott/Desktop/Archive/_pass_c_abandoned_runs/20260526/prepared/citadelsnapshot-654e06/working","","","","/Users/scott/Desktop/Archive/prescience_score_prompt_v2.md","f8c1e07469d8fce3148ad7c53f3ebb7f02fa312d8e0b724f6912808923385d29","true","0-5","","","","","","","","","","","","","","/Users/scott/Desktop/Archive/_pass_c_abandoned_runs/20260526/prepared/citadelsnapshot-654e06/working/prescience_scores_27b_passC_v1.csv","3b65b9e10e1cc3179953c55cf6337eedf2718d9eed9cd35ace667df8a94ff9ec","unknown","","","","","true","true","agent_quality_regression_may26","","","","","","","","","","no_explicitly_rejected","","","DROP","T2,T4,T5,T6,T7","keep_for_triangulation_only",""
"mac_abandoned_run_clm-q2c-rb-vp-3879-bc4f62_2026-05-29","mac_abandoned_run","/Users/scott/Desktop/Archive/_pass_c_abandoned_runs/20260526/prepared/clm-q2c-rb-vp-3879-bc4f62/working","","","","/Users/scott/Desktop/Archive/prescience_score_prompt_v2.md","f8c1e07469d8fce3148ad7c53f3ebb7f02fa312d8e0b724f6912808923385d29","true","0-5","","","","","","","","","","","","","","/Users/scott/Desktop/Archive/_pass_c_abandoned_runs/20260526/prepared/clm-q2c-rb-vp-3879-bc4f62/working/prescience_scores_27b_passC_v1.csv","675611622d3fd4b5390cd96ce168832385030f9296eaa07d7f21b3a8afa18403","unknown","","","","","true","true","agent_quality_regression_may26","","","","","","","","","","no_explicitly_rejected","","","DROP","T2,T4,T5,T6,T7","keep_for_triangulation_only",""
"mac_abandoned_run_clpbenchmark-3708-63ff3f_2026-05-29","mac_abandoned_run","/Users/scott/Desktop/Archive/_pass_c_abandoned_runs/20260526/prepared/clpbenchmark-3708-63ff3f/working","","","","/Users/scott/Desktop/Archive/prescience_score_prompt_v2.md","f8c1e07469d8fce3148ad7c53f3ebb7f02fa312d8e0b724f6912808923385d29","true","0-5","","","","","","","","","","","","","","/Users/scott/Desktop/Archive/_pass_c_abandoned_runs/20260526/prepared/clpbenchmark-3708-63ff3f/working/prescience_scores_27b_passC_v1.csv","366f135a7b7fcacab2108e2e56be1f7aee85aebca7db51879e54a1cb2c301d7a","unknown","","","","","true","true","agent_quality_regression_may26","","","","","","","","","","no_explicitly_rejected","","","DROP","T2,T4,T5,T6,T7","keep_for_triangulation_only",""
"mac_abandoned_run_cm-q2c-vp-3715-aa1364_2026-05-29","mac_abandoned_run","/Users/scott/Desktop/Archive/_pass_c_abandoned_runs/20260526/prepared/cm-q2c-vp-3715-aa1364/working","","","","/Users/scott/Desktop/Archive/prescience_score_prompt_v2.md","f8c1e07469d8fce3148ad7c53f3ebb7f02fa312d8e0b724f6912808923385d29","true","0-5","","","","","","","","","","","","","","/Users/scott/Desktop/Archive/_pass_c_abandoned_runs/20260526/prepared/cm-q2c-vp-3715-aa1364/working/prescience_scores_27b_passC_v1.csv","9ea4478d1adc209f2dcf841227919ce7013e25bc0f82bf17a4b3139f6f3e2d10","unknown","","","","","true","true","agent_quality_regression_may26","","","","","","","","","","no_explicitly_rejected","","","DROP","T2,T4,T5,T6,T7","keep_for_triangulation_only",""
"mac_abandoned_run_cobionsnapshot-6c1ec0_2026-05-29","mac_abandoned_run","/Users/scott/Desktop/Archive/_pass_c_abandoned_runs/20260526/prepared/cobionsnapshot-6c1ec0/working","","","","/Users/scott/Desktop/Archive/prescience_score_prompt_v2.md","f8c1e07469d8fce3148ad7c53f3ebb7f02fa312d8e0b724f6912808923385d29","true","0-5","","","","","","","","","","","","","","/Users/scott/Desktop/Archive/_pass_c_abandoned_runs/20260526/prepared/cobionsnapshot-6c1ec0/working/prescience_scores_27b_passC_v1.csv","6b8f625b8d5e36ecc4566f986e27927fd7a89c09c77a9b6747b5449c97c12106","unknown","","","","","true","true","agent_quality_regression_may26","","","","","","","","","","no_explicitly_rejected","","","DROP","T2,T4,T5,T6,T7","keep_for_triangulation_only",""
"mac_abandoned_run_compaqsnapshot-65b991_2026-05-29","mac_abandoned_run","/Users/scott/Desktop/Archive/_pass_c_abandoned_runs/20260526/prepared/compaqsnapshot-65b991/working","","","","/Users/scott/Desktop/Archive/prescience_score_prompt_v2.md","f8c1e07469d8fce3148ad7c53f3ebb7f02fa312d8e0b724f6912808923385d29","true","0-5","","","","","","","","","","","","","","/Users/scott/Desktop/Archive/_pass_c_abandoned_runs/20260526/prepared/compaqsnapshot-65b991/working/prescience_scores_27b_passC_v1.csv","236caaa3c6cb2a20e11fa5afc0fbf154301995847c8846f05186d1a4beacbb93","unknown","","","","","true","true","agent_quality_regression_may26","","","","","","","","","","no_explicitly_rejected","","","DROP","T2,T4,T5,T6,T7","keep_for_triangulation_only",""
"mac_abandoned_run_computerassociatessnapshot-17f654_2026-05-29","mac_abandoned_run","/Users/scott/Desktop/Archive/_pass_c_abandoned_runs/20260526/prepared/computerassociatessnapshot-17f654/working","","","","/Users/scott/Desktop/Archive/prescience_score_prompt_v2.md","f8c1e07469d8fce3148ad7c53f3ebb7f02fa312d8e0b724f6912808923385d29","true","0-5","","","","","","","","","","","","","","/Users/scott/Desktop/Archive/_pass_c_abandoned_runs/20260526/prepared/computerassociatessnapshot-17f654/working/prescience_scores_27b_passC_v1.csv","2c8f533e0b5da8f158ae5f642ea65e55f2097cebecfe5a677baadb468628f8d5","unknown","","","","","true","true","agent_quality_regression_may26","","","","","","","","","","no_explicitly_rejected","","","DROP","T2,T4,T5,T6,T7","keep_for_triangulation_only",""
"mac_abandoned_run_configuresoftsnapshot-2caf8d_2026-05-29","mac_abandoned_run","/Users/scott/Desktop/Archive/_pass_c_abandoned_runs/20260526/prepared/configuresoftsnapshot-2caf8d/working","","","","/Users/scott/Desktop/Archive/prescience_score_prompt_v2.md","f8c1e07469d8fce3148ad7c53f3ebb7f02fa312d8e0b724f6912808923385d29","true","0-5","","","","","","","","","","","","","","/Users/scott/Desktop/Archive/_pass_c_abandoned_runs/20260526/prepared/configuresoftsnapshot-2caf8d/working/prescience_scores_27b_passC_v1.csv","81633fbc217640726b8a0dfb35074f16f4540960e1bb4e6c60b09f9fcbe1957f","unknown","","","","","true","true","agent_quality_regression_may26","","","","","","","","","","no_explicitly_rejected","","","DROP","T2,T4,T5,T6,T7","keep_for_triangulation_only",""
"mac_abandoned_run_courionsnapshot-f4ea3e_2026-05-29","mac_abandoned_run","/Users/scott/Desktop/Archive/_pass_c_abandoned_runs/20260526/prepared/courionsnapshot-f4ea3e/working","","","","/Users/scott/Desktop/Archive/prescience_score_prompt_v2.md","f8c1e07469d8fce3148ad7c53f3ebb7f02fa312d8e0b724f6912808923385d29","true","0-5","","","","","","","","","","","","","","/Users/scott/Desktop/Archive/_pass_c_abandoned_runs/20260526/prepared/courionsnapshot-f4ea3e/working/prescience_scores_27b_passC_v1.csv","09513e84d2d03281ed50b384b93406c6a45be20ac3cb7077b2c2faeee6d3fedd","unknown","","","","","true","true","agent_quality_regression_may26","","","","","","","","","","no_explicitly_rejected","","","DROP","T2,T4,T5,T6,T7","keep_for_triangulation_only",""
"mac_abandoned_run_cposummit-techservices-cd-vc-3816-690612_2026-05-29","mac_abandoned_run","/Users/scott/Desktop/Archive/_pass_c_abandoned_runs/20260526/prepared/cposummit-techservices-cd-vc-3816-690612/working","","","","/Users/scott/Desktop/Archive/prescience_score_prompt_v2.md","f8c1e07469d8fce3148ad7c53f3ebb7f02fa312d8e0b724f6912808923385d29","true","0-5","","","","","","","","","","","","","","/Users/scott/Desktop/Archive/_pass_c_abandoned_runs/20260526/prepared/cposummit-techservices-cd-vc-3816-690612/working/prescience_scores_27b_passC_v1.csv","65921025c43bd2e35bd7eb7ce33dda1393e6eb36a86b273aa56937c35a42da4d","unknown","","","","","true","true","agent_quality_regression_may26","","","","","","","","","","no_explicitly_rejected","","","DROP","T2,T4,T5,T6,T7","keep_for_triangulation_only",""
"mac_abandoned_run_crmdatasheet-2fa361_2026-05-29","mac_abandoned_run","/Users/scott/Desktop/Archive/_pass_c_abandoned_runs/20260526/prepared/crmdatasheet-2fa361/working","","","","/Users/scott/Desktop/Archive/prescience_score_prompt_v2.md","f8c1e07469d8fce3148ad7c53f3ebb7f02fa312d8e0b724f6912808923385d29","true","0-5","","","","","","","","","","","","","","/Users/scott/Desktop/Archive/_pass_c_abandoned_runs/20260526/prepared/crmdatasheet-2fa361/working/prescience_scores_27b_passC_v1.csv","fe66323279dd7263a6f9aa5785959e48f19afea41c7b2542e445b7b3846b93d7","unknown","","","","","true","true","agent_quality_regression_may26","","","","","","","","","","no_explicitly_rejected","","","DROP","T2,T4,T5,T6,T7","keep_for_triangulation_only",""
"mac_abandoned_run_crmeuropetoc-8d72da_2026-05-29","mac_abandoned_run","/Users/scott/Desktop/Archive/_pass_c_abandoned_runs/20260526/prepared/crmeuropetoc-8d72da/working","","","","/Users/scott/Desktop/Archive/prescience_score_prompt_v2.md","f8c1e07469d8fce3148ad7c53f3ebb7f02fa312d8e0b724f6912808923385d29","true","0-5","","","","","","","","","","","","","","/Users/scott/Desktop/Archive/_pass_c_abandoned_runs/20260526/prepared/crmeuropetoc-8d72da/working/prescience_scores_27b_passC_v1.csv","15f8806c4571aa45795e145ec58c2d61de5f700134ab62251fc520334c8c16a9","unknown","","","","","true","true","agent_quality_regression_may26","","","","","","","","","","no_explicitly_rejected","","","DROP","T2,T4,T5,T6,T7","keep_for_triangulation_only",""
"mac_abandoned_run_crmreportwebtoc-fedb33_2026-05-29","mac_abandoned_run","/Users/scott/Desktop/Archive/_pass_c_abandoned_runs/20260526/prepared/crmreportwebtoc-fedb33/working","","","","/Users/scott/Desktop/Archive/prescience_score_prompt_v2.md","f8c1e07469d8fce3148ad7c53f3ebb7f02fa312d8e0b724f6912808923385d29","true","0-5","","","","","","","","","","","","","","/Users/scott/Desktop/Archive/_pass_c_abandoned_runs/20260526/prepared/crmreportwebtoc-fedb33/working/prescience_scores_27b_passC_v1.csv","dcb0a941857e597bb4eb1b0b0ed8fc254be08b153a55f2163452eee9892c022d","unknown","","","","","true","true","agent_quality_regression_may26","","","","","","","","","","no_explicitly_rejected","","","DROP","T2,T4,T5,T6,T7","keep_for_triangulation_only",""
"mac_abandoned_run_crmspendingtoc-114504_2026-05-29","mac_abandoned_run","/Users/scott/Desktop/Archive/_pass_c_abandoned_runs/20260526/prepared/crmspendingtoc-114504/working","","","","/Users/scott/Desktop/Archive/prescience_score_prompt_v2.md","f8c1e07469d8fce3148ad7c53f3ebb7f02fa312d8e0b724f6912808923385d29","true","0-5","","","","","","","","","","","","","","/Users/scott/Desktop/Archive/_pass_c_abandoned_runs/20260526/prepared/crmspendingtoc-114504/working/prescience_scores_27b_passC_v1.csv","471aceb26828f5f27af183be0a091c9b5a70927b696a1869a4f0ac0705cd05d3","unknown","","","","","true","true","agent_quality_regression_may26","","","","","","","","","","no_explicitly_rejected","","","DROP","T2,T4,T5,T6,T7","keep_for_triangulation_only",""
"mac_abandoned_run_cryptocardsnapshot-3ce4c3_2026-05-29","mac_abandoned_run","/Users/scott/Desktop/Archive/_pass_c_abandoned_runs/20260526/prepared/cryptocardsnapshot-3ce4c3/working","","","","/Users/scott/Desktop/Archive/prescience_score_prompt_v2.md","f8c1e07469d8fce3148ad7c53f3ebb7f02fa312d8e0b724f6912808923385d29","true","0-5","","","","","","","","","","","","","","/Users/scott/Desktop/Archive/_pass_c_abandoned_runs/20260526/prepared/cryptocardsnapshot-3ce4c3/working/prescience_scores_27b_passC_v1.csv","ce6839780e12c6b31d0ff4dd8ec56d066e1d9ff4589b41d9ff1d7b9739a34351","unknown","","","","","true","true","agent_quality_regression_may26","","","","","","","","","","no_explicitly_rejected","","","DROP","T2,T4,T5,T6,T7","keep_for_triangulation_only",""
"mac_abandoned_run_dbbuyingguidetoc-1a0a0e_2026-05-29","mac_abandoned_run","/Users/scott/Desktop/Archive/_pass_c_abandoned_runs/20260526/prepared/dbbuyingguidetoc-1a0a0e/working","","","","/Users/scott/Desktop/Archive/prescience_score_prompt_v2.md","f8c1e07469d8fce3148ad7c53f3ebb7f02fa312d8e0b724f6912808923385d29","true","0-5","","","","","","","","","","","","","","/Users/scott/Desktop/Archive/_pass_c_abandoned_runs/20260526/prepared/dbbuyingguidetoc-1a0a0e/working/prescience_scores_27b_passC_v1.csv","11b00e57460953c4ad9d8920b21aae2f5ad88813bd901ce00e76b88362e707fc","unknown","","","","","true","true","agent_quality_regression_may26","","","","","","","","","","no_explicitly_rejected","","","DROP","T2,T4,T5,T6,T7","keep_for_triangulation_only",""
"mac_abandoned_run_dcd-dbb402_2026-05-29","mac_abandoned_run","/Users/scott/Desktop/Archive/_pass_c_abandoned_runs/20260526/prepared/dcd-dbb402/working","","","","/Users/scott/Desktop/Archive/prescience_score_prompt_v2.md","f8c1e07469d8fce3148ad7c53f3ebb7f02fa312d8e0b724f6912808923385d29","true","0-5","","","","","","","","","","","","","","/Users/scott/Desktop/Archive/_pass_c_abandoned_runs/20260526/prepared/dcd-dbb402/working/prescience_scores_27b_passC_v1.csv","2768ff2e0ee142779066e5badbee5580b52f9e1cb7499d8147b4dcd298c60504","unknown","","","","","true","true","agent_quality_regression_may26","","","","","","","","","","no_explicitly_rejected","","","DROP","T2,T4,T5,T6,T7","keep_for_triangulation_only",""
"mac_abandoned_run_dctcollateral-30d25c_2026-05-29","mac_abandoned_run","/Users/scott/Desktop/Archive/_pass_c_abandoned_runs/20260526/prepared/dctcollateral-30d25c/working","","","","/Users/scott/Desktop/Archive/prescience_score_prompt_v2.md","f8c1e07469d8fce3148ad7c53f3ebb7f02fa312d8e0b724f6912808923385d29","true","0-5","","","","","","","","","","","","","","/Users/scott/Desktop/Archive/_pass_c_abandoned_runs/20260526/prepared/dctcollateral-30d25c/working/prescience_scores_27b_passC_v1.csv","c5a1cf8a4ebb303542a543f3bb0b4db09df23590e8e4377cbada97dfb782d427","unknown","","","","","true","true","agent_quality_regression_may26","","","","","","","","","","no_explicitly_rejected","","","DROP","T2,T4,T5,T6,T7","keep_for_triangulation_only",""
"mac_abandoned_run_dell-sap-v6-79226d_2026-05-29","mac_abandoned_run","/Users/scott/Desktop/Archive/_pass_c_abandoned_runs/20260526/prepared/dell-sap-v6-79226d/working","","","","/Users/scott/Desktop/Archive/prescience_score_prompt_v2.md","f8c1e07469d8fce3148ad7c53f3ebb7f02fa312d8e0b724f6912808923385d29","true","0-5","","","","","","","","","","","","","","/Users/scott/Desktop/Archive/_pass_c_abandoned_runs/20260526/prepared/dell-sap-v6-79226d/working/prescience_scores_27b_passC_v1.csv","ee3d32ce92d28fda1fe679b4daeaf1fe4e3098da4b3ee759a42c0b822a0e7c05","unknown","","","","","true","true","agent_quality_regression_may26","","","","","","","","","","no_explicitly_rejected","","","DROP","T2,T4,T5,T6,T7","keep_for_triangulation_only",""
"mac_abandoned_run_dell-services-kastner-051904-a25a59_2026-05-29","mac_abandoned_run","/Users/scott/Desktop/Archive/_pass_c_abandoned_runs/20260526/prepared/dell-services-kastner-051904-a25a59/working","1","1","1","/Users/scott/Desktop/Archive/prescience_score_prompt_v2.md","f8c1e07469d8fce3148ad7c53f3ebb7f02fa312d8e0b724f6912808923385d29","true","0-5","","","","","","","","","","","","","","/Users/scott/Desktop/Archive/_pass_c_abandoned_runs/20260526/prepared/dell-services-kastner-051904-a25a59/working/prescience_scores_27b_passC_v1.csv","27672862b3f4872b9adcc00d4e3807886770048572d618eb0bc79875d2e43b68","unknown","","","","","true","true","agent_quality_regression_may26","","","0","0","0","0.0000","","0","0","no_explicitly_rejected","","","DROP","T2,T4,T5,T6,T7","keep_for_triangulation_only",""
"mac_abandoned_run_dellsnapshot-db9d8f_2026-05-29","mac_abandoned_run","/Users/scott/Desktop/Archive/_pass_c_abandoned_runs/20260526/prepared/dellsnapshot-db9d8f/working","","","","/Users/scott/Desktop/Archive/prescience_score_prompt_v2.md","f8c1e07469d8fce3148ad7c53f3ebb7f02fa312d8e0b724f6912808923385d29","true","0-5","","","","","","","","","","","","","","/Users/scott/Desktop/Archive/_pass_c_abandoned_runs/20260526/prepared/dellsnapshot-db9d8f/working/prescience_scores_27b_passC_v1.csv","879d0381cbfa003a84e401c34102d9b154828ca3c614e217e27ab59718211a45","unknown","","","","","true","true","agent_quality_regression_may26","","","","","","","","","","no_explicitly_rejected","","","DROP","T2,T4,T5,T6,T7","keep_for_triangulation_only",""
"mac_abandoned_run_devwsreporttoc-60f6e8_2026-05-29","mac_abandoned_run","/Users/scott/Desktop/Archive/_pass_c_abandoned_runs/20260526/prepared/devwsreporttoc-60f6e8/working","","","","/Users/scott/Desktop/Archive/prescience_score_prompt_v2.md","f8c1e07469d8fce3148ad7c53f3ebb7f02fa312d8e0b724f6912808923385d29","true","0-5","","","","","","","","","","","","","","/Users/scott/Desktop/Archive/_pass_c_abandoned_runs/20260526/prepared/devwsreporttoc-60f6e8/working/prescience_scores_27b_passC_v1.csv","320a03a12065308ea8e4a1c086a1b9b3355e1c11b77154b07dba3defc7252a9e","unknown","","","","","true","true","agent_quality_regression_may26","","","","","","","","","","no_explicitly_rejected","","","DROP","T2,T4,T5,T6,T7","keep_for_triangulation_only",""
"mac_abandoned_run_e-learning-fd5d01_2026-05-29","mac_abandoned_run","/Users/scott/Desktop/Archive/_pass_c_abandoned_runs/20260526/prepared/e-learning-fd5d01/working","","","","/Users/scott/Desktop/Archive/prescience_score_prompt_v2.md","f8c1e07469d8fce3148ad7c53f3ebb7f02fa312d8e0b724f6912808923385d29","true","0-5","","","","","","","","","","","","","","/Users/scott/Desktop/Archive/_pass_c_abandoned_runs/20260526/prepared/e-learning-fd5d01/working/prescience_scores_27b_passC_v1.csv","3d8dc904e51374bc96e05556eaa8295807388f420352ab975d6fdaa8d1fe6f1b","unknown","","","","","true","true","agent_quality_regression_may26","","","","","","","","","","no_explicitly_rejected","","","DROP","T2,T4,T5,T6,T7","keep_for_triangulation_only",""
"mac_abandoned_run_e-proc-tech-rb-vc-ab-3778-7525d9_2026-05-29","mac_abandoned_run","/Users/scott/Desktop/Archive/_pass_c_abandoned_runs/20260526/prepared/e-proc-tech-rb-vc-ab-3778-7525d9/working","","","","/Users/scott/Desktop/Archive/prescience_score_prompt_v2.md","f8c1e07469d8fce3148ad7c53f3ebb7f02fa312d8e0b724f6912808923385d29","true","0-5","","","","","","","","","","","","","","/Users/scott/Desktop/Archive/_pass_c_abandoned_runs/20260526/prepared/e-proc-tech-rb-vc-ab-3778-7525d9/working/prescience_scores_27b_passC_v1.csv","50ec3f29ffe646c60a1b19f61cdbcf248edf8f4169e923b27181ced55bc57c7d","unknown","","","","","true","true","agent_quality_regression_may26","","","","","","","","","","no_explicitly_rejected","","","DROP","T2,T4,T5,T6,T7","keep_for_triangulation_only",""
"mac_abandoned_run_e-recruitmentabridgedtoc-57b416_2026-05-29","mac_abandoned_run","/Users/scott/Desktop/Archive/_pass_c_abandoned_runs/20260526/prepared/e-recruitmentabridgedtoc-57b416/working","","","","/Users/scott/Desktop/Archive/prescience_score_prompt_v2.md","f8c1e07469d8fce3148ad7c53f3ebb7f02fa312d8e0b724f6912808923385d29","true","0-5","","","","","","","","","","","","","","/Users/scott/Desktop/Archive/_pass_c_abandoned_runs/20260526/prepared/e-recruitmentabridgedtoc-57b416/working/prescience_scores_27b_passC_v1.csv","6798d48f2d7ede5c3adcedb53cf732d7a8d984105cc0227b7c7f9db589e2c07f","unknown","","","","","true","true","agent_quality_regression_may26","","","","","","","","","","no_explicitly_rejected","","","DROP","T2,T4,T5,T6,T7","keep_for_triangulation_only",""
"mac_abandoned_run_e-sourcingfulltoc-ff36c8_2026-05-29","mac_abandoned_run","/Users/scott/Desktop/Archive/_pass_c_abandoned_runs/20260526/prepared/e-sourcingfulltoc-ff36c8/working","","","","/Users/scott/Desktop/Archive/prescience_score_prompt_v2.md","f8c1e07469d8fce3148ad7c53f3ebb7f02fa312d8e0b724f6912808923385d29","true","0-5","","","","","","","","","","","","","","/Users/scott/Desktop/Archive/_pass_c_abandoned_runs/20260526/prepared/e-sourcingfulltoc-ff36c8/working/prescience_scores_27b_passC_v1.csv","6dca97a1ce105287a85cd39f37ba9cb1d4ada77f19cdaa9dd90b076c88296ff1","unknown","","","","","true","true","agent_quality_regression_may26","","","","","","","","","","no_explicitly_rejected","","","DROP","T2,T4,T5,T6,T7","keep_for_triangulation_only",""
"mac_abandoned_run_ebi-spendingtoc-a6bf6a_2026-05-29","mac_abandoned_run","/Users/scott/Desktop/Archive/_pass_c_abandoned_runs/20260526/prepared/ebi-spendingtoc-a6bf6a/working","","","","/Users/scott/Desktop/Archive/prescience_score_prompt_v2.md","f8c1e07469d8fce3148ad7c53f3ebb7f02fa312d8e0b724f6912808923385d29","true","0-5","","","","","","","","","","","","","","/Users/scott/Desktop/Archive/_pass_c_abandoned_runs/20260526/prepared/ebi-spendingtoc-a6bf6a/working/prescience_scores_27b_passC_v1.csv","8676362877e200a4867726708f64d5b76e04f38c869a9554d8347aad8d1d6a29","unknown","","","","","true","true","agent_quality_regression_may26","","","","","","","","","","no_explicitly_rejected","","","DROP","T2,T4,T5,T6,T7","keep_for_triangulation_only",""
"mac_abandoned_run_edocssnapshot-8a34df_2026-05-29","mac_abandoned_run","/Users/scott/Desktop/Archive/_pass_c_abandoned_runs/20260526/prepared/edocssnapshot-8a34df/working","","","","/Users/scott/Desktop/Archive/prescience_score_prompt_v2.md","f8c1e07469d8fce3148ad7c53f3ebb7f02fa312d8e0b724f6912808923385d29","true","0-5","","","","","","","","","","","","","","/Users/scott/Desktop/Archive/_pass_c_abandoned_runs/20260526/prepared/edocssnapshot-8a34df/working/prescience_scores_27b_passC_v1.csv","cfea004f5a80293b94165bb3238f3419d916fd999975d4bddc60008b5e5aa12c","unknown","","","","","true","true","agent_quality_regression_may26","","","","","","","","","","no_explicitly_rejected","","","DROP","T2,T4,T5,T6,T7","keep_for_triangulation_only",""
"mac_abandoned_run_eiitoc-742f80_2026-05-29","mac_abandoned_run","/Users/scott/Desktop/Archive/_pass_c_abandoned_runs/20260526/prepared/eiitoc-742f80/working","","","","/Users/scott/Desktop/Archive/prescience_score_prompt_v2.md","f8c1e07469d8fce3148ad7c53f3ebb7f02fa312d8e0b724f6912808923385d29","true","0-5","","","","","","","","","","","","","","/Users/scott/Desktop/Archive/_pass_c_abandoned_runs/20260526/prepared/eiitoc-742f80/working/prescience_scores_27b_passC_v1.csv","5f05ed34fecb384581d3e8753b21225737c28b96eb845e3407cf8f25c9aaff13","unknown","","","","","true","true","agent_quality_regression_may26","","","","","","","","","","no_explicitly_rejected","","","DROP","T2,T4,T5,T6,T7","keep_for_triangulation_only",""
"mac_abandoned_run_eimtoc-71da8d_2026-05-29","mac_abandoned_run","/Users/scott/Desktop/Archive/_pass_c_abandoned_runs/20260526/prepared/eimtoc-71da8d/working","","","","/Users/scott/Desktop/Archive/prescience_score_prompt_v2.md","f8c1e07469d8fce3148ad7c53f3ebb7f02fa312d8e0b724f6912808923385d29","true","0-5","","","","","","","","","","","","","","/Users/scott/Desktop/Archive/_pass_c_abandoned_runs/20260526/prepared/eimtoc-71da8d/working/prescience_scores_27b_passC_v1.csv","9f4bbbdf1669eff7145f13d8769cc4d92fa6e946f502ff4866935f931a2c9a61","unknown","","","","","true","true","agent_quality_regression_may26","","","","","","","","","","no_explicitly_rejected","","","DROP","T2,T4,T5,T6,T7","keep_for_triangulation_only",""
"mac_abandoned_run_emabestpracticestoc-1fb7cd_2026-05-29","mac_abandoned_run","/Users/scott/Desktop/Archive/_pass_c_abandoned_runs/20260526/prepared/emabestpracticestoc-1fb7cd/working","","","","/Users/scott/Desktop/Archive/prescience_score_prompt_v2.md","f8c1e07469d8fce3148ad7c53f3ebb7f02fa312d8e0b724f6912808923385d29","true","0-5","","","","","","","","","","","","","","/Users/scott/Desktop/Archive/_pass_c_abandoned_runs/20260526/prepared/emabestpracticestoc-1fb7cd/working/prescience_scores_27b_passC_v1.csv","196e617aeb6f5d91ca7bfa96b7639b169af7f327d03336b34985d5b5dbae4726","unknown","","","","","true","true","agent_quality_regression_may26","","","","","","","","","","no_explicitly_rejected","","","DROP","T2,T4,T5,T6,T7","keep_for_triangulation_only",""
"mac_abandoned_run_emagia2-922390_2026-05-29","mac_abandoned_run","/Users/scott/Desktop/Archive/_pass_c_abandoned_runs/20260526/prepared/emagia2-922390/working","","","","/Users/scott/Desktop/Archive/prescience_score_prompt_v2.md","f8c1e07469d8fce3148ad7c53f3ebb7f02fa312d8e0b724f6912808923385d29","true","0-5","","","","","","","","","","","","","","/Users/scott/Desktop/Archive/_pass_c_abandoned_runs/20260526/prepared/emagia2-922390/working/prescience_scores_27b_passC_v1.csv","e9631f2c56fe2159b0e3baf8c888edc3a78bd472ae9ba9c14a1c599cb2cd0ac0","unknown","","","","","true","true","agent_quality_regression_may26","","","","","","","","","","no_explicitly_rejected","","","DROP","T2,T4,T5,T6,T7","keep_for_triangulation_only",""
"mac_abandoned_run_emailmarketing-8a22e9_2026-05-29","mac_abandoned_run","/Users/scott/Desktop/Archive/_pass_c_abandoned_runs/20260526/prepared/emailmarketing-8a22e9/working","","","","/Users/scott/Desktop/Archive/prescience_score_prompt_v2.md","f8c1e07469d8fce3148ad7c53f3ebb7f02fa312d8e0b724f6912808923385d29","true","0-5","","","","","","","","","","","","","","/Users/scott/Desktop/Archive/_pass_c_abandoned_runs/20260526/prepared/emailmarketing-8a22e9/working/prescience_scores_27b_passC_v1.csv","d6d5f08c88ae39dcb129184f8ed187a23f92e4cc2dffb92a2cbb5f8cbba44135","unknown","","","","","true","true","agent_quality_regression_may26","","","","","","","","","","no_explicitly_rejected","","","DROP","T2,T4,T5,T6,T7","keep_for_triangulation_only",""
"mac_abandoned_run_endpointdp-bg-3717-8ecfb0_2026-05-29","mac_abandoned_run","/Users/scott/Desktop/Archive/_pass_c_abandoned_runs/20260526/prepared/endpointdp-bg-3717-8ecfb0/working","","","","/Users/scott/Desktop/Archive/prescience_score_prompt_v2.md","f8c1e07469d8fce3148ad7c53f3ebb7f02fa312d8e0b724f6912808923385d29","true","0-5","","","","","","","","","","","","","","/Users/scott/Desktop/Archive/_pass_c_abandoned_runs/20260526/prepared/endpointdp-bg-3717-8ecfb0/working/prescience_scores_27b_passC_v1.csv","fd8ef58c8e5ae2a83ecc53086c444ddb366ff330af5f181cfb4169c0eb86fc5f","unknown","","","","","true","true","agent_quality_regression_may26","","","","","","","","","","no_explicitly_rejected","","","DROP","T2,T4,T5,T6,T7","keep_for_triangulation_only",""
"mac_abandoned_run_entrustsnapshot-f78f15_2026-05-29","mac_abandoned_run","/Users/scott/Desktop/Archive/_pass_c_abandoned_runs/20260526/prepared/entrustsnapshot-f78f15/working","","","","/Users/scott/Desktop/Archive/prescience_score_prompt_v2.md","f8c1e07469d8fce3148ad7c53f3ebb7f02fa312d8e0b724f6912808923385d29","true","0-5","","","","","","","","","","","","","","/Users/scott/Desktop/Archive/_pass_c_abandoned_runs/20260526/prepared/entrustsnapshot-f78f15/working/prescience_scores_27b_passC_v1.csv","900ba26255185c95bd5648bb7a59588c8bf20592778f104eb30c10efaf8ccc96","unknown","","","","","true","true","agent_quality_regression_may26","","","","","","","","","","no_explicitly_rejected","","","DROP","T2,T4,T5,T6,T7","keep_for_triangulation_only",""
"mac_abandoned_run_epresencesnapshot-69ff57_2026-05-29","mac_abandoned_run","/Users/scott/Desktop/Archive/_pass_c_abandoned_runs/20260526/prepared/epresencesnapshot-69ff57/working","","","","/Users/scott/Desktop/Archive/prescience_score_prompt_v2.md","f8c1e07469d8fce3148ad7c53f3ebb7f02fa312d8e0b724f6912808923385d29","true","0-5","","","","","","","","","","","","","","/Users/scott/Desktop/Archive/_pass_c_abandoned_runs/20260526/prepared/epresencesnapshot-69ff57/working/prescience_scores_27b_passC_v1.csv","542b5a2976f93b3f3d2a2fb02c44f40bb3406bd25ec85232e467061979f10353","unknown","","","","","true","true","agent_quality_regression_may26","","","","","","","","","","no_explicitly_rejected","","","DROP","T2,T4,T5,T6,T7","keep_for_triangulation_only",""
"mac_abandoned_run_erp-snapshot-7d2836_2026-05-29","mac_abandoned_run","/Users/scott/Desktop/Archive/_pass_c_abandoned_runs/20260526/prepared/erp-snapshot-7d2836/working","","","","/Users/scott/Desktop/Archive/prescience_score_prompt_v2.md","f8c1e07469d8fce3148ad7c53f3ebb7f02fa312d8e0b724f6912808923385d29","true","0-5","","","","","","","","","","","","","","/Users/scott/Desktop/Archive/_pass_c_abandoned_runs/20260526/prepared/erp-snapshot-7d2836/working/prescience_scores_27b_passC_v1.csv","363dd86180923c99fcc7d63bc51b44321d52cdc4359e981efe81c9bc90b1f73a","unknown","","","","","true","true","agent_quality_regression_may26","","","","","","","","","","no_explicitly_rejected","","","DROP","T2,T4,T5,T6,T7","keep_for_triangulation_only",""
"mac_abandoned_run_esourcing-a513ee_2026-05-29","mac_abandoned_run","/Users/scott/Desktop/Archive/_pass_c_abandoned_runs/20260526/prepared/esourcing-a513ee/working","","","","/Users/scott/Desktop/Archive/prescience_score_prompt_v2.md","f8c1e07469d8fce3148ad7c53f3ebb7f02fa312d8e0b724f6912808923385d29","true","0-5","","","","","","","","","","","","","","/Users/scott/Desktop/Archive/_pass_c_abandoned_runs/20260526/prepared/esourcing-a513ee/working/prescience_scores_27b_passC_v1.csv","331c84256aaf2d16dcd0011cf4b50e7dd16673ea856728a987f510ea817eac85","unknown","","","","","true","true","agent_quality_regression_may26","","","","","","","","","","no_explicitly_rejected","","","DROP","T2,T4,T5,T6,T7","keep_for_triangulation_only",""
"mac_abandoned_run_eurowiress-13e05b_2026-05-29","mac_abandoned_run","/Users/scott/Desktop/Archive/_pass_c_abandoned_runs/20260526/prepared/eurowiress-13e05b/working","","","","/Users/scott/Desktop/Archive/prescience_score_prompt_v2.md","f8c1e07469d8fce3148ad7c53f3ebb7f02fa312d8e0b724f6912808923385d29","true","0-5","","","","","","","","","","","","","","/Users/scott/Desktop/Archive/_pass_c_abandoned_runs/20260526/prepared/eurowiress-13e05b/working/prescience_scores_27b_passC_v1.csv","70bc74fc4855ea4d7ea8e77fcb20b95070b4169d2651c2e461d116c9be8325a9","unknown","","","","","true","true","agent_quality_regression_may26","","","","","","","","","","no_explicitly_rejected","","","DROP","T2,T4,T5,T6,T7","keep_for_triangulation_only",""
"mac_abandoned_run_examensnapshot-cf83e1_2026-05-29","mac_abandoned_run","/Users/scott/Desktop/Archive/_pass_c_abandoned_runs/20260526/prepared/examensnapshot-cf83e1/working","","","","/Users/scott/Desktop/Archive/prescience_score_prompt_v2.md","f8c1e07469d8fce3148ad7c53f3ebb7f02fa312d8e0b724f6912808923385d29","true","0-5","","","","","","","","","","","","","","/Users/scott/Desktop/Archive/_pass_c_abandoned_runs/20260526/prepared/examensnapshot-cf83e1/working/prescience_scores_27b_passC_v1.csv","e2703cf2a59183d5d750b4fabe11f88c1cda73170d097d7d2ec60d1db0da3421","unknown","","","","","true","true","agent_quality_regression_may26","","","","","","","","","","no_explicitly_rejected","","","DROP","T2,T4,T5,T6,T7","keep_for_triangulation_only",""
"mac_abandoned_run_fdic-washington-cs-1995-e3de67_2026-05-29","mac_abandoned_run","/Users/scott/Desktop/Archive/_pass_c_abandoned_runs/20260526/prepared/fdic-washington-cs-1995-e3de67/working","","","","/Users/scott/Desktop/Archive/prescience_score_prompt_v2.md","f8c1e07469d8fce3148ad7c53f3ebb7f02fa312d8e0b724f6912808923385d29","true","0-5","","","","","","","","","","","","","","/Users/scott/Desktop/Archive/_pass_c_abandoned_runs/20260526/prepared/fdic-washington-cs-1995-e3de67/working/prescience_scores_27b_passC_v1.csv","7340ed40c5ed5826c2e3c5bd959d27eec4f571a59dd0e6c905bd2d786f0d32ba","unknown","","","","","true","true","agent_quality_regression_may26","","","","","","","","","","no_explicitly_rejected","","","DROP","T2,T4,T5,T6,T7","keep_for_triangulation_only",""
"mac_abandoned_run_firstwavesnapshot-506187_2026-05-29","mac_abandoned_run","/Users/scott/Desktop/Archive/_pass_c_abandoned_runs/20260526/prepared/firstwavesnapshot-506187/working","","","","/Users/scott/Desktop/Archive/prescience_score_prompt_v2.md","f8c1e07469d8fce3148ad7c53f3ebb7f02fa312d8e0b724f6912808923385d29","true","0-5","","","","","","","","","","","","","","/Users/scott/Desktop/Archive/_pass_c_abandoned_runs/20260526/prepared/firstwavesnapshot-506187/working/prescience_scores_27b_passC_v1.csv","05d5ee7906c5d996f456c20a174bdca9c228df03db1565653d290c744cd1b60e","unknown","","","","","true","true","agent_quality_regression_may26","","","","","","","","","","no_explicitly_rejected","","","DROP","T2,T4,T5,T6,T7","keep_for_triangulation_only",""
"mac_abandoned_run_fsmwebtoc-e69049_2026-05-29","mac_abandoned_run","/Users/scott/Desktop/Archive/_pass_c_abandoned_runs/20260526/prepared/fsmwebtoc-e69049/working","","","","/Users/scott/Desktop/Archive/prescience_score_prompt_v2.md","f8c1e07469d8fce3148ad7c53f3ebb7f02fa312d8e0b724f6912808923385d29","true","0-5","","","","","","","","","","","","","","/Users/scott/Desktop/Archive/_pass_c_abandoned_runs/20260526/prepared/fsmwebtoc-e69049/working/prescience_scores_27b_passC_v1.csv","f73128958041ed024292a21f74d13b50fdcda281190a83a4f929b39130ede667","unknown","","","","","true","true","agent_quality_regression_may26","","","","","","","","","","no_explicitly_rejected","","","DROP","T2,T4,T5,T6,T7","keep_for_triangulation_only",""
"mac_abandoned_run_fvcm-2d867b_2026-05-29","mac_abandoned_run","/Users/scott/Desktop/Archive/_pass_c_abandoned_runs/20260526/prepared/fvcm-2d867b/working","","","","/Users/scott/Desktop/Archive/prescience_score_prompt_v2.md","f8c1e07469d8fce3148ad7c53f3ebb7f02fa312d8e0b724f6912808923385d29","true","0-5","","","","","","","","","","","","","","/Users/scott/Desktop/Archive/_pass_c_abandoned_runs/20260526/prepared/fvcm-2d867b/working/prescience_scores_27b_passC_v1.csv","573af69caa873225b865329076affec6f517d57b50607d44fa74ae969898275b","unknown","","","","","true","true","agent_quality_regression_may26","","","","","","","","","","no_explicitly_rejected","","","DROP","T2,T4,T5,T6,T7","keep_for_triangulation_only",""
"mac_abandoned_run_fvcmwebtoc-5f0032_2026-05-29","mac_abandoned_run","/Users/scott/Desktop/Archive/_pass_c_abandoned_runs/20260526/prepared/fvcmwebtoc-5f0032/working","","","","/Users/scott/Desktop/Archive/prescience_score_prompt_v2.md","f8c1e07469d8fce3148ad7c53f3ebb7f02fa312d8e0b724f6912808923385d29","true","0-5","","","","","","","","","","","","","","/Users/scott/Desktop/Archive/_pass_c_abandoned_runs/20260526/prepared/fvcmwebtoc-5f0032/working/prescience_scores_27b_passC_v1.csv","f9c2bfede1c6dd06e7a75ef47d392c85d213fb7b68efc16a9911946bd5e8d9fc","unknown","","","","","true","true","agent_quality_regression_may26","","","","","","","","","","no_explicitly_rejected","","","DROP","T2,T4,T5,T6,T7","keep_for_triangulation_only",""
"mac_abandoned_run_g-logsnapshot-418c10_2026-05-29","mac_abandoned_run","/Users/scott/Desktop/Archive/_pass_c_abandoned_runs/20260526/prepared/g-logsnapshot-418c10/working","","","","/Users/scott/Desktop/Archive/prescience_score_prompt_v2.md","f8c1e07469d8fce3148ad7c53f3ebb7f02fa312d8e0b724f6912808923385d29","true","0-5","","","","","","","","","","","","","","/Users/scott/Desktop/Archive/_pass_c_abandoned_runs/20260526/prepared/g-logsnapshot-418c10/working/prescience_scores_27b_passC_v1.csv","a822580a51d0d0ebe0c4b966efec590e4a9f0a4ca57cfbbc1c8c6fa16ad14305","unknown","","","","","true","true","agent_quality_regression_may26","","","","","","","","","","no_explicitly_rejected","","","DROP","T2,T4,T5,T6,T7","keep_for_triangulation_only",""
"mac_abandoned_run_generationgap-c89824_2026-05-29","mac_abandoned_run","/Users/scott/Desktop/Archive/_pass_c_abandoned_runs/20260526/prepared/generationgap-c89824/working","","","","/Users/scott/Desktop/Archive/prescience_score_prompt_v2.md","f8c1e07469d8fce3148ad7c53f3ebb7f02fa312d8e0b724f6912808923385d29","true","0-5","","","","","","","","","","","","","","/Users/scott/Desktop/Archive/_pass_c_abandoned_runs/20260526/prepared/generationgap-c89824/working/prescience_scores_27b_passC_v1.csv","b29241a6dd89459519e7c8cac46b578c7a6f9b4a1f1e742f830b2230a4ff56f9","unknown","","","","","true","true","agent_quality_regression_may26","","","","","","","","","","no_explicitly_rejected","","","DROP","T2,T4,T5,T6,T7","keep_for_triangulation_only",""
"mac_abandoned_run_giliansnapshot-6fcaf6_2026-05-29","mac_abandoned_run","/Users/scott/Desktop/Archive/_pass_c_abandoned_runs/20260526/prepared/giliansnapshot-6fcaf6/working","","","","/Users/scott/Desktop/Archive/prescience_score_prompt_v2.md","f8c1e07469d8fce3148ad7c53f3ebb7f02fa312d8e0b724f6912808923385d29","true","0-5","","","","","","","","","","","","","","/Users/scott/Desktop/Archive/_pass_c_abandoned_runs/20260526/prepared/giliansnapshot-6fcaf6/working/prescience_scores_27b_passC_v1.csv","45cf379944e70e6750ab9793f89bde903babb2b95a0fa82115ff06c9bcc08cb2","unknown","","","","","true","true","agent_quality_regression_may26","","","","","","","","","","no_explicitly_rejected","","","DROP","T2,T4,T5,T6,T7","keep_for_triangulation_only",""
"mac_abandoned_run_gtnexussnapshot-16ab54_2026-05-29","mac_abandoned_run","/Users/scott/Desktop/Archive/_pass_c_abandoned_runs/20260526/prepared/gtnexussnapshot-16ab54/working","","","","/Users/scott/Desktop/Archive/prescience_score_prompt_v2.md","f8c1e07469d8fce3148ad7c53f3ebb7f02fa312d8e0b724f6912808923385d29","true","0-5","","","","","","","","","","","","","","/Users/scott/Desktop/Archive/_pass_c_abandoned_runs/20260526/prepared/gtnexussnapshot-16ab54/working/prescience_scores_27b_passC_v1.csv","18787c206d1c2894cad6d648444673e88722646d40edbc1e4f0255e3595901e8","unknown","","","","","true","true","agent_quality_regression_may26","","","","","","","","","","no_explicitly_rejected","","","DROP","T2,T4,T5,T6,T7","keep_for_triangulation_only",""
"mac_abandoned_run_handhelds-3ee4af_2026-05-29","mac_abandoned_run","/Users/scott/Desktop/Archive/_pass_c_abandoned_runs/20260526/prepared/handhelds-3ee4af/working","","","","/Users/scott/Desktop/Archive/prescience_score_prompt_v2.md","f8c1e07469d8fce3148ad7c53f3ebb7f02fa312d8e0b724f6912808923385d29","true","0-5","","","","","","","","","","","","","","/Users/scott/Desktop/Archive/_pass_c_abandoned_runs/20260526/prepared/handhelds-3ee4af/working/prescience_scores_27b_passC_v1.csv","13c35d58f1231f0e076d848502306d849e736bcd377cbba0cf0c2a88b9413b2d","unknown","","","","","true","true","agent_quality_regression_may26","","","","","","","","","","no_explicitly_rejected","","","DROP","T2,T4,T5,T6,T7","keep_for_triangulation_only",""
"mac_abandoned_run_hpsnapshot-31573d_2026-05-29","mac_abandoned_run","/Users/scott/Desktop/Archive/_pass_c_abandoned_runs/20260526/prepared/hpsnapshot-31573d/working","","","","/Users/scott/Desktop/Archive/prescience_score_prompt_v2.md","f8c1e07469d8fce3148ad7c53f3ebb7f02fa312d8e0b724f6912808923385d29","true","0-5","","","","","","","","","","","","","","/Users/scott/Desktop/Archive/_pass_c_abandoned_runs/20260526/prepared/hpsnapshot-31573d/working/prescience_scores_27b_passC_v1.csv","afd09b293e3a1a4bebc596284fc4ccedb927c67f35abc745da2f16b9ccd8579e","unknown","","","","","true","true","agent_quality_regression_may26","","","","","","","","","","no_explicitly_rejected","","","DROP","T2,T4,T5,T6,T7","keep_for_triangulation_only",""
"mac_abandoned_run_i2snapshot-e7bbb1_2026-05-29","mac_abandoned_run","/Users/scott/Desktop/Archive/_pass_c_abandoned_runs/20260526/prepared/i2snapshot-e7bbb1/working","","","","/Users/scott/Desktop/Archive/prescience_score_prompt_v2.md","f8c1e07469d8fce3148ad7c53f3ebb7f02fa312d8e0b724f6912808923385d29","true","0-5","","","","","","","","","","","","","","/Users/scott/Desktop/Archive/_pass_c_abandoned_runs/20260526/prepared/i2snapshot-e7bbb1/working/prescience_scores_27b_passC_v1.csv","429a1346aa5d5cca3912867622bd62c07632fdd41e22332b22e2d36925d2f832","unknown","","","","","true","true","agent_quality_regression_may26","","","","","","","","","","no_explicitly_rejected","","","DROP","T2,T4,T5,T6,T7","keep_for_triangulation_only",""
"mac_abandoned_run_iaa-7f9ede_2026-05-29","mac_abandoned_run","/Users/scott/Desktop/Archive/_pass_c_abandoned_runs/20260526/prepared/iaa-7f9ede/working","","","","/Users/scott/Desktop/Archive/prescience_score_prompt_v2.md","f8c1e07469d8fce3148ad7c53f3ebb7f02fa312d8e0b724f6912808923385d29","true","0-5","","","","","","","","","","","","","","/Users/scott/Desktop/Archive/_pass_c_abandoned_runs/20260526/prepared/iaa-7f9ede/working/prescience_scores_27b_passC_v1.csv","327a06b656f5b2b064b3cdcd2c4909d728863619ccf6ee918f3d89aa4c5241df","unknown","","","","","true","true","agent_quality_regression_may26","","","","","","","","","","no_explicitly_rejected","","","DROP","T2,T4,T5,T6,T7","keep_for_triangulation_only",""
"mac_abandoned_run_ibm-emcinsight-b4bde1_2026-05-29","mac_abandoned_run","/Users/scott/Desktop/Archive/_pass_c_abandoned_runs/20260526/prepared/ibm-emcinsight-b4bde1/working","","","","/Users/scott/Desktop/Archive/prescience_score_prompt_v2.md","f8c1e07469d8fce3148ad7c53f3ebb7f02fa312d8e0b724f6912808923385d29","true","0-5","","","","","","","","","","","","","","/Users/scott/Desktop/Archive/_pass_c_abandoned_runs/20260526/prepared/ibm-emcinsight-b4bde1/working/prescience_scores_27b_passC_v1.csv","8fa6fe7f76def69469e1fd35e2de577aa2510e9409fd1f4c774b98dbd20a91cc","unknown","","","","","true","true","agent_quality_regression_may26","","","","","","","","","","no_explicitly_rejected","","","DROP","T2,T4,T5,T6,T7","keep_for_triangulation_only",""
"mac_abandoned_run_ibmsnapshot-9b0905_2026-05-29","mac_abandoned_run","/Users/scott/Desktop/Archive/_pass_c_abandoned_runs/20260526/prepared/ibmsnapshot-9b0905/working","","","","/Users/scott/Desktop/Archive/prescience_score_prompt_v2.md","f8c1e07469d8fce3148ad7c53f3ebb7f02fa312d8e0b724f6912808923385d29","true","0-5","","","","","","","","","","","","","","/Users/scott/Desktop/Archive/_pass_c_abandoned_runs/20260526/prepared/ibmsnapshot-9b0905/working/prescience_scores_27b_passC_v1.csv","412922a962d661b2525221c61cb37bd163b89f598461f6b919f16d9784012a07","unknown","","","","","true","true","agent_quality_regression_may26","","","","","","","","","","no_explicitly_rejected","","","DROP","T2,T4,T5,T6,T7","keep_for_triangulation_only",""
"mac_abandoned_run_ilmprimerwpa-fd53e8_2026-05-29","mac_abandoned_run","/Users/scott/Desktop/Archive/_pass_c_abandoned_runs/20260526/prepared/ilmprimerwpa-fd53e8/working","","","","/Users/scott/Desktop/Archive/prescience_score_prompt_v2.md","f8c1e07469d8fce3148ad7c53f3ebb7f02fa312d8e0b724f6912808923385d29","true","0-5","","","","","","","","","","","","","","/Users/scott/Desktop/Archive/_pass_c_abandoned_runs/20260526/prepared/ilmprimerwpa-fd53e8/working/prescience_scores_27b_passC_v1.csv","4e302afd58e06bc0c20460bbe2b84fe4e903199ecb6f48d583225ba3fd359cd8","unknown","","","","","true","true","agent_quality_regression_may26","","","","","","","","","","no_explicitly_rejected","","","DROP","T2,T4,T5,T6,T7","keep_for_triangulation_only",""
"mac_abandoned_run_imperitosnapshot-8db06b_2026-05-29","mac_abandoned_run","/Users/scott/Desktop/Archive/_pass_c_abandoned_runs/20260526/prepared/imperitosnapshot-8db06b/working","","","","/Users/scott/Desktop/Archive/prescience_score_prompt_v2.md","f8c1e07469d8fce3148ad7c53f3ebb7f02fa312d8e0b724f6912808923385d29","true","0-5","","","","","","","","","","","","","","/Users/scott/Desktop/Archive/_pass_c_abandoned_runs/20260526/prepared/imperitosnapshot-8db06b/working/prescience_scores_27b_passC_v1.csv","a6c1711ad860da03d70bed75b222e931bcccab4214de6c0e43816e0997b3084f","unknown","","","","","true","true","agent_quality_regression_may26","","","","","","","","","","no_explicitly_rejected","","","DROP","T2,T4,T5,T6,T7","keep_for_triangulation_only",""
"mac_abandoned_run_infrastructure-speech-7f6c5b_2026-05-29","mac_abandoned_run","/Users/scott/Desktop/Archive/_pass_c_abandoned_runs/20260526/prepared/infrastructure-speech-7f6c5b/working","","","","/Users/scott/Desktop/Archive/prescience_score_prompt_v2.md","f8c1e07469d8fce3148ad7c53f3ebb7f02fa312d8e0b724f6912808923385d29","true","0-5","","","","","","","","","","","","","","/Users/scott/Desktop/Archive/_pass_c_abandoned_runs/20260526/prepared/infrastructure-speech-7f6c5b/working/prescience_scores_27b_passC_v1.csv","b4acc9185d72b8f83f7555462cc79298097829305dec92f4ba2a9037ab4fcb0c","unknown","","","","","true","true","agent_quality_regression_may26","","","","","","","","","","no_explicitly_rejected","","","DROP","T2,T4,T5,T6,T7","keep_for_triangulation_only",""
"mac_abandoned_run_integratedopticstoc-4b3a46_2026-05-29","mac_abandoned_run","/Users/scott/Desktop/Archive/_pass_c_abandoned_runs/20260526/prepared/integratedopticstoc-4b3a46/working","","","","/Users/scott/Desktop/Archive/prescience_score_prompt_v2.md","f8c1e07469d8fce3148ad7c53f3ebb7f02fa312d8e0b724f6912808923385d29","true","0-5","","","","","","","","","","","","","","/Users/scott/Desktop/Archive/_pass_c_abandoned_runs/20260526/prepared/integratedopticstoc-4b3a46/working/prescience_scores_27b_passC_v1.csv","3bc5b310ac10a835b2154088c831ac23c7edf1b1699ff1002f0c42b2b9ba44e6","unknown","","","","","true","true","agent_quality_regression_may26","","","","","","","","","","no_explicitly_rejected","","","DROP","T2,T4,T5,T6,T7","keep_for_triangulation_only",""
"mac_abandoned_run_ipolicysnapshot-398455_2026-05-29","mac_abandoned_run","/Users/scott/Desktop/Archive/_pass_c_abandoned_runs/20260526/prepared/ipolicysnapshot-398455/working","","","","/Users/scott/Desktop/Archive/prescience_score_prompt_v2.md","f8c1e07469d8fce3148ad7c53f3ebb7f02fa312d8e0b724f6912808923385d29","true","0-5","","","","","","","","","","","","","","/Users/scott/Desktop/Archive/_pass_c_abandoned_runs/20260526/prepared/ipolicysnapshot-398455/working/prescience_scores_27b_passC_v1.csv","14f5407c8784bcd4f5e8d911f84ce7dc57e05b8ae92d7330586cc2a2cf841dfe","unknown","","","","","true","true","agent_quality_regression_may26","","","","","","","","","","no_explicitly_rejected","","","DROP","T2,T4,T5,T6,T7","keep_for_triangulation_only",""
"mac_abandoned_run_itoutsourcingtoc-18f459_2026-05-29","mac_abandoned_run","/Users/scott/Desktop/Archive/_pass_c_abandoned_runs/20260526/prepared/itoutsourcingtoc-18f459/working","","","","/Users/scott/Desktop/Archive/prescience_score_prompt_v2.md","f8c1e07469d8fce3148ad7c53f3ebb7f02fa312d8e0b724f6912808923385d29","true","0-5","","","","","","","","","","","","","","/Users/scott/Desktop/Archive/_pass_c_abandoned_runs/20260526/prepared/itoutsourcingtoc-18f459/working/prescience_scores_27b_passC_v1.csv","dadb2ed94042735f71470e5fd7edabc316a407cdda3e04d0b57929185330b010","unknown","","","","","true","true","agent_quality_regression_may26","","","","","","","","","","no_explicitly_rejected","","","DROP","T2,T4,T5,T6,T7","keep_for_triangulation_only",""
"mac_abandoned_run_itspending-236a9a_2026-05-29","mac_abandoned_run","/Users/scott/Desktop/Archive/_pass_c_abandoned_runs/20260526/prepared/itspending-236a9a/working","","","","/Users/scott/Desktop/Archive/prescience_score_prompt_v2.md","f8c1e07469d8fce3148ad7c53f3ebb7f02fa312d8e0b724f6912808923385d29","true","0-5","","","","","","","","","","","","","","/Users/scott/Desktop/Archive/_pass_c_abandoned_runs/20260526/prepared/itspending-236a9a/working/prescience_scores_27b_passC_v1.csv","a02ea620025012bbe1b651e12603344e48fbdf02293c9d263ece7c9920b2cf66","unknown","","","","","true","true","agent_quality_regression_may26","","","","","","","","","","no_explicitly_rejected","","","DROP","T2,T4,T5,T6,T7","keep_for_triangulation_only",""
"mac_abandoned_run_junenews-fc15cc_2026-05-29","mac_abandoned_run","/Users/scott/Desktop/Archive/_pass_c_abandoned_runs/20260526/prepared/junenews-fc15cc/working","","","","/Users/scott/Desktop/Archive/prescience_score_prompt_v2.md","f8c1e07469d8fce3148ad7c53f3ebb7f02fa312d8e0b724f6912808923385d29","true","0-5","","","","","","","","","","","","","","/Users/scott/Desktop/Archive/_pass_c_abandoned_runs/20260526/prepared/junenews-fc15cc/working/prescience_scores_27b_passC_v1.csv","5d9f356a1192630b291c85df4a35dcbaa59fb991b3841ba398f8667b398de4cc","unknown","","","","","true","true","agent_quality_regression_may26","","","","","","","","","","no_explicitly_rejected","","","DROP","T2,T4,T5,T6,T7","keep_for_triangulation_only",""
"mac_abandoned_run_latisnetworkssnapshot-90caa6_2026-05-29","mac_abandoned_run","/Users/scott/Desktop/Archive/_pass_c_abandoned_runs/20260526/prepared/latisnetworkssnapshot-90caa6/working","","","","/Users/scott/Desktop/Archive/prescience_score_prompt_v2.md","f8c1e07469d8fce3148ad7c53f3ebb7f02fa312d8e0b724f6912808923385d29","true","0-5","","","","","","","","","","","","","","/Users/scott/Desktop/Archive/_pass_c_abandoned_runs/20260526/prepared/latisnetworkssnapshot-90caa6/working/prescience_scores_27b_passC_v1.csv","ff31fc8628ab247651cd723ebcb6385395067660208bc005bfc3fcec65531c93","unknown","","","","","true","true","agent_quality_regression_may26","","","","","","","","","","no_explicitly_rejected","","","DROP","T2,T4,T5,T6,T7","keep_for_triangulation_only",""
"mac_abandoned_run_leopardsnapshot-032eb0_2026-05-29","mac_abandoned_run","/Users/scott/Desktop/Archive/_pass_c_abandoned_runs/20260526/prepared/leopardsnapshot-032eb0/working","","","","/Users/scott/Desktop/Archive/prescience_score_prompt_v2.md","f8c1e07469d8fce3148ad7c53f3ebb7f02fa312d8e0b724f6912808923385d29","true","0-5","","","","","","","","","","","","","","/Users/scott/Desktop/Archive/_pass_c_abandoned_runs/20260526/prepared/leopardsnapshot-032eb0/working/prescience_scores_27b_passC_v1.csv","d51e3910a05ea1c89ab171e3dc3badccf0494afc8eb8fe8dd1d41b1699e94b13","unknown","","","","","true","true","agent_quality_regression_may26","","","","","","","","","","no_explicitly_rejected","","","DROP","T2,T4,T5,T6,T7","keep_for_triangulation_only",""
"mac_abandoned_run_lovebug-00ded3_2026-05-29","mac_abandoned_run","/Users/scott/Desktop/Archive/_pass_c_abandoned_runs/20260526/prepared/lovebug-00ded3/working","","","","/Users/scott/Desktop/Archive/prescience_score_prompt_v2.md","f8c1e07469d8fce3148ad7c53f3ebb7f02fa312d8e0b724f6912808923385d29","true","0-5","","","","","","","","","","","","","","/Users/scott/Desktop/Archive/_pass_c_abandoned_runs/20260526/prepared/lovebug-00ded3/working/prescience_scores_27b_passC_v1.csv","69be26e339168a27cb8617c52356542dcfe04b0937044ae383ca535f09e00369","unknown","","","","","true","true","agent_quality_regression_may26","","","","","","","","","","no_explicitly_rejected","","","DROP","T2,T4,T5,T6,T7","keep_for_triangulation_only",""
"mac_abandoned_run_lrmrptwebtoc-1f7efa_2026-05-29","mac_abandoned_run","/Users/scott/Desktop/Archive/_pass_c_abandoned_runs/20260526/prepared/lrmrptwebtoc-1f7efa/working","","","","/Users/scott/Desktop/Archive/prescience_score_prompt_v2.md","f8c1e07469d8fce3148ad7c53f3ebb7f02fa312d8e0b724f6912808923385d29","true","0-5","","","","","","","","","","","","","","/Users/scott/Desktop/Archive/_pass_c_abandoned_runs/20260526/prepared/lrmrptwebtoc-1f7efa/working/prescience_scores_27b_passC_v1.csv","2fb63336b602fdba84007428ad83bfb1d48c042ca182fb2c67f50ddad51c62a4","unknown","","","","","true","true","agent_quality_regression_may26","","","","","","","","","","no_explicitly_rejected","","","DROP","T2,T4,T5,T6,T7","keep_for_triangulation_only",""
"mac_abandoned_run_lrmtechnologytoc-fbce1d_2026-05-29","mac_abandoned_run","/Users/scott/Desktop/Archive/_pass_c_abandoned_runs/20260526/prepared/lrmtechnologytoc-fbce1d/working","","","","/Users/scott/Desktop/Archive/prescience_score_prompt_v2.md","f8c1e07469d8fce3148ad7c53f3ebb7f02fa312d8e0b724f6912808923385d29","true","0-5","","","","","","","","","","","","","","/Users/scott/Desktop/Archive/_pass_c_abandoned_runs/20260526/prepared/lrmtechnologytoc-fbce1d/working/prescience_scores_27b_passC_v1.csv","96a64e496f0fbce0eeedf4069ae3dc96ce831cf505af74367d414b8e5ac7b2dd","unknown","","","","","true","true","agent_quality_regression_may26","","","","","","","","","","no_explicitly_rejected","","","DROP","T2,T4,T5,T6,T7","keep_for_triangulation_only",""
"mac_abandoned_run_lumetasnapshot-6233db_2026-05-29","mac_abandoned_run","/Users/scott/Desktop/Archive/_pass_c_abandoned_runs/20260526/prepared/lumetasnapshot-6233db/working","","","","/Users/scott/Desktop/Archive/prescience_score_prompt_v2.md","f8c1e07469d8fce3148ad7c53f3ebb7f02fa312d8e0b724f6912808923385d29","true","0-5","","","","","","","","","","","","","","/Users/scott/Desktop/Archive/_pass_c_abandoned_runs/20260526/prepared/lumetasnapshot-6233db/working/prescience_scores_27b_passC_v1.csv","0cade0763dea440dbce6cf69c962e209a44fb3871bfb29211c9cd5a131befc2d","unknown","","","","","true","true","agent_quality_regression_may26","","","","","","","","","","no_explicitly_rejected","","","DROP","T2,T4,T5,T6,T7","keep_for_triangulation_only",""
"mac_abandoned_run_lurhqsnapshot-f30215_2026-05-29","mac_abandoned_run","/Users/scott/Desktop/Archive/_pass_c_abandoned_runs/20260526/prepared/lurhqsnapshot-f30215/working","","","","/Users/scott/Desktop/Archive/prescience_score_prompt_v2.md","f8c1e07469d8fce3148ad7c53f3ebb7f02fa312d8e0b724f6912808923385d29","true","0-5","","","","","","","","","","","","","","/Users/scott/Desktop/Archive/_pass_c_abandoned_runs/20260526/prepared/lurhqsnapshot-f30215/working/prescience_scores_27b_passC_v1.csv","0d5754ebc1508edd1d4e81064ba56907b2a1aee7391fd2fc66e22ea4b806ec51","unknown","","","","","true","true","agent_quality_regression_may26","","","","","","","","","","no_explicitly_rejected","","","DROP","T2,T4,T5,T6,T7","keep_for_triangulation_only",""
"mac_abandoned_run_ma-e2open-be-2484-31191f_2026-05-29","mac_abandoned_run","/Users/scott/Desktop/Archive/_pass_c_abandoned_runs/20260526/prepared/ma-e2open-be-2484-31191f/working","","","","/Users/scott/Desktop/Archive/prescience_score_prompt_v2.md","f8c1e07469d8fce3148ad7c53f3ebb7f02fa312d8e0b724f6912808923385d29","true","0-5","","","","","","","","","","","","","","/Users/scott/Desktop/Archive/_pass_c_abandoned_runs/20260526/prepared/ma-e2open-be-2484-31191f/working/prescience_scores_27b_passC_v1.csv","bdf4929cd0478381166349cacff0a455c23dc16c6b6a652c8c6a32055d40d19b","unknown","","","","","true","true","agent_quality_regression_may26","","","","","","","","","","no_explicitly_rejected","","","DROP","T2,T4,T5,T6,T7","keep_for_triangulation_only",""
"mac_abandoned_run_ma-oraclebuysprofitlogic-pr-446851_2026-05-29","mac_abandoned_run","/Users/scott/Desktop/Archive/_pass_c_abandoned_runs/20260526/prepared/ma-oraclebuysprofitlogic-pr-446851/working","","","","/Users/scott/Desktop/Archive/prescience_score_prompt_v2.md","f8c1e07469d8fce3148ad7c53f3ebb7f02fa312d8e0b724f6912808923385d29","true","0-5","","","","","","","","","","","","","","/Users/scott/Desktop/Archive/_pass_c_abandoned_runs/20260526/prepared/ma-oraclebuysprofitlogic-pr-446851/working/prescience_scores_27b_passC_v1.csv","30ffa09789355eb54e7bcbb27c6688c90f60a5cf7566aedb1b4d007d12900cea","unknown","","","","","true","true","agent_quality_regression_may26","","","","","","","","","","no_explicitly_rejected","","","DROP","T2,T4,T5,T6,T7","keep_for_triangulation_only",""
"mac_abandoned_run_ma-procuri-cmsi-tm-642bb1_2026-05-29","mac_abandoned_run","/Users/scott/Desktop/Archive/_pass_c_abandoned_runs/20260526/prepared/ma-procuri-cmsi-tm-642bb1/working","","","","/Users/scott/Desktop/Archive/prescience_score_prompt_v2.md","f8c1e07469d8fce3148ad7c53f3ebb7f02fa312d8e0b724f6912808923385d29","true","0-5","","","","","","","","","","","","","","/Users/scott/Desktop/Archive/_pass_c_abandoned_runs/20260526/prepared/ma-procuri-cmsi-tm-642bb1/working/prescience_scores_27b_passC_v1.csv","7b4143f18c7909dcaf35c13c36b9be4bf6f6150033f28d9e1faa6dce2e69178a","unknown","","","","","true","true","agent_quality_regression_may26","","","","","","","","","","no_explicitly_rejected","","","DROP","T2,T4,T5,T6,T7","keep_for_triangulation_only",""
"mac_abandoned_run_ma-smartops-be-2180-c1877c_2026-05-29","mac_abandoned_run","/Users/scott/Desktop/Archive/_pass_c_abandoned_runs/20260526/prepared/ma-smartops-be-2180-c1877c/working","","","","/Users/scott/Desktop/Archive/prescience_score_prompt_v2.md","f8c1e07469d8fce3148ad7c53f3ebb7f02fa312d8e0b724f6912808923385d29","true","0-5","","","","","","","","","","","","","","/Users/scott/Desktop/Archive/_pass_c_abandoned_runs/20260526/prepared/ma-smartops-be-2180-c1877c/working/prescience_scores_27b_passC_v1.csv","2409e6a91f40f3947261a569ef7f2e71dece69a2a3c2a59238e3cc65239c0eee","unknown","","","","","true","true","agent_quality_regression_may26","","","","","","","","","","no_explicitly_rejected","","","DROP","T2,T4,T5,T6,T7","keep_for_triangulation_only",""
"mac_abandoned_run_manufacturing-snapshot-c7bf80_2026-05-29","mac_abandoned_run","/Users/scott/Desktop/Archive/_pass_c_abandoned_runs/20260526/prepared/manufacturing-snapshot-c7bf80/working","","","","/Users/scott/Desktop/Archive/prescience_score_prompt_v2.md","f8c1e07469d8fce3148ad7c53f3ebb7f02fa312d8e0b724f6912808923385d29","true","0-5","","","","","","","","","","","","","","/Users/scott/Desktop/Archive/_pass_c_abandoned_runs/20260526/prepared/manufacturing-snapshot-c7bf80/working/prescience_scores_27b_passC_v1.csv","97b75b7b63396dc86525d2687919f7cb8ebb5a9d8b6a8d3fc83e06e36376f818","unknown","","","","","true","true","agent_quality_regression_may26","","","","","","","","","","no_explicitly_rejected","","","DROP","T2,T4,T5,T6,T7","keep_for_triangulation_only",""
"mac_abandoned_run_manugisticssnapshot-e05de9_2026-05-29","mac_abandoned_run","/Users/scott/Desktop/Archive/_pass_c_abandoned_runs/20260526/prepared/manugisticssnapshot-e05de9/working","","","","/Users/scott/Desktop/Archive/prescience_score_prompt_v2.md","f8c1e07469d8fce3148ad7c53f3ebb7f02fa312d8e0b724f6912808923385d29","true","0-5","","","","","","","","","","","","","","/Users/scott/Desktop/Archive/_pass_c_abandoned_runs/20260526/prepared/manugisticssnapshot-e05de9/working/prescience_scores_27b_passC_v1.csv","012199b5b576c981b2450a81f4e73f58db909f810c7609e5a770e512177c46ee","unknown","","","","","true","true","agent_quality_regression_may26","","","","","","","","","","no_explicitly_rejected","","","DROP","T2,T4,T5,T6,T7","keep_for_triangulation_only",""
"mac_abandoned_run_maynews-888c65_2026-05-29","mac_abandoned_run","/Users/scott/Desktop/Archive/_pass_c_abandoned_runs/20260526/prepared/maynews-888c65/working","","","","/Users/scott/Desktop/Archive/prescience_score_prompt_v2.md","f8c1e07469d8fce3148ad7c53f3ebb7f02fa312d8e0b724f6912808923385d29","true","0-5","","","","","","","","","","","","","","/Users/scott/Desktop/Archive/_pass_c_abandoned_runs/20260526/prepared/maynews-888c65/working/prescience_scores_27b_passC_v1.csv","7ec7115fd47a47f682782a916a64a158ffbbc390b514f43f06d922c4c8c0fdd6","unknown","","","","","true","true","agent_quality_regression_may26","","","","","","","","","","no_explicitly_rejected","","","DROP","T2,T4,T5,T6,T7","keep_for_triangulation_only",""
"mac_abandoned_run_mazunetworkssnapshot-f9bae1_2026-05-29","mac_abandoned_run","/Users/scott/Desktop/Archive/_pass_c_abandoned_runs/20260526/prepared/mazunetworkssnapshot-f9bae1/working","","","","/Users/scott/Desktop/Archive/prescience_score_prompt_v2.md","f8c1e07469d8fce3148ad7c53f3ebb7f02fa312d8e0b724f6912808923385d29","true","0-5","","","","","","","","","","","","","","/Users/scott/Desktop/Archive/_pass_c_abandoned_runs/20260526/prepared/mazunetworkssnapshot-f9bae1/working/prescience_scores_27b_passC_v1.csv","e0925e1cacee0b9c2203e496242d5f065527761e661a50d9afae13433feb5f06","unknown","","","","","true","true","agent_quality_regression_may26","","","","","","","","","","no_explicitly_rejected","","","DROP","T2,T4,T5,T6,T7","keep_for_triangulation_only",""
"mac_abandoned_run_mcmwebtoc-09fe7d_2026-05-29","mac_abandoned_run","/Users/scott/Desktop/Archive/_pass_c_abandoned_runs/20260526/prepared/mcmwebtoc-09fe7d/working","","","","/Users/scott/Desktop/Archive/prescience_score_prompt_v2.md","f8c1e07469d8fce3148ad7c53f3ebb7f02fa312d8e0b724f6912808923385d29","true","0-5","","","","","","","","","","","","","","/Users/scott/Desktop/Archive/_pass_c_abandoned_runs/20260526/prepared/mcmwebtoc-09fe7d/working/prescience_scores_27b_passC_v1.csv","4cab12d41fc80f3dd0e25ac32a24cffa62a5791fc2a9b9fe552bb0a8d9ecbf3a","unknown","","","","","true","true","agent_quality_regression_may26","","","","","","","","","","no_explicitly_rejected","","","DROP","T2,T4,T5,T6,T7","keep_for_triangulation_only",""
"mac_abandoned_run_memoir-scratch-pad-464eb7_2026-05-29","mac_abandoned_run","/Users/scott/Desktop/Archive/_pass_c_abandoned_runs/20260526/prepared/memoir-scratch-pad-464eb7/working","","","","/Users/scott/Desktop/Archive/prescience_score_prompt_v2.md","f8c1e07469d8fce3148ad7c53f3ebb7f02fa312d8e0b724f6912808923385d29","true","0-5","","","","","","","","","","","","","","/Users/scott/Desktop/Archive/_pass_c_abandoned_runs/20260526/prepared/memoir-scratch-pad-464eb7/working/prescience_scores_27b_passC_v1.csv","ad7220aa4ca5bac706b5e35a875c892dd0378f670d84b04d98dd1c33a10b319d","unknown","","","","","true","true","agent_quality_regression_may26","","","","","","","","","","no_explicitly_rejected","","","DROP","T2,T4,T5,T6,T7","keep_for_triangulation_only",""
"mac_abandoned_run_mfg-05-06-manufacturingagenda-080305b-fa62f7_2026-05-29","mac_abandoned_run","/Users/scott/Desktop/Archive/_pass_c_abandoned_runs/20260526/prepared/mfg-05-06-manufacturingagenda-080305b-fa62f7/working","","","","/Users/scott/Desktop/Archive/prescience_score_prompt_v2.md","f8c1e07469d8fce3148ad7c53f3ebb7f02fa312d8e0b724f6912808923385d29","true","0-5","","","","","","","","","","","","","","/Users/scott/Desktop/Archive/_pass_c_abandoned_runs/20260526/prepared/mfg-05-06-manufacturingagenda-080305b-fa62f7/working/prescience_scores_27b_passC_v1.csv","d6d54df9ff89f5f96d9fb3203e3355038c2b155a2833c38e9ad17f90079e3007","unknown","","","","","true","true","agent_quality_regression_may26","","","","","","","","","","no_explicitly_rejected","","","DROP","T2,T4,T5,T6,T7","keep_for_triangulation_only",""
"mac_abandoned_run_mgddelivery2003abridged-267561_2026-05-29","mac_abandoned_run","/Users/scott/Desktop/Archive/_pass_c_abandoned_runs/20260526/prepared/mgddelivery2003abridged-267561/working","","","","/Users/scott/Desktop/Archive/prescience_score_prompt_v2.md","f8c1e07469d8fce3148ad7c53f3ebb7f02fa312d8e0b724f6912808923385d29","true","0-5","","","","","","","","","","","","","","/Users/scott/Desktop/Archive/_pass_c_abandoned_runs/20260526/prepared/mgddelivery2003abridged-267561/working/prescience_scores_27b_passC_v1.csv","411eeec81ab8572a433ea0bbb7dee5267f5952624ccc18cb1d664330c310a2cf","unknown","","","","","true","true","agent_quality_regression_may26","","","","","","","","","","no_explicitly_rejected","","","DROP","T2,T4,T5,T6,T7","keep_for_triangulation_only",""
"mac_abandoned_run_microsoftsnapshot-eec9a2_2026-05-29","mac_abandoned_run","/Users/scott/Desktop/Archive/_pass_c_abandoned_runs/20260526/prepared/microsoftsnapshot-eec9a2/working","","","","/Users/scott/Desktop/Archive/prescience_score_prompt_v2.md","f8c1e07469d8fce3148ad7c53f3ebb7f02fa312d8e0b724f6912808923385d29","true","0-5","","","","","","","","","","","","","","/Users/scott/Desktop/Archive/_pass_c_abandoned_runs/20260526/prepared/microsoftsnapshot-eec9a2/working/prescience_scores_27b_passC_v1.csv","899649e5f3eaf5d13c2cf8e12c98e05c8526e141eafefbded14040d2a67e69c7","unknown","","","","","true","true","agent_quality_regression_may26","","","","","","","","","","no_explicitly_rejected","","","DROP","T2,T4,T5,T6,T7","keep_for_triangulation_only",""
"mac_abandoned_run_mid-marketreporttoc-6fc1a9_2026-05-29","mac_abandoned_run","/Users/scott/Desktop/Archive/_pass_c_abandoned_runs/20260526/prepared/mid-marketreporttoc-6fc1a9/working","","","","/Users/scott/Desktop/Archive/prescience_score_prompt_v2.md","f8c1e07469d8fce3148ad7c53f3ebb7f02fa312d8e0b724f6912808923385d29","true","0-5","","","","","","","","","","","","","","/Users/scott/Desktop/Archive/_pass_c_abandoned_runs/20260526/prepared/mid-marketreporttoc-6fc1a9/working/prescience_scores_27b_passC_v1.csv","8bcf2c5adb11857375818fe53839e19d683a49656d79dc6166effef13e30e9cc","unknown","","","","","true","true","agent_quality_regression_may26","","","","","","","","","","no_explicitly_rejected","","","DROP","T2,T4,T5,T6,T7","keep_for_triangulation_only",""
"mac_abandoned_run_midlinestoragewp-7f30e3_2026-05-29","mac_abandoned_run","/Users/scott/Desktop/Archive/_pass_c_abandoned_runs/20260526/prepared/midlinestoragewp-7f30e3/working","","","","/Users/scott/Desktop/Archive/prescience_score_prompt_v2.md","f8c1e07469d8fce3148ad7c53f3ebb7f02fa312d8e0b724f6912808923385d29","true","0-5","","","","","","","","","","","","","","/Users/scott/Desktop/Archive/_pass_c_abandoned_runs/20260526/prepared/midlinestoragewp-7f30e3/working/prescience_scores_27b_passC_v1.csv","4e68c7442683eb7cd9f1fc233412947c63e671b8d457646ff291a42c145d078f","unknown","","","","","true","true","agent_quality_regression_may26","","","","","","","","","","no_explicitly_rejected","","","DROP","T2,T4,T5,T6,T7","keep_for_triangulation_only",""
"mac_abandoned_run_mobiledatatoc-5b5e85_2026-05-29","mac_abandoned_run","/Users/scott/Desktop/Archive/_pass_c_abandoned_runs/20260526/prepared/mobiledatatoc-5b5e85/working","","","","/Users/scott/Desktop/Archive/prescience_score_prompt_v2.md","f8c1e07469d8fce3148ad7c53f3ebb7f02fa312d8e0b724f6912808923385d29","true","0-5","","","","","","","","","","","","","","/Users/scott/Desktop/Archive/_pass_c_abandoned_runs/20260526/prepared/mobiledatatoc-5b5e85/working/prescience_scores_27b_passC_v1.csv","16ab32fc5107cb1689edc515dd4f07bc00a019e9b530568b6749211eaefc4eef","unknown","","","","","true","true","agent_quality_regression_may26","","","","","","","","","","no_explicitly_rejected","","","DROP","T2,T4,T5,T6,T7","keep_for_triangulation_only",""
"mac_abandoned_run_mobilemiddlewareabridgedtoc-80c331_2026-05-29","mac_abandoned_run","/Users/scott/Desktop/Archive/_pass_c_abandoned_runs/20260526/prepared/mobilemiddlewareabridgedtoc-80c331/working","","","","/Users/scott/Desktop/Archive/prescience_score_prompt_v2.md","f8c1e07469d8fce3148ad7c53f3ebb7f02fa312d8e0b724f6912808923385d29","true","0-5","","","","","","","","","","","","","","/Users/scott/Desktop/Archive/_pass_c_abandoned_runs/20260526/prepared/mobilemiddlewareabridgedtoc-80c331/working/prescience_scores_27b_passC_v1.csv","0ef3b0ef830f0e37a99347fcbb35ccba043ad0a50d912b9235805cb5cc82a75e","unknown","","","","","true","true","agent_quality_regression_may26","","","","","","","","","","no_explicitly_rejected","","","DROP","T2,T4,T5,T6,T7","keep_for_triangulation_only",""
"mac_abandoned_run_mobility-management-jb-3822-93c2b3_2026-05-29","mac_abandoned_run","/Users/scott/Desktop/Archive/_pass_c_abandoned_runs/20260526/prepared/mobility-management-jb-3822-93c2b3/working","","","","/Users/scott/Desktop/Archive/prescience_score_prompt_v2.md","f8c1e07469d8fce3148ad7c53f3ebb7f02fa312d8e0b724f6912808923385d29","true","0-5","","","","","","","","","","","","","","/Users/scott/Desktop/Archive/_pass_c_abandoned_runs/20260526/prepared/mobility-management-jb-3822-93c2b3/working/prescience_scores_27b_passC_v1.csv","e794a5b46d4de4c81323d8a6fdfc4d0cc7687bb6cb9c89c528d1b6f6bb01f28a","unknown","","","","","true","true","agent_quality_regression_may26","","","","","","","","","","no_explicitly_rejected","","","DROP","T2,T4,T5,T6,T7","keep_for_triangulation_only",""
"mac_abandoned_run_mto-retail-2005-research-agenda-011105a-10c644_2026-05-29","mac_abandoned_run","/Users/scott/Desktop/Archive/_pass_c_abandoned_runs/20260526/prepared/mto-retail-2005-research-agenda-011105a-10c644/working","","","","/Users/scott/Desktop/Archive/prescience_score_prompt_v2.md","f8c1e07469d8fce3148ad7c53f3ebb7f02fa312d8e0b724f6912808923385d29","true","0-5","","","","","","","","","","","","","","/Users/scott/Desktop/Archive/_pass_c_abandoned_runs/20260526/prepared/mto-retail-2005-research-agenda-011105a-10c644/working/prescience_scores_27b_passC_v1.csv","4f584eef41fcb7512a9a6ed2cd745b72ba354c189a4b632281bdaa650c421a2a","unknown","","","","","true","true","agent_quality_regression_may26","","","","","","","","","","no_explicitly_rejected","","","DROP","T2,T4,T5,T6,T7","keep_for_triangulation_only",""
"mac_abandoned_run_net2ssnapshot-446b68_2026-05-29","mac_abandoned_run","/Users/scott/Desktop/Archive/_pass_c_abandoned_runs/20260526/prepared/net2ssnapshot-446b68/working","","","","/Users/scott/Desktop/Archive/prescience_score_prompt_v2.md","f8c1e07469d8fce3148ad7c53f3ebb7f02fa312d8e0b724f6912808923385d29","true","0-5","","","","","","","","","","","","","","/Users/scott/Desktop/Archive/_pass_c_abandoned_runs/20260526/prepared/net2ssnapshot-446b68/working/prescience_scores_27b_passC_v1.csv","95aa8b0854f952170aaa3ee6ad776f3d40179526766543e9f560a7830fbd7281","unknown","","","","","true","true","agent_quality_regression_may26","","","","","","","","","","no_explicitly_rejected","","","DROP","T2,T4,T5,T6,T7","keep_for_triangulation_only",""
"mac_abandoned_run_netscreensnapshot-e08ade_2026-05-29","mac_abandoned_run","/Users/scott/Desktop/Archive/_pass_c_abandoned_runs/20260526/prepared/netscreensnapshot-e08ade/working","","","","/Users/scott/Desktop/Archive/prescience_score_prompt_v2.md","f8c1e07469d8fce3148ad7c53f3ebb7f02fa312d8e0b724f6912808923385d29","true","0-5","","","","","","","","","","","","","","/Users/scott/Desktop/Archive/_pass_c_abandoned_runs/20260526/prepared/netscreensnapshot-e08ade/working/prescience_scores_27b_passC_v1.csv","98aed4646674d57ec910226d71ecb122d875d1d432d4bb599c9a2805be9db151","unknown","","","","","true","true","agent_quality_regression_may26","","","","","","","","","","no_explicitly_rejected","","","DROP","T2,T4,T5,T6,T7","keep_for_triangulation_only",""
"mac_abandoned_run_network-1snapshot-b7770f_2026-05-29","mac_abandoned_run","/Users/scott/Desktop/Archive/_pass_c_abandoned_runs/20260526/prepared/network-1snapshot-b7770f/working","","","","/Users/scott/Desktop/Archive/prescience_score_prompt_v2.md","f8c1e07469d8fce3148ad7c53f3ebb7f02fa312d8e0b724f6912808923385d29","true","0-5","","","","","","","","","","","","","","/Users/scott/Desktop/Archive/_pass_c_abandoned_runs/20260526/prepared/network-1snapshot-b7770f/working/prescience_scores_27b_passC_v1.csv","346ffc2f3ab5d8fd125e77c2489694a0789a9bfa7aaf5031bf62a26c206ec002","unknown","","","","","true","true","agent_quality_regression_may26","","","","","","","","","","no_explicitly_rejected","","","DROP","T2,T4,T5,T6,T7","keep_for_triangulation_only",""
"mac_abandoned_run_networkappliancesnapshot-894077_2026-05-29","mac_abandoned_run","/Users/scott/Desktop/Archive/_pass_c_abandoned_runs/20260526/prepared/networkappliancesnapshot-894077/working","","","","/Users/scott/Desktop/Archive/prescience_score_prompt_v2.md","f8c1e07469d8fce3148ad7c53f3ebb7f02fa312d8e0b724f6912808923385d29","true","0-5","","","","","","","","","","","","","","/Users/scott/Desktop/Archive/_pass_c_abandoned_runs/20260526/prepared/networkappliancesnapshot-894077/working/prescience_scores_27b_passC_v1.csv","62a6e3583a1e4bbc41d7339c7566abb32b4367fe3ad5b3fdbce46e7b29c89fa4","unknown","","","","","true","true","agent_quality_regression_may26","","","","","","","","","","no_explicitly_rejected","","","DROP","T2,T4,T5,T6,T7","keep_for_triangulation_only",""
"mac_abandoned_run_newmediasnapshot-ff463f_2026-05-29","mac_abandoned_run","/Users/scott/Desktop/Archive/_pass_c_abandoned_runs/20260526/prepared/newmediasnapshot-ff463f/working","","","","/Users/scott/Desktop/Archive/prescience_score_prompt_v2.md","f8c1e07469d8fce3148ad7c53f3ebb7f02fa312d8e0b724f6912808923385d29","true","0-5","","","","","","","","","","","","","","/Users/scott/Desktop/Archive/_pass_c_abandoned_runs/20260526/prepared/newmediasnapshot-ff463f/working/prescience_scores_27b_passC_v1.csv","2b01614c17b44e5bd9b8c9af92afbce3d469011ab7c9f0acea50b6a8a38815b5","unknown","","","","","true","true","agent_quality_regression_may26","","","","","","","","","","no_explicitly_rejected","","","DROP","T2,T4,T5,T6,T7","keep_for_triangulation_only",""
"mac_abandoned_run_nextancesnapshot-504aed_2026-05-29","mac_abandoned_run","/Users/scott/Desktop/Archive/_pass_c_abandoned_runs/20260526/prepared/nextancesnapshot-504aed/working","","","","/Users/scott/Desktop/Archive/prescience_score_prompt_v2.md","f8c1e07469d8fce3148ad7c53f3ebb7f02fa312d8e0b724f6912808923385d29","true","0-5","","","","","","","","","","","","","","/Users/scott/Desktop/Archive/_pass_c_abandoned_runs/20260526/prepared/nextancesnapshot-504aed/working/prescience_scores_27b_passC_v1.csv","c46e0a248e3aee9f066695797c0ca93d6eadda58c5f501dfcb96c65ab6486849","unknown","","","","","true","true","agent_quality_regression_may26","","","","","","","","","","no_explicitly_rejected","","","DROP","T2,T4,T5,T6,T7","keep_for_triangulation_only",""
"mac_abandoned_run_nfrsnapshot-c5fc14_2026-05-29","mac_abandoned_run","/Users/scott/Desktop/Archive/_pass_c_abandoned_runs/20260526/prepared/nfrsnapshot-c5fc14/working","","","","/Users/scott/Desktop/Archive/prescience_score_prompt_v2.md","f8c1e07469d8fce3148ad7c53f3ebb7f02fa312d8e0b724f6912808923385d29","true","0-5","","","","","","","","","","","","","","/Users/scott/Desktop/Archive/_pass_c_abandoned_runs/20260526/prepared/nfrsnapshot-c5fc14/working/prescience_scores_27b_passC_v1.csv","961ae09b7f0608bf145a238e45751a6c97423d12768e218e6a5ff5ab9a046c01","unknown","","","","","true","true","agent_quality_regression_may26","","","","","","","","","","no_explicitly_rejected","","","DROP","T2,T4,T5,T6,T7","keep_for_triangulation_only",""
"mac_abandoned_run_nt2000-41a391_2026-05-29","mac_abandoned_run","/Users/scott/Desktop/Archive/_pass_c_abandoned_runs/20260526/prepared/nt2000-41a391/working","","","","/Users/scott/Desktop/Archive/prescience_score_prompt_v2.md","f8c1e07469d8fce3148ad7c53f3ebb7f02fa312d8e0b724f6912808923385d29","true","0-5","","","","","","","","","","","","","","/Users/scott/Desktop/Archive/_pass_c_abandoned_runs/20260526/prepared/nt2000-41a391/working/prescience_scores_27b_passC_v1.csv","006ea67c025bc8e615b4f87a6273b972e29e622b36c5fdc65d42fa59f1e5c2d8","unknown","","","","","true","true","agent_quality_regression_may26","","","","","","","","","","no_explicitly_rejected","","","DROP","T2,T4,T5,T6,T7","keep_for_triangulation_only",""
"mac_abandoned_run_nt2000-data-a2adf2_2026-05-29","mac_abandoned_run","/Users/scott/Desktop/Archive/_pass_c_abandoned_runs/20260526/prepared/nt2000-data-a2adf2/working","","","","/Users/scott/Desktop/Archive/prescience_score_prompt_v2.md","f8c1e07469d8fce3148ad7c53f3ebb7f02fa312d8e0b724f6912808923385d29","true","0-5","","","","","","","","","","","","","","/Users/scott/Desktop/Archive/_pass_c_abandoned_runs/20260526/prepared/nt2000-data-a2adf2/working/prescience_scores_27b_passC_v1.csv","a36aadffa81881a54c1e02f6ee8fc64f0c8e9c0dac297db4e1a3893efb97f7dc","unknown","","","","","true","true","agent_quality_regression_may26","","","","","","","","","","no_explicitly_rejected","","","DROP","T2,T4,T5,T6,T7","keep_for_triangulation_only",""
"mac_abandoned_run_opticalnetworking-1695aa_2026-05-29","mac_abandoned_run","/Users/scott/Desktop/Archive/_pass_c_abandoned_runs/20260526/prepared/opticalnetworking-1695aa/working","","","","/Users/scott/Desktop/Archive/prescience_score_prompt_v2.md","f8c1e07469d8fce3148ad7c53f3ebb7f02fa312d8e0b724f6912808923385d29","true","0-5","","","","","","","","","","","","","","/Users/scott/Desktop/Archive/_pass_c_abandoned_runs/20260526/prepared/opticalnetworking-1695aa/working/prescience_scores_27b_passC_v1.csv","427e0d1773fd380cee009ed361971ad1a9180661de31a825af9d68b5dc367f8b","unknown","","","","","true","true","agent_quality_regression_may26","","","","","","","","","","no_explicitly_rejected","","","DROP","T2,T4,T5,T6,T7","keep_for_triangulation_only",""
"mac_abandoned_run_oracle-431364_2026-05-29","mac_abandoned_run","/Users/scott/Desktop/Archive/_pass_c_abandoned_runs/20260526/prepared/oracle-431364/working","","","","/Users/scott/Desktop/Archive/prescience_score_prompt_v2.md","f8c1e07469d8fce3148ad7c53f3ebb7f02fa312d8e0b724f6912808923385d29","true","0-5","","","","","","","","","","","","","","/Users/scott/Desktop/Archive/_pass_c_abandoned_runs/20260526/prepared/oracle-431364/working/prescience_scores_27b_passC_v1.csv","448661732ec4f47166266694f43e5d08b2107683c9a96fbaa9ab4dbca8ddbbeb","unknown","","","","","true","true","agent_quality_regression_may26","","","","","","","","","","no_explicitly_rejected","","","DROP","T2,T4,T5,T6,T7","keep_for_triangulation_only",""
"mac_abandoned_run_oracle-wp-prod-15ac4a_2026-05-29","mac_abandoned_run","/Users/scott/Desktop/Archive/_pass_c_abandoned_runs/20260526/prepared/oracle-wp-prod-15ac4a/working","","","","/Users/scott/Desktop/Archive/prescience_score_prompt_v2.md","f8c1e07469d8fce3148ad7c53f3ebb7f02fa312d8e0b724f6912808923385d29","true","0-5","","","","","","","","","","","","","","/Users/scott/Desktop/Archive/_pass_c_abandoned_runs/20260526/prepared/oracle-wp-prod-15ac4a/working/prescience_scores_27b_passC_v1.csv","22ada9fe0c0dd38a0764f52886364c914f1839e19bf26ee37634fffbf215303f","unknown","","","","","true","true","agent_quality_regression_may26","","","","","","","","","","no_explicitly_rejected","","","DROP","T2,T4,T5,T6,T7","keep_for_triangulation_only",""
"mac_abandoned_run_osbptoc9-23-fd5f9a_2026-05-29","mac_abandoned_run","/Users/scott/Desktop/Archive/_pass_c_abandoned_runs/20260526/prepared/osbptoc9-23-fd5f9a/working","","","","/Users/scott/Desktop/Archive/prescience_score_prompt_v2.md","f8c1e07469d8fce3148ad7c53f3ebb7f02fa312d8e0b724f6912808923385d29","true","0-5","","","","","","","","","","","","","","/Users/scott/Desktop/Archive/_pass_c_abandoned_runs/20260526/prepared/osbptoc9-23-fd5f9a/working/prescience_scores_27b_passC_v1.csv","9a07a82cf7d0edb78c28e710667e897989587a37fb86f57545122c1b96e59d8d","unknown","","","","","true","true","agent_quality_regression_may26","","","","","","","","","","no_explicitly_rejected","","","DROP","T2,T4,T5,T6,T7","keep_for_triangulation_only",""
"mac_abandoned_run_p2scrm99-execsum-27132c_2026-05-29","mac_abandoned_run","/Users/scott/Desktop/Archive/_pass_c_abandoned_runs/20260526/prepared/p2scrm99-execsum-27132c/working","","","","/Users/scott/Desktop/Archive/prescience_score_prompt_v2.md","f8c1e07469d8fce3148ad7c53f3ebb7f02fa312d8e0b724f6912808923385d29","true","0-5","","","","","","","","","","","","","","/Users/scott/Desktop/Archive/_pass_c_abandoned_runs/20260526/prepared/p2scrm99-execsum-27132c/working/prescience_scores_27b_passC_v1.csv","1ef7d71a572606cdbb25322611663546d3d163a1af6d8c24ef2d94366299b950","unknown","","","","","true","true","agent_quality_regression_may26","","","","","","","","","","no_explicitly_rejected","","","DROP","T2,T4,T5,T6,T7","keep_for_triangulation_only",""
"mac_abandoned_run_patchlinksnapshot-a10275_2026-05-29","mac_abandoned_run","/Users/scott/Desktop/Archive/_pass_c_abandoned_runs/20260526/prepared/patchlinksnapshot-a10275/working","","","","/Users/scott/Desktop/Archive/prescience_score_prompt_v2.md","f8c1e07469d8fce3148ad7c53f3ebb7f02fa312d8e0b724f6912808923385d29","true","0-5","","","","","","","","","","","","","","/Users/scott/Desktop/Archive/_pass_c_abandoned_runs/20260526/prepared/patchlinksnapshot-a10275/working/prescience_scores_27b_passC_v1.csv","fd43e6e9b459a40a19a467b457644f409fed253cc3deb360a4fccd728bfcd37d","unknown","","","","","true","true","agent_quality_regression_may26","","","","","","","","","","no_explicitly_rejected","","","DROP","T2,T4,T5,T6,T7","keep_for_triangulation_only",""
"mac_abandoned_run_phoenixsnapshot-e90044_2026-05-29","mac_abandoned_run","/Users/scott/Desktop/Archive/_pass_c_abandoned_runs/20260526/prepared/phoenixsnapshot-e90044/working","","","","/Users/scott/Desktop/Archive/prescience_score_prompt_v2.md","f8c1e07469d8fce3148ad7c53f3ebb7f02fa312d8e0b724f6912808923385d29","true","0-5","","","","","","","","","","","","","","/Users/scott/Desktop/Archive/_pass_c_abandoned_runs/20260526/prepared/phoenixsnapshot-e90044/working/prescience_scores_27b_passC_v1.csv","276f56a02339b7cb49f7e1fa057471fc411fa2c53de50fd00b0d4b151d779be7","unknown","","","","","true","true","agent_quality_regression_may26","","","","","","","","","","no_explicitly_rejected","","","DROP","T2,T4,T5,T6,T7","keep_for_triangulation_only",""
"mac_abandoned_run_polivecsnapshot-388c4c_2026-05-29","mac_abandoned_run","/Users/scott/Desktop/Archive/_pass_c_abandoned_runs/20260526/prepared/polivecsnapshot-388c4c/working","","","","/Users/scott/Desktop/Archive/prescience_score_prompt_v2.md","f8c1e07469d8fce3148ad7c53f3ebb7f02fa312d8e0b724f6912808923385d29","true","0-5","","","","","","","","","","","","","","/Users/scott/Desktop/Archive/_pass_c_abandoned_runs/20260526/prepared/polivecsnapshot-388c4c/working/prescience_scores_27b_passC_v1.csv","f4e61989f98cd9af215fdfe6b0a6d772679c138079377a739684b00ee84f71c0","unknown","","","","","true","true","agent_quality_regression_may26","","","","","","","","","","no_explicitly_rejected","","","DROP","T2,T4,T5,T6,T7","keep_for_triangulation_only",""
"mac_abandoned_run_poolsofstoragewp-3a0151_2026-05-29","mac_abandoned_run","/Users/scott/Desktop/Archive/_pass_c_abandoned_runs/20260526/prepared/poolsofstoragewp-3a0151/working","","","","/Users/scott/Desktop/Archive/prescience_score_prompt_v2.md","f8c1e07469d8fce3148ad7c53f3ebb7f02fa312d8e0b724f6912808923385d29","true","0-5","","","","","","","","","","","","","","/Users/scott/Desktop/Archive/_pass_c_abandoned_runs/20260526/prepared/poolsofstoragewp-3a0151/working/prescience_scores_27b_passC_v1.csv","e2daa8ccb4a84271c40e578f02565ca7b53a086cac0e32d1176fa103804b5386","unknown","","","","","true","true","agent_quality_regression_may26","","","","","","","","","","no_explicitly_rejected","","","DROP","T2,T4,T5,T6,T7","keep_for_triangulation_only",""
"mac_abandoned_run_pragmatechv2snapshot-b0953e_2026-05-29","mac_abandoned_run","/Users/scott/Desktop/Archive/_pass_c_abandoned_runs/20260526/prepared/pragmatechv2snapshot-b0953e/working","","","","/Users/scott/Desktop/Archive/prescience_score_prompt_v2.md","f8c1e07469d8fce3148ad7c53f3ebb7f02fa312d8e0b724f6912808923385d29","true","0-5","","","","","","","","","","","","","","/Users/scott/Desktop/Archive/_pass_c_abandoned_runs/20260526/prepared/pragmatechv2snapshot-b0953e/working/prescience_scores_27b_passC_v1.csv","61198da50e41eb672bf89bc9384aaddf8b27b64a7c92620f910afbba0fcb830c","unknown","","","","","true","true","agent_quality_regression_may26","","","","","","","","","","no_explicitly_rejected","","","DROP","T2,T4,T5,T6,T7","keep_for_triangulation_only",""
"mac_abandoned_run_privastaffsnapshot-b4f7c1_2026-05-29","mac_abandoned_run","/Users/scott/Desktop/Archive/_pass_c_abandoned_runs/20260526/prepared/privastaffsnapshot-b4f7c1/working","","","","/Users/scott/Desktop/Archive/prescience_score_prompt_v2.md","f8c1e07469d8fce3148ad7c53f3ebb7f02fa312d8e0b724f6912808923385d29","true","0-5","","","","","","","","","","","","","","/Users/scott/Desktop/Archive/_pass_c_abandoned_runs/20260526/prepared/privastaffsnapshot-b4f7c1/working/prescience_scores_27b_passC_v1.csv","f7845d8b93376277bf67a8f46b4634e90a6f26d2af7f8ebe9e7b64dceae1d19d","unknown","","","","","true","true","agent_quality_regression_may26","","","","","","","","","","no_explicitly_rejected","","","DROP","T2,T4,T5,T6,T7","keep_for_triangulation_only",""
"mac_abandoned_run_procuri-d9365c_2026-05-29","mac_abandoned_run","/Users/scott/Desktop/Archive/_pass_c_abandoned_runs/20260526/prepared/procuri-d9365c/working","","","","/Users/scott/Desktop/Archive/prescience_score_prompt_v2.md","f8c1e07469d8fce3148ad7c53f3ebb7f02fa312d8e0b724f6912808923385d29","true","0-5","","","","","","","","","","","","","","/Users/scott/Desktop/Archive/_pass_c_abandoned_runs/20260526/prepared/procuri-d9365c/working/prescience_scores_27b_passC_v1.csv","ebf5ea64c53293b9361bb6fda8363d387fa2222893a9414a0890021c0f8e847a","unknown","","","","","true","true","agent_quality_regression_may26","","","","","","","","","","no_explicitly_rejected","","","DROP","T2,T4,T5,T6,T7","keep_for_triangulation_only",""
"mac_abandoned_run_product-innovation-snapshot-e17d47_2026-05-29","mac_abandoned_run","/Users/scott/Desktop/Archive/_pass_c_abandoned_runs/20260526/prepared/product-innovation-snapshot-e17d47/working","","","","/Users/scott/Desktop/Archive/prescience_score_prompt_v2.md","f8c1e07469d8fce3148ad7c53f3ebb7f02fa312d8e0b724f6912808923385d29","true","0-5","","","","","","","","","","","","","","/Users/scott/Desktop/Archive/_pass_c_abandoned_runs/20260526/prepared/product-innovation-snapshot-e17d47/working/prescience_scores_27b_passC_v1.csv","1c69464521e07d189352d7b033aa05751ebed4a4e1eab0b620fb5940e1362fea","unknown","","","","","true","true","agent_quality_regression_may26","","","","","","","","","","no_explicitly_rejected","","","DROP","T2,T4,T5,T6,T7","keep_for_triangulation_only",""
"mac_abandoned_run_psa2001surveyreporttoc-971ee5_2026-05-29","mac_abandoned_run","/Users/scott/Desktop/Archive/_pass_c_abandoned_runs/20260526/prepared/psa2001surveyreporttoc-971ee5/working","","","","/Users/scott/Desktop/Archive/prescience_score_prompt_v2.md","f8c1e07469d8fce3148ad7c53f3ebb7f02fa312d8e0b724f6912808923385d29","true","0-5","","","","","","","","","","","","","","/Users/scott/Desktop/Archive/_pass_c_abandoned_runs/20260526/prepared/psa2001surveyreporttoc-971ee5/working/prescience_scores_27b_passC_v1.csv","770db3e86fc6dd0a89fc9d41ec3656c335906d5dbeb0a2aaacb7eb276a79040d","unknown","","","","","true","true","agent_quality_regression_may26","","","","","","","","","","no_explicitly_rejected","","","DROP","T2,T4,T5,T6,T7","keep_for_triangulation_only",""
"mac_abandoned_run_pscrm99-execsum-d07d3b_2026-05-29","mac_abandoned_run","/Users/scott/Desktop/Archive/_pass_c_abandoned_runs/20260526/prepared/pscrm99-execsum-d07d3b/working","","","","/Users/scott/Desktop/Archive/prescience_score_prompt_v2.md","f8c1e07469d8fce3148ad7c53f3ebb7f02fa312d8e0b724f6912808923385d29","true","0-5","","","","","","","","","","","","","","/Users/scott/Desktop/Archive/_pass_c_abandoned_runs/20260526/prepared/pscrm99-execsum-d07d3b/working/prescience_scores_27b_passC_v1.csv","b4b7630730ff1f8538c303149edc443b8c565c6ae5238c73ce27e0391bc1c239","unknown","","","","","true","true","agent_quality_regression_may26","","","","","","","","","","no_explicitly_rejected","","","DROP","T2,T4,T5,T6,T7","keep_for_triangulation_only",""
"mac_abandoned_run_qrs-ba207a_2026-05-29","mac_abandoned_run","/Users/scott/Desktop/Archive/_pass_c_abandoned_runs/20260526/prepared/qrs-ba207a/working","","","","/Users/scott/Desktop/Archive/prescience_score_prompt_v2.md","f8c1e07469d8fce3148ad7c53f3ebb7f02fa312d8e0b724f6912808923385d29","true","0-5","","","","","","","","","","","","","","/Users/scott/Desktop/Archive/_pass_c_abandoned_runs/20260526/prepared/qrs-ba207a/working/prescience_scores_27b_passC_v1.csv","2015e1e031c70123f73b432b0a4edcde7167b2fb99e977e86926c9c79d2e5831","unknown","","","","","true","true","agent_quality_regression_may26","","","","","","","","","","no_explicitly_rejected","","","DROP","T2,T4,T5,T6,T7","keep_for_triangulation_only",""
"mac_abandoned_run_ra-21stcen-3863-65fedd_2026-05-29","mac_abandoned_run","/Users/scott/Desktop/Archive/_pass_c_abandoned_runs/20260526/prepared/ra-21stcen-3863-65fedd/working","","","","/Users/scott/Desktop/Archive/prescience_score_prompt_v2.md","f8c1e07469d8fce3148ad7c53f3ebb7f02fa312d8e0b724f6912808923385d29","true","0-5","","","","","","","","","","","","","","/Users/scott/Desktop/Archive/_pass_c_abandoned_runs/20260526/prepared/ra-21stcen-3863-65fedd/working/prescience_scores_27b_passC_v1.csv","52d26688d537b3bb63a569f5d333901a1197019805e07471ada4d286d84d8e2e","unknown","","","","","true","true","agent_quality_regression_may26","","","","","","","","","","no_explicitly_rejected","","","DROP","T2,T4,T5,T6,T7","keep_for_triangulation_only",""
"mac_abandoned_run_ra-admoutsourcing-rs-3597-59f661_2026-05-29","mac_abandoned_run","/Users/scott/Desktop/Archive/_pass_c_abandoned_runs/20260526/prepared/ra-admoutsourcing-rs-3597-59f661/working","","","","/Users/scott/Desktop/Archive/prescience_score_prompt_v2.md","f8c1e07469d8fce3148ad7c53f3ebb7f02fa312d8e0b724f6912808923385d29","true","0-5","","","","","","","","","","","","","","/Users/scott/Desktop/Archive/_pass_c_abandoned_runs/20260526/prepared/ra-admoutsourcing-rs-3597-59f661/working/prescience_scores_27b_passC_v1.csv","3102617909c200a64aad4c9bc83b282fb26fc9db5c3d8314d83cd7658775c51b","unknown","","","","","true","true","agent_quality_regression_may26","","","","","","","","","","no_explicitly_rejected","","","DROP","T2,T4,T5,T6,T7","keep_for_triangulation_only",""
"mac_abandoned_run_ra-advancedsourcing-3857-9ede9d_2026-05-29","mac_abandoned_run","/Users/scott/Desktop/Archive/_pass_c_abandoned_runs/20260526/prepared/ra-advancedsourcing-3857-9ede9d/working","","","","/Users/scott/Desktop/Archive/prescience_score_prompt_v2.md","f8c1e07469d8fce3148ad7c53f3ebb7f02fa312d8e0b724f6912808923385d29","true","0-5","","","","","","","","","","","","","","/Users/scott/Desktop/Archive/_pass_c_abandoned_runs/20260526/prepared/ra-advancedsourcing-3857-9ede9d/working/prescience_scores_27b_passC_v1.csv","638066d5be61aef82b16b28541e2b8b12efdfe6c06df18df3569abf8885d09d2","unknown","","","","","true","true","agent_quality_regression_may26","","","","","","","","","","no_explicitly_rejected","","","DROP","T2,T4,T5,T6,T7","keep_for_triangulation_only",""
"mac_abandoned_run_ra-bpsecinfoaccess-jh-8c3eaa_2026-05-29","mac_abandoned_run","/Users/scott/Desktop/Archive/_pass_c_abandoned_runs/20260526/prepared/ra-bpsecinfoaccess-jh-8c3eaa/working","","","","/Users/scott/Desktop/Archive/prescience_score_prompt_v2.md","f8c1e07469d8fce3148ad7c53f3ebb7f02fa312d8e0b724f6912808923385d29","true","0-5","","","","","","","","","","","","","","/Users/scott/Desktop/Archive/_pass_c_abandoned_runs/20260526/prepared/ra-bpsecinfoaccess-jh-8c3eaa/working/prescience_scores_27b_passC_v1.csv","25fd19913a16316191c0425e35f98f496717e190c7181c19ee6e040f09e23015","unknown","","","","","true","true","agent_quality_regression_may26","","","","","","","","","","no_explicitly_rejected","","","DROP","T2,T4,T5,T6,T7","keep_for_triangulation_only",""
"mac_abandoned_run_ra-bpsop-se-134043_2026-05-29","mac_abandoned_run","/Users/scott/Desktop/Archive/_pass_c_abandoned_runs/20260526/prepared/ra-bpsop-se-134043/working","","","","/Users/scott/Desktop/Archive/prescience_score_prompt_v2.md","f8c1e07469d8fce3148ad7c53f3ebb7f02fa312d8e0b724f6912808923385d29","true","0-5","","","","","","","","","","","","","","/Users/scott/Desktop/Archive/_pass_c_abandoned_runs/20260526/prepared/ra-bpsop-se-134043/working/prescience_scores_27b_passC_v1.csv","79031d2925bdaa655ecd288f0373b835c1003b8573a362193dc5987010f88505","unknown","","","","","true","true","agent_quality_regression_may26","","","","","","","","","","no_explicitly_rejected","","","DROP","T2,T4,T5,T6,T7","keep_for_triangulation_only",""
"mac_abandoned_run_ra-bptransmgmt-be-5977ec_2026-05-29","mac_abandoned_run","/Users/scott/Desktop/Archive/_pass_c_abandoned_runs/20260526/prepared/ra-bptransmgmt-be-5977ec/working","","","","/Users/scott/Desktop/Archive/prescience_score_prompt_v2.md","f8c1e07469d8fce3148ad7c53f3ebb7f02fa312d8e0b724f6912808923385d29","true","0-5","","","","","","","","","","","","","","/Users/scott/Desktop/Archive/_pass_c_abandoned_runs/20260526/prepared/ra-bptransmgmt-be-5977ec/working/prescience_scores_27b_passC_v1.csv","e45afc949c8c71c15e2202f34c153234aca7a4459e83a367b54f718c29b121e5","unknown","","","","","true","true","agent_quality_regression_may26","","","","","","","","","","no_explicitly_rejected","","","DROP","T2,T4,T5,T6,T7","keep_for_triangulation_only",""
"mac_abandoned_run_ra-cimss-la-2851-7ea2a2_2026-05-29","mac_abandoned_run","/Users/scott/Desktop/Archive/_pass_c_abandoned_runs/20260526/prepared/ra-cimss-la-2851-7ea2a2/working","","","","/Users/scott/Desktop/Archive/prescience_score_prompt_v2.md","f8c1e07469d8fce3148ad7c53f3ebb7f02fa312d8e0b724f6912808923385d29","true","0-5","","","","","","","","","","","","","","/Users/scott/Desktop/Archive/_pass_c_abandoned_runs/20260526/prepared/ra-cimss-la-2851-7ea2a2/working/prescience_scores_27b_passC_v1.csv","b5261ab66ca3a1bff5396299db196d0b86958e5a7fad18ac0c88f5e845a51ab2","unknown","","","","","true","true","agent_quality_regression_may26","","","","","","","","","","no_explicitly_rejected","","","DROP","T2,T4,T5,T6,T7","keep_for_triangulation_only",""
"mac_abandoned_run_ra-clicks-jl-3710-3cb22d_2026-05-29","mac_abandoned_run","/Users/scott/Desktop/Archive/_pass_c_abandoned_runs/20260526/prepared/ra-clicks-jl-3710-3cb22d/working","","","","/Users/scott/Desktop/Archive/prescience_score_prompt_v2.md","f8c1e07469d8fce3148ad7c53f3ebb7f02fa312d8e0b724f6912808923385d29","true","0-5","","","","","","","","","","","","","","/Users/scott/Desktop/Archive/_pass_c_abandoned_runs/20260526/prepared/ra-clicks-jl-3710-3cb22d/working/prescience_scores_27b_passC_v1.csv","0e2425bde9c6051d25193d3b80f0bc0558cdb98253ea6c802c3a16a1994f83c8","unknown","","","","","true","true","agent_quality_regression_may26","","","","","","","","","","no_explicitly_rejected","","","DROP","T2,T4,T5,T6,T7","keep_for_triangulation_only",""
"mac_abandoned_run_ra-cmo-smemme-la-3607-20a587_2026-05-29","mac_abandoned_run","/Users/scott/Desktop/Archive/_pass_c_abandoned_runs/20260526/prepared/ra-cmo-smemme-la-3607-20a587/working","","","","/Users/scott/Desktop/Archive/prescience_score_prompt_v2.md","f8c1e07469d8fce3148ad7c53f3ebb7f02fa312d8e0b724f6912808923385d29","true","0-5","","","","","","","","","","","","","","/Users/scott/Desktop/Archive/_pass_c_abandoned_runs/20260526/prepared/ra-cmo-smemme-la-3607-20a587/working/prescience_scores_27b_passC_v1.csv","19841e48052dd98534fe9a12be9f794e2cb7b2ee9f5657b6435ca293a2d0c312","unknown","","","","","true","true","agent_quality_regression_may26","","","","","","","","","","no_explicitly_rejected","","","DROP","T2,T4,T5,T6,T7","keep_for_triangulation_only",""
"mac_abandoned_run_ra-compositeapps-rs-pk-3716-05cbff_2026-05-29","mac_abandoned_run","/Users/scott/Desktop/Archive/_pass_c_abandoned_runs/20260526/prepared/ra-compositeapps-rs-pk-3716-05cbff/working","","","","/Users/scott/Desktop/Archive/prescience_score_prompt_v2.md","f8c1e07469d8fce3148ad7c53f3ebb7f02fa312d8e0b724f6912808923385d29","true","0-5","","","","","","","","","","","","","","/Users/scott/Desktop/Archive/_pass_c_abandoned_runs/20260526/prepared/ra-compositeapps-rs-pk-3716-05cbff/working/prescience_scores_27b_passC_v1.csv","e029cace87274769a359c1552d87fc908312d70d8db245bf4a8a2685c7f0d32a","unknown","","","","","true","true","agent_quality_regression_may26","","","","","","","","","","no_explicitly_rejected","","","DROP","T2,T4,T5,T6,T7","keep_for_triangulation_only",""
"mac_abandoned_run_ra-custanalyticsssg-gb-jl-3709-b60131_2026-05-29","mac_abandoned_run","/Users/scott/Desktop/Archive/_pass_c_abandoned_runs/20260526/prepared/ra-custanalyticsssg-gb-jl-3709-b60131/working","","","","/Users/scott/Desktop/Archive/prescience_score_prompt_v2.md","f8c1e07469d8fce3148ad7c53f3ebb7f02fa312d8e0b724f6912808923385d29","true","0-5","","","","","","","","","","","","","","/Users/scott/Desktop/Archive/_pass_c_abandoned_runs/20260526/prepared/ra-custanalyticsssg-gb-jl-3709-b60131/working/prescience_scores_27b_passC_v1.csv","15081699660aaaca8866f9b2d87b2268b08be1dfa186f3c8818bacd12905a633","unknown","","","","","true","true","agent_quality_regression_may26","","","","","","","","","","no_explicitly_rejected","","","DROP","T2,T4,T5,T6,T7","keep_for_triangulation_only",""
"mac_abandoned_run_ra-final-endpointnac-bg-3723-84f1e0_2026-05-29","mac_abandoned_run","/Users/scott/Desktop/Archive/_pass_c_abandoned_runs/20260526/prepared/ra-final-endpointnac-bg-3723-84f1e0/working","","","","/Users/scott/Desktop/Archive/prescience_score_prompt_v2.md","f8c1e07469d8fce3148ad7c53f3ebb7f02fa312d8e0b724f6912808923385d29","true","0-5","","","","","","","","","","","","","","/Users/scott/Desktop/Archive/_pass_c_abandoned_runs/20260526/prepared/ra-final-endpointnac-bg-3723-84f1e0/working/prescience_scores_27b_passC_v1.csv","21c6403c5c3df219254f4a7bb78d6cbf7892652fc7d50584a2e64c196a9f9624","unknown","","","","","true","true","agent_quality_regression_may26","","","","","","","","","","no_explicitly_rejected","","","DROP","T2,T4,T5,T6,T7","keep_for_triangulation_only",""
"mac_abandoned_run_ra-governance-jh-1e6241_2026-05-29","mac_abandoned_run","/Users/scott/Desktop/Archive/_pass_c_abandoned_runs/20260526/prepared/ra-governance-jh-1e6241/working","","","","/Users/scott/Desktop/Archive/prescience_score_prompt_v2.md","f8c1e07469d8fce3148ad7c53f3ebb7f02fa312d8e0b724f6912808923385d29","true","0-5","","","","","","","","","","","","","","/Users/scott/Desktop/Archive/_pass_c_abandoned_runs/20260526/prepared/ra-governance-jh-1e6241/working/prescience_scores_27b_passC_v1.csv","51ef5455363dcbe675d01ca65edd71e31e89d011215328e25947d3242ab08ee1","unknown","","","","","true","true","agent_quality_regression_may26","","","","","","","","","","no_explicitly_rejected","","","DROP","T2,T4,T5,T6,T7","keep_for_triangulation_only",""
"mac_abandoned_run_ra-indbpinrevlog-rg-3865-b61078_2026-05-29","mac_abandoned_run","/Users/scott/Desktop/Archive/_pass_c_abandoned_runs/20260526/prepared/ra-indbpinrevlog-rg-3865-b61078/working","","","","/Users/scott/Desktop/Archive/prescience_score_prompt_v2.md","f8c1e07469d8fce3148ad7c53f3ebb7f02fa312d8e0b724f6912808923385d29","true","0-5","","","","","","","","","","","","","","/Users/scott/Desktop/Archive/_pass_c_abandoned_runs/20260526/prepared/ra-indbpinrevlog-rg-3865-b61078/working/prescience_scores_27b_passC_v1.csv","1d95af5340615acbbc3f37d4bbac626de379cc12ec5cb377cf96373638843d8e","unknown","","","","","true","true","agent_quality_regression_may26","","","","","","","","","","no_explicitly_rejected","","","DROP","T2,T4,T5,T6,T7","keep_for_triangulation_only",""
"mac_abandoned_run_ra-lbs-sd-3599-736223_2026-05-29","mac_abandoned_run","/Users/scott/Desktop/Archive/_pass_c_abandoned_runs/20260526/prepared/ra-lbs-sd-3599-736223/working","","","","/Users/scott/Desktop/Archive/prescience_score_prompt_v2.md","f8c1e07469d8fce3148ad7c53f3ebb7f02fa312d8e0b724f6912808923385d29","true","0-5","","","","","","","","","","","","","","/Users/scott/Desktop/Archive/_pass_c_abandoned_runs/20260526/prepared/ra-lbs-sd-3599-736223/working/prescience_scores_27b_passC_v1.csv","067db15f728b46c455a2bbe834605eb9941986fdc3096f4ee472364bf0e1c024","unknown","","","","","true","true","agent_quality_regression_may26","","","","","","","","","","no_explicitly_rejected","","","DROP","T2,T4,T5,T6,T7","keep_for_triangulation_only",""
"mac_abandoned_run_ra-lean-jb-2845-f319f8_2026-05-29","mac_abandoned_run","/Users/scott/Desktop/Archive/_pass_c_abandoned_runs/20260526/prepared/ra-lean-jb-2845-f319f8/working","","","","/Users/scott/Desktop/Archive/prescience_score_prompt_v2.md","f8c1e07469d8fce3148ad7c53f3ebb7f02fa312d8e0b724f6912808923385d29","true","0-5","","","","","","","","","","","","","","/Users/scott/Desktop/Archive/_pass_c_abandoned_runs/20260526/prepared/ra-lean-jb-2845-f319f8/working/prescience_scores_27b_passC_v1.csv","00dc7061ddb29fd6305831dfb2e06affdc4d2565b69cf27af716a79e8db37ff9","unknown","","","","","true","true","agent_quality_regression_may26","","","","","","","","","","no_explicitly_rejected","","","DROP","T2,T4,T5,T6,T7","keep_for_triangulation_only",""
"mac_abandoned_run_ra-mfsupdate-mvsd-3719-dda2ac_2026-05-29","mac_abandoned_run","/Users/scott/Desktop/Archive/_pass_c_abandoned_runs/20260526/prepared/ra-mfsupdate-mvsd-3719-dda2ac/working","","","","/Users/scott/Desktop/Archive/prescience_score_prompt_v2.md","f8c1e07469d8fce3148ad7c53f3ebb7f02fa312d8e0b724f6912808923385d29","true","0-5","","","","","","","","","","","","","","/Users/scott/Desktop/Archive/_pass_c_abandoned_runs/20260526/prepared/ra-mfsupdate-mvsd-3719-dda2ac/working/prescience_scores_27b_passC_v1.csv","dedbdfad7a73813431e81f671dca6b47e89317fec575bbee1f8ffadcbc97c627","unknown","","","","","true","true","agent_quality_regression_may26","","","","","","","","","","no_explicitly_rejected","","","DROP","T2,T4,T5,T6,T7","keep_for_triangulation_only",""
"mac_abandoned_run_ra-ntgenproddoc-3706-0a56e7_2026-05-29","mac_abandoned_run","/Users/scott/Desktop/Archive/_pass_c_abandoned_runs/20260526/prepared/ra-ntgenproddoc-3706-0a56e7/working","","","","/Users/scott/Desktop/Archive/prescience_score_prompt_v2.md","f8c1e07469d8fce3148ad7c53f3ebb7f02fa312d8e0b724f6912808923385d29","true","0-5","","","","","","","","","","","","","","/Users/scott/Desktop/Archive/_pass_c_abandoned_runs/20260526/prepared/ra-ntgenproddoc-3706-0a56e7/working/prescience_scores_27b_passC_v1.csv","8f5e86ad976e12b545275e7506a21df7ad8a45a7c287271babac896030f62fab","unknown","","","","","true","true","agent_quality_regression_may26","","","","","","","","","","no_explicitly_rejected","","","DROP","T2,T4,T5,T6,T7","keep_for_triangulation_only",""
"mac_abandoned_run_ra-pointsofservice-pr-2858-838bf8_2026-05-29","mac_abandoned_run","/Users/scott/Desktop/Archive/_pass_c_abandoned_runs/20260526/prepared/ra-pointsofservice-pr-2858-838bf8/working","","","","/Users/scott/Desktop/Archive/prescience_score_prompt_v2.md","f8c1e07469d8fce3148ad7c53f3ebb7f02fa312d8e0b724f6912808923385d29","true","0-5","","","","","","","","","","","","","","/Users/scott/Desktop/Archive/_pass_c_abandoned_runs/20260526/prepared/ra-pointsofservice-pr-2858-838bf8/working/prescience_scores_27b_passC_v1.csv","594a861eed098fa6513a7276c832581f23a31978a576ef59015ea4599ea63e2e","unknown","","","","","true","true","agent_quality_regression_may26","","","","","","","","","","no_explicitly_rejected","","","DROP","T2,T4,T5,T6,T7","keep_for_triangulation_only",""
"mac_abandoned_run_ra-procurementoutsourcing-rs-sb-3100-b7f944_2026-05-29","mac_abandoned_run","/Users/scott/Desktop/Archive/_pass_c_abandoned_runs/20260526/prepared/ra-procurementoutsourcing-rs-sb-3100-b7f944/working","","","","/Users/scott/Desktop/Archive/prescience_score_prompt_v2.md","f8c1e07469d8fce3148ad7c53f3ebb7f02fa312d8e0b724f6912808923385d29","true","0-5","","","","","","","","","","","","","","/Users/scott/Desktop/Archive/_pass_c_abandoned_runs/20260526/prepared/ra-procurementoutsourcing-rs-sb-3100-b7f944/working/prescience_scores_27b_passC_v1.csv","cf18fdc3f976d908fb81748cf325e617e058bf589dde6a3ab1c28ae27eddef51","unknown","","","","","true","true","agent_quality_regression_may26","","","","","","","","","","no_explicitly_rejected","","","DROP","T2,T4,T5,T6,T7","keep_for_triangulation_only",""
"mac_abandoned_run_ra-rfidmfg-3758-c43b7f_2026-05-29","mac_abandoned_run","/Users/scott/Desktop/Archive/_pass_c_abandoned_runs/20260526/prepared/ra-rfidmfg-3758-c43b7f/working","","","","/Users/scott/Desktop/Archive/prescience_score_prompt_v2.md","f8c1e07469d8fce3148ad7c53f3ebb7f02fa312d8e0b724f6912808923385d29","true","0-5","","","","","","","","","","","","","","/Users/scott/Desktop/Archive/_pass_c_abandoned_runs/20260526/prepared/ra-rfidmfg-3758-c43b7f/working/prescience_scores_27b_passC_v1.csv","61c0310184babe3a332cacd1c7d224768482a562ada0960a0f757840b57a741b","unknown","","","","","true","true","agent_quality_regression_may26","","","","","","","","","","no_explicitly_rejected","","","DROP","T2,T4,T5,T6,T7","keep_for_triangulation_only",""
"mac_abandoned_run_ra-scinnovator-be-3028-140f1e_2026-05-29","mac_abandoned_run","/Users/scott/Desktop/Archive/_pass_c_abandoned_runs/20260526/prepared/ra-scinnovator-be-3028-140f1e/working","","","","/Users/scott/Desktop/Archive/prescience_score_prompt_v2.md","f8c1e07469d8fce3148ad7c53f3ebb7f02fa312d8e0b724f6912808923385d29","true","0-5","","","","","","","","","","","","","","/Users/scott/Desktop/Archive/_pass_c_abandoned_runs/20260526/prepared/ra-scinnovator-be-3028-140f1e/working/prescience_scores_27b_passC_v1.csv","b6ad0cffbec673c7198e92c8b3e46d06a96e5e2f20d676129e1c772db63f62e9","unknown","","","","","true","true","agent_quality_regression_may26","","","","","","","","","","no_explicitly_rejected","","","DROP","T2,T4,T5,T6,T7","keep_for_triangulation_only",""
"mac_abandoned_run_ra-sctippingpt-be-abr2844-49af82_2026-05-29","mac_abandoned_run","/Users/scott/Desktop/Archive/_pass_c_abandoned_runs/20260526/prepared/ra-sctippingpt-be-abr2844-49af82/working","","","","/Users/scott/Desktop/Archive/prescience_score_prompt_v2.md","f8c1e07469d8fce3148ad7c53f3ebb7f02fa312d8e0b724f6912808923385d29","true","0-5","","","","","","","","","","","","","","/Users/scott/Desktop/Archive/_pass_c_abandoned_runs/20260526/prepared/ra-sctippingpt-be-abr2844-49af82/working/prescience_scores_27b_passC_v1.csv","7d5e826c509dba947f2fc01c4aa8c328f8548a2d79ebffa06d7496fc3b48ea31","unknown","","","","","true","true","agent_quality_regression_may26","","","","","","","","","","no_explicitly_rejected","","","DROP","T2,T4,T5,T6,T7","keep_for_triangulation_only",""
"mac_abandoned_run_ra-sno-mvmt-2859-790aed_2026-05-29","mac_abandoned_run","/Users/scott/Desktop/Archive/_pass_c_abandoned_runs/20260526/prepared/ra-sno-mvmt-2859-790aed/working","","","","/Users/scott/Desktop/Archive/prescience_score_prompt_v2.md","f8c1e07469d8fce3148ad7c53f3ebb7f02fa312d8e0b724f6912808923385d29","true","0-5","","","","","","","","","","","","","","/Users/scott/Desktop/Archive/_pass_c_abandoned_runs/20260526/prepared/ra-sno-mvmt-2859-790aed/working/prescience_scores_27b_passC_v1.csv","22fb2c810b44e432d05f56d9f81069865c09260ebfd0afbec8830e0c6370acbc","unknown","","","","","true","true","agent_quality_regression_may26","","","","","","","","","","no_explicitly_rejected","","","DROP","T2,T4,T5,T6,T7","keep_for_triangulation_only",""
"mac_abandoned_run_ra-sro-mvrg-2860-edc995_2026-05-29","mac_abandoned_run","/Users/scott/Desktop/Archive/_pass_c_abandoned_runs/20260526/prepared/ra-sro-mvrg-2860-edc995/working","","","","/Users/scott/Desktop/Archive/prescience_score_prompt_v2.md","f8c1e07469d8fce3148ad7c53f3ebb7f02fa312d8e0b724f6912808923385d29","true","0-5","","","","","","","","","","","","","","/Users/scott/Desktop/Archive/_pass_c_abandoned_runs/20260526/prepared/ra-sro-mvrg-2860-edc995/working/prescience_scores_27b_passC_v1.csv","8e80e0defc859640e4bfc12ca5864c002533794de9d75e4cef493e02b74ba9e5","unknown","","","","","true","true","agent_quality_regression_may26","","","","","","","","","","no_explicitly_rejected","","","DROP","T2,T4,T5,T6,T7","keep_for_triangulation_only",""
"mac_abandoned_run_ra-supplierenablement-rs-2869-3e06ef_2026-05-29","mac_abandoned_run","/Users/scott/Desktop/Archive/_pass_c_abandoned_runs/20260526/prepared/ra-supplierenablement-rs-2869-3e06ef/working","","","","/Users/scott/Desktop/Archive/prescience_score_prompt_v2.md","f8c1e07469d8fce3148ad7c53f3ebb7f02fa312d8e0b724f6912808923385d29","true","0-5","","","","","","","","","","","","","","/Users/scott/Desktop/Archive/_pass_c_abandoned_runs/20260526/prepared/ra-supplierenablement-rs-2869-3e06ef/working/prescience_scores_27b_passC_v1.csv","cf5aa86b5ee130c402a41e8c8e94360907ed2a21c33fe45335dafc5235618f0b","unknown","","","","","true","true","agent_quality_regression_may26","","","","","","","","","","no_explicitly_rejected","","","DROP","T2,T4,T5,T6,T7","keep_for_triangulation_only",""
"mac_abandoned_run_ra-ttcmwireless-2855-027da7_2026-05-29","mac_abandoned_run","/Users/scott/Desktop/Archive/_pass_c_abandoned_runs/20260526/prepared/ra-ttcmwireless-2855-027da7/working","","","","/Users/scott/Desktop/Archive/prescience_score_prompt_v2.md","f8c1e07469d8fce3148ad7c53f3ebb7f02fa312d8e0b724f6912808923385d29","true","0-5","","","","","","","","","","","","","","/Users/scott/Desktop/Archive/_pass_c_abandoned_runs/20260526/prepared/ra-ttcmwireless-2855-027da7/working/prescience_scores_27b_passC_v1.csv","2473c86adb49a95f2b0a8b6060f4d6afab15c1f400cab5ac34dbe9c974b9b405","unknown","","","","","true","true","agent_quality_regression_may26","","","","","","","","","","no_explicitly_rejected","","","DROP","T2,T4,T5,T6,T7","keep_for_triangulation_only",""
"mac_abandoned_run_ra-wan-pb-3854-d0b6ab_2026-05-29","mac_abandoned_run","/Users/scott/Desktop/Archive/_pass_c_abandoned_runs/20260526/prepared/ra-wan-pb-3854-d0b6ab/working","","","","/Users/scott/Desktop/Archive/prescience_score_prompt_v2.md","f8c1e07469d8fce3148ad7c53f3ebb7f02fa312d8e0b724f6912808923385d29","true","0-5","","","","","","","","","","","","","","/Users/scott/Desktop/Archive/_pass_c_abandoned_runs/20260526/prepared/ra-wan-pb-3854-d0b6ab/working/prescience_scores_27b_passC_v1.csv","405c6009be9437082f7429fe38295de02f1e0f83d11f782e81a3fdcd479cdc40","unknown","","","","","true","true","agent_quality_regression_may26","","","","","","","","","","no_explicitly_rejected","","","DROP","T2,T4,T5,T6,T7","keep_for_triangulation_only",""
"mac_abandoned_run_ra-warehouseautomation-3867-89c99f_2026-05-29","mac_abandoned_run","/Users/scott/Desktop/Archive/_pass_c_abandoned_runs/20260526/prepared/ra-warehouseautomation-3867-89c99f/working","","","","/Users/scott/Desktop/Archive/prescience_score_prompt_v2.md","f8c1e07469d8fce3148ad7c53f3ebb7f02fa312d8e0b724f6912808923385d29","true","0-5","","","","","","","","","","","","","","/Users/scott/Desktop/Archive/_pass_c_abandoned_runs/20260526/prepared/ra-warehouseautomation-3867-89c99f/working/prescience_scores_27b_passC_v1.csv","e521f934741fb9aa8d6db0f7d2596ededd019c87d947d85516387a30e1845308","unknown","","","","","true","true","agent_quality_regression_may26","","","","","","","","","","no_explicitly_rejected","","","DROP","T2,T4,T5,T6,T7","keep_for_triangulation_only",""
"mac_abandoned_run_ra-web-site-search-3910-5f9297_2026-05-29","mac_abandoned_run","/Users/scott/Desktop/Archive/_pass_c_abandoned_runs/20260526/prepared/ra-web-site-search-3910-5f9297/working","","","","/Users/scott/Desktop/Archive/prescience_score_prompt_v2.md","f8c1e07469d8fce3148ad7c53f3ebb7f02fa312d8e0b724f6912808923385d29","true","0-5","","","","","","","","","","","","","","/Users/scott/Desktop/Archive/_pass_c_abandoned_runs/20260526/prepared/ra-web-site-search-3910-5f9297/working/prescience_scores_27b_passC_v1.csv","4f87add411d6ac4c19ad319ca127b1ace7555f499b3053a3303a75dfa163c8aa","unknown","","","","","true","true","agent_quality_regression_may26","","","","","","","","","","no_explicitly_rejected","","","DROP","T2,T4,T5,T6,T7","keep_for_triangulation_only",""
"mac_abandoned_run_rainbowsnapshot-0df5ed_2026-05-29","mac_abandoned_run","/Users/scott/Desktop/Archive/_pass_c_abandoned_runs/20260526/prepared/rainbowsnapshot-0df5ed/working","","","","/Users/scott/Desktop/Archive/prescience_score_prompt_v2.md","f8c1e07469d8fce3148ad7c53f3ebb7f02fa312d8e0b724f6912808923385d29","true","0-5","","","","","","","","","","","","","","/Users/scott/Desktop/Archive/_pass_c_abandoned_runs/20260526/prepared/rainbowsnapshot-0df5ed/working/prescience_scores_27b_passC_v1.csv","45043d4d607db67834f79259fddd04303f7cbacc409defef36d080f0b9502641","unknown","","","","","true","true","agent_quality_regression_may26","","","","","","","","","","no_explicitly_rejected","","","DROP","T2,T4,T5,T6,T7","keep_for_triangulation_only",""
"mac_abandoned_run_rb-bptransportation-be-e848ea_2026-05-29","mac_abandoned_run","/Users/scott/Desktop/Archive/_pass_c_abandoned_runs/20260526/prepared/rb-bptransportation-be-e848ea/working","","","","/Users/scott/Desktop/Archive/prescience_score_prompt_v2.md","f8c1e07469d8fce3148ad7c53f3ebb7f02fa312d8e0b724f6912808923385d29","true","0-5","","","","","","","","","","","","","","/Users/scott/Desktop/Archive/_pass_c_abandoned_runs/20260526/prepared/rb-bptransportation-be-e848ea/working/prescience_scores_27b_passC_v1.csv","2736d537815c4268875f35d7f2aa2012ced4dbb9931c9c59ad8ff408817e1b01","unknown","","","","","true","true","agent_quality_regression_may26","","","","","","","","","","no_explicitly_rejected","","","DROP","T2,T4,T5,T6,T7","keep_for_triangulation_only",""
"mac_abandoned_run_rb-cmcfo-vp-3500-97dcdd_2026-05-29","mac_abandoned_run","/Users/scott/Desktop/Archive/_pass_c_abandoned_runs/20260526/prepared/rb-cmcfo-vp-3500-97dcdd/working","","","","/Users/scott/Desktop/Archive/prescience_score_prompt_v2.md","f8c1e07469d8fce3148ad7c53f3ebb7f02fa312d8e0b724f6912808923385d29","true","0-5","","","","","","","","","","","","","","/Users/scott/Desktop/Archive/_pass_c_abandoned_runs/20260526/prepared/rb-cmcfo-vp-3500-97dcdd/working/prescience_scores_27b_passC_v1.csv","43f0fafb1c4153ba9eb66e38a16205768826a6e63af443f7bef2a8e1cd396d36","unknown","","","","","true","true","agent_quality_regression_may26","","","","","","","","","","no_explicitly_rejected","","","DROP","T2,T4,T5,T6,T7","keep_for_triangulation_only",""
"mac_abandoned_run_rb-enablingb2bcollaboration-3890-56c184_2026-05-29","mac_abandoned_run","/Users/scott/Desktop/Archive/_pass_c_abandoned_runs/20260526/prepared/rb-enablingb2bcollaboration-3890-56c184/working","","","","/Users/scott/Desktop/Archive/prescience_score_prompt_v2.md","f8c1e07469d8fce3148ad7c53f3ebb7f02fa312d8e0b724f6912808923385d29","true","0-5","","","","","","","","","","","","","","/Users/scott/Desktop/Archive/_pass_c_abandoned_runs/20260526/prepared/rb-enablingb2bcollaboration-3890-56c184/working/prescience_scores_27b_passC_v1.csv","d9a3c1fa1809d0ee7d14b61c8b5d18cc16c2bfaec31bdb63cffd058702c1e003","unknown","","","","","true","true","agent_quality_regression_may26","","","","","","","","","","no_explicitly_rejected","","","DROP","T2,T4,T5,T6,T7","keep_for_triangulation_only",""
"mac_abandoned_run_rb-indtract-rg-2595-2652df_2026-05-29","mac_abandoned_run","/Users/scott/Desktop/Archive/_pass_c_abandoned_runs/20260526/prepared/rb-indtract-rg-2595-2652df/working","","","","/Users/scott/Desktop/Archive/prescience_score_prompt_v2.md","f8c1e07469d8fce3148ad7c53f3ebb7f02fa312d8e0b724f6912808923385d29","true","0-5","","","","","","","","","","","","","","/Users/scott/Desktop/Archive/_pass_c_abandoned_runs/20260526/prepared/rb-indtract-rg-2595-2652df/working/prescience_scores_27b_passC_v1.csv","011030316b33c712333b74f4652b29b1e8540b0997eb2fc4755ddea018fee1d6","unknown","","","","","true","true","agent_quality_regression_may26","","","","","","","","","","no_explicitly_rejected","","","DROP","T2,T4,T5,T6,T7","keep_for_triangulation_only",""
"mac_abandoned_run_rb-procindus-4020-1a618f_2026-05-29","mac_abandoned_run","/Users/scott/Desktop/Archive/_pass_c_abandoned_runs/20260526/prepared/rb-procindus-4020-1a618f/working","","","","/Users/scott/Desktop/Archive/prescience_score_prompt_v2.md","f8c1e07469d8fce3148ad7c53f3ebb7f02fa312d8e0b724f6912808923385d29","true","0-5","","","","","","","","","","","","","","/Users/scott/Desktop/Archive/_pass_c_abandoned_runs/20260526/prepared/rb-procindus-4020-1a618f/working/prescience_scores_27b_passC_v1.csv","fba8acd6a28de35d9fb86c4a9c4ba7b8ab11ffa3e15dc4efec83964a54750152","unknown","","","","","true","true","agent_quality_regression_may26","","","","","","","","","","no_explicitly_rejected","","","DROP","T2,T4,T5,T6,T7","keep_for_triangulation_only",""
"mac_abandoned_run_rb-re-thinking-ibm-mainframe-psk-3052-cec46c_2026-05-29","mac_abandoned_run","/Users/scott/Desktop/Archive/_pass_c_abandoned_runs/20260526/prepared/rb-re-thinking-ibm-mainframe-psk-3052-cec46c/working","","","","/Users/scott/Desktop/Archive/prescience_score_prompt_v2.md","f8c1e07469d8fce3148ad7c53f3ebb7f02fa312d8e0b724f6912808923385d29","true","0-5","","","","","","","","","","","","","","/Users/scott/Desktop/Archive/_pass_c_abandoned_runs/20260526/prepared/rb-re-thinking-ibm-mainframe-psk-3052-cec46c/working/prescience_scores_27b_passC_v1.csv","603e860a479c3c0f266b3f1d1348d984c65cb200067dd58a5e01f3cd0fb37c12","unknown","","","","","true","true","agent_quality_regression_may26","","","","","","","","","","no_explicitly_rejected","","","DROP","T2,T4,T5,T6,T7","keep_for_triangulation_only",""
"mac_abandoned_run_rb-retailersusebidata-gb-3174-7cf5d4_2026-05-29","mac_abandoned_run","/Users/scott/Desktop/Archive/_pass_c_abandoned_runs/20260526/prepared/rb-retailersusebidata-gb-3174-7cf5d4/working","","","","/Users/scott/Desktop/Archive/prescience_score_prompt_v2.md","f8c1e07469d8fce3148ad7c53f3ebb7f02fa312d8e0b724f6912808923385d29","true","0-5","","","","","","","","","","","","","","/Users/scott/Desktop/Archive/_pass_c_abandoned_runs/20260526/prepared/rb-retailersusebidata-gb-3174-7cf5d4/working/prescience_scores_27b_passC_v1.csv","6b91e1e26e31d841411acfe44edf40f8d87c08e4af7bf7b73b9e23a8c84998fa","unknown","","","","","true","true","agent_quality_regression_may26","","","","","","","","","","no_explicitly_rejected","","","DROP","T2,T4,T5,T6,T7","keep_for_triangulation_only",""
"mac_abandoned_run_rb-soarfidxterprise-jfjb-2872-ff1c28_2026-05-29","mac_abandoned_run","/Users/scott/Desktop/Archive/_pass_c_abandoned_runs/20260526/prepared/rb-soarfidxterprise-jfjb-2872-ff1c28/working","","","","/Users/scott/Desktop/Archive/prescience_score_prompt_v2.md","f8c1e07469d8fce3148ad7c53f3ebb7f02fa312d8e0b724f6912808923385d29","true","0-5","","","","","","","","","","","","","","/Users/scott/Desktop/Archive/_pass_c_abandoned_runs/20260526/prepared/rb-soarfidxterprise-jfjb-2872-ff1c28/working/prescience_scores_27b_passC_v1.csv","f3ae2d32328bbf1b39051efdb7036ee98e38718f04f6e7f295eda3a19a682726","unknown","","","","","true","true","agent_quality_regression_may26","","","","","","","","","","no_explicitly_rejected","","","DROP","T2,T4,T5,T6,T7","keep_for_triangulation_only",""
"mac_abandoned_run_rb-tmsinnovate-be-3459-d564f4_2026-05-29","mac_abandoned_run","/Users/scott/Desktop/Archive/_pass_c_abandoned_runs/20260526/prepared/rb-tmsinnovate-be-3459-d564f4/working","","","","/Users/scott/Desktop/Archive/prescience_score_prompt_v2.md","f8c1e07469d8fce3148ad7c53f3ebb7f02fa312d8e0b724f6912808923385d29","true","0-5","","","","","","","","","","","","","","/Users/scott/Desktop/Archive/_pass_c_abandoned_runs/20260526/prepared/rb-tmsinnovate-be-3459-d564f4/working/prescience_scores_27b_passC_v1.csv","f86dff85f3100241bfad09f52df1f41333680ff9acb732eb87a4218e43e69720","unknown","","","","","true","true","agent_quality_regression_may26","","","","","","","","","","no_explicitly_rejected","","","DROP","T2,T4,T5,T6,T7","keep_for_triangulation_only",""
"mac_abandoned_run_rb-truesource-fitzgerald-2158-cc0580_2026-05-29","mac_abandoned_run","/Users/scott/Desktop/Archive/_pass_c_abandoned_runs/20260526/prepared/rb-truesource-fitzgerald-2158-cc0580/working","","","","/Users/scott/Desktop/Archive/prescience_score_prompt_v2.md","f8c1e07469d8fce3148ad7c53f3ebb7f02fa312d8e0b724f6912808923385d29","true","0-5","","","","","","","","","","","","","","/Users/scott/Desktop/Archive/_pass_c_abandoned_runs/20260526/prepared/rb-truesource-fitzgerald-2158-cc0580/working/prescience_scores_27b_passC_v1.csv","bdb604fadaaf1ab0ae10622524c4ababf5e3d58abb86d693e1c37e916c858a14","unknown","","","","","true","true","agent_quality_regression_may26","","","","","","","","","","no_explicitly_rejected","","","DROP","T2,T4,T5,T6,T7","keep_for_triangulation_only",""
"mac_abandoned_run_rb-visibility-be-3694-181ec7_2026-05-29","mac_abandoned_run","/Users/scott/Desktop/Archive/_pass_c_abandoned_runs/20260526/prepared/rb-visibility-be-3694-181ec7/working","","","","/Users/scott/Desktop/Archive/prescience_score_prompt_v2.md","f8c1e07469d8fce3148ad7c53f3ebb7f02fa312d8e0b724f6912808923385d29","true","0-5","","","","","","","","","","","","","","/Users/scott/Desktop/Archive/_pass_c_abandoned_runs/20260526/prepared/rb-visibility-be-3694-181ec7/working/prescience_scores_27b_passC_v1.csv","39ad7412492705d088cb9cdf7f09572f6000becd96323288f88cbfca745e0de0","unknown","","","","","true","true","agent_quality_regression_may26","","","","","","","","","","no_explicitly_rejected","","","DROP","T2,T4,T5,T6,T7","keep_for_triangulation_only",""
"mac_abandoned_run_rr-businessintelligencecustmgmt-gb-3697-5bf0f4_2026-05-29","mac_abandoned_run","/Users/scott/Desktop/Archive/_pass_c_abandoned_runs/20260526/prepared/rr-businessintelligencecustmgmt-gb-3697-5bf0f4/working","","","","/Users/scott/Desktop/Archive/prescience_score_prompt_v2.md","f8c1e07469d8fce3148ad7c53f3ebb7f02fa312d8e0b724f6912808923385d29","true","0-5","","","","","","","","","","","","","","/Users/scott/Desktop/Archive/_pass_c_abandoned_runs/20260526/prepared/rr-businessintelligencecustmgmt-gb-3697-5bf0f4/working/prescience_scores_27b_passC_v1.csv","b2305c7df32b42f35efa62cfd2fba59ab35dbe1058ca3b4c71dd068e64aa5bc8","unknown","","","","","true","true","agent_quality_regression_may26","","","","","","","","","","no_explicitly_rejected","","","DROP","T2,T4,T5,T6,T7","keep_for_triangulation_only",""
"mac_abandoned_run_safewebsnapshot-1f1fdd_2026-05-29","mac_abandoned_run","/Users/scott/Desktop/Archive/_pass_c_abandoned_runs/20260526/prepared/safewebsnapshot-1f1fdd/working","","","","/Users/scott/Desktop/Archive/prescience_score_prompt_v2.md","f8c1e07469d8fce3148ad7c53f3ebb7f02fa312d8e0b724f6912808923385d29","true","0-5","","","","","","","","","","","","","","/Users/scott/Desktop/Archive/_pass_c_abandoned_runs/20260526/prepared/safewebsnapshot-1f1fdd/working/prescience_scores_27b_passC_v1.csv","2d3519e20a8201c0d37f863a27ed3b04557e15b725c9700536ca23ed942e2f36","unknown","","","","","true","true","agent_quality_regression_may26","","","","","","","","","","no_explicitly_rejected","","","DROP","T2,T4,T5,T6,T7","keep_for_triangulation_only",""
"mac_abandoned_run_sagesnapshot-d92fc8_2026-05-29","mac_abandoned_run","/Users/scott/Desktop/Archive/_pass_c_abandoned_runs/20260526/prepared/sagesnapshot-d92fc8/working","","","","/Users/scott/Desktop/Archive/prescience_score_prompt_v2.md","f8c1e07469d8fce3148ad7c53f3ebb7f02fa312d8e0b724f6912808923385d29","true","0-5","","","","","","","","","","","","","","/Users/scott/Desktop/Archive/_pass_c_abandoned_runs/20260526/prepared/sagesnapshot-d92fc8/working/prescience_scores_27b_passC_v1.csv","5371f0c382dcc69218f3036929fee2d03ab52627da7f9a32ee5a3b77d4b4e7ba","unknown","","","","","true","true","agent_quality_regression_may26","","","","","","","","","","no_explicitly_rejected","","","DROP","T2,T4,T5,T6,T7","keep_for_triangulation_only",""
"mac_abandoned_run_salesforce-d77b13_2026-05-29","mac_abandoned_run","/Users/scott/Desktop/Archive/_pass_c_abandoned_runs/20260526/prepared/salesforce-d77b13/working","","","","/Users/scott/Desktop/Archive/prescience_score_prompt_v2.md","f8c1e07469d8fce3148ad7c53f3ebb7f02fa312d8e0b724f6912808923385d29","true","0-5","","","","","","","","","","","","","","/Users/scott/Desktop/Archive/_pass_c_abandoned_runs/20260526/prepared/salesforce-d77b13/working/prescience_scores_27b_passC_v1.csv","7abbf8bed5d27ae2b845e030ca8200d46c9e744268227a7dfd237d4cedac437a","unknown","","","","","true","true","agent_quality_regression_may26","","","","","","","","","","no_explicitly_rejected","","","DROP","T2,T4,T5,T6,T7","keep_for_triangulation_only",""
"mac_abandoned_run_sample-personal-benchmark-94cc2b_2026-05-29","mac_abandoned_run","/Users/scott/Desktop/Archive/_pass_c_abandoned_runs/20260526/prepared/sample-personal-benchmark-94cc2b/working","","","","/Users/scott/Desktop/Archive/prescience_score_prompt_v2.md","f8c1e07469d8fce3148ad7c53f3ebb7f02fa312d8e0b724f6912808923385d29","true","0-5","","","","","","","","","","","","","","/Users/scott/Desktop/Archive/_pass_c_abandoned_runs/20260526/prepared/sample-personal-benchmark-94cc2b/working/prescience_scores_27b_passC_v1.csv","1067b532a7019eb5065f0fd5cb6516b795d893898bbc264f8654df7bd4e60a1a","unknown","","","","","true","true","agent_quality_regression_may26","","","","","","","","","","no_explicitly_rejected","","","DROP","T2,T4,T5,T6,T7","keep_for_triangulation_only",""
"mac_abandoned_run_sap-f4603b_2026-05-29","mac_abandoned_run","/Users/scott/Desktop/Archive/_pass_c_abandoned_runs/20260526/prepared/sap-f4603b/working","","","","/Users/scott/Desktop/Archive/prescience_score_prompt_v2.md","f8c1e07469d8fce3148ad7c53f3ebb7f02fa312d8e0b724f6912808923385d29","true","0-5","","","","","","","","","","","","","","/Users/scott/Desktop/Archive/_pass_c_abandoned_runs/20260526/prepared/sap-f4603b/working/prescience_scores_27b_passC_v1.csv","893326a2b16219269ab307ca7dff508a7eab090b961d807338d2c84eb9a31918","unknown","","","","","true","true","agent_quality_regression_may26","","","","","","","","","","no_explicitly_rejected","","","DROP","T2,T4,T5,T6,T7","keep_for_triangulation_only",""
"mac_abandoned_run_searchspace-aff41f_2026-05-29","mac_abandoned_run","/Users/scott/Desktop/Archive/_pass_c_abandoned_runs/20260526/prepared/searchspace-aff41f/working","","","","/Users/scott/Desktop/Archive/prescience_score_prompt_v2.md","f8c1e07469d8fce3148ad7c53f3ebb7f02fa312d8e0b724f6912808923385d29","true","0-5","","","","","","","","","","","","","","/Users/scott/Desktop/Archive/_pass_c_abandoned_runs/20260526/prepared/searchspace-aff41f/working/prescience_scores_27b_passC_v1.csv","6ab040af20fb7e2ebcb3734f2fd82d4e54d9bafd5c4cd2fa20dd52d269973f36","unknown","","","","","true","true","agent_quality_regression_may26","","","","","","","","","","no_explicitly_rejected","","","DROP","T2,T4,T5,T6,T7","keep_for_triangulation_only",""
"mac_abandoned_run_securecomputingsnapshot-ce5ea3_2026-05-29","mac_abandoned_run","/Users/scott/Desktop/Archive/_pass_c_abandoned_runs/20260526/prepared/securecomputingsnapshot-ce5ea3/working","","","","/Users/scott/Desktop/Archive/prescience_score_prompt_v2.md","f8c1e07469d8fce3148ad7c53f3ebb7f02fa312d8e0b724f6912808923385d29","true","0-5","","","","","","","","","","","","","","/Users/scott/Desktop/Archive/_pass_c_abandoned_runs/20260526/prepared/securecomputingsnapshot-ce5ea3/working/prescience_scores_27b_passC_v1.csv","8e5fee308e1ca3619f6d6e9ec0e837b0f0a3b4de83e5414614d5de87517ce9f6","unknown","","","","","true","true","agent_quality_regression_may26","","","","","","","","","","no_explicitly_rejected","","","DROP","T2,T4,T5,T6,T7","keep_for_triangulation_only",""
"mac_abandoned_run_secureinfosnapshot-300aec_2026-05-29","mac_abandoned_run","/Users/scott/Desktop/Archive/_pass_c_abandoned_runs/20260526/prepared/secureinfosnapshot-300aec/working","","","","/Users/scott/Desktop/Archive/prescience_score_prompt_v2.md","f8c1e07469d8fce3148ad7c53f3ebb7f02fa312d8e0b724f6912808923385d29","true","0-5","","","","","","","","","","","","","","/Users/scott/Desktop/Archive/_pass_c_abandoned_runs/20260526/prepared/secureinfosnapshot-300aec/working/prescience_scores_27b_passC_v1.csv","b8eb95ffa26f01d61032d16ad9049f214cc4242d55f6b2e03e0ffcdcfde7c187","unknown","","","","","true","true","agent_quality_regression_may26","","","","","","","","","","no_explicitly_rejected","","","DROP","T2,T4,T5,T6,T7","keep_for_triangulation_only",""
"mac_abandoned_run_selecticasnapshot-c0c207_2026-05-29","mac_abandoned_run","/Users/scott/Desktop/Archive/_pass_c_abandoned_runs/20260526/prepared/selecticasnapshot-c0c207/working","","","","/Users/scott/Desktop/Archive/prescience_score_prompt_v2.md","f8c1e07469d8fce3148ad7c53f3ebb7f02fa312d8e0b724f6912808923385d29","true","0-5","","","","","","","","","","","","","","/Users/scott/Desktop/Archive/_pass_c_abandoned_runs/20260526/prepared/selecticasnapshot-c0c207/working/prescience_scores_27b_passC_v1.csv","21834abe6b5e783ae92ffa5df92a678d7a97fbd3aff70c7888ba2772129888e9","unknown","","","","","true","true","agent_quality_regression_may26","","","","","","","","","","no_explicitly_rejected","","","DROP","T2,T4,T5,T6,T7","keep_for_triangulation_only",""
"mac_abandoned_run_sell-siderptabridged-5cc8e7_2026-05-29","mac_abandoned_run","/Users/scott/Desktop/Archive/_pass_c_abandoned_runs/20260526/prepared/sell-siderptabridged-5cc8e7/working","","","","/Users/scott/Desktop/Archive/prescience_score_prompt_v2.md","f8c1e07469d8fce3148ad7c53f3ebb7f02fa312d8e0b724f6912808923385d29","true","0-5","","","","","","","","","","","","","","/Users/scott/Desktop/Archive/_pass_c_abandoned_runs/20260526/prepared/sell-siderptabridged-5cc8e7/working/prescience_scores_27b_passC_v1.csv","43bf0a946a384d101450e52f355941d7f6f1effaa76ff697abc3bd0f04b3dcaf","unknown","","","","","true","true","agent_quality_regression_may26","","","","","","","","","","no_explicitly_rejected","","","DROP","T2,T4,T5,T6,T7","keep_for_triangulation_only",""
"mac_abandoned_run_servgatesnapshot-a891dd_2026-05-29","mac_abandoned_run","/Users/scott/Desktop/Archive/_pass_c_abandoned_runs/20260526/prepared/servgatesnapshot-a891dd/working","","","","/Users/scott/Desktop/Archive/prescience_score_prompt_v2.md","f8c1e07469d8fce3148ad7c53f3ebb7f02fa312d8e0b724f6912808923385d29","true","0-5","","","","","","","","","","","","","","/Users/scott/Desktop/Archive/_pass_c_abandoned_runs/20260526/prepared/servgatesnapshot-a891dd/working/prescience_scores_27b_passC_v1.csv","82a951195b1f1d6acc240ed964c24d2611abd239257ea98a428514f8c9db2db5","unknown","","","","","true","true","agent_quality_regression_may26","","","","","","","","","","no_explicitly_rejected","","","DROP","T2,T4,T5,T6,T7","keep_for_triangulation_only",""
"mac_abandoned_run_shavliksnapshot-fd9e0f_2026-05-29","mac_abandoned_run","/Users/scott/Desktop/Archive/_pass_c_abandoned_runs/20260526/prepared/shavliksnapshot-fd9e0f/working","","","","/Users/scott/Desktop/Archive/prescience_score_prompt_v2.md","f8c1e07469d8fce3148ad7c53f3ebb7f02fa312d8e0b724f6912808923385d29","true","0-5","","","","","","","","","","","","","","/Users/scott/Desktop/Archive/_pass_c_abandoned_runs/20260526/prepared/shavliksnapshot-fd9e0f/working/prescience_scores_27b_passC_v1.csv","3cdd207a65a036def09c453db1237d5ea1ca76af9d38da8f78b791f69bc293bf","unknown","","","","","true","true","agent_quality_regression_may26","","","","","","","","","","no_explicitly_rejected","","","DROP","T2,T4,T5,T6,T7","keep_for_triangulation_only",""
"mac_abandoned_run_silverpopsnapshot-4c53eb_2026-05-29","mac_abandoned_run","/Users/scott/Desktop/Archive/_pass_c_abandoned_runs/20260526/prepared/silverpopsnapshot-4c53eb/working","","","","/Users/scott/Desktop/Archive/prescience_score_prompt_v2.md","f8c1e07469d8fce3148ad7c53f3ebb7f02fa312d8e0b724f6912808923385d29","true","0-5","","","","","","","","","","","","","","/Users/scott/Desktop/Archive/_pass_c_abandoned_runs/20260526/prepared/silverpopsnapshot-4c53eb/working/prescience_scores_27b_passC_v1.csv","0649a00eeefa5055e16bc2278dc2e1a1edd892f8f9f5223d65319c37cf1e79a4","unknown","","","","","true","true","agent_quality_regression_may26","","","","","","","","","","no_explicitly_rejected","","","DROP","T2,T4,T5,T6,T7","keep_for_triangulation_only",""
"mac_abandoned_run_sipp-speech-florida-06-30-03-5776a8_2026-05-29","mac_abandoned_run","/Users/scott/Desktop/Archive/_pass_c_abandoned_runs/20260526/prepared/sipp-speech-florida-06-30-03-5776a8/working","","","","/Users/scott/Desktop/Archive/prescience_score_prompt_v2.md","f8c1e07469d8fce3148ad7c53f3ebb7f02fa312d8e0b724f6912808923385d29","true","0-5","","","","","","","","","","","","","","/Users/scott/Desktop/Archive/_pass_c_abandoned_runs/20260526/prepared/sipp-speech-florida-06-30-03-5776a8/working/prescience_scores_27b_passC_v1.csv","29260db7245e16dc4c9dfeebcf4764a31a6bd1d0cb938d241d64a64eaa6d1d75","unknown","","","","","true","true","agent_quality_regression_may26","","","","","","","","","","no_explicitly_rejected","","","DROP","T2,T4,T5,T6,T7","keep_for_triangulation_only",""
"mac_abandoned_run_snapappliancesnapshot-0c0757_2026-05-29","mac_abandoned_run","/Users/scott/Desktop/Archive/_pass_c_abandoned_runs/20260526/prepared/snapappliancesnapshot-0c0757/working","","","","/Users/scott/Desktop/Archive/prescience_score_prompt_v2.md","f8c1e07469d8fce3148ad7c53f3ebb7f02fa312d8e0b724f6912808923385d29","true","0-5","","","","","","","","","","","","","","/Users/scott/Desktop/Archive/_pass_c_abandoned_runs/20260526/prepared/snapappliancesnapshot-0c0757/working/prescience_scores_27b_passC_v1.csv","90e3d98f0e306cf4a5b341d271359512a4dbed533c34003e969c8c8f1cc383f3","unknown","","","","","true","true","agent_quality_regression_may26","","","","","","","","","","no_explicitly_rejected","","","DROP","T2,T4,T5,T6,T7","keep_for_triangulation_only",""
"mac_abandoned_run_spidynamicssnapshot-2b4eae_2026-05-29","mac_abandoned_run","/Users/scott/Desktop/Archive/_pass_c_abandoned_runs/20260526/prepared/spidynamicssnapshot-2b4eae/working","","","","/Users/scott/Desktop/Archive/prescience_score_prompt_v2.md","f8c1e07469d8fce3148ad7c53f3ebb7f02fa312d8e0b724f6912808923385d29","true","0-5","","","","","","","","","","","","","","/Users/scott/Desktop/Archive/_pass_c_abandoned_runs/20260526/prepared/spidynamicssnapshot-2b4eae/working/prescience_scores_27b_passC_v1.csv","d4ce861939f3d11ef175c55f050f149eac2475afc23df45d2c7e5822ccf1f250","unknown","","","","","true","true","agent_quality_regression_may26","","","","","","","","","","no_explicitly_rejected","","","DROP","T2,T4,T5,T6,T7","keep_for_triangulation_only",""
"mac_abandoned_run_spotlightakamai-b83de6_2026-05-29","mac_abandoned_run","/Users/scott/Desktop/Archive/_pass_c_abandoned_runs/20260526/prepared/spotlightakamai-b83de6/working","","","","/Users/scott/Desktop/Archive/prescience_score_prompt_v2.md","f8c1e07469d8fce3148ad7c53f3ebb7f02fa312d8e0b724f6912808923385d29","true","0-5","","","","","","","","","","","","","","/Users/scott/Desktop/Archive/_pass_c_abandoned_runs/20260526/prepared/spotlightakamai-b83de6/working/prescience_scores_27b_passC_v1.csv","75282e270ac443318c86e3ca1ba8ed8f1ac84c0c0fec8cc04a6075daeed2c92d","unknown","","","","","true","true","agent_quality_regression_may26","","","","","","","","","","no_explicitly_rejected","","","DROP","T2,T4,T5,T6,T7","keep_for_triangulation_only",""
"mac_abandoned_run_spotlightavotus-997b04_2026-05-29","mac_abandoned_run","/Users/scott/Desktop/Archive/_pass_c_abandoned_runs/20260526/prepared/spotlightavotus-997b04/working","","","","/Users/scott/Desktop/Archive/prescience_score_prompt_v2.md","f8c1e07469d8fce3148ad7c53f3ebb7f02fa312d8e0b724f6912808923385d29","true","0-5","","","","","","","","","","","","","","/Users/scott/Desktop/Archive/_pass_c_abandoned_runs/20260526/prepared/spotlightavotus-997b04/working/prescience_scores_27b_passC_v1.csv","7a3c3a808b697f72b2f86ef12c79a9b6d175bc9598889d62b89c56fdae4b566e","unknown","","","","","true","true","agent_quality_regression_may26","","","","","","","","","","no_explicitly_rejected","","","DROP","T2,T4,T5,T6,T7","keep_for_triangulation_only",""
"mac_abandoned_run_spotlightdigitalfountain-3a7ed2_2026-05-29","mac_abandoned_run","/Users/scott/Desktop/Archive/_pass_c_abandoned_runs/20260526/prepared/spotlightdigitalfountain-3a7ed2/working","","","","/Users/scott/Desktop/Archive/prescience_score_prompt_v2.md","f8c1e07469d8fce3148ad7c53f3ebb7f02fa312d8e0b724f6912808923385d29","true","0-5","","","","","","","","","","","","","","/Users/scott/Desktop/Archive/_pass_c_abandoned_runs/20260526/prepared/spotlightdigitalfountain-3a7ed2/working/prescience_scores_27b_passC_v1.csv","6f31706d3cf52e69fa700f25858042d6f98e6c1345c6169f729301be7d3388ee","unknown","","","","","true","true","agent_quality_regression_may26","","","","","","","","","","no_explicitly_rejected","","","DROP","T2,T4,T5,T6,T7","keep_for_triangulation_only",""
"mac_abandoned_run_spotlightdigitalreliance-8246bd_2026-05-29","mac_abandoned_run","/Users/scott/Desktop/Archive/_pass_c_abandoned_runs/20260526/prepared/spotlightdigitalreliance-8246bd/working","","","","/Users/scott/Desktop/Archive/prescience_score_prompt_v2.md","f8c1e07469d8fce3148ad7c53f3ebb7f02fa312d8e0b724f6912808923385d29","true","0-5","","","","","","","","","","","","","","/Users/scott/Desktop/Archive/_pass_c_abandoned_runs/20260526/prepared/spotlightdigitalreliance-8246bd/working/prescience_scores_27b_passC_v1.csv","c8d94997befb0514d01a0bc389a5d4aa5176cbf68618701404b32a43d1557f9e","unknown","","","","","true","true","agent_quality_regression_may26","","","","","","","","","","no_explicitly_rejected","","","DROP","T2,T4,T5,T6,T7","keep_for_triangulation_only",""
"mac_abandoned_run_spotlightmirrorimage-3ee2aa_2026-05-29","mac_abandoned_run","/Users/scott/Desktop/Archive/_pass_c_abandoned_runs/20260526/prepared/spotlightmirrorimage-3ee2aa/working","","","","/Users/scott/Desktop/Archive/prescience_score_prompt_v2.md","f8c1e07469d8fce3148ad7c53f3ebb7f02fa312d8e0b724f6912808923385d29","true","0-5","","","","","","","","","","","","","","/Users/scott/Desktop/Archive/_pass_c_abandoned_runs/20260526/prepared/spotlightmirrorimage-3ee2aa/working/prescience_scores_27b_passC_v1.csv","0e73bfe64bf7f19cc4b2704d1047c0cccaa7eee5a1bb75579fe674d6ebfe3e75","unknown","","","","","true","true","agent_quality_regression_may26","","","","","","","","","","no_explicitly_rejected","","","DROP","T2,T4,T5,T6,T7","keep_for_triangulation_only",""
"mac_abandoned_run_spotlightprofitline-f0b7b5_2026-05-29","mac_abandoned_run","/Users/scott/Desktop/Archive/_pass_c_abandoned_runs/20260526/prepared/spotlightprofitline-f0b7b5/working","","","","/Users/scott/Desktop/Archive/prescience_score_prompt_v2.md","f8c1e07469d8fce3148ad7c53f3ebb7f02fa312d8e0b724f6912808923385d29","true","0-5","","","","","","","","","","","","","","/Users/scott/Desktop/Archive/_pass_c_abandoned_runs/20260526/prepared/spotlightprofitline-f0b7b5/working/prescience_scores_27b_passC_v1.csv","bf7dda48a118ffbdb5c1018bba0cceaa3d9ed2a7dd18a80c8949ac44c8961ad3","unknown","","","","","true","true","agent_quality_regression_may26","","","","","","","","","","no_explicitly_rejected","","","DROP","T2,T4,T5,T6,T7","keep_for_triangulation_only",""
"mac_abandoned_run_spotlightradiance-5915fb_2026-05-29","mac_abandoned_run","/Users/scott/Desktop/Archive/_pass_c_abandoned_runs/20260526/prepared/spotlightradiance-5915fb/working","","","","/Users/scott/Desktop/Archive/prescience_score_prompt_v2.md","f8c1e07469d8fce3148ad7c53f3ebb7f02fa312d8e0b724f6912808923385d29","true","0-5","","","","","","","","","","","","","","/Users/scott/Desktop/Archive/_pass_c_abandoned_runs/20260526/prepared/spotlightradiance-5915fb/working/prescience_scores_27b_passC_v1.csv","ce0bcad96a2e739c519d96d7e13957c02fa862967388871688b04ad087701ea0","unknown","","","","","true","true","agent_quality_regression_may26","","","","","","","","","","no_explicitly_rejected","","","DROP","T2,T4,T5,T6,T7","keep_for_triangulation_only",""
"mac_abandoned_run_spotlightstratacache-970c06_2026-05-29","mac_abandoned_run","/Users/scott/Desktop/Archive/_pass_c_abandoned_runs/20260526/prepared/spotlightstratacache-970c06/working","","","","/Users/scott/Desktop/Archive/prescience_score_prompt_v2.md","f8c1e07469d8fce3148ad7c53f3ebb7f02fa312d8e0b724f6912808923385d29","true","0-5","","","","","","","","","","","","","","/Users/scott/Desktop/Archive/_pass_c_abandoned_runs/20260526/prepared/spotlightstratacache-970c06/working/prescience_scores_27b_passC_v1.csv","eed257cde6ad96c6c2ead83037c38faacf53c1e99a30e1de373e53c6e7b3081b","unknown","","","","","true","true","agent_quality_regression_may26","","","","","","","","","","no_explicitly_rejected","","","DROP","T2,T4,T5,T6,T7","keep_for_triangulation_only",""
"mac_abandoned_run_spotlightteldata-3e83bb_2026-05-29","mac_abandoned_run","/Users/scott/Desktop/Archive/_pass_c_abandoned_runs/20260526/prepared/spotlightteldata-3e83bb/working","","","","/Users/scott/Desktop/Archive/prescience_score_prompt_v2.md","f8c1e07469d8fce3148ad7c53f3ebb7f02fa312d8e0b724f6912808923385d29","true","0-5","","","","","","","","","","","","","","/Users/scott/Desktop/Archive/_pass_c_abandoned_runs/20260526/prepared/spotlightteldata-3e83bb/working/prescience_scores_27b_passC_v1.csv","d1f53a96e7abd7060f87d51647db718dd2635b4c17a6e20253b8e5ceb345505b","unknown","","","","","true","true","agent_quality_regression_may26","","","","","","","","","","no_explicitly_rejected","","","DROP","T2,T4,T5,T6,T7","keep_for_triangulation_only",""
"mac_abandoned_run_spotlighttraq-99dc04_2026-05-29","mac_abandoned_run","/Users/scott/Desktop/Archive/_pass_c_abandoned_runs/20260526/prepared/spotlighttraq-99dc04/working","","","","/Users/scott/Desktop/Archive/prescience_score_prompt_v2.md","f8c1e07469d8fce3148ad7c53f3ebb7f02fa312d8e0b724f6912808923385d29","true","0-5","","","","","","","","","","","","","","/Users/scott/Desktop/Archive/_pass_c_abandoned_runs/20260526/prepared/spotlighttraq-99dc04/working/prescience_scores_27b_passC_v1.csv","0cdd6b651b5180d479c6d39162d1441c3e60f502594cf861c180bf96a67e8291","unknown","","","","","true","true","agent_quality_regression_may26","","","","","","","","","","no_explicitly_rejected","","","DROP","T2,T4,T5,T6,T7","keep_for_triangulation_only",""
"mac_abandoned_run_spotlightvalicert-cff98a_2026-05-29","mac_abandoned_run","/Users/scott/Desktop/Archive/_pass_c_abandoned_runs/20260526/prepared/spotlightvalicert-cff98a/working","","","","/Users/scott/Desktop/Archive/prescience_score_prompt_v2.md","f8c1e07469d8fce3148ad7c53f3ebb7f02fa312d8e0b724f6912808923385d29","true","0-5","","","","","","","","","","","","","","/Users/scott/Desktop/Archive/_pass_c_abandoned_runs/20260526/prepared/spotlightvalicert-cff98a/working/prescience_scores_27b_passC_v1.csv","cdbf7db2476051784ab290d8a8673eee59eec15e8d32890c695fe9e7dfbd5a47","unknown","","","","","true","true","agent_quality_regression_may26","","","","","","","","","","no_explicitly_rejected","","","DROP","T2,T4,T5,T6,T7","keep_for_triangulation_only",""
"mac_abandoned_run_streamingmediatoc-d6b5cc_2026-05-29","mac_abandoned_run","/Users/scott/Desktop/Archive/_pass_c_abandoned_runs/20260526/prepared/streamingmediatoc-d6b5cc/working","","","","/Users/scott/Desktop/Archive/prescience_score_prompt_v2.md","f8c1e07469d8fce3148ad7c53f3ebb7f02fa312d8e0b724f6912808923385d29","true","0-5","","","","","","","","","","","","","","/Users/scott/Desktop/Archive/_pass_c_abandoned_runs/20260526/prepared/streamingmediatoc-d6b5cc/working/prescience_scores_27b_passC_v1.csv","1b07d180617e808577d9b66c5312824936c59ebeb55172f51162882e1757619c","unknown","","","","","true","true","agent_quality_regression_may26","","","","","","","","","","no_explicitly_rejected","","","DROP","T2,T4,T5,T6,T7","keep_for_triangulation_only",""
"mac_abandoned_run_sunsnapshota-da6171_2026-05-29","mac_abandoned_run","/Users/scott/Desktop/Archive/_pass_c_abandoned_runs/20260526/prepared/sunsnapshota-da6171/working","","","","/Users/scott/Desktop/Archive/prescience_score_prompt_v2.md","f8c1e07469d8fce3148ad7c53f3ebb7f02fa312d8e0b724f6912808923385d29","true","0-5","","","","","","","","","","","","","","/Users/scott/Desktop/Archive/_pass_c_abandoned_runs/20260526/prepared/sunsnapshota-da6171/working/prescience_scores_27b_passC_v1.csv","2dfe2a1be2a02a26a0487d37551e39ecd5b50a7c397075fd08bb6c13f99dac8d","unknown","","","","","true","true","agent_quality_regression_may26","","","","","","","","","","no_explicitly_rejected","","","DROP","T2,T4,T5,T6,T7","keep_for_triangulation_only",""
"mac_abandoned_run_supply-chain-research-snapshot-7bc490_2026-05-29","mac_abandoned_run","/Users/scott/Desktop/Archive/_pass_c_abandoned_runs/20260526/prepared/supply-chain-research-snapshot-7bc490/working","","","","/Users/scott/Desktop/Archive/prescience_score_prompt_v2.md","f8c1e07469d8fce3148ad7c53f3ebb7f02fa312d8e0b724f6912808923385d29","true","0-5","","","","","","","","","","","","","","/Users/scott/Desktop/Archive/_pass_c_abandoned_runs/20260526/prepared/supply-chain-research-snapshot-7bc490/working/prescience_scores_27b_passC_v1.csv","c4b4e90492751bf18483a5e457601b39c91ab35415f18c6da34d1a0c360bbee7","unknown","","","","","true","true","agent_quality_regression_may26","","","","","","","","","","no_explicitly_rejected","","","DROP","T2,T4,T5,T6,T7","keep_for_triangulation_only",""
"mac_abandoned_run_surfcontrolsnapshot-af71d7_2026-05-29","mac_abandoned_run","/Users/scott/Desktop/Archive/_pass_c_abandoned_runs/20260526/prepared/surfcontrolsnapshot-af71d7/working","","","","/Users/scott/Desktop/Archive/prescience_score_prompt_v2.md","f8c1e07469d8fce3148ad7c53f3ebb7f02fa312d8e0b724f6912808923385d29","true","0-5","","","","","","","","","","","","","","/Users/scott/Desktop/Archive/_pass_c_abandoned_runs/20260526/prepared/surfcontrolsnapshot-af71d7/working/prescience_scores_27b_passC_v1.csv","a73f191acf8ab79726e39222f0e075799158450dadefd7d18753336007a13bd0","unknown","","","","","true","true","agent_quality_regression_may26","","","","","","","","","","no_explicitly_rejected","","","DROP","T2,T4,T5,T6,T7","keep_for_triangulation_only",""
"mac_abandoned_run_sygatesnapshot-cdaab7_2026-05-29","mac_abandoned_run","/Users/scott/Desktop/Archive/_pass_c_abandoned_runs/20260526/prepared/sygatesnapshot-cdaab7/working","","","","/Users/scott/Desktop/Archive/prescience_score_prompt_v2.md","f8c1e07469d8fce3148ad7c53f3ebb7f02fa312d8e0b724f6912808923385d29","true","0-5","","","","","","","","","","","","","","/Users/scott/Desktop/Archive/_pass_c_abandoned_runs/20260526/prepared/sygatesnapshot-cdaab7/working/prescience_scores_27b_passC_v1.csv","1d1485242ed190c212cba2378d2458c7939fe764ce87e347a3a7bf2da014cd1d","unknown","","","","","true","true","agent_quality_regression_may26","","","","","","","","","","no_explicitly_rejected","","","DROP","T2,T4,T5,T6,T7","keep_for_triangulation_only",""
"mac_abandoned_run_symantecsnapshot-da9c4c_2026-05-29","mac_abandoned_run","/Users/scott/Desktop/Archive/_pass_c_abandoned_runs/20260526/prepared/symantecsnapshot-da9c4c/working","","","","/Users/scott/Desktop/Archive/prescience_score_prompt_v2.md","f8c1e07469d8fce3148ad7c53f3ebb7f02fa312d8e0b724f6912808923385d29","true","0-5","","","","","","","","","","","","","","/Users/scott/Desktop/Archive/_pass_c_abandoned_runs/20260526/prepared/symantecsnapshot-da9c4c/working/prescience_scores_27b_passC_v1.csv","d4fc03a24b06473e9d0bee9c5f4e58969a6cc4785c8d3b371fc46752508e2ba1","unknown","","","","","true","true","agent_quality_regression_may26","","","","","","","","","","no_explicitly_rejected","","","DROP","T2,T4,T5,T6,T7","keep_for_triangulation_only",""
"mac_abandoned_run_symarksnapshot-ae8735_2026-05-29","mac_abandoned_run","/Users/scott/Desktop/Archive/_pass_c_abandoned_runs/20260526/prepared/symarksnapshot-ae8735/working","","","","/Users/scott/Desktop/Archive/prescience_score_prompt_v2.md","f8c1e07469d8fce3148ad7c53f3ebb7f02fa312d8e0b724f6912808923385d29","true","0-5","","","","","","","","","","","","","","/Users/scott/Desktop/Archive/_pass_c_abandoned_runs/20260526/prepared/symarksnapshot-ae8735/working/prescience_scores_27b_passC_v1.csv","d212a03fef883c5b49123cafb6e290e947bf4359de7852ec58200d6651fe6855","unknown","","","","","true","true","agent_quality_regression_may26","","","","","","","","","","no_explicitly_rejected","","","DROP","T2,T4,T5,T6,T7","keep_for_triangulation_only",""
"mac_abandoned_run_tfc2002-20reporttoc-c584fa_2026-05-29","mac_abandoned_run","/Users/scott/Desktop/Archive/_pass_c_abandoned_runs/20260526/prepared/tfc2002-20reporttoc-c584fa/working","","","","/Users/scott/Desktop/Archive/prescience_score_prompt_v2.md","f8c1e07469d8fce3148ad7c53f3ebb7f02fa312d8e0b724f6912808923385d29","true","0-5","","","","","","","","","","","","","","/Users/scott/Desktop/Archive/_pass_c_abandoned_runs/20260526/prepared/tfc2002-20reporttoc-c584fa/working/prescience_scores_27b_passC_v1.csv","a633b86acacb112dbbe80240e97ae673ed1c831f80fc5bf0e1459008868f2ca0","unknown","","","","","true","true","agent_quality_regression_may26","","","","","","","","","","no_explicitly_rejected","","","DROP","T2,T4,T5,T6,T7","keep_for_triangulation_only",""
"mac_abandoned_run_tivolisnapshot-b48230_2026-05-29","mac_abandoned_run","/Users/scott/Desktop/Archive/_pass_c_abandoned_runs/20260526/prepared/tivolisnapshot-b48230/working","","","","/Users/scott/Desktop/Archive/prescience_score_prompt_v2.md","f8c1e07469d8fce3148ad7c53f3ebb7f02fa312d8e0b724f6912808923385d29","true","0-5","","","","","","","","","","","","","","/Users/scott/Desktop/Archive/_pass_c_abandoned_runs/20260526/prepared/tivolisnapshot-b48230/working/prescience_scores_27b_passC_v1.csv","55ac037b1b747edfbd05ce09b47fcb79cec0e3ecc97db8a01c4e7111a3e579c1","unknown","","","","","true","true","agent_quality_regression_may26","","","","","","","","","","no_explicitly_rejected","","","DROP","T2,T4,T5,T6,T7","keep_for_triangulation_only",""
"mac_abandoned_run_top10cpc-8ae27e_2026-05-29","mac_abandoned_run","/Users/scott/Desktop/Archive/_pass_c_abandoned_runs/20260526/prepared/top10cpc-8ae27e/working","","","","/Users/scott/Desktop/Archive/prescience_score_prompt_v2.md","f8c1e07469d8fce3148ad7c53f3ebb7f02fa312d8e0b724f6912808923385d29","true","0-5","","","","","","","","","","","","","","/Users/scott/Desktop/Archive/_pass_c_abandoned_runs/20260526/prepared/top10cpc-8ae27e/working/prescience_scores_27b_passC_v1.csv","9472c79f755d9ebd26a64db67063426a55b08076bfa10c76bf85a94e11c00ef9","unknown","","","","","true","true","agent_quality_regression_may26","","","","","","","","","","no_explicitly_rejected","","","DROP","T2,T4,T5,T6,T7","keep_for_triangulation_only",""
"mac_abandoned_run_top10crm-185a2a_2026-05-29","mac_abandoned_run","/Users/scott/Desktop/Archive/_pass_c_abandoned_runs/20260526/prepared/top10crm-185a2a/working","","","","/Users/scott/Desktop/Archive/prescience_score_prompt_v2.md","f8c1e07469d8fce3148ad7c53f3ebb7f02fa312d8e0b724f6912808923385d29","true","0-5","","","","","","","","","","","","","","/Users/scott/Desktop/Archive/_pass_c_abandoned_runs/20260526/prepared/top10crm-185a2a/working/prescience_scores_27b_passC_v1.csv","4efc35acc903625f7e2666f8bc14b05bfc0c81480dd3b2c11caf6950582e2a30","unknown","","","","","true","true","agent_quality_regression_may26","","","","","","","","","","no_explicitly_rejected","","","DROP","T2,T4,T5,T6,T7","keep_for_triangulation_only",""
"mac_abandoned_run_tpc-c-results-89bdb3_2026-05-29","mac_abandoned_run","/Users/scott/Desktop/Archive/_pass_c_abandoned_runs/20260526/prepared/tpc-c-results-89bdb3/working","","","","/Users/scott/Desktop/Archive/prescience_score_prompt_v2.md","f8c1e07469d8fce3148ad7c53f3ebb7f02fa312d8e0b724f6912808923385d29","true","0-5","","","","","","","","","","","","","","/Users/scott/Desktop/Archive/_pass_c_abandoned_runs/20260526/prepared/tpc-c-results-89bdb3/working/prescience_scores_27b_passC_v1.csv","ab96e39bcef6d039e297efa15b721bb1940c2b5b48218ae0d6b62148da7eb152","unknown","","","","","true","true","agent_quality_regression_may26","","","","","","","","","","no_explicitly_rejected","","","DROP","T2,T4,T5,T6,T7","keep_for_triangulation_only",""
"mac_abandoned_run_tradec-51c687_2026-05-29","mac_abandoned_run","/Users/scott/Desktop/Archive/_pass_c_abandoned_runs/20260526/prepared/tradec-51c687/working","","","","/Users/scott/Desktop/Archive/prescience_score_prompt_v2.md","f8c1e07469d8fce3148ad7c53f3ebb7f02fa312d8e0b724f6912808923385d29","true","0-5","","","","","","","","","","","","","","/Users/scott/Desktop/Archive/_pass_c_abandoned_runs/20260526/prepared/tradec-51c687/working/prescience_scores_27b_passC_v1.csv","c810aaa4b94dcb448ac185b7ce32aa2400c31f1dacf19f012010539df96b5b76","unknown","","","","","true","true","agent_quality_regression_may26","","","","","","","","","","no_explicitly_rejected","","","DROP","T2,T4,T5,T6,T7","keep_for_triangulation_only",""
"mac_abandoned_run_tripwiresnapshot-952557_2026-05-29","mac_abandoned_run","/Users/scott/Desktop/Archive/_pass_c_abandoned_runs/20260526/prepared/tripwiresnapshot-952557/working","","","","/Users/scott/Desktop/Archive/prescience_score_prompt_v2.md","f8c1e07469d8fce3148ad7c53f3ebb7f02fa312d8e0b724f6912808923385d29","true","0-5","","","","","","","","","","","","","","/Users/scott/Desktop/Archive/_pass_c_abandoned_runs/20260526/prepared/tripwiresnapshot-952557/working/prescience_scores_27b_passC_v1.csv","2397169f70538f56de361e5c16bdfb17ac5016de8a2c1a8055633386dae39546","unknown","","","","","true","true","agent_quality_regression_may26","","","","","","","","","","no_explicitly_rejected","","","DROP","T2,T4,T5,T6,T7","keep_for_triangulation_only",""
"mac_abandoned_run_unipresssnapshot-fb7211_2026-05-29","mac_abandoned_run","/Users/scott/Desktop/Archive/_pass_c_abandoned_runs/20260526/prepared/unipresssnapshot-fb7211/working","","","","/Users/scott/Desktop/Archive/prescience_score_prompt_v2.md","f8c1e07469d8fce3148ad7c53f3ebb7f02fa312d8e0b724f6912808923385d29","true","0-5","","","","","","","","","","","","","","/Users/scott/Desktop/Archive/_pass_c_abandoned_runs/20260526/prepared/unipresssnapshot-fb7211/working/prescience_scores_27b_passC_v1.csv","e1689b9e19f214c88c7c499764f0eba1fb8506f73fa9f8053e40d87e2465ec6a","unknown","","","","","true","true","agent_quality_regression_may26","","","","","","","","","","no_explicitly_rejected","","","DROP","T2,T4,T5,T6,T7","keep_for_triangulation_only",""
"mac_abandoned_run_v12n1-70fd0c_2026-05-29","mac_abandoned_run","/Users/scott/Desktop/Archive/_pass_c_abandoned_runs/20260526/prepared/v12n1-70fd0c/working","","","","/Users/scott/Desktop/Archive/prescience_score_prompt_v2.md","f8c1e07469d8fce3148ad7c53f3ebb7f02fa312d8e0b724f6912808923385d29","true","0-5","","","","","","","","","","","","","","/Users/scott/Desktop/Archive/_pass_c_abandoned_runs/20260526/prepared/v12n1-70fd0c/working/prescience_scores_27b_passC_v1.csv","af49cea09199818af2135011a084177bfdd9b1bb7107839c6c78a80ee711edd2","unknown","","","","","true","true","agent_quality_regression_may26","","","","","","","","","","no_explicitly_rejected","","","DROP","T2,T4,T5,T6,T7","keep_for_triangulation_only",""
"mac_abandoned_run_verticalsolutionssnapshot-df0498_2026-05-29","mac_abandoned_run","/Users/scott/Desktop/Archive/_pass_c_abandoned_runs/20260526/prepared/verticalsolutionssnapshot-df0498/working","","","","/Users/scott/Desktop/Archive/prescience_score_prompt_v2.md","f8c1e07469d8fce3148ad7c53f3ebb7f02fa312d8e0b724f6912808923385d29","true","0-5","","","","","","","","","","","","","","/Users/scott/Desktop/Archive/_pass_c_abandoned_runs/20260526/prepared/verticalsolutionssnapshot-df0498/working/prescience_scores_27b_passC_v1.csv","7a17da90692907193b030268d86d597d6cc345467f63ae46d487d5808e599c04","unknown","","","","","true","true","agent_quality_regression_may26","","","","","","","","","","no_explicitly_rejected","","","DROP","T2,T4,T5,T6,T7","keep_for_triangulation_only",""
"mac_abandoned_run_voiptoc-7206c3_2026-05-29","mac_abandoned_run","/Users/scott/Desktop/Archive/_pass_c_abandoned_runs/20260526/prepared/voiptoc-7206c3/working","","","","/Users/scott/Desktop/Archive/prescience_score_prompt_v2.md","f8c1e07469d8fce3148ad7c53f3ebb7f02fa312d8e0b724f6912808923385d29","true","0-5","","","","","","","","","","","","","","/Users/scott/Desktop/Archive/_pass_c_abandoned_runs/20260526/prepared/voiptoc-7206c3/working/prescience_scores_27b_passC_v1.csv","d77b9ad1e600b55497692a676991426ec89618faad3252762e7610e7974edf3f","unknown","","","","","true","true","agent_quality_regression_may26","","","","","","","","","","no_explicitly_rejected","","","DROP","T2,T4,T5,T6,T7","keep_for_triangulation_only",""
"mac_abandoned_run_webglobalization-9a3e89_2026-05-29","mac_abandoned_run","/Users/scott/Desktop/Archive/_pass_c_abandoned_runs/20260526/prepared/webglobalization-9a3e89/working","","","","/Users/scott/Desktop/Archive/prescience_score_prompt_v2.md","f8c1e07469d8fce3148ad7c53f3ebb7f02fa312d8e0b724f6912808923385d29","true","0-5","","","","","","","","","","","","","","/Users/scott/Desktop/Archive/_pass_c_abandoned_runs/20260526/prepared/webglobalization-9a3e89/working/prescience_scores_27b_passC_v1.csv","c12158206646cd0df75426f95bc6224dc633846fe89faaccddcfebf976a8e0a8","unknown","","","","","true","true","agent_quality_regression_may26","","","","","","","","","","no_explicitly_rejected","","","DROP","T2,T4,T5,T6,T7","keep_for_triangulation_only",""
"mac_abandoned_run_websidestorysnapshot-d9e992_2026-05-29","mac_abandoned_run","/Users/scott/Desktop/Archive/_pass_c_abandoned_runs/20260526/prepared/websidestorysnapshot-d9e992/working","","","","/Users/scott/Desktop/Archive/prescience_score_prompt_v2.md","f8c1e07469d8fce3148ad7c53f3ebb7f02fa312d8e0b724f6912808923385d29","true","0-5","","","","","","","","","","","","","","/Users/scott/Desktop/Archive/_pass_c_abandoned_runs/20260526/prepared/websidestorysnapshot-d9e992/working/prescience_scores_27b_passC_v1.csv","77be8c2e3a9c429720c4fbbfcde74386de6aafb3c224a484f9ecac3c4df10cb0","unknown","","","","","true","true","agent_quality_regression_may26","","","","","","","","","","no_explicitly_rejected","","","DROP","T2,T4,T5,T6,T7","keep_for_triangulation_only",""
"mac_abandoned_run_webwashersnapshot-a1cfa0_2026-05-29","mac_abandoned_run","/Users/scott/Desktop/Archive/_pass_c_abandoned_runs/20260526/prepared/webwashersnapshot-a1cfa0/working","","","","/Users/scott/Desktop/Archive/prescience_score_prompt_v2.md","f8c1e07469d8fce3148ad7c53f3ebb7f02fa312d8e0b724f6912808923385d29","true","0-5","","","","","","","","","","","","","","/Users/scott/Desktop/Archive/_pass_c_abandoned_runs/20260526/prepared/webwashersnapshot-a1cfa0/working/prescience_scores_27b_passC_v1.csv","d1d215cc20a4371da30f26535947fcb66071f6fe3fbb4dec4a248080db9193b6","unknown","","","","","true","true","agent_quality_regression_may26","","","","","","","","","","no_explicitly_rejected","","","DROP","T2,T4,T5,T6,T7","keep_for_triangulation_only",""
"mac_abandoned_run_westerneuropereporttoc-6d43c8_2026-05-29","mac_abandoned_run","/Users/scott/Desktop/Archive/_pass_c_abandoned_runs/20260526/prepared/westerneuropereporttoc-6d43c8/working","","","","/Users/scott/Desktop/Archive/prescience_score_prompt_v2.md","f8c1e07469d8fce3148ad7c53f3ebb7f02fa312d8e0b724f6912808923385d29","true","0-5","","","","","","","","","","","","","","/Users/scott/Desktop/Archive/_pass_c_abandoned_runs/20260526/prepared/westerneuropereporttoc-6d43c8/working/prescience_scores_27b_passC_v1.csv","4b2f70612db703528e0a8e308fb0f4325dd60f7f12cae9fd16ab1821b56f90cd","unknown","","","","","true","true","agent_quality_regression_may26","","","","","","","","","","no_explicitly_rejected","","","DROP","T2,T4,T5,T6,T7","keep_for_triangulation_only",""
"mac_abandoned_run_written-1996-electronic-commerce-9cdeba_2026-05-29","mac_abandoned_run","/Users/scott/Desktop/Archive/_pass_c_abandoned_runs/20260526/prepared/written-1996-electronic-commerce-9cdeba/working","","","","/Users/scott/Desktop/Archive/prescience_score_prompt_v2.md","f8c1e07469d8fce3148ad7c53f3ebb7f02fa312d8e0b724f6912808923385d29","true","0-5","","","","","","","","","","","","","","/Users/scott/Desktop/Archive/_pass_c_abandoned_runs/20260526/prepared/written-1996-electronic-commerce-9cdeba/working/prescience_scores_27b_passC_v1.csv","3455c87cd3b9d5c4f92fb05ba902ae82a2d418c9c427cd7ef9b29a14aea192b7","unknown","","","","","true","true","agent_quality_regression_may26","","","","","","","","","","no_explicitly_rejected","","","DROP","T2,T4,T5,T6,T7","keep_for_triangulation_only",""
"mac_abandoned_run_written-2004-05dell-storage-profile-editpk-051704f-8b106e_2026-05-29","mac_abandoned_run","/Users/scott/Desktop/Archive/_pass_c_abandoned_runs/20260526/prepared/written-2004-05dell-storage-profile-editpk-051704f-8b106e/working","","","","/Users/scott/Desktop/Archive/prescience_score_prompt_v2.md","f8c1e07469d8fce3148ad7c53f3ebb7f02fa312d8e0b724f6912808923385d29","true","0-5","","","","","","","","","","","","","","/Users/scott/Desktop/Archive/_pass_c_abandoned_runs/20260526/prepared/written-2004-05dell-storage-profile-editpk-051704f-8b106e/working/prescience_scores_27b_passC_v1.csv","d60057fee7c77afc5e94a50f636a70bd1479de839a7454355fa6691da37c15cb","unknown","","","","","true","true","agent_quality_regression_may26","","","","","","","","","","no_explicitly_rejected","","","DROP","T2,T4,T5,T6,T7","keep_for_triangulation_only",""
"mac_abandoned_run_written-all-aberdeen-publications-6332de_2026-05-29","mac_abandoned_run","/Users/scott/Desktop/Archive/_pass_c_abandoned_runs/20260526/prepared/written-all-aberdeen-publications-6332de/working","1","1","1","/Users/scott/Desktop/Archive/prescience_score_prompt_v2.md","f8c1e07469d8fce3148ad7c53f3ebb7f02fa312d8e0b724f6912808923385d29","true","0-5","","","","","","","","","","","","","","/Users/scott/Desktop/Archive/_pass_c_abandoned_runs/20260526/prepared/written-all-aberdeen-publications-6332de/working/prescience_scores_27b_passC_v1.csv","76b64311055b8e26dc1cb7de19497eb4784a32fad5cd6de99c1b77ee2f33b041","unknown","","","","","true","true","agent_quality_regression_may26","","","0","0","0","0.0000","","0","0","no_explicitly_rejected","","","DROP","T2,T4,T5,T6,T7","keep_for_triangulation_only",""
"mac_abandoned_run_written-amd-profile01-677733_2026-05-29","mac_abandoned_run","/Users/scott/Desktop/Archive/_pass_c_abandoned_runs/20260526/prepared/written-amd-profile01-677733/working","","","","/Users/scott/Desktop/Archive/prescience_score_prompt_v2.md","f8c1e07469d8fce3148ad7c53f3ebb7f02fa312d8e0b724f6912808923385d29","true","0-5","","","","","","","","","","","","","","/Users/scott/Desktop/Archive/_pass_c_abandoned_runs/20260526/prepared/written-amd-profile01-677733/working/prescience_scores_27b_passC_v1.csv","651d8f0b6418800c4398376981145e43b36188222fa1e95339b12bb5831af7bb","unknown","","","","","true","true","agent_quality_regression_may26","","","","","","","","","","no_explicitly_rejected","","","DROP","T2,T4,T5,T6,T7","keep_for_triangulation_only",""
"mac_abandoned_run_written-computerworld-ilm-article-b063f3_2026-05-29","mac_abandoned_run","/Users/scott/Desktop/Archive/_pass_c_abandoned_runs/20260526/prepared/written-computerworld-ilm-article-b063f3/working","","","","/Users/scott/Desktop/Archive/prescience_score_prompt_v2.md","f8c1e07469d8fce3148ad7c53f3ebb7f02fa312d8e0b724f6912808923385d29","true","0-5","","","","","","","","","","","","","","/Users/scott/Desktop/Archive/_pass_c_abandoned_runs/20260526/prepared/written-computerworld-ilm-article-b063f3/working/prescience_scores_27b_passC_v1.csv","984de8d49f4576ed47ce3306b420fbc42fe657c0dc9755594d2c4a690ea830a9","unknown","","","","","true","true","agent_quality_regression_may26","","","","","","","","","","no_explicitly_rejected","","","DROP","T2,T4,T5,T6,T7","keep_for_triangulation_only",""
"mac_abandoned_run_written-copy-of-hp-camera-lab-journal-prod-b8b75a_2026-05-29","mac_abandoned_run","/Users/scott/Desktop/Archive/_pass_c_abandoned_runs/20260526/prepared/written-copy-of-hp-camera-lab-journal-prod-b8b75a/working","","","","/Users/scott/Desktop/Archive/prescience_score_prompt_v2.md","f8c1e07469d8fce3148ad7c53f3ebb7f02fa312d8e0b724f6912808923385d29","true","0-5","","","","","","","","","","","","","","/Users/scott/Desktop/Archive/_pass_c_abandoned_runs/20260526/prepared/written-copy-of-hp-camera-lab-journal-prod-b8b75a/working/prescience_scores_27b_passC_v1.csv","d6ab1b03f5cf432875825b4c5b1d03ea63a289470165e0dd40716b2a4ea2d8ae","unknown","","","","","true","true","agent_quality_regression_may26","","","","","","","","","","no_explicitly_rejected","","","DROP","T2,T4,T5,T6,T7","keep_for_triangulation_only",""
"mac_abandoned_run_written-dct-oct-4-hot-topic-13a344_2026-05-29","mac_abandoned_run","/Users/scott/Desktop/Archive/_pass_c_abandoned_runs/20260526/prepared/written-dct-oct-4-hot-topic-13a344/working","","","","/Users/scott/Desktop/Archive/prescience_score_prompt_v2.md","f8c1e07469d8fce3148ad7c53f3ebb7f02fa312d8e0b724f6912808923385d29","true","0-5","","","","","","","","","","","","","","/Users/scott/Desktop/Archive/_pass_c_abandoned_runs/20260526/prepared/written-dct-oct-4-hot-topic-13a344/working/prescience_scores_27b_passC_v1.csv","bd9a375a6281dc0a7cb99e4e28502341e67de75bfb9bb0a038dc807a444a519b","unknown","","","","","true","true","agent_quality_regression_may26","","","","","","","","","","no_explicitly_rejected","","","DROP","T2,T4,T5,T6,T7","keep_for_triangulation_only",""
"mac_abandoned_run_written-dell-ars-white-paper-prod-7-11m-343063_2026-05-29","mac_abandoned_run","/Users/scott/Desktop/Archive/_pass_c_abandoned_runs/20260526/prepared/written-dell-ars-white-paper-prod-7-11m-343063/working","","","","/Users/scott/Desktop/Archive/prescience_score_prompt_v2.md","f8c1e07469d8fce3148ad7c53f3ebb7f02fa312d8e0b724f6912808923385d29","true","0-5","","","","","","","","","","","","","","/Users/scott/Desktop/Archive/_pass_c_abandoned_runs/20260526/prepared/written-dell-ars-white-paper-prod-7-11m-343063/working/prescience_scores_27b_passC_v1.csv","36364a3d80e8c59727b5312e2a8ba67e0dfc64adb194ca26c4cf4ff61afd6c41","unknown","","","","","true","true","agent_quality_regression_may26","","","","","","","","","","no_explicitly_rejected","","","DROP","T2,T4,T5,T6,T7","keep_for_triangulation_only",""
"mac_abandoned_run_written-dell-asset-recovery-services-2-0abe18_2026-05-29","mac_abandoned_run","/Users/scott/Desktop/Archive/_pass_c_abandoned_runs/20260526/prepared/written-dell-asset-recovery-services-2-0abe18/working","","","","/Users/scott/Desktop/Archive/prescience_score_prompt_v2.md","f8c1e07469d8fce3148ad7c53f3ebb7f02fa312d8e0b724f6912808923385d29","true","0-5","","","","","","","","","","","","","","/Users/scott/Desktop/Archive/_pass_c_abandoned_runs/20260526/prepared/written-dell-asset-recovery-services-2-0abe18/working/prescience_scores_27b_passC_v1.csv","b874a819d7a24ec748459254761415c72a442f76ba2d5d2027c2be28d67b8f5e","unknown","","","","","true","true","agent_quality_regression_may26","","","","","","","","","","no_explicitly_rejected","","","DROP","T2,T4,T5,T6,T7","keep_for_triangulation_only",""
"mac_abandoned_run_written-dell-sd2-final-330962_2026-05-29","mac_abandoned_run","/Users/scott/Desktop/Archive/_pass_c_abandoned_runs/20260526/prepared/written-dell-sd2-final-330962/working","","","","/Users/scott/Desktop/Archive/prescience_score_prompt_v2.md","f8c1e07469d8fce3148ad7c53f3ebb7f02fa312d8e0b724f6912808923385d29","true","0-5","","","","","","","","","","","","","","/Users/scott/Desktop/Archive/_pass_c_abandoned_runs/20260526/prepared/written-dell-sd2-final-330962/working/prescience_scores_27b_passC_v1.csv","a0da51c0ae9cd1a03e06a915d74e240c7180093c85189610c1d89bf628031422","unknown","","","","","true","true","agent_quality_regression_may26","","","","","","","","","","no_explicitly_rejected","","","DROP","T2,T4,T5,T6,T7","keep_for_triangulation_only",""
"mac_abandoned_run_written-desktop-virtualization-roi-aberdeen-f059d8_2026-05-29","mac_abandoned_run","/Users/scott/Desktop/Archive/_pass_c_abandoned_runs/20260526/prepared/written-desktop-virtualization-roi-aberdeen-f059d8/working","","","","/Users/scott/Desktop/Archive/prescience_score_prompt_v2.md","f8c1e07469d8fce3148ad7c53f3ebb7f02fa312d8e0b724f6912808923385d29","true","0-5","","","","","","","","","","","","","","/Users/scott/Desktop/Archive/_pass_c_abandoned_runs/20260526/prepared/written-desktop-virtualization-roi-aberdeen-f059d8/working/prescience_scores_27b_passC_v1.csv","4c6753031e1289b81af8863cb5f70f7a8920fd760aa526cb8eff0f08247d01e7","unknown","","","","","true","true","agent_quality_regression_may26","","","","","","","","","","no_explicitly_rejected","","","DROP","T2,T4,T5,T6,T7","keep_for_triangulation_only",""
"mac_abandoned_run_written-eclipsys-auditor-report-4-672868_2026-05-29","mac_abandoned_run","/Users/scott/Desktop/Archive/_pass_c_abandoned_runs/20260526/prepared/written-eclipsys-auditor-report-4-672868/working","","","","/Users/scott/Desktop/Archive/prescience_score_prompt_v2.md","f8c1e07469d8fce3148ad7c53f3ebb7f02fa312d8e0b724f6912808923385d29","true","0-5","","","","","","","","","","","","","","/Users/scott/Desktop/Archive/_pass_c_abandoned_runs/20260526/prepared/written-eclipsys-auditor-report-4-672868/working/prescience_scores_27b_passC_v1.csv","963344cbc443b5d7960d8448f504f4cc29502c2f1f2f98e7ea157b5c6fec7df4","unknown","","","","","true","true","agent_quality_regression_may26","","","","","","","","","","no_explicitly_rejected","","","DROP","T2,T4,T5,T6,T7","keep_for_triangulation_only",""
"mac_abandoned_run_written-goremote-profile-5-2a-78ab20_2026-05-29","mac_abandoned_run","/Users/scott/Desktop/Archive/_pass_c_abandoned_runs/20260526/prepared/written-goremote-profile-5-2a-78ab20/working","","","","/Users/scott/Desktop/Archive/prescience_score_prompt_v2.md","f8c1e07469d8fce3148ad7c53f3ebb7f02fa312d8e0b724f6912808923385d29","true","0-5","","","","","","","","","","","","","","/Users/scott/Desktop/Archive/_pass_c_abandoned_runs/20260526/prepared/written-goremote-profile-5-2a-78ab20/working/prescience_scores_27b_passC_v1.csv","36fb084f6e3146e143ebd66f0d5e2a0ceacac892ee037eb22840f5c190163921","unknown","","","","","true","true","agent_quality_regression_may26","","","","","","","","","","no_explicitly_rejected","","","DROP","T2,T4,T5,T6,T7","keep_for_triangulation_only",""
"mac_abandoned_run_written-hp-can-boost-soa-offerings-with-acquisition-of-mercury-2006-4f11c1_2026-05-29","mac_abandoned_run","/Users/scott/Desktop/Archive/_pass_c_abandoned_runs/20260526/prepared/written-hp-can-boost-soa-offerings-with-acquisition-of-mercury-2006-4f11c1/working","","","","/Users/scott/Desktop/Archive/prescience_score_prompt_v2.md","f8c1e07469d8fce3148ad7c53f3ebb7f02fa312d8e0b724f6912808923385d29","true","0-5","","","","","","","","","","","","","","/Users/scott/Desktop/Archive/_pass_c_abandoned_runs/20260526/prepared/written-hp-can-boost-soa-offerings-with-acquisition-of-mercury-2006-4f11c1/working/prescience_scores_27b_passC_v1.csv","00de606e7506a7cc04dfa4ae51ed7ca2e4299db5d8f6f756aa992af0fa2f6ef0","unknown","","","","","true","true","agent_quality_regression_may26","","","","","","","","","","no_explicitly_rejected","","","DROP","T2,T4,T5,T6,T7","keep_for_triangulation_only",""
"mac_abandoned_run_written-hp-compaq-kastner-insight1-753142_2026-05-29","mac_abandoned_run","/Users/scott/Desktop/Archive/_pass_c_abandoned_runs/20260526/prepared/written-hp-compaq-kastner-insight1-753142/working","","","","/Users/scott/Desktop/Archive/prescience_score_prompt_v2.md","f8c1e07469d8fce3148ad7c53f3ebb7f02fa312d8e0b724f6912808923385d29","true","0-5","","","","","","","","","","","","","","/Users/scott/Desktop/Archive/_pass_c_abandoned_runs/20260526/prepared/written-hp-compaq-kastner-insight1-753142/working/prescience_scores_27b_passC_v1.csv","7f9ac8d9fedfb65091c5c6e3ae6377b95b79e5dd788445be8f74ceeefe1cf63b","unknown","","","","","true","true","agent_quality_regression_may26","","","","","","","","","","no_explicitly_rejected","","","DROP","T2,T4,T5,T6,T7","keep_for_triangulation_only",""
"mac_abandoned_run_written-ibm-webify-industry-soa-application-jumpstart-2006-a0301e_2026-05-29","mac_abandoned_run","/Users/scott/Desktop/Archive/_pass_c_abandoned_runs/20260526/prepared/written-ibm-webify-industry-soa-application-jumpstart-2006-a0301e/working","","","","/Users/scott/Desktop/Archive/prescience_score_prompt_v2.md","f8c1e07469d8fce3148ad7c53f3ebb7f02fa312d8e0b724f6912808923385d29","true","0-5","","","","","","","","","","","","","","/Users/scott/Desktop/Archive/_pass_c_abandoned_runs/20260526/prepared/written-ibm-webify-industry-soa-application-jumpstart-2006-a0301e/working/prescience_scores_27b_passC_v1.csv","2988bcf402fb5b693c4d9c9915a1e716622d6f291e5a880a051a96fc6a77f733","unknown","","","","","true","true","agent_quality_regression_may26","","","","","","","","","","no_explicitly_rejected","","","DROP","T2,T4,T5,T6,T7","keep_for_triangulation_only",""
"mac_abandoned_run_written-iha-full-report-draft-jul-28-075611_2026-05-29","mac_abandoned_run","/Users/scott/Desktop/Archive/_pass_c_abandoned_runs/20260526/prepared/written-iha-full-report-draft-jul-28-075611/working","","","","/Users/scott/Desktop/Archive/prescience_score_prompt_v2.md","f8c1e07469d8fce3148ad7c53f3ebb7f02fa312d8e0b724f6912808923385d29","true","0-5","","","","","","","","","","","","","","/Users/scott/Desktop/Archive/_pass_c_abandoned_runs/20260526/prepared/written-iha-full-report-draft-jul-28-075611/working/prescience_scores_27b_passC_v1.csv","c54dc8c54163b485a67c2e93c4a5351fe4747986dd49e8bf44aea334fcc78e07","unknown","","","","","true","true","agent_quality_regression_may26","","","","","","","","","","no_explicitly_rejected","","","DROP","T2,T4,T5,T6,T7","keep_for_triangulation_only",""
"mac_abandoned_run_written-intel-centrino-pk-b43168_2026-05-29","mac_abandoned_run","/Users/scott/Desktop/Archive/_pass_c_abandoned_runs/20260526/prepared/written-intel-centrino-pk-b43168/working","","","","/Users/scott/Desktop/Archive/prescience_score_prompt_v2.md","f8c1e07469d8fce3148ad7c53f3ebb7f02fa312d8e0b724f6912808923385d29","true","0-5","","","","","","","","","","","","","","/Users/scott/Desktop/Archive/_pass_c_abandoned_runs/20260526/prepared/written-intel-centrino-pk-b43168/working/prescience_scores_27b_passC_v1.csv","7a426cb677f116a347203c6b666ed4cc82076f1f29de66834de19701c4370514","unknown","","","","","true","true","agent_quality_regression_may26","","","","","","","","","","no_explicitly_rejected","","","DROP","T2,T4,T5,T6,T7","keep_for_triangulation_only",""
"mac_abandoned_run_written-intel-consumer-lt-10-5-03-df2e9c_2026-05-29","mac_abandoned_run","/Users/scott/Desktop/Archive/_pass_c_abandoned_runs/20260526/prepared/written-intel-consumer-lt-10-5-03-df2e9c/working","","","","/Users/scott/Desktop/Archive/prescience_score_prompt_v2.md","f8c1e07469d8fce3148ad7c53f3ebb7f02fa312d8e0b724f6912808923385d29","true","0-5","","","","","","","","","","","","","","/Users/scott/Desktop/Archive/_pass_c_abandoned_runs/20260526/prepared/written-intel-consumer-lt-10-5-03-df2e9c/working/prescience_scores_27b_passC_v1.csv","81845ebef88e3ac199cc2d4e4dd857b7bcf4db02ee8ac862f08f152bd402958c","unknown","","","","","true","true","agent_quality_regression_may26","","","","","","","","","","no_explicitly_rejected","","","DROP","T2,T4,T5,T6,T7","keep_for_triangulation_only",""
"mac_abandoned_run_written-intel-ia2004-pk4-kc-edits-752232_2026-05-29","mac_abandoned_run","/Users/scott/Desktop/Archive/_pass_c_abandoned_runs/20260526/prepared/written-intel-ia2004-pk4-kc-edits-752232/working","","","","/Users/scott/Desktop/Archive/prescience_score_prompt_v2.md","f8c1e07469d8fce3148ad7c53f3ebb7f02fa312d8e0b724f6912808923385d29","true","0-5","","","","","","","","","","","","","","/Users/scott/Desktop/Archive/_pass_c_abandoned_runs/20260526/prepared/written-intel-ia2004-pk4-kc-edits-752232/working/prescience_scores_27b_passC_v1.csv","c0debd6c95eb3a201f840ef780be51aaddba860c0f350db420576d80c9a22a97","unknown","","","","","true","true","agent_quality_regression_may26","","","","","","","","","","no_explicitly_rejected","","","DROP","T2,T4,T5,T6,T7","keep_for_triangulation_only",""
"mac_abandoned_run_written-intel-infiband-wp-edit-psk-5-22f-c7606f_2026-05-29","mac_abandoned_run","/Users/scott/Desktop/Archive/_pass_c_abandoned_runs/20260526/prepared/written-intel-infiband-wp-edit-psk-5-22f-c7606f/working","","","","/Users/scott/Desktop/Archive/prescience_score_prompt_v2.md","f8c1e07469d8fce3148ad7c53f3ebb7f02fa312d8e0b724f6912808923385d29","true","0-5","","","","","","","","","","","","","","/Users/scott/Desktop/Archive/_pass_c_abandoned_runs/20260526/prepared/written-intel-infiband-wp-edit-psk-5-22f-c7606f/working/prescience_scores_27b_passC_v1.csv","d72bd53d285ca90a55ffc49e78efbdb7c74692e283be912b4fa94469f9171cc5","unknown","","","","","true","true","agent_quality_regression_may26","","","","","","","","","","no_explicitly_rejected","","","DROP","T2,T4,T5,T6,T7","keep_for_triangulation_only",""
"mac_abandoned_run_written-intelitaniummfewp1-1-204e5f_2026-05-29","mac_abandoned_run","/Users/scott/Desktop/Archive/_pass_c_abandoned_runs/20260526/prepared/written-intelitaniummfewp1-1-204e5f/working","","","","/Users/scott/Desktop/Archive/prescience_score_prompt_v2.md","f8c1e07469d8fce3148ad7c53f3ebb7f02fa312d8e0b724f6912808923385d29","true","0-5","","","","","","","","","","","","","","/Users/scott/Desktop/Archive/_pass_c_abandoned_runs/20260526/prepared/written-intelitaniummfewp1-1-204e5f/working/prescience_scores_27b_passC_v1.csv","ec29f0b6dd9945600531949acc907a027ba07a842190c60fbfd622601bca9e60","unknown","","","","","true","true","agent_quality_regression_may26","","","","","","","","","","no_explicitly_rejected","","","DROP","T2,T4,T5,T6,T7","keep_for_triangulation_only",""
"mac_abandoned_run_written-ma-unisyswipro-rs-3747-355001_2026-05-29","mac_abandoned_run","/Users/scott/Desktop/Archive/_pass_c_abandoned_runs/20260526/prepared/written-ma-unisyswipro-rs-3747-355001/working","","","","/Users/scott/Desktop/Archive/prescience_score_prompt_v2.md","f8c1e07469d8fce3148ad7c53f3ebb7f02fa312d8e0b724f6912808923385d29","true","0-5","","","","","","","","","","","","","","/Users/scott/Desktop/Archive/_pass_c_abandoned_runs/20260526/prepared/written-ma-unisyswipro-rs-3747-355001/working/prescience_scores_27b_passC_v1.csv","8a58e3a9051bfa8c9236d821db5d99772a51d808399e979a23beefd1512e81d7","unknown","","","","","true","true","agent_quality_regression_may26","","","","","","","","","","no_explicitly_rejected","","","DROP","T2,T4,T5,T6,T7","keep_for_triangulation_only",""
"mac_abandoned_run_written-mirror-image-profile-v2-050404-384513_2026-05-29","mac_abandoned_run","/Users/scott/Desktop/Archive/_pass_c_abandoned_runs/20260526/prepared/written-mirror-image-profile-v2-050404-384513/working","","","","/Users/scott/Desktop/Archive/prescience_score_prompt_v2.md","f8c1e07469d8fce3148ad7c53f3ebb7f02fa312d8e0b724f6912808923385d29","true","0-5","","","","","","","","","","","","","","/Users/scott/Desktop/Archive/_pass_c_abandoned_runs/20260526/prepared/written-mirror-image-profile-v2-050404-384513/working/prescience_scores_27b_passC_v1.csv","c4d99f45c2361273ca0e61b33d924f24f3241b961e52dc2c8c78202d9eceef28","unknown","","","","","true","true","agent_quality_regression_may26","","","","","","","","","","no_explicitly_rejected","","","DROP","T2,T4,T5,T6,T7","keep_for_triangulation_only",""
"mac_abandoned_run_written-oracleroiwhitepaperprod-235e19_2026-05-29","mac_abandoned_run","/Users/scott/Desktop/Archive/_pass_c_abandoned_runs/20260526/prepared/written-oracleroiwhitepaperprod-235e19/working","","","","/Users/scott/Desktop/Archive/prescience_score_prompt_v2.md","f8c1e07469d8fce3148ad7c53f3ebb7f02fa312d8e0b724f6912808923385d29","true","0-5","","","","","","","","","","","","","","/Users/scott/Desktop/Archive/_pass_c_abandoned_runs/20260526/prepared/written-oracleroiwhitepaperprod-235e19/working/prescience_scores_27b_passC_v1.csv","cc2ca85c8c786fd87740cbb2f5dca6ac60405326f95088a0804e1c7264419d39","unknown","","","","","true","true","agent_quality_regression_may26","","","","","","","","","","no_explicitly_rejected","","","DROP","T2,T4,T5,T6,T7","keep_for_triangulation_only",""
"mac_abandoned_run_written-outsourcing-application-development-and-maintenance-0877e6_2026-05-29","mac_abandoned_run","/Users/scott/Desktop/Archive/_pass_c_abandoned_runs/20260526/prepared/written-outsourcing-application-development-and-maintenance-0877e6/working","","","","/Users/scott/Desktop/Archive/prescience_score_prompt_v2.md","f8c1e07469d8fce3148ad7c53f3ebb7f02fa312d8e0b724f6912808923385d29","true","0-5","","","","","","","","","","","","","","/Users/scott/Desktop/Archive/_pass_c_abandoned_runs/20260526/prepared/written-outsourcing-application-development-and-maintenance-0877e6/working/prescience_scores_27b_passC_v1.csv","c97558b758f8aa84d2840edda414e38fc5595f7128d8e0c344f20056cac79d58","unknown","","","","","true","true","agent_quality_regression_may26","","","","","","","","","","no_explicitly_rejected","","","DROP","T2,T4,T5,T6,T7","keep_for_triangulation_only",""
"mac_abandoned_run_written-perspective-041304-eb8c4a_2026-05-29","mac_abandoned_run","/Users/scott/Desktop/Archive/_pass_c_abandoned_runs/20260526/prepared/written-perspective-041304-eb8c4a/working","","","","/Users/scott/Desktop/Archive/prescience_score_prompt_v2.md","f8c1e07469d8fce3148ad7c53f3ebb7f02fa312d8e0b724f6912808923385d29","true","0-5","","","","","","","","","","","","","","/Users/scott/Desktop/Archive/_pass_c_abandoned_runs/20260526/prepared/written-perspective-041304-eb8c4a/working/prescience_scores_27b_passC_v1.csv","08df4920cb438f8cb239019b1d5030dd253194377e0c1435a9fa2b3634bd4d33","unknown","","","","","true","true","agent_quality_regression_may26","","","","","","","","","","no_explicitly_rejected","","","DROP","T2,T4,T5,T6,T7","keep_for_triangulation_only",""
"mac_abandoned_run_written-sars2-hot-topic-1eeb5c_2026-05-29","mac_abandoned_run","/Users/scott/Desktop/Archive/_pass_c_abandoned_runs/20260526/prepared/written-sars2-hot-topic-1eeb5c/working","","","","/Users/scott/Desktop/Archive/prescience_score_prompt_v2.md","f8c1e07469d8fce3148ad7c53f3ebb7f02fa312d8e0b724f6912808923385d29","true","0-5","","","","","","","","","","","","","","/Users/scott/Desktop/Archive/_pass_c_abandoned_runs/20260526/prepared/written-sars2-hot-topic-1eeb5c/working/prescience_scores_27b_passC_v1.csv","c051794b59025ae50b1b0fae2222e7cde1bf982578c1e0fc713622a74d238a92","unknown","","","","","true","true","agent_quality_regression_may26","","","","","","","","","","no_explicitly_rejected","","","DROP","T2,T4,T5,T6,T7","keep_for_triangulation_only",""
"mac_abandoned_run_written-snap-appliances-snapshot-10-15pk-a7b49c_2026-05-29","mac_abandoned_run","/Users/scott/Desktop/Archive/_pass_c_abandoned_runs/20260526/prepared/written-snap-appliances-snapshot-10-15pk-a7b49c/working","","","","/Users/scott/Desktop/Archive/prescience_score_prompt_v2.md","f8c1e07469d8fce3148ad7c53f3ebb7f02fa312d8e0b724f6912808923385d29","true","0-5","","","","","","","","","","","","","","/Users/scott/Desktop/Archive/_pass_c_abandoned_runs/20260526/prepared/written-snap-appliances-snapshot-10-15pk-a7b49c/working/prescience_scores_27b_passC_v1.csv","c2d5f55bebd6ff711d1ffc1b47a9a8a3e2cc7da3f787734fed936f90a4927f45","unknown","","","","","true","true","agent_quality_regression_may26","","","","","","","","","","no_explicitly_rejected","","","DROP","T2,T4,T5,T6,T7","keep_for_triangulation_only",""
"mac_abandoned_run_written-snapshot-snap-templated-611beb_2026-05-29","mac_abandoned_run","/Users/scott/Desktop/Archive/_pass_c_abandoned_runs/20260526/prepared/written-snapshot-snap-templated-611beb/working","","","","/Users/scott/Desktop/Archive/prescience_score_prompt_v2.md","f8c1e07469d8fce3148ad7c53f3ebb7f02fa312d8e0b724f6912808923385d29","true","0-5","","","","","","","","","","","","","","/Users/scott/Desktop/Archive/_pass_c_abandoned_runs/20260526/prepared/written-snapshot-snap-templated-611beb/working/prescience_scores_27b_passC_v1.csv","02726470c5e995da3c4273778d8b8e7a92d75bd50bb3dccc2291d8e52979e0d6","unknown","","","","","true","true","agent_quality_regression_may26","","","","","","","","","","no_explicitly_rejected","","","DROP","T2,T4,T5,T6,T7","keep_for_triangulation_only",""
"mac_abandoned_run_written-technology-themes-4d6f14_2026-05-29","mac_abandoned_run","/Users/scott/Desktop/Archive/_pass_c_abandoned_runs/20260526/prepared/written-technology-themes-4d6f14/working","","","","/Users/scott/Desktop/Archive/prescience_score_prompt_v2.md","f8c1e07469d8fce3148ad7c53f3ebb7f02fa312d8e0b724f6912808923385d29","true","0-5","","","","","","","","","","","","","","/Users/scott/Desktop/Archive/_pass_c_abandoned_runs/20260526/prepared/written-technology-themes-4d6f14/working/prescience_scores_27b_passC_v1.csv","0bef944a51371245d99ad91a6777c31ff945e0d6233b544c0e2b6f37edd6bf01","unknown","","","","","true","true","agent_quality_regression_may26","","","","","","","","","","no_explicitly_rejected","","","DROP","T2,T4,T5,T6,T7","keep_for_triangulation_only",""
"mac_abandoned_run_written-the-business-value-in-it-outsourcing-d9a0f9_2026-05-29","mac_abandoned_run","/Users/scott/Desktop/Archive/_pass_c_abandoned_runs/20260526/prepared/written-the-business-value-in-it-outsourcing-d9a0f9/working","","","","/Users/scott/Desktop/Archive/prescience_score_prompt_v2.md","f8c1e07469d8fce3148ad7c53f3ebb7f02fa312d8e0b724f6912808923385d29","true","0-5","","","","","","","","","","","","","","/Users/scott/Desktop/Archive/_pass_c_abandoned_runs/20260526/prepared/written-the-business-value-in-it-outsourcing-d9a0f9/working/prescience_scores_27b_passC_v1.csv","7175f679379d5129a2f4bdd4c7b71a40852fd7be7b7d091d77b627ec3885e1db","unknown","","","","","true","true","agent_quality_regression_may26","","","","","","","","","","no_explicitly_rejected","","","DROP","T2,T4,T5,T6,T7","keep_for_triangulation_only",""
"mac_abandoned_run_written-webex-taking-conferencing-to-the-business-communications-summit-2b6842_2026-05-29","mac_abandoned_run","/Users/scott/Desktop/Archive/_pass_c_abandoned_runs/20260526/prepared/written-webex-taking-conferencing-to-the-business-communications-summit-2b6842/working","","","","/Users/scott/Desktop/Archive/prescience_score_prompt_v2.md","f8c1e07469d8fce3148ad7c53f3ebb7f02fa312d8e0b724f6912808923385d29","true","0-5","","","","","","","","","","","","","","/Users/scott/Desktop/Archive/_pass_c_abandoned_runs/20260526/prepared/written-webex-taking-conferencing-to-the-business-communications-summit-2b6842/working/prescience_scores_27b_passC_v1.csv","bcbfda0d787ad2ee070eeb1d974846cf810046b423f5eaf14b13f93d65ef922e","unknown","","","","","true","true","agent_quality_regression_may26","","","","","","","","","","no_explicitly_rejected","","","DROP","T2,T4,T5,T6,T7","keep_for_triangulation_only",""
"mac_abandoned_run_wwstoragereporttoc-2ba9ad_2026-05-29","mac_abandoned_run","/Users/scott/Desktop/Archive/_pass_c_abandoned_runs/20260526/prepared/wwstoragereporttoc-2ba9ad/working","","","","/Users/scott/Desktop/Archive/prescience_score_prompt_v2.md","f8c1e07469d8fce3148ad7c53f3ebb7f02fa312d8e0b724f6912808923385d29","true","0-5","","","","","","","","","","","","","","/Users/scott/Desktop/Archive/_pass_c_abandoned_runs/20260526/prepared/wwstoragereporttoc-2ba9ad/working/prescience_scores_27b_passC_v1.csv","46bd54f3e1180583c16c79f524b496a43dd11ce867208a8420fbe51c4cf507ca","unknown","","","","","true","true","agent_quality_regression_may26","","","","","","","","","","no_explicitly_rejected","","","DROP","T2,T4,T5,T6,T7","keep_for_triangulation_only",""
"mac_abandoned_run_xignsnapshot-4553de_2026-05-29","mac_abandoned_run","/Users/scott/Desktop/Archive/_pass_c_abandoned_runs/20260526/prepared/xignsnapshot-4553de/working","","","","/Users/scott/Desktop/Archive/prescience_score_prompt_v2.md","f8c1e07469d8fce3148ad7c53f3ebb7f02fa312d8e0b724f6912808923385d29","true","0-5","","","","","","","","","","","","","","/Users/scott/Desktop/Archive/_pass_c_abandoned_runs/20260526/prepared/xignsnapshot-4553de/working/prescience_scores_27b_passC_v1.csv","5f5e73d664b0ebdb419ba41e7df2324f0042cc4fda7cdd33aed0ac041cfe1fd3","unknown","","","","","true","true","agent_quality_regression_may26","","","","","","","","","","no_explicitly_rejected","","","DROP","T2,T4,T5,T6,T7","keep_for_triangulation_only",""
"mac_abandoned_run_xsidessnapshot-24bb47_2026-05-29","mac_abandoned_run","/Users/scott/Desktop/Archive/_pass_c_abandoned_runs/20260526/prepared/xsidessnapshot-24bb47/working","","","","/Users/scott/Desktop/Archive/prescience_score_prompt_v2.md","f8c1e07469d8fce3148ad7c53f3ebb7f02fa312d8e0b724f6912808923385d29","true","0-5","","","","","","","","","","","","","","/Users/scott/Desktop/Archive/_pass_c_abandoned_runs/20260526/prepared/xsidessnapshot-24bb47/working/prescience_scores_27b_passC_v1.csv","31f6a3b6da364726e6cbd6087b0b08f3705c0d5be75206cb51c1235b56e1375f","unknown","","","","","true","true","agent_quality_regression_may26","","","","","","","","","","no_explicitly_rejected","","","DROP","T2,T4,T5,T6,T7","keep_for_triangulation_only",""
"mac_abandoned_run_zonelabssnapshot-111c0a_2026-05-29","mac_abandoned_run","/Users/scott/Desktop/Archive/_pass_c_abandoned_runs/20260526/prepared/zonelabssnapshot-111c0a/working","","","","/Users/scott/Desktop/Archive/prescience_score_prompt_v2.md","f8c1e07469d8fce3148ad7c53f3ebb7f02fa312d8e0b724f6912808923385d29","true","0-5","","","","","","","","","","","","","","/Users/scott/Desktop/Archive/_pass_c_abandoned_runs/20260526/prepared/zonelabssnapshot-111c0a/working/prescience_scores_27b_passC_v1.csv","04e32efbb3881457449b7f50600787f1ceb98c63de563c7f8a2e9048f691f39a","unknown","","","","","true","true","agent_quality_regression_may26","","","","","","","","","","no_explicitly_rejected","","","DROP","T2,T4,T5,T6,T7","keep_for_triangulation_only",""
"other_1988-encore-oltp-market-tps-needs-deee45_2026-05-23","other","/Users/scott/Desktop/Archive/aberdeen-group-archive/kastner-author/1988-encore-oltp-market-tps-needs-deee45/working","8","0","0","/Users/scott/Desktop/Archive/prescience_score_prompt_v2.md","f8c1e07469d8fce3148ad7c53f3ebb7f02fa312d8e0b724f6912808923385d29","true","0-5","","","","","","","","","","","","","","/Users/scott/Desktop/Archive/aberdeen-group-archive/kastner-author/1988-encore-oltp-market-tps-needs-deee45/working/bucket_signals_v20.json","6d4656dca41665733fd63acd75766bf1375a2e66078c680c1041948b3828fde2","unknown","","","","","true","false","","","","0","0","0","0.0000","","0","0","yes_lives_in_working_dir_only","","","DROP","T2,T4,T6","discard",""
"other_1989-vidmar-as400-hp3000-and-metadata-a32d04_2026-05-23","other","/Users/scott/Desktop/Archive/aberdeen-group-archive/kastner-author/1989-vidmar-as400-hp3000-and-metadata-a32d04/working","23","0","0","/Users/scott/Desktop/Archive/prescience_score_prompt_v2.md","f8c1e07469d8fce3148ad7c53f3ebb7f02fa312d8e0b724f6912808923385d29","true","0-5","","","","","","","","","","","","","","/Users/scott/Desktop/Archive/aberdeen-group-archive/kastner-author/1989-vidmar-as400-hp3000-and-metadata-a32d04/working/bucket_signals_v20.json","a9dd445d4f9366733725f54c51bad19a690db33d7a8ab7d172d3989eac8c9fcc","unknown","","","","","true","false","","","","0","0","0","0.0000","","0","0","yes_lives_in_working_dir_only","","","DROP","T2,T4,T6","discard",""
"other_1990-bull-rdbms-1990-and-2024-metadata-fe61bf_2026-05-23","other","/Users/scott/Desktop/Archive/aberdeen-group-archive/kastner-author/1990-bull-rdbms-1990-and-2024-metadata-fe61bf/working","15","0","0","/Users/scott/Desktop/Archive/prescience_score_prompt_v2.md","f8c1e07469d8fce3148ad7c53f3ebb7f02fa312d8e0b724f6912808923385d29","true","0-5","","","","","","","","","","","","","","/Users/scott/Desktop/Archive/aberdeen-group-archive/kastner-author/1990-bull-rdbms-1990-and-2024-metadata-fe61bf/working/bucket_signals_v20.json","64ad0ed2a59b9e29948b1661d3626f306281ccd403147279d77858257669cd89","unknown","","","","","true","false","","","","0","0","0","0.0000","","0","0","yes_lives_in_working_dir_only","","","DROP","T2,T4,T6","discard",""
"other_1991-apple-c-s-e9ffd7_2026-05-23","other","/Users/scott/Desktop/Archive/aberdeen-group-archive/kastner-author/1991-apple-c-s-e9ffd7/working","39","0","0","/Users/scott/Desktop/Archive/prescience_score_prompt_v2.md","f8c1e07469d8fce3148ad7c53f3ebb7f02fa312d8e0b724f6912808923385d29","true","0-5","","","","","","","","","","","","","","/Users/scott/Desktop/Archive/aberdeen-group-archive/kastner-author/1991-apple-c-s-e9ffd7/working/observation_candidates_v20.csv","bef23e0ed716fdf993aae9efc208b4e6fb60425738bb37a2a393dde36f987c5e","unknown","","","","","true","false","","","","0","0","0","0.0000","","0","0","yes_lives_in_working_dir_only","","","DROP","T2,T4,T6","discard",""
"other_1991-encore-and-metadata-47f414_2026-05-23","other","/Users/scott/Desktop/Archive/aberdeen-group-archive/kastner-author/1991-encore-and-metadata-47f414/working","22","0","0","/Users/scott/Desktop/Archive/prescience_score_prompt_v2.md","f8c1e07469d8fce3148ad7c53f3ebb7f02fa312d8e0b724f6912808923385d29","true","0-5","","","","","","","","","","","","","","/Users/scott/Desktop/Archive/aberdeen-group-archive/kastner-author/1991-encore-and-metadata-47f414/working/observation_candidates_v20.csv","1aa76bdc6dd54b151ed28855f6666b38923efc72030251735e15240da22924ea","unknown","","","","","true","false","","","","0","0","0","0.0000","","0","0","yes_lives_in_working_dir_only","","","DROP","T2,T4,T6","discard",""
"other_1992-sapiens-and-metadata-0608b6_2026-05-23","other","/Users/scott/Desktop/Archive/aberdeen-group-archive/kastner-author/1992-sapiens-and-metadata-0608b6/working","10","0","0","/Users/scott/Desktop/Archive/prescience_score_prompt_v2.md","f8c1e07469d8fce3148ad7c53f3ebb7f02fa312d8e0b724f6912808923385d29","true","0-5","","","","","","","","","","","","","","/Users/scott/Desktop/Archive/aberdeen-group-archive/kastner-author/1992-sapiens-and-metadata-0608b6/working/bucket_signals_v20.json","be435fff675fd831f51c536c28b610ea6b037d6d0cf19cceadf226fd9c3724e2","unknown","","","","","true","false","","","","0","0","0","0.0000","","0","0","yes_lives_in_working_dir_only","","","DROP","T2,T4,T6","discard",""
"other_1993-hercules-sap-28344a_2026-05-23","other","/Users/scott/Desktop/Archive/aberdeen-group-archive/kastner-author/1993-hercules-sap-28344a/working","16","0","0","/Users/scott/Desktop/Archive/prescience_score_prompt_v2.md","f8c1e07469d8fce3148ad7c53f3ebb7f02fa312d8e0b724f6912808923385d29","true","0-5","","","","","","","","","","","","","","/Users/scott/Desktop/Archive/aberdeen-group-archive/kastner-author/1993-hercules-sap-28344a/working/observation_candidates_v20.csv","373e001b37be3230f31b05867feff809ddd9b5a45920d8054bc0ca7b38ecf037","unknown","","","","","true","false","","","","0","0","0","0.0000","","0","0","yes_lives_in_working_dir_only","","","DROP","T2,T4,T6","discard",""
"other_1996-electronic-commerce-25d31b_2026-05-23","other","/Users/scott/Desktop/Archive/aberdeen-group-archive/kastner-author/1996-electronic-commerce-25d31b/working","3","0","0","/Users/scott/Desktop/Archive/prescience_score_prompt_v2.md","f8c1e07469d8fce3148ad7c53f3ebb7f02fa312d8e0b724f6912808923385d29","true","0-5","","","","","","","","","","","","","","/Users/scott/Desktop/Archive/aberdeen-group-archive/kastner-author/1996-electronic-commerce-25d31b/working/bucket_signals_v20.json","9f8fa21832fc9e52d1e7d7ec26853a3c6fb5dce62de4d29a46909a44d7bb8429","unknown","","","","","true","false","","","","0","0","0","0.0000","","0","0","yes_lives_in_working_dir_only","","","DROP","T2,T4,T6","discard",""
"other_1997-marathon-s-endurance-4000--imp-psk-f83368_2026-05-23","other","/Users/scott/Desktop/Archive/aberdeen-group-archive/kastner-author/1997-marathon-s-endurance-4000--imp-psk-f83368/working","9","0","0","/Users/scott/Desktop/Archive/prescience_score_prompt_v2.md","f8c1e07469d8fce3148ad7c53f3ebb7f02fa312d8e0b724f6912808923385d29","true","0-5","","","","","","","","","","","","","","/Users/scott/Desktop/Archive/aberdeen-group-archive/kastner-author/1997-marathon-s-endurance-4000--imp-psk-f83368/working/bucket_signals_v20.json","3c6fc7ae36f33dbb723e65b8c4686043ba61020f9030960db7b9ee0364cf4812","unknown","","","","","true","false","","","","0","0","0","0.0000","","0","0","yes_lives_in_working_dir_only","","","DROP","T2,T4,T6","discard",""
"other_1997-oracle8-the-database-for-network-computing-674c9d_2026-05-23","other","/Users/scott/Desktop/Archive/aberdeen-group-archive/kastner-author/1997-oracle8-the-database-for-network-computing-674c9d/working","6","0","0","/Users/scott/Desktop/Archive/prescience_score_prompt_v2.md","f8c1e07469d8fce3148ad7c53f3ebb7f02fa312d8e0b724f6912808923385d29","true","0-5","","","","","","","","","","","","","","/Users/scott/Desktop/Archive/aberdeen-group-archive/kastner-author/1997-oracle8-the-database-for-network-computing-674c9d/working/bucket_signals_v20.json","ef84fc6589aca379fd14b631c8ff9b39766badb956ee1da45fb5f45cef636685","unknown","","","","","true","false","","","","0","0","0","0.0000","","0","0","yes_lives_in_working_dir_only","","","DROP","T2,T4,T6","discard",""
"other_1998-hp-high-availability-and-metadata-7d1276_2026-05-23","other","/Users/scott/Desktop/Archive/aberdeen-group-archive/kastner-author/1998-hp-high-availability-and-metadata-7d1276/working","15","0","0","/Users/scott/Desktop/Archive/prescience_score_prompt_v2.md","f8c1e07469d8fce3148ad7c53f3ebb7f02fa312d8e0b724f6912808923385d29","true","0-5","","","","","","","","","","","","","","/Users/scott/Desktop/Archive/aberdeen-group-archive/kastner-author/1998-hp-high-availability-and-metadata-7d1276/working/bucket_signals_v20.json","ea0d0dc506968985a424424007b2a0a3e49c9ee863f7ff833a674a652b4a6abb","unknown","","","","","true","false","","","","0","0","0","0.0000","","0","0","yes_lives_in_working_dir_only","","","DROP","T2,T4,T6","discard",""
"other_1998-pc-impact-and-metadata-e2a169_2026-05-23","other","/Users/scott/Desktop/Archive/aberdeen-group-archive/kastner-author/1998-pc-impact-and-metadata-e2a169/working","4","0","0","/Users/scott/Desktop/Archive/prescience_score_prompt_v2.md","f8c1e07469d8fce3148ad7c53f3ebb7f02fa312d8e0b724f6912808923385d29","true","0-5","","","","","","","","","","","","","","/Users/scott/Desktop/Archive/aberdeen-group-archive/kastner-author/1998-pc-impact-and-metadata-e2a169/working/bucket_signals_v20.json","17208e9cb933eb4a89b6dddce08e0c6cf21d0bc0c26918d1f4fd7bf451c653c6","unknown","","","","","true","false","","","","0","0","0","0.0000","","0","0","yes_lives_in_working_dir_only","","","DROP","T2,T4,T6","discard",""
"other_1999-uit15p-ca-unicenter-infrastructure-psk-d88ad8_2026-05-23","other","/Users/scott/Desktop/Archive/aberdeen-group-archive/kastner-author/1999-uit15p-ca-unicenter-infrastructure-psk-d88ad8/working","8","0","0","/Users/scott/Desktop/Archive/prescience_score_prompt_v2.md","f8c1e07469d8fce3148ad7c53f3ebb7f02fa312d8e0b724f6912808923385d29","true","0-5","","","","","","","","","","","","","","/Users/scott/Desktop/Archive/aberdeen-group-archive/kastner-author/1999-uit15p-ca-unicenter-infrastructure-psk-d88ad8/working/observation_candidates_v20.csv","0d91df12d7b2dcfbb3a3d2463df2d0e504bff5fd6dd833a576630a101ffebdd5","unknown","","","","","true","false","","","","0","0","0","0.0000","","0","0","yes_lives_in_working_dir_only","","","DROP","T2,T4,T6","discard",""
"other_2001-aberdeen-group-recent-publications-psk-2be54d_2026-05-23","other","/Users/scott/Desktop/Archive/aberdeen-group-archive/kastner-author/2001-aberdeen-group-recent-publications-psk-2be54d/working","55","0","0","/Users/scott/Desktop/Archive/prescience_score_prompt_v2.md","f8c1e07469d8fce3148ad7c53f3ebb7f02fa312d8e0b724f6912808923385d29","true","0-5","","","","","","","","","","","","","","/Users/scott/Desktop/Archive/aberdeen-group-archive/kastner-author/2001-aberdeen-group-recent-publications-psk-2be54d/working/observation_candidates_v20.csv","be0fa37eeb2b655cf8a22d0dac5c6423238fc6954c47ab6b804aa6a3508bcd98","unknown","","","","","true","false","","","","0","0","0","0.0000","","0","0","yes_lives_in_working_dir_only","","","DROP","T2,T4,T6","discard",""
"other_2001-living-with-windows-xp-media-player-and-wireless-s-02f8a8_2026-05-23","other","/Users/scott/Desktop/Archive/aberdeen-group-archive/kastner-author/2001-living-with-windows-xp-media-player-and-wireless-s-02f8a8/working","4","0","0","/Users/scott/Desktop/Archive/prescience_score_prompt_v2.md","f8c1e07469d8fce3148ad7c53f3ebb7f02fa312d8e0b724f6912808923385d29","true","0-5","","","","","","","","","","","","","","/Users/scott/Desktop/Archive/aberdeen-group-archive/kastner-author/2001-living-with-windows-xp-media-player-and-wireless-s-02f8a8/working/bucket_signals_v20.json","f9bfb16823c7e0ceef2acde7fb2621ae92bb1402cd06dd6699cb119a750f8f56","unknown","","","","","true","false","","","","0","0","0","0.0000","","0","0","yes_lives_in_working_dir_only","","","DROP","T2,T4,T6","discard",""
"other_2001-upgrading-to-windows-xp-a-long-and-winding-road-ps-81e090_2026-05-23","other","/Users/scott/Desktop/Archive/aberdeen-group-archive/kastner-author/2001-upgrading-to-windows-xp-a-long-and-winding-road-ps-81e090/working","8","0","0","/Users/scott/Desktop/Archive/prescience_score_prompt_v2.md","f8c1e07469d8fce3148ad7c53f3ebb7f02fa312d8e0b724f6912808923385d29","true","0-5","","","","","","","","","","","","","","/Users/scott/Desktop/Archive/aberdeen-group-archive/kastner-author/2001-upgrading-to-windows-xp-a-long-and-winding-road-ps-81e090/working/bucket_signals_v20.json","85f6c3c1fd1857b98d01a68876ce3be1cbe52a905a00894be0569bcf48ac7a85","unknown","","","","","true","false","","","","0","0","0","0.0000","","0","0","yes_lives_in_working_dir_only","","","DROP","T2,T4,T6","discard",""
"other_2002-amd-s-gigahertz-equiva-nexperienced-buyers-accept--6f6050_2026-05-23","other","/Users/scott/Desktop/Archive/aberdeen-group-archive/kastner-author/2002-amd-s-gigahertz-equiva-nexperienced-buyers-accept--6f6050/working","4","0","0","/Users/scott/Desktop/Archive/prescience_score_prompt_v2.md","f8c1e07469d8fce3148ad7c53f3ebb7f02fa312d8e0b724f6912808923385d29","true","0-5","","","","","","","","","","","","","","/Users/scott/Desktop/Archive/aberdeen-group-archive/kastner-author/2002-amd-s-gigahertz-equiva-nexperienced-buyers-accept--6f6050/working/bucket_signals_v20.json","4ffdca03fd0fb8225ef3d61f175fd5271fcbf09465828541108737428a2857ed","unknown","","","","","true","false","","","","0","0","0","0.0000","","0","0","yes_lives_in_working_dir_only","","","DROP","T2,T4,T6","discard",""
"other_2002-does-intel-s-decision-not-to-manufactur-iniband-si-0bd64b_2026-05-23","other","/Users/scott/Desktop/Archive/aberdeen-group-archive/kastner-author/2002-does-intel-s-decision-not-to-manufactur-iniband-si-0bd64b/working","4","0","0","/Users/scott/Desktop/Archive/prescience_score_prompt_v2.md","f8c1e07469d8fce3148ad7c53f3ebb7f02fa312d8e0b724f6912808923385d29","true","0-5","","","","","","","","","","","","","","/Users/scott/Desktop/Archive/aberdeen-group-archive/kastner-author/2002-does-intel-s-decision-not-to-manufactur-iniband-si-0bd64b/working/bucket_signals_v20.json","2dbb03e697fdb1e803f426df1687586d09b29bb9d94ef8f2ae0bc966ebd3d874","unknown","","","","","true","false","","","","0","0","0","0.0000","","0","0","yes_lives_in_working_dir_only","","","DROP","T2,T4,T6","discard",""
"other_2002-it-purchasing-the-view-from-the-end-of-the-tunnel--f63cde_2026-05-23","other","/Users/scott/Desktop/Archive/aberdeen-group-archive/kastner-author/2002-it-purchasing-the-view-from-the-end-of-the-tunnel--f63cde/working","2","0","0","/Users/scott/Desktop/Archive/prescience_score_prompt_v2.md","f8c1e07469d8fce3148ad7c53f3ebb7f02fa312d8e0b724f6912808923385d29","true","0-5","","","","","","","","","","","","","","/Users/scott/Desktop/Archive/aberdeen-group-archive/kastner-author/2002-it-purchasing-the-view-from-the-end-of-the-tunnel--f63cde/working/bucket_signals_v20.json","875ce6fb22bab22cc6c50903b5b631ae7f5a03c22185f2d8417f23bb5c55b4bd","unknown","","","","","true","false","","","","0","0","0","0.0000","","0","0","yes_lives_in_working_dir_only","","","DROP","T2,T4,T6","discard",""
"other_2002-the-new-hp-stands-up-to-be-counted-psk-35453a_2026-05-23","other","/Users/scott/Desktop/Archive/aberdeen-group-archive/kastner-author/2002-the-new-hp-stands-up-to-be-counted-psk-35453a/working","8","0","0","/Users/scott/Desktop/Archive/prescience_score_prompt_v2.md","f8c1e07469d8fce3148ad7c53f3ebb7f02fa312d8e0b724f6912808923385d29","true","0-5","","","","","","","","","","","","","","/Users/scott/Desktop/Archive/aberdeen-group-archive/kastner-author/2002-the-new-hp-stands-up-to-be-counted-psk-35453a/working/bucket_signals_v20.json","ec9f1b61ab5091756ae9a1d567a4bc2b05f9d8365a37f59331a011651242314c","unknown","","","","","true","false","","","","0","0","0","0.0000","","0","0","yes_lives_in_working_dir_only","","","DROP","T2,T4,T6","discard",""
"other_2002-webex-taking-conferencing-to-the-business-communic-85e330_2026-05-23","other","/Users/scott/Desktop/Archive/aberdeen-group-archive/kastner-author/2002-webex-taking-conferencing-to-the-business-communic-85e330/working","4","0","0","/Users/scott/Desktop/Archive/prescience_score_prompt_v2.md","f8c1e07469d8fce3148ad7c53f3ebb7f02fa312d8e0b724f6912808923385d29","true","0-5","","","","","","","","","","","","","","/Users/scott/Desktop/Archive/aberdeen-group-archive/kastner-author/2002-webex-taking-conferencing-to-the-business-communic-85e330/working/bucket_signals_v20.json","0af191ab7f0edc70f5a42f1e05dc7b78c16ca783523ff3fc347c0f64db40125d","unknown","","","","","true","false","","","","0","0","0","0.0000","","0","0","yes_lives_in_working_dir_only","","","DROP","T2,T4,T6","discard",""
"other_2002-wi-fi-s-new-standard-802-11a-will-offer-the-best-b-795f0c_2026-05-23","other","/Users/scott/Desktop/Archive/aberdeen-group-archive/kastner-author/2002-wi-fi-s-new-standard-802-11a-will-offer-the-best-b-795f0c/working","3","0","0","/Users/scott/Desktop/Archive/prescience_score_prompt_v2.md","f8c1e07469d8fce3148ad7c53f3ebb7f02fa312d8e0b724f6912808923385d29","true","0-5","","","","","","","","","","","","","","/Users/scott/Desktop/Archive/aberdeen-group-archive/kastner-author/2002-wi-fi-s-new-standard-802-11a-will-offer-the-best-b-795f0c/working/bucket_signals_v20.json","139ac9858f129dac89bfbb8a54d997dbdfa2ad9b06c2f2596b76828869cb67ae","unknown","","","","","true","false","","","","0","0","0","0.0000","","0","0","yes_lives_in_working_dir_only","","","DROP","T2,T4,T6","discard",""
"other_2006-unisyswipro-rs-3747-a7e31e_2026-05-23","other","/Users/scott/Desktop/Archive/aberdeen-group-archive/kastner-author/2006-unisyswipro-rs-3747-a7e31e/working","4","0","0","/Users/scott/Desktop/Archive/prescience_score_prompt_v2.md","f8c1e07469d8fce3148ad7c53f3ebb7f02fa312d8e0b724f6912808923385d29","true","0-5","","","","","","","","","","","","","","/Users/scott/Desktop/Archive/aberdeen-group-archive/kastner-author/2006-unisyswipro-rs-3747-a7e31e/working/bucket_signals_v20.json","24f9fe9356af98ab12d17810e4db08c4b4f18e7cb42bb74294964bf8be6bdbad","unknown","","","","","true","false","","","","0","0","0","0.0000","","0","0","yes_lives_in_working_dir_only","","","DROP","T2,T4,T6","discard",""
"other_dct-gateway-acquires-emachines-2004-03_2026-05-23","other","/Users/scott/Desktop/Archive/aberdeen-group-archive/kastner-author/dct/dct-gateway-acquires-emachines-2004-03/working","3","0","0","/Users/scott/Desktop/Archive/prescience_score_prompt_v2.md","f8c1e07469d8fce3148ad7c53f3ebb7f02fa312d8e0b724f6912808923385d29","true","0-5","","","","","","","","","","","","","","/Users/scott/Desktop/Archive/aberdeen-group-archive/kastner-author/dct/dct-gateway-acquires-emachines-2004-03/working/bucket_signals_v20.json","19ba1f6f02edd30718b8312b6cc4d20c12ef82655d52cef88ab0c4fc87e40ddb","unknown","","","","","true","false","","","","0","0","0","0.0000","","0","0","yes_lives_in_working_dir_only","","","DROP","T2,T4,T6","discard",""
"other_dct-pc-replacement-insight1-2003-04_2026-05-23","other","/Users/scott/Desktop/Archive/aberdeen-group-archive/kastner-author/dct/dct-pc-replacement-insight1-2003-04/working","3","0","0","/Users/scott/Desktop/Archive/prescience_score_prompt_v2.md","f8c1e07469d8fce3148ad7c53f3ebb7f02fa312d8e0b724f6912808923385d29","true","0-5","","","","","","","","","","","","","","/Users/scott/Desktop/Archive/aberdeen-group-archive/kastner-author/dct/dct-pc-replacement-insight1-2003-04/working/bucket_signals_v20.json","b46f5eb928d80e27d6ff28be17a2cc1b470ae1d392c3334f7207e93c1f2ff92c","unknown","","","","","true","false","","","","0","0","0","0.0000","","0","0","yes_lives_in_working_dir_only","","","DROP","T2,T4,T6","discard",""
"other_dell-ars-wp-2-72fd7f_2026-05-23","other","/Users/scott/Desktop/Archive/aberdeen-group-archive/kastner-author/dell-ars-wp-2-72fd7f/working","4","0","0","/Users/scott/Desktop/Archive/prescience_score_prompt_v2.md","f8c1e07469d8fce3148ad7c53f3ebb7f02fa312d8e0b724f6912808923385d29","true","0-5","","","","","","","","","","","","","","/Users/scott/Desktop/Archive/aberdeen-group-archive/kastner-author/dell-ars-wp-2-72fd7f/working/bucket_signals_v20.json","6a38def1c902fb3cbb0575b55aabdb50c009d321335b42cd47fc75ea9669bdb3","unknown","","","","","true","false","","","","0","0","0","0.0000","","0","0","yes_lives_in_working_dir_only","","","DROP","T2,T4,T6","discard",""
"other_desktop-virtualization-roi---aberdeen-8fa168_2026-05-23","other","/Users/scott/Desktop/Archive/aberdeen-group-archive/kastner-author/desktop-virtualization-roi---aberdeen-8fa168/working","3","0","0","/Users/scott/Desktop/Archive/prescience_score_prompt_v2.md","f8c1e07469d8fce3148ad7c53f3ebb7f02fa312d8e0b724f6912808923385d29","true","0-5","","","","","","","","","","","","","","/Users/scott/Desktop/Archive/aberdeen-group-archive/kastner-author/desktop-virtualization-roi---aberdeen-8fa168/working/bucket_signals_v20.json","c4daa6b6a72c1eb1444b2403b23f56fb0e5fc97dd70f0b621046cf46505af713","unknown","","","","","true","false","","","","0","0","0","0.0000","","0","0","yes_lives_in_working_dir_only","","","DROP","T2,T4,T6","discard",""
"other_ca-infrastructure-speech-chaos-or-cosmos-9cdfb1_2026-05-23","other","/Users/scott/Desktop/Archive/aberdeen-group-archive/kastner-author/employer/aberdeen-group/ca-client/ca-infrastructure-speech-chaos-or-cosmos-9cdfb1/working","9","0","0","/Users/scott/Desktop/Archive/prescience_score_prompt_v2.md","f8c1e07469d8fce3148ad7c53f3ebb7f02fa312d8e0b724f6912808923385d29","true","0-5","","","","","","","","","","","","","","/Users/scott/Desktop/Archive/aberdeen-group-archive/kastner-author/employer/aberdeen-group/ca-client/ca-infrastructure-speech-chaos-or-cosmos-9cdfb1/working/observation_candidates_v20.csv","8a269c5557f88bad24ad5bbace8148ca78fbf4651de871784c0a5287a0d7ac56","unknown","","","","","true","false","","","","0","0","0","0.0000","","0","0","yes_lives_in_working_dir_only","","","DROP","T2,T4,T6","discard",""
"other_psa-category-created-hofferberth-57edb8_2026-05-23","other","/Users/scott/Desktop/Archive/aberdeen-group-archive/kastner-author/employer/aberdeen-group/categories-created/psa-category-created-hofferberth-57edb8/working","","","","/Users/scott/Desktop/Archive/prescience_score_prompt_v2.md","f8c1e07469d8fce3148ad7c53f3ebb7f02fa312d8e0b724f6912808923385d29","true","0-5","","","","","","","","","","","","","","/Users/scott/Desktop/Archive/aberdeen-group-archive/kastner-author/employer/aberdeen-group/categories-created/psa-category-created-hofferberth-57edb8/working/entity_candidates_v20.csv","100757832aa39cfedbef8ed553373fcd4c98e6d9714cc3ca4917c521e3da9aaa","unknown","","","","","true","false","","","","","","","","","","","yes_lives_in_working_dir_only","","","DROP","T2,T4,T6","discard",""
"other_enterprise-integration-perspective-d21c1b_2026-05-23","other","/Users/scott/Desktop/Archive/aberdeen-group-archive/kastner-author/employer/aberdeen-group/enterprise-integration-perspective-d21c1b/working","5","0","0","/Users/scott/Desktop/Archive/prescience_score_prompt_v2.md","f8c1e07469d8fce3148ad7c53f3ebb7f02fa312d8e0b724f6912808923385d29","true","0-5","","","","","","","","","","","","","","/Users/scott/Desktop/Archive/aberdeen-group-archive/kastner-author/employer/aberdeen-group/enterprise-integration-perspective-d21c1b/working/bucket_signals_v20.json","b79201fd90e813ec9e48d23264e59679c29c64c81d6b09e30df802d724160c0a","unknown","","","","","true","false","","","","0","0","0","0.0000","","0","0","yes_lives_in_working_dir_only","","","DROP","T2,T4,T6","discard",""
"other_ma-ibm-webify-5e0d4b_2026-05-23","other","/Users/scott/Desktop/Archive/aberdeen-group-archive/kastner-author/employer/aberdeen-group/ma-ibm-webify-5e0d4b/working","9","0","0","/Users/scott/Desktop/Archive/prescience_score_prompt_v2.md","f8c1e07469d8fce3148ad7c53f3ebb7f02fa312d8e0b724f6912808923385d29","true","0-5","","","","","","","","","","","","","","/Users/scott/Desktop/Archive/aberdeen-group-archive/kastner-author/employer/aberdeen-group/ma-ibm-webify-5e0d4b/working/bucket_signals_v20.json","8298e6264183a80e53723374dbff22ba83b8883ec11fbd07e227adfca1aa5ca3","unknown","","","","","true","false","","","","0","0","0","0.0000","","0","0","yes_lives_in_working_dir_only","","","DROP","T2,T4,T6","discard",""
"other_ra-bam-bpm-37679c_2026-05-23","other","/Users/scott/Desktop/Archive/aberdeen-group-archive/kastner-author/employer/aberdeen-group/ra-bam-bpm-37679c/working","58","0","0","/Users/scott/Desktop/Archive/prescience_score_prompt_v2.md","f8c1e07469d8fce3148ad7c53f3ebb7f02fa312d8e0b724f6912808923385d29","true","0-5","","","","","","","","","","","","","","/Users/scott/Desktop/Archive/aberdeen-group-archive/kastner-author/employer/aberdeen-group/ra-bam-bpm-37679c/working/entity_candidates_v20.csv","9398d179325a36180ad3493aa1a651d8947bdbbd480bbfa49f78e125a95df2dc","unknown","","","","","true","false","","","","0","0","0","0.0000","","0","0","yes_lives_in_working_dir_only","","","DROP","T2,T4,T6","discard",""
"other_ra-bpm-2006-f5a558_2026-05-23","other","/Users/scott/Desktop/Archive/aberdeen-group-archive/kastner-author/employer/aberdeen-group/ra-bpm-2006-f5a558/working","56","0","0","/Users/scott/Desktop/Archive/prescience_score_prompt_v2.md","f8c1e07469d8fce3148ad7c53f3ebb7f02fa312d8e0b724f6912808923385d29","true","0-5","","","","","","","","","","","","","","/Users/scott/Desktop/Archive/aberdeen-group-archive/kastner-author/employer/aberdeen-group/ra-bpm-2006-f5a558/working/entity_candidates_v20.csv","834eae5327d32d794d6f854adc78ffc3d08d5e7acfaa0ce3b1505123ab6916c1","unknown","","","","","true","false","","","","0","0","0","0.0000","","0","0","yes_lives_in_working_dir_only","","","DROP","T2,T4,T6","discard",""
"other_ra-composite-apps-289c2f_2026-05-23","other","/Users/scott/Desktop/Archive/aberdeen-group-archive/kastner-author/employer/aberdeen-group/ra-composite-apps-289c2f/working","57","0","0","/Users/scott/Desktop/Archive/prescience_score_prompt_v2.md","f8c1e07469d8fce3148ad7c53f3ebb7f02fa312d8e0b724f6912808923385d29","true","0-5","","","","","","","","","","","","","","/Users/scott/Desktop/Archive/aberdeen-group-archive/kastner-author/employer/aberdeen-group/ra-composite-apps-289c2f/working/entity_candidates_v20.csv","947c3406e46de54a13e7f1544bc5ff0439d3af4b87ac8399965adf54ea457e5f","unknown","","","","","true","false","","","","0","0","0","0.0000","","0","0","yes_lives_in_working_dir_only","","","DROP","T2,T4,T6","discard",""
"other_ra-enterprise-apps-312ba4_2026-05-23","other","/Users/scott/Desktop/Archive/aberdeen-group-archive/kastner-author/employer/aberdeen-group/ra-enterprise-apps-312ba4/working","34","0","0","/Users/scott/Desktop/Archive/prescience_score_prompt_v2.md","f8c1e07469d8fce3148ad7c53f3ebb7f02fa312d8e0b724f6912808923385d29","true","0-5","","","","","","","","","","","","","","/Users/scott/Desktop/Archive/aberdeen-group-archive/kastner-author/employer/aberdeen-group/ra-enterprise-apps-312ba4/working/entity_candidates_v20.csv","d1db8b54d22096fa5f441cc7ad5044154bac07845c1ec0d028c5e4fa251c52e5","unknown","","","","","true","false","","","","0","0","0","0.0000","","0","0","yes_lives_in_working_dir_only","","","DROP","T2,T4,T6","discard",""
"other_soa-lifecycle-perspective-1ff953_2026-05-23","other","/Users/scott/Desktop/Archive/aberdeen-group-archive/kastner-author/employer/aberdeen-group/soa-lifecycle-perspective-1ff953/working","15","0","0","/Users/scott/Desktop/Archive/prescience_score_prompt_v2.md","f8c1e07469d8fce3148ad7c53f3ebb7f02fa312d8e0b724f6912808923385d29","true","0-5","","","","","","","","","","","","","","/Users/scott/Desktop/Archive/aberdeen-group-archive/kastner-author/employer/aberdeen-group/soa-lifecycle-perspective-1ff953/working/entity_candidates_v20.csv","2122f776a6f17015f1bd1e2520418147a4c21d36e8f7a3b625f5517167397885","unknown","","","","","true","false","","","","0","0","0","0.0000","","0","0","yes_lives_in_working_dir_only","","","DROP","T2,T4,T6","discard",""
"other_ft-mitfor~1-a56a9d_2026-05-23","other","/Users/scott/Desktop/Archive/aberdeen-group-archive/kastner-author/ft-mitfor~1-a56a9d/working","2","0","0","/Users/scott/Desktop/Archive/prescience_score_prompt_v2.md","f8c1e07469d8fce3148ad7c53f3ebb7f02fa312d8e0b724f6912808923385d29","true","0-5","","","","","","","","","","","","","","/Users/scott/Desktop/Archive/aberdeen-group-archive/kastner-author/ft-mitfor~1-a56a9d/working/observation_candidates_v20.csv","344a8b41bd8924107cdf3c281d1c35ed5a46080e22e1bdeaabb27e3ba0f789f3","unknown","","","","","true","false","","","","0","0","0","0.0000","","0","0","yes_lives_in_working_dir_only","","","DROP","T2,T4,T6","discard",""
"other_hp-can-boost-soa-offerings-with-acquisit-48e07e_2026-05-23","other","/Users/scott/Desktop/Archive/aberdeen-group-archive/kastner-author/hp-can-boost-soa-offerings-with-acquisit-48e07e/working","11","0","0","/Users/scott/Desktop/Archive/prescience_score_prompt_v2.md","f8c1e07469d8fce3148ad7c53f3ebb7f02fa312d8e0b724f6912808923385d29","true","0-5","","","","","","","","","","","","","","/Users/scott/Desktop/Archive/aberdeen-group-archive/kastner-author/hp-can-boost-soa-offerings-with-acquisit-48e07e/working/bucket_signals_v20.json","212760d63a8a19071753acc35cff755aab86fa83b7d57f37e16223117b4ac7a5","unknown","","","","","true","false","","","","0","0","0","0.0000","","0","0","yes_lives_in_working_dir_only","","","DROP","T2,T4,T6","discard",""
"other_ibm-+-webify-=-industry-soa-application--97733a_2026-05-23","other","/Users/scott/Desktop/Archive/aberdeen-group-archive/kastner-author/ibm-+-webify-=-industry-soa-application--97733a/working","9","0","0","/Users/scott/Desktop/Archive/prescience_score_prompt_v2.md","f8c1e07469d8fce3148ad7c53f3ebb7f02fa312d8e0b724f6912808923385d29","true","0-5","","","","","","","","","","","","","","/Users/scott/Desktop/Archive/aberdeen-group-archive/kastner-author/ibm-+-webify-=-industry-soa-application--97733a/working/bucket_signals_v20.json","8c5372b5995e09375e762387433467e4bcd7eeb332390b8f6d72424f9ca4da42","unknown","","","","","true","false","","","","0","0","0","0.0000","","0","0","yes_lives_in_working_dir_only","","","DROP","T2,T4,T6","discard",""
"other_ibm-rs6000-midran~1-88f049_2026-05-23","other","/Users/scott/Desktop/Archive/aberdeen-group-archive/kastner-author/ibm-rs6000-midran~1-88f049/working","12","0","0","/Users/scott/Desktop/Archive/prescience_score_prompt_v2.md","f8c1e07469d8fce3148ad7c53f3ebb7f02fa312d8e0b724f6912808923385d29","true","0-5","","","","","","","","","","","","","","/Users/scott/Desktop/Archive/aberdeen-group-archive/kastner-author/ibm-rs6000-midran~1-88f049/working/observation_candidates_v20.csv","311b0b04a883e3a116e546ac5723f60947656422507dc4df5ff0113671429cbc","unknown","","","","","true","false","","","","0","0","0","0.0000","","0","0","yes_lives_in_working_dir_only","","","DROP","T2,T4,T6","discard",""
"other_iha-full-report---draft-jul-28-41de81_2026-05-23","other","/Users/scott/Desktop/Archive/aberdeen-group-archive/kastner-author/iha-full-report---draft-jul-28-41de81/working","3","0","0","/Users/scott/Desktop/Archive/prescience_score_prompt_v2.md","f8c1e07469d8fce3148ad7c53f3ebb7f02fa312d8e0b724f6912808923385d29","true","0-5","","","","","","","","","","","","","","/Users/scott/Desktop/Archive/aberdeen-group-archive/kastner-author/iha-full-report---draft-jul-28-41de81/working/bucket_signals_v20.json","761afeddc6888eb0ee8090d6c42e13553f97811e0dd556fa64ebee319a5168e0","unknown","","","","","true","false","","","","0","0","0","0.0000","","0","0","yes_lives_in_working_dir_only","","","DROP","T2,T4,T6","discard",""
"other_informdsa-9f8bcf_2026-05-23","other","/Users/scott/Desktop/Archive/aberdeen-group-archive/kastner-author/informdsa-9f8bcf/working","","","","/Users/scott/Desktop/Archive/prescience_score_prompt_v2.md","f8c1e07469d8fce3148ad7c53f3ebb7f02fa312d8e0b724f6912808923385d29","true","0-5","","","","","","","","","","","","","","/Users/scott/Desktop/Archive/aberdeen-group-archive/kastner-author/informdsa-9f8bcf/working/entity_candidates_v20.csv","100757832aa39cfedbef8ed553373fcd4c98e6d9714cc3ca4917c521e3da9aaa","unknown","","","","","true","false","","","","","","","","","","","yes_lives_in_working_dir_only","","","DROP","T2,T4,T6","discard",""
"other_informix-dsa-presentation-2-8d5fa3_2026-05-23","other","/Users/scott/Desktop/Archive/aberdeen-group-archive/kastner-author/informix-dsa-presentation-2-8d5fa3/working","16","0","0","/Users/scott/Desktop/Archive/prescience_score_prompt_v2.md","f8c1e07469d8fce3148ad7c53f3ebb7f02fa312d8e0b724f6912808923385d29","true","0-5","","","","","","","","","","","","","","/Users/scott/Desktop/Archive/aberdeen-group-archive/kastner-author/informix-dsa-presentation-2-8d5fa3/working/observation_candidates_v20.csv","71b2aa27b2a9658a3e1d3a98fb837e058ccbae5acba31deb729806c5620a9ede","unknown","","","","","true","false","","","","0","0","0","0.0000","","0","0","yes_lives_in_working_dir_only","","","DROP","T2,T4,T6","discard",""
"other_inforx95-3-9a45fe_2026-05-23","other","/Users/scott/Desktop/Archive/aberdeen-group-archive/kastner-author/inforx95-3-9a45fe/working","10","0","0","/Users/scott/Desktop/Archive/prescience_score_prompt_v2.md","f8c1e07469d8fce3148ad7c53f3ebb7f02fa312d8e0b724f6912808923385d29","true","0-5","","","","","","","","","","","","","","/Users/scott/Desktop/Archive/aberdeen-group-archive/kastner-author/inforx95-3-9a45fe/working/observation_candidates_v20.csv","bebe90a6bc7c7b12bd52ff32df4295e82256ddaf02f99a969fc753c3949a69a4","unknown","","","","","true","false","","","","0","0","0","0.0000","","0","0","yes_lives_in_working_dir_only","","","DROP","T2,T4,T6","discard",""
"other_intel-pulse-check-ia-continuum-2013-3a693f_2026-05-23","other","/Users/scott/Desktop/Archive/aberdeen-group-archive/kastner-author/intel-pulse-check-ia-continuum-2013-3a693f/working","5","0","0","/Users/scott/Desktop/Archive/prescience_score_prompt_v2.md","f8c1e07469d8fce3148ad7c53f3ebb7f02fa312d8e0b724f6912808923385d29","true","0-5","","","","","","","","","","","","","","/Users/scott/Desktop/Archive/aberdeen-group-archive/kastner-author/intel-pulse-check-ia-continuum-2013-3a693f/working/bucket_signals_v20.json","126adae8856234b72d6728f43a9f770107e1d9e3a5f60ad81f301c598defe744","unknown","","","","","true","false","","","","0","0","0","0.0000","","0","0","yes_lives_in_working_dir_only","","","DROP","T2,T4,T6","discard",""
"other_it-budget-realities-benchmark-1b1313_2026-05-23","other","/Users/scott/Desktop/Archive/aberdeen-group-archive/kastner-author/it-budget-realities-benchmark-1b1313/working","60","0","0","/Users/scott/Desktop/Archive/prescience_score_prompt_v2.md","f8c1e07469d8fce3148ad7c53f3ebb7f02fa312d8e0b724f6912808923385d29","true","0-5","","","","","","","","","","","","","","/Users/scott/Desktop/Archive/aberdeen-group-archive/kastner-author/it-budget-realities-benchmark-1b1313/working/entity_candidates_v20.csv","2c04c0a64a5564f76d349e184f62233f2114b89d425a07629465f7c9e315e1c9","unknown","","","","","true","false","","","","0","0","0","0.0000","","0","0","yes_lives_in_working_dir_only","","","DROP","T2,T4,T6","discard",""
"other_itthar-1-4-32f824_2026-05-23","other","/Users/scott/Desktop/Archive/aberdeen-group-archive/kastner-author/itthar-1-4-32f824/working","5","0","0","/Users/scott/Desktop/Archive/prescience_score_prompt_v2.md","f8c1e07469d8fce3148ad7c53f3ebb7f02fa312d8e0b724f6912808923385d29","true","0-5","","","","","","","","","","","","","","/Users/scott/Desktop/Archive/aberdeen-group-archive/kastner-author/itthar-1-4-32f824/working/bucket_signals_v20.json","e5cb8afe43cce4b0bbc509ed7eca1a25c17f074ece8af013859225b9bb701208","unknown","","","","","true","false","","","","0","0","0","0.0000","","0","0","yes_lives_in_working_dir_only","","","DROP","T2,T4,T6","discard",""
"other_ma-unisyswipro-rs-3747-36dd33_2026-05-23","other","/Users/scott/Desktop/Archive/aberdeen-group-archive/kastner-author/ma-unisyswipro-rs-3747-36dd33/working","4","0","0","/Users/scott/Desktop/Archive/prescience_score_prompt_v2.md","f8c1e07469d8fce3148ad7c53f3ebb7f02fa312d8e0b724f6912808923385d29","true","0-5","","","","","","","","","","","","","","/Users/scott/Desktop/Archive/aberdeen-group-archive/kastner-author/ma-unisyswipro-rs-3747-36dd33/working/bucket_signals_v20.json","24f9fe9356af98ab12d17810e4db08c4b4f18e7cb42bb74294964bf8be6bdbad","unknown","","","","","true","false","","","","0","0","0","0.0000","","0","0","yes_lives_in_working_dir_only","","","DROP","T2,T4,T6","discard",""
"other_mirror-image-profile-v2-050404-97e2a6_2026-05-23","other","/Users/scott/Desktop/Archive/aberdeen-group-archive/kastner-author/mirror-image-profile-v2-050404-97e2a6/working","6","0","0","/Users/scott/Desktop/Archive/prescience_score_prompt_v2.md","f8c1e07469d8fce3148ad7c53f3ebb7f02fa312d8e0b724f6912808923385d29","true","0-5","","","","","","","","","","","","","","/Users/scott/Desktop/Archive/aberdeen-group-archive/kastner-author/mirror-image-profile-v2-050404-97e2a6/working/bucket_signals_v20.json","319462df0b4c6992a8318dfed0d02c4ad7259d9ec8db62af845431af0894e476","unknown","","","","","true","false","","","","0","0","0","0.0000","","0","0","yes_lives_in_working_dir_only","","","DROP","T2,T4,T6","discard",""
"other_omnibox97-53bcfe_2026-05-23","other","/Users/scott/Desktop/Archive/aberdeen-group-archive/kastner-author/omnibox97-53bcfe/working","26","0","0","/Users/scott/Desktop/Archive/prescience_score_prompt_v2.md","f8c1e07469d8fce3148ad7c53f3ebb7f02fa312d8e0b724f6912808923385d29","true","0-5","","","","","","","","","","","","","","/Users/scott/Desktop/Archive/aberdeen-group-archive/kastner-author/omnibox97-53bcfe/working/entity_candidates_v20.csv","6d738a6dfc70fdec0d1080ad77053b1beae9525f2f8448cbf3d02be927321b00","unknown","","","","","true","false","","","","0","0","0","0.0000","","0","0","yes_lives_in_working_dir_only","","","DROP","T2,T4,T6","discard",""
"other_outsourcing-application-development-and--59d651_2026-05-23","other","/Users/scott/Desktop/Archive/aberdeen-group-archive/kastner-author/outsourcing-application-development-and--59d651/working","41","0","0","/Users/scott/Desktop/Archive/prescience_score_prompt_v2.md","f8c1e07469d8fce3148ad7c53f3ebb7f02fa312d8e0b724f6912808923385d29","true","0-5","","","","","","","","","","","","","","/Users/scott/Desktop/Archive/aberdeen-group-archive/kastner-author/outsourcing-application-development-and--59d651/working/entity_candidates_v20.csv","97303e4aa72185c7d5acdf17dd225c4df84f3886a5efa35a968c961d7fda9abe","unknown","","","","","true","false","","","","0","0","0","0.0000","","0","0","yes_lives_in_working_dir_only","","","DROP","T2,T4,T6","discard",""
"other_rdbms-for-ibm-powera~1-7a44be_2026-05-23","other","/Users/scott/Desktop/Archive/aberdeen-group-archive/kastner-author/rdbms-for-ibm-powera~1-7a44be/working","17","0","0","/Users/scott/Desktop/Archive/prescience_score_prompt_v2.md","f8c1e07469d8fce3148ad7c53f3ebb7f02fa312d8e0b724f6912808923385d29","true","0-5","","","","","","","","","","","","","","/Users/scott/Desktop/Archive/aberdeen-group-archive/kastner-author/rdbms-for-ibm-powera~1-7a44be/working/observation_candidates_v20.csv","d4d3da64883cff387e632de4a794286570439fbe0ea5d3f2a9f440cbb39d1de5","unknown","","","","","true","false","","","","0","0","0","0.0000","","0","0","yes_lives_in_working_dir_only","","","DROP","T2,T4,T6","discard",""
"other_sequent-592620_2026-05-23","other","/Users/scott/Desktop/Archive/aberdeen-group-archive/kastner-author/sequent-592620/working","6","0","0","/Users/scott/Desktop/Archive/prescience_score_prompt_v2.md","f8c1e07469d8fce3148ad7c53f3ebb7f02fa312d8e0b724f6912808923385d29","true","0-5","","","","","","","","","","","","","","/Users/scott/Desktop/Archive/aberdeen-group-archive/kastner-author/sequent-592620/working/observation_candidates_v20.csv","fdb7bd5ae76a2bc819744fdabbe21638b820ffe57790a93169d8ebc3a0dd1313","unknown","","","","","true","false","","","","0","0","0","0.0000","","0","0","yes_lives_in_working_dir_only","","","DROP","T2,T4,T6","discard",""
"other_sequent-sap-sequen~1-7f70e4_2026-05-23","other","/Users/scott/Desktop/Archive/aberdeen-group-archive/kastner-author/sequent-sap-sequen~1-7f70e4/working","2","0","0","/Users/scott/Desktop/Archive/prescience_score_prompt_v2.md","f8c1e07469d8fce3148ad7c53f3ebb7f02fa312d8e0b724f6912808923385d29","true","0-5","","","","","","","","","","","","","","/Users/scott/Desktop/Archive/aberdeen-group-archive/kastner-author/sequent-sap-sequen~1-7f70e4/working/bucket_signals_v20.json","7317c0dd03c0a47d3ed90e071e81f68218671b19e515a5ee703f42162ecedf9a","unknown","","","","","true","false","","","","0","0","0","0.0000","","0","0","yes_lives_in_working_dir_only","","","DROP","T2,T4,T6","discard",""
"other_soa-aon-webinar-022206a-125e6b_2026-05-23","other","/Users/scott/Desktop/Archive/aberdeen-group-archive/kastner-author/soa-aon-webinar-022206a-125e6b/working","5","0","0","/Users/scott/Desktop/Archive/prescience_score_prompt_v2.md","f8c1e07469d8fce3148ad7c53f3ebb7f02fa312d8e0b724f6912808923385d29","true","0-5","","","","","","","","","","","","","","/Users/scott/Desktop/Archive/aberdeen-group-archive/kastner-author/soa-aon-webinar-022206a-125e6b/working/observation_candidates_v20.csv","a902a205155612f75a24272d93ca238f0b1314e01a1348191be73b006ba6a3f8","unknown","","","","","true","false","","","","0","0","0","0.0000","","0","0","yes_lives_in_working_dir_only","","","DROP","T2,T4,T6","discard",""
"other_software-market-safegu~1-ea7453_2026-05-23","other","/Users/scott/Desktop/Archive/aberdeen-group-archive/kastner-author/software-market-safegu~1-ea7453/working","3","0","0","/Users/scott/Desktop/Archive/prescience_score_prompt_v2.md","f8c1e07469d8fce3148ad7c53f3ebb7f02fa312d8e0b724f6912808923385d29","true","0-5","","","","","","","","","","","","","","/Users/scott/Desktop/Archive/aberdeen-group-archive/kastner-author/software-market-safegu~1-ea7453/working/bucket_signals_v20.json","f5112496d9ceaaf01171f36476584292171bf28bf77393cc6510d9672faae27c","unknown","","","","","true","false","","","","0","0","0","0.0000","","0","0","yes_lives_in_working_dir_only","","","DROP","T2,T4,T6","discard",""
"other_the-business-value-in-it-outsourcing-7d5f23_2026-05-23","other","/Users/scott/Desktop/Archive/aberdeen-group-archive/kastner-author/the-business-value-in-it-outsourcing-7d5f23/working","3","0","0","/Users/scott/Desktop/Archive/prescience_score_prompt_v2.md","f8c1e07469d8fce3148ad7c53f3ebb7f02fa312d8e0b724f6912808923385d29","true","0-5","","","","","","","","","","","","","","/Users/scott/Desktop/Archive/aberdeen-group-archive/kastner-author/the-business-value-in-it-outsourcing-7d5f23/working/bucket_signals_v20.json","638e5fe969a65b9595f9aeee3b709a10c06ea111fd882af6a20c688ffeb0aeb3","unknown","","","","","true","false","","","","0","0","0","0.0000","","0","0","yes_lives_in_working_dir_only","","","DROP","T2,T4,T6","discard",""
"other_webex--taking-conferencing-to-the-busine-5b8109_2026-05-23","other","/Users/scott/Desktop/Archive/aberdeen-group-archive/kastner-author/webex--taking-conferencing-to-the-busine-5b8109/working","4","0","0","/Users/scott/Desktop/Archive/prescience_score_prompt_v2.md","f8c1e07469d8fce3148ad7c53f3ebb7f02fa312d8e0b724f6912808923385d29","true","0-5","","","","","","","","","","","","","","/Users/scott/Desktop/Archive/aberdeen-group-archive/kastner-author/webex--taking-conferencing-to-the-busine-5b8109/working/bucket_signals_v20.json","bd333f3641e6102d37471fd9ef8c9c08d49c3833f090daf34c8da541cbfa3a19","unknown","","","","","true","false","","","","0","0","0","0.0000","","0","0","yes_lives_in_working_dir_only","","","DROP","T2,T4,T6","discard",""
"other_1997-ibm-ships-first-64-bit-rs-6000-serv-961e2c_2026-05-23","other","/Users/scott/Desktop/Archive/aberdeen-group-archive/other-authors/1997-ibm-ships-first-64-bit-rs-6000-serv-961e2c/working","19","0","0","/Users/scott/Desktop/Archive/prescience_score_prompt_v2.md","f8c1e07469d8fce3148ad7c53f3ebb7f02fa312d8e0b724f6912808923385d29","true","0-5","","","","","","","","","","","","","","/Users/scott/Desktop/Archive/aberdeen-group-archive/other-authors/1997-ibm-ships-first-64-bit-rs-6000-serv-961e2c/working/observation_candidates_v20.csv","664e2e7fd4f0c2820f91883387aac35fba79b6a0c0b962e579e619d4764a2677","unknown","","","","","true","false","","","","0","0","0","0.0000","","0","0","yes_lives_in_working_dir_only","","","DROP","T2,T4,T6","discard",""
"other_1997-nt-case-41-56aa2e_2026-05-23","other","/Users/scott/Desktop/Archive/aberdeen-group-archive/other-authors/1997-nt-case-41-56aa2e/working","6","0","0","/Users/scott/Desktop/Archive/prescience_score_prompt_v2.md","f8c1e07469d8fce3148ad7c53f3ebb7f02fa312d8e0b724f6912808923385d29","true","0-5","","","","","","","","","","","","","","/Users/scott/Desktop/Archive/aberdeen-group-archive/other-authors/1997-nt-case-41-56aa2e/working/observation_candidates_v20.csv","68f46c3cacde457aae2f7ec9cf9047254491c920534eaa2528783824a11c5fb7","unknown","","","","","true","false","","","","0","0","0","0.0000","","0","0","yes_lives_in_working_dir_only","","","DROP","T2,T4,T6","discard",""
"other_1997-oracle-designer-2000-3201a7_2026-05-23","other","/Users/scott/Desktop/Archive/aberdeen-group-archive/other-authors/1997-oracle-designer-2000-3201a7/working","8","0","0","/Users/scott/Desktop/Archive/prescience_score_prompt_v2.md","f8c1e07469d8fce3148ad7c53f3ebb7f02fa312d8e0b724f6912808923385d29","true","0-5","","","","","","","","","","","","","","/Users/scott/Desktop/Archive/aberdeen-group-archive/other-authors/1997-oracle-designer-2000-3201a7/working/observation_candidates_v20.csv","373e001b37be3230f31b05867feff809ddd9b5a45920d8054bc0ca7b38ecf037","unknown","","","","","true","false","","","","0","0","0","0.0000","","0","0","yes_lives_in_working_dir_only","","","DROP","T2,T4,T6","discard",""
"other_1997-the-business-value-of-applications-hosting-e92e09_2026-05-23","other","/Users/scott/Desktop/Archive/aberdeen-group-archive/other-authors/1997-the-business-value-of-applications-hosting-e92e09/working","10","0","0","/Users/scott/Desktop/Archive/prescience_score_prompt_v2.md","f8c1e07469d8fce3148ad7c53f3ebb7f02fa312d8e0b724f6912808923385d29","true","0-5","","","","","","","","","","","","","","/Users/scott/Desktop/Archive/aberdeen-group-archive/other-authors/1997-the-business-value-of-applications-hosting-e92e09/working/observation_candidates_v20.csv","4d0e003c77dbecc6134e92541ea668a70fa855492104e294fe683c3144e744e2","unknown","","","","","true","false","","","","0","0","0","0.0000","","0","0","yes_lives_in_working_dir_only","","","DROP","T2,T4,T6","discard",""
"other_1998-y2k-report-f512fb_2026-05-23","other","/Users/scott/Desktop/Archive/aberdeen-group-archive/other-authors/1998-y2k-report-f512fb/working","3","0","0","/Users/scott/Desktop/Archive/prescience_score_prompt_v2.md","f8c1e07469d8fce3148ad7c53f3ebb7f02fa312d8e0b724f6912808923385d29","true","0-5","","","","","","","","","","","","","","/Users/scott/Desktop/Archive/aberdeen-group-archive/other-authors/1998-y2k-report-f512fb/working/bucket_signals_v20.json","cf01efb6db56b077432372c35dd49b9ca99b0ccf8daf748c71f8c7d1864579eb","unknown","","","","","true","false","","","","0","0","0","0.0000","","0","0","yes_lives_in_working_dir_only","","","DROP","T2,T4,T6","discard",""
"other_aberdeen-1996-moving-effectively-next-gen-client-server_2026-05-23","other","/Users/scott/Desktop/Archive/aberdeen-group-archive/other-authors/aberdeen-1996-moving-effectively-next-gen-client-server/working","12","0","0","/Users/scott/Desktop/Archive/prescience_score_prompt_v2.md","f8c1e07469d8fce3148ad7c53f3ebb7f02fa312d8e0b724f6912808923385d29","true","0-5","","","","","","","","","","","","","","/Users/scott/Desktop/Archive/aberdeen-group-archive/other-authors/aberdeen-1996-moving-effectively-next-gen-client-server/working/observation_candidates_v20.csv","8a929692510ea82d4ece0783262f3eab107c02ef090ab879459420a7c8b945f9","unknown","","","","","true","false","","","","0","0","0","0.0000","","0","0","yes_lives_in_working_dir_only","","","DROP","T2,T4,T6","discard",""
"other_aberdeen-1996-omnibox-interactive-broadcasting-network_2026-05-23","other","/Users/scott/Desktop/Archive/aberdeen-group-archive/other-authors/aberdeen-1996-omnibox-interactive-broadcasting-network/working","6","0","0","/Users/scott/Desktop/Archive/prescience_score_prompt_v2.md","f8c1e07469d8fce3148ad7c53f3ebb7f02fa312d8e0b724f6912808923385d29","true","0-5","","","","","","","","","","","","","","/Users/scott/Desktop/Archive/aberdeen-group-archive/other-authors/aberdeen-1996-omnibox-interactive-broadcasting-network/working/bucket_signals_v20.json","7fb7d8f27ffa76cc26a54ef32b5bda94aea9b852293dc476b9df348d07d805c3","unknown","","","","","true","false","","","","0","0","0","0.0000","","0","0","yes_lives_in_working_dir_only","","","DROP","T2,T4,T6","discard",""
"other_aberdeen-eii-2003-ea3f1a_2026-05-23","other","/Users/scott/Desktop/Archive/aberdeen-group-archive/other-authors/aberdeen-eii-2003-ea3f1a/working","29","0","0","/Users/scott/Desktop/Archive/prescience_score_prompt_v2.md","f8c1e07469d8fce3148ad7c53f3ebb7f02fa312d8e0b724f6912808923385d29","true","0-5","","","","","","","","","","","","","","/Users/scott/Desktop/Archive/aberdeen-group-archive/other-authors/aberdeen-eii-2003-ea3f1a/working/observation_candidates_v20.csv","dbac6264113bdcfdd4371bab4d7ce3308b106dd1b44a8d9ab3268b7356409171","unknown","","","","","true","false","","","","0","0","0","0.0000","","0","0","yes_lives_in_working_dir_only","","","DROP","T2,T4,T6","discard",""
"other_aberdeen-ra-modernizing-legacy-2007-52a27a_2026-05-23","other","/Users/scott/Desktop/Archive/aberdeen-group-archive/other-authors/aberdeen-ra-modernizing-legacy-2007-52a27a/working","64","0","0","/Users/scott/Desktop/Archive/prescience_score_prompt_v2.md","f8c1e07469d8fce3148ad7c53f3ebb7f02fa312d8e0b724f6912808923385d29","true","0-5","","","","","","","","","","","","","","/Users/scott/Desktop/Archive/aberdeen-group-archive/other-authors/aberdeen-ra-modernizing-legacy-2007-52a27a/working/entity_candidates_v20.csv","dc8065f8b40c206c14effa3b1847bb54e5f616b6ebd0a57a0bf798e37b92f95e","unknown","","","","","true","false","","","","0","0","0","0.0000","","0","0","yes_lives_in_working_dir_only","","","DROP","T2,T4,T6","discard",""
"other_aberdeen-ra-secure-soa-benchmark-2006-605d67_2026-05-23","other","/Users/scott/Desktop/Archive/aberdeen-group-archive/other-authors/aberdeen-ra-secure-soa-benchmark-2006-605d67/working","","","","/Users/scott/Desktop/Archive/prescience_score_prompt_v2.md","f8c1e07469d8fce3148ad7c53f3ebb7f02fa312d8e0b724f6912808923385d29","true","0-5","","","","","","","","","","","","","","/Users/scott/Desktop/Archive/aberdeen-group-archive/other-authors/aberdeen-ra-secure-soa-benchmark-2006-605d67/working/entity_candidates_v20.csv","e5cb44c22ec10eed243991583b5eea663b64bfb29d2c73ef4bc92480236d853d","unknown","","","","","true","false","","","","","","","","","","","yes_lives_in_working_dir_only","","","DROP","T2,T4,T6","discard",""
"other_aberdeen-ra-soa-middleware-2007-68f39b_2026-05-23","other","/Users/scott/Desktop/Archive/aberdeen-group-archive/other-authors/aberdeen-ra-soa-middleware-2007-68f39b/working","58","0","0","/Users/scott/Desktop/Archive/prescience_score_prompt_v2.md","f8c1e07469d8fce3148ad7c53f3ebb7f02fa312d8e0b724f6912808923385d29","true","0-5","","","","","","","","","","","","","","/Users/scott/Desktop/Archive/aberdeen-group-archive/other-authors/aberdeen-ra-soa-middleware-2007-68f39b/working/entity_candidates_v20.csv","74ad34d2ff0ee1725cb9e603a4645323694d6e5f686be25071ab884cf153efa0","unknown","","","","","true","false","","","","0","0","0","0.0000","","0","0","yes_lives_in_working_dir_only","","","DROP","T2,T4,T6","discard",""
"other_att-worldmark-wsj-ad-aberdeen-quote-1995-ec56fb_2026-05-23","other","/Users/scott/Desktop/Archive/aberdeen-group-archive/other-authors/att-worldmark-wsj-ad-aberdeen-quote-1995-ec56fb/working","","","","/Users/scott/Desktop/Archive/prescience_score_prompt_v2.md","f8c1e07469d8fce3148ad7c53f3ebb7f02fa312d8e0b724f6912808923385d29","true","0-5","","","","","","","","","","","","","","/Users/scott/Desktop/Archive/aberdeen-group-archive/other-authors/att-worldmark-wsj-ad-aberdeen-quote-1995-ec56fb/working/entity_candidates_v20.csv","100757832aa39cfedbef8ed553373fcd4c98e6d9714cc3ca4917c521e3da9aaa","unknown","","","","","true","false","","","","","","","","","","","yes_lives_in_working_dir_only","","","DROP","T2,T4,T6","discard",""
"other_bpm-align-business-f76616_2026-05-23","other","/Users/scott/Desktop/Archive/aberdeen-group-archive/other-authors/bpm-align-business-f76616/working","50","0","0","/Users/scott/Desktop/Archive/prescience_score_prompt_v2.md","f8c1e07469d8fce3148ad7c53f3ebb7f02fa312d8e0b724f6912808923385d29","true","0-5","","","","","","","","","","","","","","/Users/scott/Desktop/Archive/aberdeen-group-archive/other-authors/bpm-align-business-f76616/working/entity_candidates_v20.csv","6e60713db51d40f826cd06570f5e4780e8632c62f0773b2d203f0904e8493117","unknown","","","","","true","false","","","","0","0","0","0.0000","","0","0","yes_lives_in_working_dir_only","","","DROP","T2,T4,T6","discard",""
"other_casale-evp-3-b2b933_2026-05-23","other","/Users/scott/Desktop/Archive/aberdeen-group-archive/other-authors/casale-evp-3-b2b933/working","","","","/Users/scott/Desktop/Archive/prescience_score_prompt_v2.md","f8c1e07469d8fce3148ad7c53f3ebb7f02fa312d8e0b724f6912808923385d29","true","0-5","","","","","","","","","","","","","","/Users/scott/Desktop/Archive/aberdeen-group-archive/other-authors/casale-evp-3-b2b933/working/entity_candidates_v20.csv","100757832aa39cfedbef8ed553373fcd4c98e6d9714cc3ca4917c521e3da9aaa","unknown","","","","","true","false","","","","","","","","","","","yes_lives_in_working_dir_only","","","DROP","T2,T4,T6","discard",""
"other_desktop-virtualization-roi---aberdeen-8fa168_2026-05-23","other","/Users/scott/Desktop/Archive/aberdeen-group-archive/other-authors/desktop-virtualization-roi---aberdeen-8fa168/working","3","0","0","/Users/scott/Desktop/Archive/prescience_score_prompt_v2.md","f8c1e07469d8fce3148ad7c53f3ebb7f02fa312d8e0b724f6912808923385d29","true","0-5","","","","","","","","","","","","","","/Users/scott/Desktop/Archive/aberdeen-group-archive/other-authors/desktop-virtualization-roi---aberdeen-8fa168/working/bucket_signals_v20.json","c4daa6b6a72c1eb1444b2403b23f56fb0e5fc97dd70f0b621046cf46505af713","unknown","","","","","true","false","","","","0","0","0","0.0000","","0","0","yes_lives_in_working_dir_only","","","DROP","T2,T4,T6","discard",""
"other_esb-0617-5cc5fa_2026-05-23","other","/Users/scott/Desktop/Archive/aberdeen-group-archive/other-authors/esb-0617-5cc5fa/working","60","0","0","/Users/scott/Desktop/Archive/prescience_score_prompt_v2.md","f8c1e07469d8fce3148ad7c53f3ebb7f02fa312d8e0b724f6912808923385d29","true","0-5","","","","","","","","","","","","","","/Users/scott/Desktop/Archive/aberdeen-group-archive/other-authors/esb-0617-5cc5fa/working/entity_candidates_v20.csv","84e364ea501cd771d56d4a674eb7aeec75e094b0f3b8c01b1aab5cfae2163ef0","unknown","","","","","true","false","","","","0","0","0","0.0000","","0","0","yes_lives_in_working_dir_only","","","DROP","T2,T4,T6","discard",""
"other_esb-in-soa-e002b7_2026-05-23","other","/Users/scott/Desktop/Archive/aberdeen-group-archive/other-authors/esb-in-soa-e002b7/working","15","0","0","/Users/scott/Desktop/Archive/prescience_score_prompt_v2.md","f8c1e07469d8fce3148ad7c53f3ebb7f02fa312d8e0b724f6912808923385d29","true","0-5","","","","","","","","","","","","","","/Users/scott/Desktop/Archive/aberdeen-group-archive/other-authors/esb-in-soa-e002b7/working/bucket_signals_v20.json","65235584ad87336558bcf983cf1534124de6d8dd809680f10c3f5e81d17e8c55","unknown","","","","","true","false","","","","0","0","0","0.0000","","0","0","yes_lives_in_working_dir_only","","","DROP","T2,T4,T6","discard",""
"other_it-outsourcing-584848_2026-05-23","other","/Users/scott/Desktop/Archive/aberdeen-group-archive/other-authors/it-outsourcing-584848/working","12","0","0","/Users/scott/Desktop/Archive/prescience_score_prompt_v2.md","f8c1e07469d8fce3148ad7c53f3ebb7f02fa312d8e0b724f6912808923385d29","true","0-5","","","","","","","","","","","","","","/Users/scott/Desktop/Archive/aberdeen-group-archive/other-authors/it-outsourcing-584848/working/entity_candidates_v20.csv","fcfccee3d80e4537623ad94fb5ce0b01866303ab736aa14831cac7936206b200","unknown","","","","","true","false","","","","0","0","0","0.0000","","0","0","yes_lives_in_working_dir_only","","","DROP","T2,T4,T6","discard",""
"other_ra-soa-2007-97c147_2026-05-23","other","/Users/scott/Desktop/Archive/aberdeen-group-archive/other-authors/ra-soa-2007-97c147/working","271","0","0","/Users/scott/Desktop/Archive/prescience_score_prompt_v2.md","f8c1e07469d8fce3148ad7c53f3ebb7f02fa312d8e0b724f6912808923385d29","true","0-5","","","","","","","","","","","","","","/Users/scott/Desktop/Archive/aberdeen-group-archive/other-authors/ra-soa-2007-97c147/working/entity_candidates_v20.csv","2afa5d27e0f8e5f8db81d150ef94a914db02034274d72faa3a5658a0f6c386de","unknown","","","","","true","false","","","","0","0","0","0.0000","","0","0","yes_lives_in_working_dir_only","","","DROP","T2,T4,T6","discard",""
"other_si-soa-in-it-1bd5c3_2026-05-23","other","/Users/scott/Desktop/Archive/aberdeen-group-archive/other-authors/si-soa-in-it-1bd5c3/working","6","0","0","/Users/scott/Desktop/Archive/prescience_score_prompt_v2.md","f8c1e07469d8fce3148ad7c53f3ebb7f02fa312d8e0b724f6912808923385d29","true","0-5","","","","","","","","","","","","","","/Users/scott/Desktop/Archive/aberdeen-group-archive/other-authors/si-soa-in-it-1bd5c3/working/entity_candidates_v20.csv","991be8962394f9dd551ae4e5d1f9536bc30dd6f22001641530e702e4cbf869b8","unknown","","","","","true","false","","","","0","0","0","0.0000","","0","0","yes_lives_in_working_dir_only","","","DROP","T2,T4,T6","discard",""
"other_soa-governance-626545_2026-05-23","other","/Users/scott/Desktop/Archive/aberdeen-group-archive/other-authors/soa-governance-626545/working","54","0","0","/Users/scott/Desktop/Archive/prescience_score_prompt_v2.md","f8c1e07469d8fce3148ad7c53f3ebb7f02fa312d8e0b724f6912808923385d29","true","0-5","","","","","","","","","","","","","","/Users/scott/Desktop/Archive/aberdeen-group-archive/other-authors/soa-governance-626545/working/entity_candidates_v20.csv","b17f2a5d9f0f3c38aba1de5ba54a5497d85bddb432ef22fa1295f8eeecd987e0","unknown","","","","","true","false","","","","0","0","0","0.0000","","0","0","yes_lives_in_working_dir_only","","","DROP","T2,T4,T6","discard",""
"other_soa-in-it-e5b373_2026-05-23","other","/Users/scott/Desktop/Archive/aberdeen-group-archive/other-authors/soa-in-it-e5b373/working","53","0","0","/Users/scott/Desktop/Archive/prescience_score_prompt_v2.md","f8c1e07469d8fce3148ad7c53f3ebb7f02fa312d8e0b724f6912808923385d29","true","0-5","","","","","","","","","","","","","","/Users/scott/Desktop/Archive/aberdeen-group-archive/other-authors/soa-in-it-e5b373/working/entity_candidates_v20.csv","f9f5d0fc84c7804ec2563ffb8d5c95aa4ee48792b097298d8b530c7619e1d44c","unknown","","","","","true","false","","","","0","0","0","0.0000","","0","0","yes_lives_in_working_dir_only","","","DROP","T2,T4,T6","discard",""
"other_soa-web-services-2007-c3297b_2026-05-23","other","/Users/scott/Desktop/Archive/aberdeen-group-archive/other-authors/soa-web-services-2007-c3297b/working","87","0","0","/Users/scott/Desktop/Archive/prescience_score_prompt_v2.md","f8c1e07469d8fce3148ad7c53f3ebb7f02fa312d8e0b724f6912808923385d29","true","0-5","","","","","","","","","","","","","","/Users/scott/Desktop/Archive/aberdeen-group-archive/other-authors/soa-web-services-2007-c3297b/working/entity_candidates_v20.csv","779c6fc89a107247c40c2e36065738d1e8a67f32ac2afa97a59148af1dbe4d7c","unknown","","","","","true","false","","","","0","0","0","0.0000","","0","0","yes_lives_in_working_dir_only","","","DROP","T2,T4,T6","discard",""
