obs_id,study_id,model,prescience_score,confidence,rationale,scored_at,scorer_version,source_pass,elapsed_sec,parse_ok
cnbc-sars-electronics-supply-chain-impact-92deff-OBS-001,cnbc-sars-electronics-supply-chain-impact-92deff,preseed_skip_v1,,,preseed_skip: in-thread Pass B prescience preserved per Pete 2026-06-13,2026-06-13T15:13:25.788036+00:00,cloud_v1,preseed_b,0.0,true
cnbc-sars-electronics-supply-chain-impact-92deff-OBS-002,cnbc-sars-electronics-supply-chain-impact-92deff,preseed_skip_v1,,,preseed_skip: in-thread Pass B prescience preserved per Pete 2026-06-13,2026-06-13T15:13:25.788036+00:00,cloud_v1,preseed_b,0.0,true
cnbc-sars-electronics-supply-chain-impact-92deff-OBS-003,cnbc-sars-electronics-supply-chain-impact-92deff,preseed_skip_v1,,,preseed_skip: in-thread Pass B prescience preserved per Pete 2026-06-13,2026-06-13T15:13:25.788036+00:00,cloud_v1,preseed_b,0.0,true
cnbc-sars-electronics-supply-chain-impact-92deff-OBS-004,cnbc-sars-electronics-supply-chain-impact-92deff,preseed_skip_v1,,,preseed_skip: in-thread Pass B prescience preserved per Pete 2026-06-13,2026-06-13T15:13:25.788036+00:00,cloud_v1,preseed_b,0.0,true
cnbc-sars-electronics-supply-chain-impact-92deff-OBS-005,cnbc-sars-electronics-supply-chain-impact-92deff,preseed_skip_v1,,,preseed_skip: in-thread Pass B prescience preserved per Pete 2026-06-13,2026-06-13T15:13:25.788036+00:00,cloud_v1,preseed_b,0.0,true
cnbc-sars-electronics-supply-chain-impact-92deff-OBS-006,cnbc-sars-electronics-supply-chain-impact-92deff,preseed_skip_v1,,,preseed_skip: in-thread Pass B prescience preserved per Pete 2026-06-13,2026-06-13T15:13:25.788036+00:00,cloud_v1,preseed_b,0.0,true
cnbc-sars-electronics-supply-chain-impact-92deff-OBS-007,cnbc-sars-electronics-supply-chain-impact-92deff,preseed_skip_v1,,,preseed_skip: in-thread Pass B prescience preserved per Pete 2026-06-13,2026-06-13T15:13:25.788036+00:00,cloud_v1,preseed_b,0.0,true
cnbc-sars-electronics-supply-chain-impact-92deff-OBS-008,cnbc-sars-electronics-supply-chain-impact-92deff,preseed_skip_v1,,,preseed_skip: in-thread Pass B prescience preserved per Pete 2026-06-13,2026-06-13T15:13:25.788036+00:00,cloud_v1,preseed_b,0.0,true
cnbc-sars-electronics-supply-chain-impact-92deff-OBS-009,cnbc-sars-electronics-supply-chain-impact-92deff,preseed_skip_v1,,,preseed_skip: in-thread Pass B prescience preserved per Pete 2026-06-13,2026-06-13T15:13:25.788036+00:00,cloud_v1,preseed_b,0.0,true
cnbc-sars-electronics-supply-chain-impact-92deff-OBS-010,cnbc-sars-electronics-supply-chain-impact-92deff,preseed_skip_v1,,,preseed_skip: in-thread Pass B prescience preserved per Pete 2026-06-13,2026-06-13T15:13:25.788036+00:00,cloud_v1,preseed_b,0.0,true
cnbc-sars-electronics-supply-chain-impact-92deff-OBS-011,cnbc-sars-electronics-supply-chain-impact-92deff,preseed_skip_v1,,,preseed_skip: in-thread Pass B prescience preserved per Pete 2026-06-13,2026-06-13T15:13:25.788036+00:00,cloud_v1,preseed_b,0.0,true
cnbc-sars-electronics-supply-chain-impact-92deff-OBS-012,cnbc-sars-electronics-supply-chain-impact-92deff,preseed_skip_v1,,,preseed_skip: in-thread Pass B prescience preserved per Pete 2026-06-13,2026-06-13T15:13:25.788036+00:00,cloud_v1,preseed_b,0.0,true
cnbc-sars-electronics-supply-chain-impact-92deff-OBS-013,cnbc-sars-electronics-supply-chain-impact-92deff,preseed_skip_v1,,,preseed_skip: in-thread Pass B prescience preserved per Pete 2026-06-13,2026-06-13T15:13:25.788036+00:00,cloud_v1,preseed_b,0.0,true
cnbc-sars-electronics-supply-chain-impact-92deff-OBS-014,cnbc-sars-electronics-supply-chain-impact-92deff,preseed_skip_v1,,,preseed_skip: in-thread Pass B prescience preserved per Pete 2026-06-13,2026-06-13T15:13:25.788036+00:00,cloud_v1,preseed_b,0.0,true
cnbc-sars-electronics-supply-chain-impact-92deff-OBS-015,cnbc-sars-electronics-supply-chain-impact-92deff,preseed_skip_v1,,,preseed_skip: in-thread Pass B prescience preserved per Pete 2026-06-13,2026-06-13T15:13:25.788036+00:00,cloud_v1,preseed_b,0.0,true
cnbc-sars-electronics-supply-chain-impact-92deff-OBS-016,cnbc-sars-electronics-supply-chain-impact-92deff,preseed_skip_v1,,,preseed_skip: in-thread Pass B prescience preserved per Pete 2026-06-13,2026-06-13T15:13:25.788036+00:00,cloud_v1,preseed_b,0.0,true
cnbc-sars-electronics-supply-chain-impact-92deff-OBS-017,cnbc-sars-electronics-supply-chain-impact-92deff,preseed_skip_v1,,,preseed_skip: in-thread Pass B prescience preserved per Pete 2026-06-13,2026-06-13T15:13:25.788036+00:00,cloud_v1,preseed_b,0.0,true
cnbc-sars-electronics-supply-chain-impact-92deff-OBS-018,cnbc-sars-electronics-supply-chain-impact-92deff,preseed_skip_v1,,,preseed_skip: in-thread Pass B prescience preserved per Pete 2026-06-13,2026-06-13T15:13:25.788036+00:00,cloud_v1,preseed_b,0.0,true
cnbc-sars-electronics-supply-chain-impact-92deff-OBS-019,cnbc-sars-electronics-supply-chain-impact-92deff,preseed_skip_v1,,,preseed_skip: in-thread Pass B prescience preserved per Pete 2026-06-13,2026-06-13T15:13:25.788036+00:00,cloud_v1,preseed_b,0.0,true
cnbc-sars-electronics-supply-chain-impact-92deff-OBS-020,cnbc-sars-electronics-supply-chain-impact-92deff,preseed_skip_v1,,,preseed_skip: in-thread Pass B prescience preserved per Pete 2026-06-13,2026-06-13T15:13:25.788036+00:00,cloud_v1,preseed_b,0.0,true
cnbc-sars-electronics-supply-chain-impact-92deff-OBS-021,cnbc-sars-electronics-supply-chain-impact-92deff,preseed_skip_v1,,,preseed_skip: in-thread Pass B prescience preserved per Pete 2026-06-13,2026-06-13T15:13:25.788036+00:00,cloud_v1,preseed_b,0.0,true
cnbc-sars-electronics-supply-chain-impact-92deff-OBS-022,cnbc-sars-electronics-supply-chain-impact-92deff,preseed_skip_v1,,,preseed_skip: in-thread Pass B prescience preserved per Pete 2026-06-13,2026-06-13T15:13:25.788036+00:00,cloud_v1,preseed_b,0.0,true
cnbc-sars-electronics-supply-chain-impact-92deff-OBS-023,cnbc-sars-electronics-supply-chain-impact-92deff,preseed_skip_v1,,,preseed_skip: in-thread Pass B prescience preserved per Pete 2026-06-13,2026-06-13T15:13:25.788036+00:00,cloud_v1,preseed_b,0.0,true
cnbc-sars-electronics-supply-chain-impact-92deff-OBS-024,cnbc-sars-electronics-supply-chain-impact-92deff,preseed_skip_v1,,,preseed_skip: in-thread Pass B prescience preserved per Pete 2026-06-13,2026-06-13T15:13:25.788036+00:00,cloud_v1,preseed_b,0.0,true
cnbc-sars-electronics-supply-chain-impact-92deff-OBS-025,cnbc-sars-electronics-supply-chain-impact-92deff,preseed_skip_v1,,,preseed_skip: in-thread Pass B prescience preserved per Pete 2026-06-13,2026-06-13T15:13:25.788036+00:00,cloud_v1,preseed_b,0.0,true
cnbc-sars-electronics-supply-chain-impact-92deff-OBS-026,cnbc-sars-electronics-supply-chain-impact-92deff,preseed_skip_v1,,,preseed_skip: in-thread Pass B prescience preserved per Pete 2026-06-13,2026-06-13T15:13:25.788036+00:00,cloud_v1,preseed_b,0.0,true
cnbc-sars-electronics-supply-chain-impact-92deff-OBS-027,cnbc-sars-electronics-supply-chain-impact-92deff,preseed_skip_v1,,,preseed_skip: in-thread Pass B prescience preserved per Pete 2026-06-13,2026-06-13T15:13:25.788036+00:00,cloud_v1,preseed_b,0.0,true
cnbc-sars-electronics-supply-chain-impact-92deff-OBS-028,cnbc-sars-electronics-supply-chain-impact-92deff,preseed_skip_v1,,,preseed_skip: in-thread Pass B prescience preserved per Pete 2026-06-13,2026-06-13T15:13:25.788036+00:00,cloud_v1,preseed_b,0.0,true
cnbc-sars-electronics-supply-chain-impact-92deff-OBS-029,cnbc-sars-electronics-supply-chain-impact-92deff,preseed_skip_v1,,,preseed_skip: in-thread Pass B prescience preserved per Pete 2026-06-13,2026-06-13T15:13:25.788036+00:00,cloud_v1,preseed_b,0.0,true
cnbc-sars-electronics-supply-chain-impact-92deff-OBS-030,cnbc-sars-electronics-supply-chain-impact-92deff,preseed_skip_v1,,,preseed_skip: in-thread Pass B prescience preserved per Pete 2026-06-13,2026-06-13T15:13:25.788036+00:00,cloud_v1,preseed_b,0.0,true
cnbc-sars-electronics-supply-chain-impact-92deff-OBS-031,cnbc-sars-electronics-supply-chain-impact-92deff,preseed_skip_v1,,,preseed_skip: in-thread Pass B prescience preserved per Pete 2026-06-13,2026-06-13T15:13:25.788036+00:00,cloud_v1,preseed_b,0.0,true
cnbc-sars-electronics-supply-chain-impact-92deff-OBS-032,cnbc-sars-electronics-supply-chain-impact-92deff,preseed_skip_v1,,,preseed_skip: in-thread Pass B prescience preserved per Pete 2026-06-13,2026-06-13T15:13:25.788036+00:00,cloud_v1,preseed_b,0.0,true
nbc-nightly-sars-economic-impact-electronics-39b4da-OBS-001,nbc-nightly-sars-economic-impact-electronics-39b4da,preseed_skip_v1,,,preseed_skip: in-thread Pass B prescience preserved per Pete 2026-06-13,2026-06-13T15:13:25.788036+00:00,cloud_v1,preseed_b,0.0,true
nbc-nightly-sars-economic-impact-electronics-39b4da-OBS-002,nbc-nightly-sars-economic-impact-electronics-39b4da,preseed_skip_v1,,,preseed_skip: in-thread Pass B prescience preserved per Pete 2026-06-13,2026-06-13T15:13:25.788036+00:00,cloud_v1,preseed_b,0.0,true
nbc-nightly-sars-economic-impact-electronics-39b4da-OBS-003,nbc-nightly-sars-economic-impact-electronics-39b4da,preseed_skip_v1,,,preseed_skip: in-thread Pass B prescience preserved per Pete 2026-06-13,2026-06-13T15:13:25.788036+00:00,cloud_v1,preseed_b,0.0,true
nbc-nightly-sars-economic-impact-electronics-39b4da-OBS-004,nbc-nightly-sars-economic-impact-electronics-39b4da,preseed_skip_v1,,,preseed_skip: in-thread Pass B prescience preserved per Pete 2026-06-13,2026-06-13T15:13:25.788036+00:00,cloud_v1,preseed_b,0.0,true
nbc-nightly-sars-economic-impact-electronics-39b4da-OBS-005,nbc-nightly-sars-economic-impact-electronics-39b4da,preseed_skip_v1,,,preseed_skip: in-thread Pass B prescience preserved per Pete 2026-06-13,2026-06-13T15:13:25.788036+00:00,cloud_v1,preseed_b,0.0,true
nbc-nightly-sars-economic-impact-electronics-39b4da-OBS-006,nbc-nightly-sars-economic-impact-electronics-39b4da,preseed_skip_v1,,,preseed_skip: in-thread Pass B prescience preserved per Pete 2026-06-13,2026-06-13T15:13:25.788036+00:00,cloud_v1,preseed_b,0.0,true
nbc-nightly-sars-economic-impact-electronics-39b4da-OBS-007,nbc-nightly-sars-economic-impact-electronics-39b4da,preseed_skip_v1,,,preseed_skip: in-thread Pass B prescience preserved per Pete 2026-06-13,2026-06-13T15:13:25.788036+00:00,cloud_v1,preseed_b,0.0,true
nbc-nightly-sars-economic-impact-electronics-39b4da-OBS-008,nbc-nightly-sars-economic-impact-electronics-39b4da,preseed_skip_v1,,,preseed_skip: in-thread Pass B prescience preserved per Pete 2026-06-13,2026-06-13T15:13:25.788036+00:00,cloud_v1,preseed_b,0.0,true
nbc-nightly-sars-economic-impact-electronics-39b4da-OBS-009,nbc-nightly-sars-economic-impact-electronics-39b4da,preseed_skip_v1,,,preseed_skip: in-thread Pass B prescience preserved per Pete 2026-06-13,2026-06-13T15:13:25.788036+00:00,cloud_v1,preseed_b,0.0,true
nbc-nightly-sars-economic-impact-electronics-39b4da-OBS-010,nbc-nightly-sars-economic-impact-electronics-39b4da,preseed_skip_v1,,,preseed_skip: in-thread Pass B prescience preserved per Pete 2026-06-13,2026-06-13T15:13:25.788036+00:00,cloud_v1,preseed_b,0.0,true
nbc-nightly-sars-economic-impact-electronics-39b4da-OBS-011,nbc-nightly-sars-economic-impact-electronics-39b4da,preseed_skip_v1,,,preseed_skip: in-thread Pass B prescience preserved per Pete 2026-06-13,2026-06-13T15:13:25.788036+00:00,cloud_v1,preseed_b,0.0,true
nbc-nightly-sars-economic-impact-electronics-39b4da-OBS-012,nbc-nightly-sars-economic-impact-electronics-39b4da,preseed_skip_v1,,,preseed_skip: in-thread Pass B prescience preserved per Pete 2026-06-13,2026-06-13T15:13:25.788036+00:00,cloud_v1,preseed_b,0.0,true
nbc-nightly-sars-economic-impact-electronics-39b4da-OBS-013,nbc-nightly-sars-economic-impact-electronics-39b4da,preseed_skip_v1,,,preseed_skip: in-thread Pass B prescience preserved per Pete 2026-06-13,2026-06-13T15:13:25.788036+00:00,cloud_v1,preseed_b,0.0,true
nbc-nightly-sars-economic-impact-electronics-39b4da-OBS-014,nbc-nightly-sars-economic-impact-electronics-39b4da,preseed_skip_v1,,,preseed_skip: in-thread Pass B prescience preserved per Pete 2026-06-13,2026-06-13T15:13:25.788036+00:00,cloud_v1,preseed_b,0.0,true
nbc-nightly-sars-economic-impact-electronics-39b4da-OBS-015,nbc-nightly-sars-economic-impact-electronics-39b4da,preseed_skip_v1,,,preseed_skip: in-thread Pass B prescience preserved per Pete 2026-06-13,2026-06-13T15:13:25.788036+00:00,cloud_v1,preseed_b,0.0,true
nbc-nightly-sars-economic-impact-electronics-39b4da-OBS-016,nbc-nightly-sars-economic-impact-electronics-39b4da,preseed_skip_v1,,,preseed_skip: in-thread Pass B prescience preserved per Pete 2026-06-13,2026-06-13T15:13:25.788036+00:00,cloud_v1,preseed_b,0.0,true
informix-universal-server-launch-object-relational-fb2cd4-OBS-001,informix-universal-server-launch-object-relational-fb2cd4,preseed_skip_v1,,,preseed_skip: in-thread Pass B prescience preserved per Pete 2026-06-13,2026-06-13T15:13:25.788036+00:00,cloud_v1,preseed_b,0.0,true
informix-universal-server-launch-object-relational-fb2cd4-OBS-002,informix-universal-server-launch-object-relational-fb2cd4,preseed_skip_v1,,,preseed_skip: in-thread Pass B prescience preserved per Pete 2026-06-13,2026-06-13T15:13:25.788036+00:00,cloud_v1,preseed_b,0.0,true
informix-universal-server-launch-object-relational-fb2cd4-OBS-003,informix-universal-server-launch-object-relational-fb2cd4,preseed_skip_v1,,,preseed_skip: in-thread Pass B prescience preserved per Pete 2026-06-13,2026-06-13T15:13:25.788036+00:00,cloud_v1,preseed_b,0.0,true
informix-universal-server-launch-object-relational-fb2cd4-OBS-004,informix-universal-server-launch-object-relational-fb2cd4,preseed_skip_v1,,,preseed_skip: in-thread Pass B prescience preserved per Pete 2026-06-13,2026-06-13T15:13:25.788036+00:00,cloud_v1,preseed_b,0.0,true
informix-universal-server-launch-object-relational-fb2cd4-OBS-005,informix-universal-server-launch-object-relational-fb2cd4,preseed_skip_v1,,,preseed_skip: in-thread Pass B prescience preserved per Pete 2026-06-13,2026-06-13T15:13:25.788036+00:00,cloud_v1,preseed_b,0.0,true
informix-universal-server-launch-object-relational-fb2cd4-OBS-006,informix-universal-server-launch-object-relational-fb2cd4,preseed_skip_v1,,,preseed_skip: in-thread Pass B prescience preserved per Pete 2026-06-13,2026-06-13T15:13:25.788036+00:00,cloud_v1,preseed_b,0.0,true
informix-universal-server-launch-object-relational-fb2cd4-OBS-007,informix-universal-server-launch-object-relational-fb2cd4,preseed_skip_v1,,,preseed_skip: in-thread Pass B prescience preserved per Pete 2026-06-13,2026-06-13T15:13:25.788036+00:00,cloud_v1,preseed_b,0.0,true
informix-universal-server-launch-object-relational-fb2cd4-OBS-008,informix-universal-server-launch-object-relational-fb2cd4,preseed_skip_v1,,,preseed_skip: in-thread Pass B prescience preserved per Pete 2026-06-13,2026-06-13T15:13:25.788036+00:00,cloud_v1,preseed_b,0.0,true
informix-universal-server-launch-object-relational-fb2cd4-OBS-009,informix-universal-server-launch-object-relational-fb2cd4,preseed_skip_v1,,,preseed_skip: in-thread Pass B prescience preserved per Pete 2026-06-13,2026-06-13T15:13:25.788036+00:00,cloud_v1,preseed_b,0.0,true
informix-universal-server-launch-object-relational-fb2cd4-OBS-010,informix-universal-server-launch-object-relational-fb2cd4,preseed_skip_v1,,,preseed_skip: in-thread Pass B prescience preserved per Pete 2026-06-13,2026-06-13T15:13:25.788036+00:00,cloud_v1,preseed_b,0.0,true
informix-universal-server-launch-object-relational-fb2cd4-OBS-011,informix-universal-server-launch-object-relational-fb2cd4,preseed_skip_v1,,,preseed_skip: in-thread Pass B prescience preserved per Pete 2026-06-13,2026-06-13T15:13:25.788036+00:00,cloud_v1,preseed_b,0.0,true
informix-universal-server-launch-object-relational-fb2cd4-OBS-012,informix-universal-server-launch-object-relational-fb2cd4,preseed_skip_v1,,,preseed_skip: in-thread Pass B prescience preserved per Pete 2026-06-13,2026-06-13T15:13:25.788036+00:00,cloud_v1,preseed_b,0.0,true
informix-universal-server-launch-object-relational-fb2cd4-OBS-013,informix-universal-server-launch-object-relational-fb2cd4,preseed_skip_v1,,,preseed_skip: in-thread Pass B prescience preserved per Pete 2026-06-13,2026-06-13T15:13:25.788036+00:00,cloud_v1,preseed_b,0.0,true
informix-universal-server-launch-object-relational-fb2cd4-OBS-014,informix-universal-server-launch-object-relational-fb2cd4,preseed_skip_v1,,,preseed_skip: in-thread Pass B prescience preserved per Pete 2026-06-13,2026-06-13T15:13:25.788036+00:00,cloud_v1,preseed_b,0.0,true
informix-universal-server-launch-object-relational-fb2cd4-OBS-015,informix-universal-server-launch-object-relational-fb2cd4,preseed_skip_v1,,,preseed_skip: in-thread Pass B prescience preserved per Pete 2026-06-13,2026-06-13T15:13:25.788036+00:00,cloud_v1,preseed_b,0.0,true
informix-universal-server-launch-object-relational-fb2cd4-OBS-016,informix-universal-server-launch-object-relational-fb2cd4,preseed_skip_v1,,,preseed_skip: in-thread Pass B prescience preserved per Pete 2026-06-13,2026-06-13T15:13:25.788036+00:00,cloud_v1,preseed_b,0.0,true
informix-universal-server-launch-object-relational-fb2cd4-OBS-017,informix-universal-server-launch-object-relational-fb2cd4,preseed_skip_v1,,,preseed_skip: in-thread Pass B prescience preserved per Pete 2026-06-13,2026-06-13T15:13:25.788036+00:00,cloud_v1,preseed_b,0.0,true
informix-universal-server-launch-object-relational-fb2cd4-OBS-018,informix-universal-server-launch-object-relational-fb2cd4,preseed_skip_v1,,,preseed_skip: in-thread Pass B prescience preserved per Pete 2026-06-13,2026-06-13T15:13:25.788036+00:00,cloud_v1,preseed_b,0.0,true
informix-universal-server-launch-object-relational-fb2cd4-OBS-019,informix-universal-server-launch-object-relational-fb2cd4,preseed_skip_v1,,,preseed_skip: in-thread Pass B prescience preserved per Pete 2026-06-13,2026-06-13T15:13:25.788036+00:00,cloud_v1,preseed_b,0.0,true
informix-universal-server-launch-object-relational-fb2cd4-OBS-020,informix-universal-server-launch-object-relational-fb2cd4,preseed_skip_v1,,,preseed_skip: in-thread Pass B prescience preserved per Pete 2026-06-13,2026-06-13T15:13:25.788036+00:00,cloud_v1,preseed_b,0.0,true
informix-universal-server-launch-object-relational-fb2cd4-OBS-021,informix-universal-server-launch-object-relational-fb2cd4,preseed_skip_v1,,,preseed_skip: in-thread Pass B prescience preserved per Pete 2026-06-13,2026-06-13T15:13:25.788036+00:00,cloud_v1,preseed_b,0.0,true
informix-universal-server-launch-object-relational-fb2cd4-OBS-022,informix-universal-server-launch-object-relational-fb2cd4,preseed_skip_v1,,,preseed_skip: in-thread Pass B prescience preserved per Pete 2026-06-13,2026-06-13T15:13:25.788036+00:00,cloud_v1,preseed_b,0.0,true
informix-universal-server-launch-object-relational-fb2cd4-OBS-023,informix-universal-server-launch-object-relational-fb2cd4,preseed_skip_v1,,,preseed_skip: in-thread Pass B prescience preserved per Pete 2026-06-13,2026-06-13T15:13:25.788036+00:00,cloud_v1,preseed_b,0.0,true
informix-universal-server-launch-object-relational-fb2cd4-OBS-024,informix-universal-server-launch-object-relational-fb2cd4,preseed_skip_v1,,,preseed_skip: in-thread Pass B prescience preserved per Pete 2026-06-13,2026-06-13T15:13:25.788036+00:00,cloud_v1,preseed_b,0.0,true
informix-universal-server-launch-object-relational-fb2cd4-OBS-025,informix-universal-server-launch-object-relational-fb2cd4,preseed_skip_v1,,,preseed_skip: in-thread Pass B prescience preserved per Pete 2026-06-13,2026-06-13T15:13:25.788036+00:00,cloud_v1,preseed_b,0.0,true
informix-universal-server-launch-object-relational-fb2cd4-OBS-026,informix-universal-server-launch-object-relational-fb2cd4,preseed_skip_v1,,,preseed_skip: in-thread Pass B prescience preserved per Pete 2026-06-13,2026-06-13T15:13:25.788036+00:00,cloud_v1,preseed_b,0.0,true
informix-universal-server-launch-object-relational-fb2cd4-OBS-027,informix-universal-server-launch-object-relational-fb2cd4,preseed_skip_v1,,,preseed_skip: in-thread Pass B prescience preserved per Pete 2026-06-13,2026-06-13T15:13:25.788036+00:00,cloud_v1,preseed_b,0.0,true
informix-universal-server-launch-object-relational-fb2cd4-OBS-028,informix-universal-server-launch-object-relational-fb2cd4,preseed_skip_v1,,,preseed_skip: in-thread Pass B prescience preserved per Pete 2026-06-13,2026-06-13T15:13:25.788036+00:00,cloud_v1,preseed_b,0.0,true
informix-universal-server-launch-object-relational-fb2cd4-OBS-029,informix-universal-server-launch-object-relational-fb2cd4,preseed_skip_v1,,,preseed_skip: in-thread Pass B prescience preserved per Pete 2026-06-13,2026-06-13T15:13:25.788036+00:00,cloud_v1,preseed_b,0.0,true
informix-universal-server-launch-object-relational-fb2cd4-OBS-030,informix-universal-server-launch-object-relational-fb2cd4,preseed_skip_v1,,,preseed_skip: in-thread Pass B prescience preserved per Pete 2026-06-13,2026-06-13T15:13:25.788036+00:00,cloud_v1,preseed_b,0.0,true
informix-universal-server-launch-object-relational-fb2cd4-OBS-031,informix-universal-server-launch-object-relational-fb2cd4,preseed_skip_v1,,,preseed_skip: in-thread Pass B prescience preserved per Pete 2026-06-13,2026-06-13T15:13:25.788036+00:00,cloud_v1,preseed_b,0.0,true
informix-universal-server-launch-object-relational-fb2cd4-OBS-032,informix-universal-server-launch-object-relational-fb2cd4,preseed_skip_v1,,,preseed_skip: in-thread Pass B prescience preserved per Pete 2026-06-13,2026-06-13T15:13:25.788036+00:00,cloud_v1,preseed_b,0.0,true
informix-universal-server-launch-object-relational-fb2cd4-OBS-033,informix-universal-server-launch-object-relational-fb2cd4,preseed_skip_v1,,,preseed_skip: in-thread Pass B prescience preserved per Pete 2026-06-13,2026-06-13T15:13:25.788036+00:00,cloud_v1,preseed_b,0.0,true
informix-universal-server-launch-object-relational-fb2cd4-OBS-034,informix-universal-server-launch-object-relational-fb2cd4,preseed_skip_v1,,,preseed_skip: in-thread Pass B prescience preserved per Pete 2026-06-13,2026-06-13T15:13:25.788036+00:00,cloud_v1,preseed_b,0.0,true
informix-universal-server-launch-object-relational-fb2cd4-OBS-035,informix-universal-server-launch-object-relational-fb2cd4,preseed_skip_v1,,,preseed_skip: in-thread Pass B prescience preserved per Pete 2026-06-13,2026-06-13T15:13:25.788036+00:00,cloud_v1,preseed_b,0.0,true
informix-universal-server-launch-object-relational-fb2cd4-OBS-036,informix-universal-server-launch-object-relational-fb2cd4,preseed_skip_v1,,,preseed_skip: in-thread Pass B prescience preserved per Pete 2026-06-13,2026-06-13T15:13:25.788036+00:00,cloud_v1,preseed_b,0.0,true
informix-universal-server-launch-object-relational-fb2cd4-OBS-037,informix-universal-server-launch-object-relational-fb2cd4,preseed_skip_v1,,,preseed_skip: in-thread Pass B prescience preserved per Pete 2026-06-13,2026-06-13T15:13:25.788036+00:00,cloud_v1,preseed_b,0.0,true
informix-universal-server-launch-object-relational-fb2cd4-OBS-038,informix-universal-server-launch-object-relational-fb2cd4,preseed_skip_v1,,,preseed_skip: in-thread Pass B prescience preserved per Pete 2026-06-13,2026-06-13T15:13:25.788036+00:00,cloud_v1,preseed_b,0.0,true
informix-universal-server-launch-object-relational-fb2cd4-OBS-039,informix-universal-server-launch-object-relational-fb2cd4,preseed_skip_v1,,,preseed_skip: in-thread Pass B prescience preserved per Pete 2026-06-13,2026-06-13T15:13:25.788036+00:00,cloud_v1,preseed_b,0.0,true
informix-universal-server-launch-object-relational-fb2cd4-OBS-040,informix-universal-server-launch-object-relational-fb2cd4,preseed_skip_v1,,,preseed_skip: in-thread Pass B prescience preserved per Pete 2026-06-13,2026-06-13T15:13:25.788036+00:00,cloud_v1,preseed_b,0.0,true
informix-universal-server-launch-object-relational-fb2cd4-OBS-041,informix-universal-server-launch-object-relational-fb2cd4,preseed_skip_v1,,,preseed_skip: in-thread Pass B prescience preserved per Pete 2026-06-13,2026-06-13T15:13:25.788036+00:00,cloud_v1,preseed_b,0.0,true
informix-universal-server-launch-object-relational-fb2cd4-OBS-042,informix-universal-server-launch-object-relational-fb2cd4,preseed_skip_v1,,,preseed_skip: in-thread Pass B prescience preserved per Pete 2026-06-13,2026-06-13T15:13:25.788036+00:00,cloud_v1,preseed_b,0.0,true
informix-universal-server-launch-object-relational-fb2cd4-OBS-043,informix-universal-server-launch-object-relational-fb2cd4,preseed_skip_v1,,,preseed_skip: in-thread Pass B prescience preserved per Pete 2026-06-13,2026-06-13T15:13:25.788036+00:00,cloud_v1,preseed_b,0.0,true
informix-universal-server-launch-object-relational-fb2cd4-OBS-044,informix-universal-server-launch-object-relational-fb2cd4,preseed_skip_v1,,,preseed_skip: in-thread Pass B prescience preserved per Pete 2026-06-13,2026-06-13T15:13:25.788036+00:00,cloud_v1,preseed_b,0.0,true
informix-universal-server-launch-object-relational-fb2cd4-OBS-045,informix-universal-server-launch-object-relational-fb2cd4,preseed_skip_v1,,,preseed_skip: in-thread Pass B prescience preserved per Pete 2026-06-13,2026-06-13T15:13:25.788036+00:00,cloud_v1,preseed_b,0.0,true
informix-universal-server-launch-object-relational-fb2cd4-OBS-046,informix-universal-server-launch-object-relational-fb2cd4,preseed_skip_v1,,,preseed_skip: in-thread Pass B prescience preserved per Pete 2026-06-13,2026-06-13T15:13:25.788036+00:00,cloud_v1,preseed_b,0.0,true
informix-universal-server-launch-object-relational-fb2cd4-OBS-047,informix-universal-server-launch-object-relational-fb2cd4,preseed_skip_v1,,,preseed_skip: in-thread Pass B prescience preserved per Pete 2026-06-13,2026-06-13T15:13:25.788036+00:00,cloud_v1,preseed_b,0.0,true
informix-universal-server-launch-object-relational-fb2cd4-OBS-048,informix-universal-server-launch-object-relational-fb2cd4,preseed_skip_v1,,,preseed_skip: in-thread Pass B prescience preserved per Pete 2026-06-13,2026-06-13T15:13:25.788036+00:00,cloud_v1,preseed_b,0.0,true
informix-universal-server-launch-object-relational-fb2cd4-OBS-049,informix-universal-server-launch-object-relational-fb2cd4,preseed_skip_v1,,,preseed_skip: in-thread Pass B prescience preserved per Pete 2026-06-13,2026-06-13T15:13:25.788036+00:00,cloud_v1,preseed_b,0.0,true
informix-universal-server-launch-object-relational-fb2cd4-OBS-050,informix-universal-server-launch-object-relational-fb2cd4,preseed_skip_v1,,,preseed_skip: in-thread Pass B prescience preserved per Pete 2026-06-13,2026-06-13T15:13:25.788036+00:00,cloud_v1,preseed_b,0.0,true
informix-universal-server-launch-object-relational-fb2cd4-OBS-051,informix-universal-server-launch-object-relational-fb2cd4,preseed_skip_v1,,,preseed_skip: in-thread Pass B prescience preserved per Pete 2026-06-13,2026-06-13T15:13:25.788036+00:00,cloud_v1,preseed_b,0.0,true
informix-universal-server-launch-object-relational-fb2cd4-OBS-052,informix-universal-server-launch-object-relational-fb2cd4,preseed_skip_v1,,,preseed_skip: in-thread Pass B prescience preserved per Pete 2026-06-13,2026-06-13T15:13:25.788036+00:00,cloud_v1,preseed_b,0.0,true
informix-universal-server-launch-object-relational-fb2cd4-OBS-053,informix-universal-server-launch-object-relational-fb2cd4,preseed_skip_v1,,,preseed_skip: in-thread Pass B prescience preserved per Pete 2026-06-13,2026-06-13T15:13:25.788036+00:00,cloud_v1,preseed_b,0.0,true
crossroads-ad-buy-vs-make-integration-fc4acd-OBS-001,crossroads-ad-buy-vs-make-integration-fc4acd,preseed_skip_v1,,,preseed_skip: in-thread Pass B prescience preserved per Pete 2026-06-13,2026-06-13T15:13:25.788036+00:00,cloud_v1,preseed_b,0.0,true
crossroads-ad-buy-vs-make-integration-fc4acd-OBS-002,crossroads-ad-buy-vs-make-integration-fc4acd,preseed_skip_v1,,,preseed_skip: in-thread Pass B prescience preserved per Pete 2026-06-13,2026-06-13T15:13:25.788036+00:00,cloud_v1,preseed_b,0.0,true
crossroads-ad-buy-vs-make-integration-fc4acd-OBS-003,crossroads-ad-buy-vs-make-integration-fc4acd,preseed_skip_v1,,,preseed_skip: in-thread Pass B prescience preserved per Pete 2026-06-13,2026-06-13T15:13:25.788036+00:00,cloud_v1,preseed_b,0.0,true
crossroads-ad-buy-vs-make-integration-fc4acd-OBS-004,crossroads-ad-buy-vs-make-integration-fc4acd,preseed_skip_v1,,,preseed_skip: in-thread Pass B prescience preserved per Pete 2026-06-13,2026-06-13T15:13:25.788036+00:00,cloud_v1,preseed_b,0.0,true
crossroads-ad-buy-vs-make-integration-fc4acd-OBS-005,crossroads-ad-buy-vs-make-integration-fc4acd,preseed_skip_v1,,,preseed_skip: in-thread Pass B prescience preserved per Pete 2026-06-13,2026-06-13T15:13:25.788036+00:00,cloud_v1,preseed_b,0.0,true
crossroads-ad-buy-vs-make-integration-fc4acd-OBS-006,crossroads-ad-buy-vs-make-integration-fc4acd,preseed_skip_v1,,,preseed_skip: in-thread Pass B prescience preserved per Pete 2026-06-13,2026-06-13T15:13:25.788036+00:00,cloud_v1,preseed_b,0.0,true
crossroads-ad-buy-vs-make-integration-fc4acd-OBS-007,crossroads-ad-buy-vs-make-integration-fc4acd,preseed_skip_v1,,,preseed_skip: in-thread Pass B prescience preserved per Pete 2026-06-13,2026-06-13T15:13:25.788036+00:00,cloud_v1,preseed_b,0.0,true
crossroads-ad-buy-vs-make-integration-fc4acd-OBS-008,crossroads-ad-buy-vs-make-integration-fc4acd,preseed_skip_v1,,,preseed_skip: in-thread Pass B prescience preserved per Pete 2026-06-13,2026-06-13T15:13:25.788036+00:00,cloud_v1,preseed_b,0.0,true
crossroads-ad-process-wear-enterprise-apps-9c8527-OBS-001,crossroads-ad-process-wear-enterprise-apps-9c8527,preseed_skip_v1,,,preseed_skip: in-thread Pass B prescience preserved per Pete 2026-06-13,2026-06-13T15:13:25.788036+00:00,cloud_v1,preseed_b,0.0,true
crossroads-ad-process-wear-enterprise-apps-9c8527-OBS-002,crossroads-ad-process-wear-enterprise-apps-9c8527,preseed_skip_v1,,,preseed_skip: in-thread Pass B prescience preserved per Pete 2026-06-13,2026-06-13T15:13:25.788036+00:00,cloud_v1,preseed_b,0.0,true
crossroads-ad-process-wear-enterprise-apps-9c8527-OBS-003,crossroads-ad-process-wear-enterprise-apps-9c8527,preseed_skip_v1,,,preseed_skip: in-thread Pass B prescience preserved per Pete 2026-06-13,2026-06-13T15:13:25.788036+00:00,cloud_v1,preseed_b,0.0,true
crossroads-ad-process-wear-enterprise-apps-9c8527-OBS-004,crossroads-ad-process-wear-enterprise-apps-9c8527,preseed_skip_v1,,,preseed_skip: in-thread Pass B prescience preserved per Pete 2026-06-13,2026-06-13T15:13:25.788036+00:00,cloud_v1,preseed_b,0.0,true
crossroads-ad-process-wear-enterprise-apps-9c8527-OBS-005,crossroads-ad-process-wear-enterprise-apps-9c8527,preseed_skip_v1,,,preseed_skip: in-thread Pass B prescience preserved per Pete 2026-06-13,2026-06-13T15:13:25.788036+00:00,cloud_v1,preseed_b,0.0,true
sybase-xi-launch-boats-analogy-multiple-databases-79c9ee-OBS-001,sybase-xi-launch-boats-analogy-multiple-databases-79c9ee,preseed_skip_v1,,,preseed_skip: in-thread Pass B prescience preserved per Pete 2026-06-13,2026-06-13T15:13:25.788036+00:00,cloud_v1,preseed_b,0.0,true
sybase-xi-launch-boats-analogy-multiple-databases-79c9ee-OBS-002,sybase-xi-launch-boats-analogy-multiple-databases-79c9ee,preseed_skip_v1,,,preseed_skip: in-thread Pass B prescience preserved per Pete 2026-06-13,2026-06-13T15:13:25.788036+00:00,cloud_v1,preseed_b,0.0,true
sybase-xi-launch-boats-analogy-multiple-databases-79c9ee-OBS-003,sybase-xi-launch-boats-analogy-multiple-databases-79c9ee,preseed_skip_v1,,,preseed_skip: in-thread Pass B prescience preserved per Pete 2026-06-13,2026-06-13T15:13:25.788036+00:00,cloud_v1,preseed_b,0.0,true
sybase-xi-launch-boats-analogy-multiple-databases-79c9ee-OBS-004,sybase-xi-launch-boats-analogy-multiple-databases-79c9ee,preseed_skip_v1,,,preseed_skip: in-thread Pass B prescience preserved per Pete 2026-06-13,2026-06-13T15:13:25.788036+00:00,cloud_v1,preseed_b,0.0,true
sybase-xi-launch-boats-analogy-multiple-databases-79c9ee-OBS-005,sybase-xi-launch-boats-analogy-multiple-databases-79c9ee,preseed_skip_v1,,,preseed_skip: in-thread Pass B prescience preserved per Pete 2026-06-13,2026-06-13T15:13:25.788036+00:00,cloud_v1,preseed_b,0.0,true
sybase-xi-launch-boats-analogy-multiple-databases-79c9ee-OBS-006,sybase-xi-launch-boats-analogy-multiple-databases-79c9ee,preseed_skip_v1,,,preseed_skip: in-thread Pass B prescience preserved per Pete 2026-06-13,2026-06-13T15:13:25.788036+00:00,cloud_v1,preseed_b,0.0,true
oracle-data-warehousing-launch-multimedia-spatial-d63644-OBS-001,oracle-data-warehousing-launch-multimedia-spatial-d63644,preseed_skip_v1,,,preseed_skip: in-thread Pass B prescience preserved per Pete 2026-06-13,2026-06-13T15:13:25.788036+00:00,cloud_v1,preseed_b,0.0,true
oracle-data-warehousing-launch-multimedia-spatial-d63644-OBS-002,oracle-data-warehousing-launch-multimedia-spatial-d63644,preseed_skip_v1,,,preseed_skip: in-thread Pass B prescience preserved per Pete 2026-06-13,2026-06-13T15:13:25.788036+00:00,cloud_v1,preseed_b,0.0,true
oracle-data-warehousing-launch-multimedia-spatial-d63644-OBS-003,oracle-data-warehousing-launch-multimedia-spatial-d63644,preseed_skip_v1,,,preseed_skip: in-thread Pass B prescience preserved per Pete 2026-06-13,2026-06-13T15:13:25.788036+00:00,cloud_v1,preseed_b,0.0,true
oracle-data-warehousing-launch-multimedia-spatial-d63644-OBS-004,oracle-data-warehousing-launch-multimedia-spatial-d63644,preseed_skip_v1,,,preseed_skip: in-thread Pass B prescience preserved per Pete 2026-06-13,2026-06-13T15:13:25.788036+00:00,cloud_v1,preseed_b,0.0,true
oracle-data-warehousing-launch-multimedia-spatial-d63644-OBS-005,oracle-data-warehousing-launch-multimedia-spatial-d63644,preseed_skip_v1,,,preseed_skip: in-thread Pass B prescience preserved per Pete 2026-06-13,2026-06-13T15:13:25.788036+00:00,cloud_v1,preseed_b,0.0,true
oracle-data-warehousing-launch-multimedia-spatial-d63644-OBS-006,oracle-data-warehousing-launch-multimedia-spatial-d63644,preseed_skip_v1,,,preseed_skip: in-thread Pass B prescience preserved per Pete 2026-06-13,2026-06-13T15:13:25.788036+00:00,cloud_v1,preseed_b,0.0,true
oracle-data-warehousing-launch-multimedia-spatial-d63644-OBS-007,oracle-data-warehousing-launch-multimedia-spatial-d63644,preseed_skip_v1,,,preseed_skip: in-thread Pass B prescience preserved per Pete 2026-06-13,2026-06-13T15:13:25.788036+00:00,cloud_v1,preseed_b,0.0,true
crossroads-launch-front-back-office-integration-508c58-OBS-001,crossroads-launch-front-back-office-integration-508c58,preseed_skip_v1,,,preseed_skip: in-thread Pass B prescience preserved per Pete 2026-06-13,2026-06-13T15:13:25.788036+00:00,cloud_v1,preseed_b,0.0,true
crossroads-launch-front-back-office-integration-508c58-OBS-002,crossroads-launch-front-back-office-integration-508c58,preseed_skip_v1,,,preseed_skip: in-thread Pass B prescience preserved per Pete 2026-06-13,2026-06-13T15:13:25.788036+00:00,cloud_v1,preseed_b,0.0,true
crossroads-launch-front-back-office-integration-508c58-OBS-003,crossroads-launch-front-back-office-integration-508c58,preseed_skip_v1,,,preseed_skip: in-thread Pass B prescience preserved per Pete 2026-06-13,2026-06-13T15:13:25.788036+00:00,cloud_v1,preseed_b,0.0,true
crossroads-launch-front-back-office-integration-508c58-OBS-004,crossroads-launch-front-back-office-integration-508c58,preseed_skip_v1,,,preseed_skip: in-thread Pass B prescience preserved per Pete 2026-06-13,2026-06-13T15:13:25.788036+00:00,cloud_v1,preseed_b,0.0,true
crossroads-launch-front-back-office-integration-508c58-OBS-005,crossroads-launch-front-back-office-integration-508c58,preseed_skip_v1,,,preseed_skip: in-thread Pass B prescience preserved per Pete 2026-06-13,2026-06-13T15:13:25.788036+00:00,cloud_v1,preseed_b,0.0,true
crossroads-launch-front-back-office-integration-508c58-OBS-006,crossroads-launch-front-back-office-integration-508c58,preseed_skip_v1,,,preseed_skip: in-thread Pass B prescience preserved per Pete 2026-06-13,2026-06-13T15:13:25.788036+00:00,cloud_v1,preseed_b,0.0,true
crossroads-launch-front-back-office-integration-508c58-OBS-007,crossroads-launch-front-back-office-integration-508c58,preseed_skip_v1,,,preseed_skip: in-thread Pass B prescience preserved per Pete 2026-06-13,2026-06-13T15:13:25.788036+00:00,cloud_v1,preseed_b,0.0,true
crossroads-launch-front-back-office-integration-508c58-OBS-008,crossroads-launch-front-back-office-integration-508c58,preseed_skip_v1,,,preseed_skip: in-thread Pass B prescience preserved per Pete 2026-06-13,2026-06-13T15:13:25.788036+00:00,cloud_v1,preseed_b,0.0,true
crossroads-launch-front-back-office-integration-508c58-OBS-009,crossroads-launch-front-back-office-integration-508c58,preseed_skip_v1,,,preseed_skip: in-thread Pass B prescience preserved per Pete 2026-06-13,2026-06-13T15:13:25.788036+00:00,cloud_v1,preseed_b,0.0,true
crossroads-june-1997-launch-variant-cut-caea12-OBS-001,crossroads-june-1997-launch-variant-cut-caea12,preseed_skip_v1,,,preseed_skip: in-thread Pass B prescience preserved per Pete 2026-06-13,2026-06-13T15:13:25.788036+00:00,cloud_v1,preseed_b,0.0,true
crossroads-june-1997-launch-variant-cut-caea12-OBS-002,crossroads-june-1997-launch-variant-cut-caea12,preseed_skip_v1,,,preseed_skip: in-thread Pass B prescience preserved per Pete 2026-06-13,2026-06-13T15:13:25.788036+00:00,cloud_v1,preseed_b,0.0,true
crossroads-june-1997-launch-variant-cut-caea12-OBS-003,crossroads-june-1997-launch-variant-cut-caea12,preseed_skip_v1,,,preseed_skip: in-thread Pass B prescience preserved per Pete 2026-06-13,2026-06-13T15:13:25.788036+00:00,cloud_v1,preseed_b,0.0,true
crossroads-june-1997-launch-variant-cut-caea12-OBS-004,crossroads-june-1997-launch-variant-cut-caea12,preseed_skip_v1,,,preseed_skip: in-thread Pass B prescience preserved per Pete 2026-06-13,2026-06-13T15:13:25.788036+00:00,cloud_v1,preseed_b,0.0,true
crossroads-june-1997-launch-variant-cut-caea12-OBS-005,crossroads-june-1997-launch-variant-cut-caea12,preseed_skip_v1,,,preseed_skip: in-thread Pass B prescience preserved per Pete 2026-06-13,2026-06-13T15:13:25.788036+00:00,cloud_v1,preseed_b,0.0,true
tandem-himalayan-airport-commercial-tpc-c-0b1c60-OBS-001,tandem-himalayan-airport-commercial-tpc-c-0b1c60,preseed_skip_v1,,,preseed_skip: in-thread Pass B prescience preserved per Pete 2026-06-13,2026-06-13T15:13:25.788036+00:00,cloud_v1,preseed_b,0.0,true
tandem-himalayan-airport-commercial-tpc-c-0b1c60-OBS-002,tandem-himalayan-airport-commercial-tpc-c-0b1c60,preseed_skip_v1,,,preseed_skip: in-thread Pass B prescience preserved per Pete 2026-06-13,2026-06-13T15:13:25.788036+00:00,cloud_v1,preseed_b,0.0,true
tandem-himalayan-airport-commercial-tpc-c-0b1c60-OBS-003,tandem-himalayan-airport-commercial-tpc-c-0b1c60,preseed_skip_v1,,,preseed_skip: in-thread Pass B prescience preserved per Pete 2026-06-13,2026-06-13T15:13:25.788036+00:00,cloud_v1,preseed_b,0.0,true
tandem-himalayan-airport-commercial-tpc-c-0b1c60-OBS-004,tandem-himalayan-airport-commercial-tpc-c-0b1c60,preseed_skip_v1,,,preseed_skip: in-thread Pass B prescience preserved per Pete 2026-06-13,2026-06-13T15:13:25.788036+00:00,cloud_v1,preseed_b,0.0,true
tandem-himalayan-airport-commercial-tpc-c-0b1c60-OBS-005,tandem-himalayan-airport-commercial-tpc-c-0b1c60,preseed_skip_v1,,,preseed_skip: in-thread Pass B prescience preserved per Pete 2026-06-13,2026-06-13T15:13:25.788036+00:00,cloud_v1,preseed_b,0.0,true
tandem-himalayan-airport-commercial-tpc-c-0b1c60-OBS-006,tandem-himalayan-airport-commercial-tpc-c-0b1c60,preseed_skip_v1,,,preseed_skip: in-thread Pass B prescience preserved per Pete 2026-06-13,2026-06-13T15:13:25.788036+00:00,cloud_v1,preseed_b,0.0,true
tandem-himalayan-airport-commercial-tpc-c-0b1c60-OBS-007,tandem-himalayan-airport-commercial-tpc-c-0b1c60,preseed_skip_v1,,,preseed_skip: in-thread Pass B prescience preserved per Pete 2026-06-13,2026-06-13T15:13:25.788036+00:00,cloud_v1,preseed_b,0.0,true
tandem-himalayan-airport-commercial-tpc-c-0b1c60-OBS-008,tandem-himalayan-airport-commercial-tpc-c-0b1c60,preseed_skip_v1,,,preseed_skip: in-thread Pass B prescience preserved per Pete 2026-06-13,2026-06-13T15:13:25.788036+00:00,cloud_v1,preseed_b,0.0,true
tandem-himalayan-airport-commercial-tpc-c-0b1c60-OBS-009,tandem-himalayan-airport-commercial-tpc-c-0b1c60,preseed_skip_v1,,,preseed_skip: in-thread Pass B prescience preserved per Pete 2026-06-13,2026-06-13T15:13:25.788036+00:00,cloud_v1,preseed_b,0.0,true
tandem-himalayan-airport-commercial-tpc-c-0b1c60-OBS-010,tandem-himalayan-airport-commercial-tpc-c-0b1c60,preseed_skip_v1,,,preseed_skip: in-thread Pass B prescience preserved per Pete 2026-06-13,2026-06-13T15:13:25.788036+00:00,cloud_v1,preseed_b,0.0,true
informix-competitive-update-kastner-rdbms-jungle-25604a-OBS-001,informix-competitive-update-kastner-rdbms-jungle-25604a,preseed_skip_v1,,,preseed_skip: in-thread Pass B prescience preserved per Pete 2026-06-13,2026-06-13T15:13:25.788036+00:00,cloud_v1,preseed_b,0.0,true
informix-competitive-update-kastner-rdbms-jungle-25604a-OBS-002,informix-competitive-update-kastner-rdbms-jungle-25604a,preseed_skip_v1,,,preseed_skip: in-thread Pass B prescience preserved per Pete 2026-06-13,2026-06-13T15:13:25.788036+00:00,cloud_v1,preseed_b,0.0,true
informix-competitive-update-kastner-rdbms-jungle-25604a-OBS-003,informix-competitive-update-kastner-rdbms-jungle-25604a,preseed_skip_v1,,,preseed_skip: in-thread Pass B prescience preserved per Pete 2026-06-13,2026-06-13T15:13:25.788036+00:00,cloud_v1,preseed_b,0.0,true
informix-competitive-update-kastner-rdbms-jungle-25604a-OBS-004,informix-competitive-update-kastner-rdbms-jungle-25604a,preseed_skip_v1,,,preseed_skip: in-thread Pass B prescience preserved per Pete 2026-06-13,2026-06-13T15:13:25.788036+00:00,cloud_v1,preseed_b,0.0,true
informix-competitive-update-kastner-rdbms-jungle-25604a-OBS-005,informix-competitive-update-kastner-rdbms-jungle-25604a,preseed_skip_v1,,,preseed_skip: in-thread Pass B prescience preserved per Pete 2026-06-13,2026-06-13T15:13:25.788036+00:00,cloud_v1,preseed_b,0.0,true
informix-competitive-update-kastner-rdbms-jungle-25604a-OBS-006,informix-competitive-update-kastner-rdbms-jungle-25604a,preseed_skip_v1,,,preseed_skip: in-thread Pass B prescience preserved per Pete 2026-06-13,2026-06-13T15:13:25.788036+00:00,cloud_v1,preseed_b,0.0,true
informix-competitive-update-kastner-rdbms-jungle-25604a-OBS-007,informix-competitive-update-kastner-rdbms-jungle-25604a,preseed_skip_v1,,,preseed_skip: in-thread Pass B prescience preserved per Pete 2026-06-13,2026-06-13T15:13:25.788036+00:00,cloud_v1,preseed_b,0.0,true
informix-competitive-update-kastner-rdbms-jungle-25604a-OBS-008,informix-competitive-update-kastner-rdbms-jungle-25604a,preseed_skip_v1,,,preseed_skip: in-thread Pass B prescience preserved per Pete 2026-06-13,2026-06-13T15:13:25.788036+00:00,cloud_v1,preseed_b,0.0,true
informix-competitive-update-kastner-rdbms-jungle-25604a-OBS-009,informix-competitive-update-kastner-rdbms-jungle-25604a,preseed_skip_v1,,,preseed_skip: in-thread Pass B prescience preserved per Pete 2026-06-13,2026-06-13T15:13:25.788036+00:00,cloud_v1,preseed_b,0.0,true
informix-competitive-update-kastner-rdbms-jungle-25604a-OBS-010,informix-competitive-update-kastner-rdbms-jungle-25604a,preseed_skip_v1,,,preseed_skip: in-thread Pass B prescience preserved per Pete 2026-06-13,2026-06-13T15:13:25.788036+00:00,cloud_v1,preseed_b,0.0,true
informix-competitive-update-kastner-rdbms-jungle-25604a-OBS-011,informix-competitive-update-kastner-rdbms-jungle-25604a,preseed_skip_v1,,,preseed_skip: in-thread Pass B prescience preserved per Pete 2026-06-13,2026-06-13T15:13:25.788036+00:00,cloud_v1,preseed_b,0.0,true
informix-competitive-update-kastner-rdbms-jungle-25604a-OBS-012,informix-competitive-update-kastner-rdbms-jungle-25604a,preseed_skip_v1,,,preseed_skip: in-thread Pass B prescience preserved per Pete 2026-06-13,2026-06-13T15:13:25.788036+00:00,cloud_v1,preseed_b,0.0,true
informix-competitive-update-kastner-rdbms-jungle-25604a-OBS-013,informix-competitive-update-kastner-rdbms-jungle-25604a,preseed_skip_v1,,,preseed_skip: in-thread Pass B prescience preserved per Pete 2026-06-13,2026-06-13T15:13:25.788036+00:00,cloud_v1,preseed_b,0.0,true
informix-competitive-update-kastner-rdbms-jungle-25604a-OBS-014,informix-competitive-update-kastner-rdbms-jungle-25604a,preseed_skip_v1,,,preseed_skip: in-thread Pass B prescience preserved per Pete 2026-06-13,2026-06-13T15:13:25.788036+00:00,cloud_v1,preseed_b,0.0,true
informix-competitive-update-kastner-rdbms-jungle-25604a-OBS-015,informix-competitive-update-kastner-rdbms-jungle-25604a,preseed_skip_v1,,,preseed_skip: in-thread Pass B prescience preserved per Pete 2026-06-13,2026-06-13T15:13:25.788036+00:00,cloud_v1,preseed_b,0.0,true
informix-competitive-update-kastner-rdbms-jungle-25604a-OBS-016,informix-competitive-update-kastner-rdbms-jungle-25604a,preseed_skip_v1,,,preseed_skip: in-thread Pass B prescience preserved per Pete 2026-06-13,2026-06-13T15:13:25.788036+00:00,cloud_v1,preseed_b,0.0,true
informix-competitive-update-kastner-rdbms-jungle-25604a-OBS-017,informix-competitive-update-kastner-rdbms-jungle-25604a,preseed_skip_v1,,,preseed_skip: in-thread Pass B prescience preserved per Pete 2026-06-13,2026-06-13T15:13:25.788036+00:00,cloud_v1,preseed_b,0.0,true
informix-competitive-update-kastner-rdbms-jungle-25604a-OBS-018,informix-competitive-update-kastner-rdbms-jungle-25604a,preseed_skip_v1,,,preseed_skip: in-thread Pass B prescience preserved per Pete 2026-06-13,2026-06-13T15:13:25.788036+00:00,cloud_v1,preseed_b,0.0,true
informix-competitive-update-kastner-rdbms-jungle-25604a-OBS-019,informix-competitive-update-kastner-rdbms-jungle-25604a,preseed_skip_v1,,,preseed_skip: in-thread Pass B prescience preserved per Pete 2026-06-13,2026-06-13T15:13:25.788036+00:00,cloud_v1,preseed_b,0.0,true
informix-competitive-update-kastner-rdbms-jungle-25604a-OBS-020,informix-competitive-update-kastner-rdbms-jungle-25604a,preseed_skip_v1,,,preseed_skip: in-thread Pass B prescience preserved per Pete 2026-06-13,2026-06-13T15:13:25.788036+00:00,cloud_v1,preseed_b,0.0,true
informix-competitive-update-kastner-rdbms-jungle-25604a-OBS-021,informix-competitive-update-kastner-rdbms-jungle-25604a,preseed_skip_v1,,,preseed_skip: in-thread Pass B prescience preserved per Pete 2026-06-13,2026-06-13T15:13:25.788036+00:00,cloud_v1,preseed_b,0.0,true
informix-competitive-update-kastner-rdbms-jungle-25604a-OBS-022,informix-competitive-update-kastner-rdbms-jungle-25604a,preseed_skip_v1,,,preseed_skip: in-thread Pass B prescience preserved per Pete 2026-06-13,2026-06-13T15:13:25.788036+00:00,cloud_v1,preseed_b,0.0,true
informix-competitive-update-kastner-rdbms-jungle-25604a-OBS-023,informix-competitive-update-kastner-rdbms-jungle-25604a,preseed_skip_v1,,,preseed_skip: in-thread Pass B prescience preserved per Pete 2026-06-13,2026-06-13T15:13:25.788036+00:00,cloud_v1,preseed_b,0.0,true
informix-competitive-update-kastner-rdbms-jungle-25604a-OBS-024,informix-competitive-update-kastner-rdbms-jungle-25604a,preseed_skip_v1,,,preseed_skip: in-thread Pass B prescience preserved per Pete 2026-06-13,2026-06-13T15:13:25.788036+00:00,cloud_v1,preseed_b,0.0,true
informix-competitive-update-kastner-rdbms-jungle-25604a-OBS-025,informix-competitive-update-kastner-rdbms-jungle-25604a,preseed_skip_v1,,,preseed_skip: in-thread Pass B prescience preserved per Pete 2026-06-13,2026-06-13T15:13:25.788036+00:00,cloud_v1,preseed_b,0.0,true
informix-competitive-update-kastner-rdbms-jungle-25604a-OBS-026,informix-competitive-update-kastner-rdbms-jungle-25604a,preseed_skip_v1,,,preseed_skip: in-thread Pass B prescience preserved per Pete 2026-06-13,2026-06-13T15:13:25.788036+00:00,cloud_v1,preseed_b,0.0,true
informix-competitive-update-kastner-rdbms-jungle-25604a-OBS-027,informix-competitive-update-kastner-rdbms-jungle-25604a,preseed_skip_v1,,,preseed_skip: in-thread Pass B prescience preserved per Pete 2026-06-13,2026-06-13T15:13:25.788036+00:00,cloud_v1,preseed_b,0.0,true
cnbc-technology-edge-ibm-dec-hp-transitions-d4f84c-OBS-001,cnbc-technology-edge-ibm-dec-hp-transitions-d4f84c,preseed_skip_v1,,,preseed_skip: in-thread Pass B prescience preserved per Pete 2026-06-13,2026-06-13T15:13:25.788036+00:00,cloud_v1,preseed_b,0.0,true
cnbc-technology-edge-ibm-dec-hp-transitions-d4f84c-OBS-002,cnbc-technology-edge-ibm-dec-hp-transitions-d4f84c,preseed_skip_v1,,,preseed_skip: in-thread Pass B prescience preserved per Pete 2026-06-13,2026-06-13T15:13:25.788036+00:00,cloud_v1,preseed_b,0.0,true
cnbc-technology-edge-ibm-dec-hp-transitions-d4f84c-OBS-003,cnbc-technology-edge-ibm-dec-hp-transitions-d4f84c,preseed_skip_v1,,,preseed_skip: in-thread Pass B prescience preserved per Pete 2026-06-13,2026-06-13T15:13:25.788036+00:00,cloud_v1,preseed_b,0.0,true
cnbc-technology-edge-ibm-dec-hp-transitions-d4f84c-OBS-004,cnbc-technology-edge-ibm-dec-hp-transitions-d4f84c,preseed_skip_v1,,,preseed_skip: in-thread Pass B prescience preserved per Pete 2026-06-13,2026-06-13T15:13:25.788036+00:00,cloud_v1,preseed_b,0.0,true
cnbc-technology-edge-ibm-dec-hp-transitions-d4f84c-OBS-005,cnbc-technology-edge-ibm-dec-hp-transitions-d4f84c,preseed_skip_v1,,,preseed_skip: in-thread Pass B prescience preserved per Pete 2026-06-13,2026-06-13T15:13:25.788036+00:00,cloud_v1,preseed_b,0.0,true
cnbc-technology-edge-ibm-dec-hp-transitions-d4f84c-OBS-006,cnbc-technology-edge-ibm-dec-hp-transitions-d4f84c,preseed_skip_v1,,,preseed_skip: in-thread Pass B prescience preserved per Pete 2026-06-13,2026-06-13T15:13:25.788036+00:00,cloud_v1,preseed_b,0.0,true
cnbc-technology-edge-ibm-dec-hp-transitions-d4f84c-OBS-007,cnbc-technology-edge-ibm-dec-hp-transitions-d4f84c,preseed_skip_v1,,,preseed_skip: in-thread Pass B prescience preserved per Pete 2026-06-13,2026-06-13T15:13:25.788036+00:00,cloud_v1,preseed_b,0.0,true
cnbc-technology-edge-ibm-dec-hp-transitions-d4f84c-OBS-008,cnbc-technology-edge-ibm-dec-hp-transitions-d4f84c,preseed_skip_v1,,,preseed_skip: in-thread Pass B prescience preserved per Pete 2026-06-13,2026-06-13T15:13:25.788036+00:00,cloud_v1,preseed_b,0.0,true
cnbc-technology-edge-ibm-dec-hp-transitions-d4f84c-OBS-009,cnbc-technology-edge-ibm-dec-hp-transitions-d4f84c,preseed_skip_v1,,,preseed_skip: in-thread Pass B prescience preserved per Pete 2026-06-13,2026-06-13T15:13:25.788036+00:00,cloud_v1,preseed_b,0.0,true
cnbc-technology-edge-ibm-dec-hp-transitions-d4f84c-OBS-010,cnbc-technology-edge-ibm-dec-hp-transitions-d4f84c,preseed_skip_v1,,,preseed_skip: in-thread Pass B prescience preserved per Pete 2026-06-13,2026-06-13T15:13:25.788036+00:00,cloud_v1,preseed_b,0.0,true
cnbc-technology-edge-ibm-dec-hp-transitions-d4f84c-OBS-011,cnbc-technology-edge-ibm-dec-hp-transitions-d4f84c,preseed_skip_v1,,,preseed_skip: in-thread Pass B prescience preserved per Pete 2026-06-13,2026-06-13T15:13:25.788036+00:00,cloud_v1,preseed_b,0.0,true
cnbc-technology-edge-ibm-dec-hp-transitions-d4f84c-OBS-012,cnbc-technology-edge-ibm-dec-hp-transitions-d4f84c,preseed_skip_v1,,,preseed_skip: in-thread Pass B prescience preserved per Pete 2026-06-13,2026-06-13T15:13:25.788036+00:00,cloud_v1,preseed_b,0.0,true
cnbc-technology-edge-ibm-dec-hp-transitions-d4f84c-OBS-013,cnbc-technology-edge-ibm-dec-hp-transitions-d4f84c,preseed_skip_v1,,,preseed_skip: in-thread Pass B prescience preserved per Pete 2026-06-13,2026-06-13T15:13:25.788036+00:00,cloud_v1,preseed_b,0.0,true
cnbc-technology-edge-ibm-dec-hp-transitions-d4f84c-OBS-014,cnbc-technology-edge-ibm-dec-hp-transitions-d4f84c,preseed_skip_v1,,,preseed_skip: in-thread Pass B prescience preserved per Pete 2026-06-13,2026-06-13T15:13:25.788036+00:00,cloud_v1,preseed_b,0.0,true
cnbc-technology-edge-ibm-dec-hp-transitions-d4f84c-OBS-015,cnbc-technology-edge-ibm-dec-hp-transitions-d4f84c,preseed_skip_v1,,,preseed_skip: in-thread Pass B prescience preserved per Pete 2026-06-13,2026-06-13T15:13:25.788036+00:00,cloud_v1,preseed_b,0.0,true
cnbc-technology-edge-ibm-dec-hp-transitions-d4f84c-OBS-016,cnbc-technology-edge-ibm-dec-hp-transitions-d4f84c,preseed_skip_v1,,,preseed_skip: in-thread Pass B prescience preserved per Pete 2026-06-13,2026-06-13T15:13:25.788036+00:00,cloud_v1,preseed_b,0.0,true
cnbc-technology-edge-ibm-dec-hp-transitions-d4f84c-OBS-017,cnbc-technology-edge-ibm-dec-hp-transitions-d4f84c,preseed_skip_v1,,,preseed_skip: in-thread Pass B prescience preserved per Pete 2026-06-13,2026-06-13T15:13:25.788036+00:00,cloud_v1,preseed_b,0.0,true
cnbc-technology-edge-ibm-dec-hp-transitions-d4f84c-OBS-018,cnbc-technology-edge-ibm-dec-hp-transitions-d4f84c,preseed_skip_v1,,,preseed_skip: in-thread Pass B prescience preserved per Pete 2026-06-13,2026-06-13T15:13:25.788036+00:00,cloud_v1,preseed_b,0.0,true
cnbc-technology-edge-ibm-dec-hp-transitions-d4f84c-OBS-019,cnbc-technology-edge-ibm-dec-hp-transitions-d4f84c,preseed_skip_v1,,,preseed_skip: in-thread Pass B prescience preserved per Pete 2026-06-13,2026-06-13T15:13:25.788036+00:00,cloud_v1,preseed_b,0.0,true
cnbc-technology-edge-ibm-dec-hp-transitions-d4f84c-OBS-020,cnbc-technology-edge-ibm-dec-hp-transitions-d4f84c,preseed_skip_v1,,,preseed_skip: in-thread Pass B prescience preserved per Pete 2026-06-13,2026-06-13T15:13:25.788036+00:00,cloud_v1,preseed_b,0.0,true
cnbc-technology-edge-ibm-dec-hp-transitions-d4f84c-OBS-021,cnbc-technology-edge-ibm-dec-hp-transitions-d4f84c,preseed_skip_v1,,,preseed_skip: in-thread Pass B prescience preserved per Pete 2026-06-13,2026-06-13T15:13:25.788036+00:00,cloud_v1,preseed_b,0.0,true
cnbc-technology-edge-ibm-dec-hp-transitions-d4f84c-OBS-022,cnbc-technology-edge-ibm-dec-hp-transitions-d4f84c,preseed_skip_v1,,,preseed_skip: in-thread Pass B prescience preserved per Pete 2026-06-13,2026-06-13T15:13:25.788036+00:00,cloud_v1,preseed_b,0.0,true
cnbc-technology-edge-ibm-dec-hp-transitions-d4f84c-OBS-023,cnbc-technology-edge-ibm-dec-hp-transitions-d4f84c,preseed_skip_v1,,,preseed_skip: in-thread Pass B prescience preserved per Pete 2026-06-13,2026-06-13T15:13:25.788036+00:00,cloud_v1,preseed_b,0.0,true
cnbc-technology-edge-ibm-dec-hp-transitions-d4f84c-OBS-024,cnbc-technology-edge-ibm-dec-hp-transitions-d4f84c,preseed_skip_v1,,,preseed_skip: in-thread Pass B prescience preserved per Pete 2026-06-13,2026-06-13T15:13:25.788036+00:00,cloud_v1,preseed_b,0.0,true
cnbc-technology-edge-ibm-dec-hp-transitions-d4f84c-OBS-025,cnbc-technology-edge-ibm-dec-hp-transitions-d4f84c,preseed_skip_v1,,,preseed_skip: in-thread Pass B prescience preserved per Pete 2026-06-13,2026-06-13T15:13:25.788036+00:00,cloud_v1,preseed_b,0.0,true
msnbc-aol-modem-shortage-customer-refunds-189b41-OBS-001,msnbc-aol-modem-shortage-customer-refunds-189b41,preseed_skip_v1,,,preseed_skip: in-thread Pass B prescience preserved per Pete 2026-06-13,2026-06-13T15:13:25.788036+00:00,cloud_v1,preseed_b,0.0,true
msnbc-aol-modem-shortage-customer-refunds-189b41-OBS-002,msnbc-aol-modem-shortage-customer-refunds-189b41,preseed_skip_v1,,,preseed_skip: in-thread Pass B prescience preserved per Pete 2026-06-13,2026-06-13T15:13:25.788036+00:00,cloud_v1,preseed_b,0.0,true
msnbc-aol-modem-shortage-customer-refunds-189b41-OBS-003,msnbc-aol-modem-shortage-customer-refunds-189b41,preseed_skip_v1,,,preseed_skip: in-thread Pass B prescience preserved per Pete 2026-06-13,2026-06-13T15:13:25.788036+00:00,cloud_v1,preseed_b,0.0,true
msnbc-aol-modem-shortage-customer-refunds-189b41-OBS-004,msnbc-aol-modem-shortage-customer-refunds-189b41,preseed_skip_v1,,,preseed_skip: in-thread Pass B prescience preserved per Pete 2026-06-13,2026-06-13T15:13:25.788036+00:00,cloud_v1,preseed_b,0.0,true
msnbc-aol-modem-shortage-customer-refunds-189b41-OBS-005,msnbc-aol-modem-shortage-customer-refunds-189b41,preseed_skip_v1,,,preseed_skip: in-thread Pass B prescience preserved per Pete 2026-06-13,2026-06-13T15:13:25.788036+00:00,cloud_v1,preseed_b,0.0,true
msnbc-aol-modem-shortage-customer-refunds-189b41-OBS-006,msnbc-aol-modem-shortage-customer-refunds-189b41,preseed_skip_v1,,,preseed_skip: in-thread Pass B prescience preserved per Pete 2026-06-13,2026-06-13T15:13:25.788036+00:00,cloud_v1,preseed_b,0.0,true
msnbc-aol-modem-shortage-customer-refunds-189b41-OBS-007,msnbc-aol-modem-shortage-customer-refunds-189b41,preseed_skip_v1,,,preseed_skip: in-thread Pass B prescience preserved per Pete 2026-06-13,2026-06-13T15:13:25.788036+00:00,cloud_v1,preseed_b,0.0,true
msnbc-aol-modem-shortage-customer-refunds-189b41-OBS-008,msnbc-aol-modem-shortage-customer-refunds-189b41,preseed_skip_v1,,,preseed_skip: in-thread Pass B prescience preserved per Pete 2026-06-13,2026-06-13T15:13:25.788036+00:00,cloud_v1,preseed_b,0.0,true
msnbc-aol-modem-shortage-customer-refunds-189b41-OBS-009,msnbc-aol-modem-shortage-customer-refunds-189b41,preseed_skip_v1,,,preseed_skip: in-thread Pass B prescience preserved per Pete 2026-06-13,2026-06-13T15:13:25.788036+00:00,cloud_v1,preseed_b,0.0,true
msnbc-aol-modem-shortage-customer-refunds-189b41-OBS-010,msnbc-aol-modem-shortage-customer-refunds-189b41,preseed_skip_v1,,,preseed_skip: in-thread Pass B prescience preserved per Pete 2026-06-13,2026-06-13T15:13:25.788036+00:00,cloud_v1,preseed_b,0.0,true
msnbc-aol-modem-shortage-customer-refunds-189b41-OBS-011,msnbc-aol-modem-shortage-customer-refunds-189b41,preseed_skip_v1,,,preseed_skip: in-thread Pass B prescience preserved per Pete 2026-06-13,2026-06-13T15:13:25.788036+00:00,cloud_v1,preseed_b,0.0,true
msnbc-aol-modem-shortage-customer-refunds-189b41-OBS-012,msnbc-aol-modem-shortage-customer-refunds-189b41,preseed_skip_v1,,,preseed_skip: in-thread Pass B prescience preserved per Pete 2026-06-13,2026-06-13T15:13:25.788036+00:00,cloud_v1,preseed_b,0.0,true
msnbc-aol-modem-shortage-customer-refunds-189b41-OBS-013,msnbc-aol-modem-shortage-customer-refunds-189b41,preseed_skip_v1,,,preseed_skip: in-thread Pass B prescience preserved per Pete 2026-06-13,2026-06-13T15:13:25.788036+00:00,cloud_v1,preseed_b,0.0,true
msnbc-aol-modem-shortage-customer-refunds-189b41-OBS-014,msnbc-aol-modem-shortage-customer-refunds-189b41,preseed_skip_v1,,,preseed_skip: in-thread Pass B prescience preserved per Pete 2026-06-13,2026-06-13T15:13:25.788036+00:00,cloud_v1,preseed_b,0.0,true
portal-software-infranet-real-time-billing-742af3-OBS-001,portal-software-infranet-real-time-billing-742af3,preseed_skip_v1,,,preseed_skip: in-thread Pass B prescience preserved per Pete 2026-06-13,2026-06-13T15:13:25.788036+00:00,cloud_v1,preseed_b,0.0,true
portal-software-infranet-real-time-billing-742af3-OBS-002,portal-software-infranet-real-time-billing-742af3,preseed_skip_v1,,,preseed_skip: in-thread Pass B prescience preserved per Pete 2026-06-13,2026-06-13T15:13:25.788036+00:00,cloud_v1,preseed_b,0.0,true
portal-software-infranet-real-time-billing-742af3-OBS-003,portal-software-infranet-real-time-billing-742af3,preseed_skip_v1,,,preseed_skip: in-thread Pass B prescience preserved per Pete 2026-06-13,2026-06-13T15:13:25.788036+00:00,cloud_v1,preseed_b,0.0,true
portal-software-infranet-real-time-billing-742af3-OBS-004,portal-software-infranet-real-time-billing-742af3,preseed_skip_v1,,,preseed_skip: in-thread Pass B prescience preserved per Pete 2026-06-13,2026-06-13T15:13:25.788036+00:00,cloud_v1,preseed_b,0.0,true
portal-software-infranet-real-time-billing-742af3-OBS-005,portal-software-infranet-real-time-billing-742af3,preseed_skip_v1,,,preseed_skip: in-thread Pass B prescience preserved per Pete 2026-06-13,2026-06-13T15:13:25.788036+00:00,cloud_v1,preseed_b,0.0,true
portal-software-infranet-real-time-billing-742af3-OBS-006,portal-software-infranet-real-time-billing-742af3,preseed_skip_v1,,,preseed_skip: in-thread Pass B prescience preserved per Pete 2026-06-13,2026-06-13T15:13:25.788036+00:00,cloud_v1,preseed_b,0.0,true
portal-software-infranet-real-time-billing-742af3-OBS-007,portal-software-infranet-real-time-billing-742af3,preseed_skip_v1,,,preseed_skip: in-thread Pass B prescience preserved per Pete 2026-06-13,2026-06-13T15:13:25.788036+00:00,cloud_v1,preseed_b,0.0,true
portal-software-infranet-real-time-billing-742af3-OBS-008,portal-software-infranet-real-time-billing-742af3,preseed_skip_v1,,,preseed_skip: in-thread Pass B prescience preserved per Pete 2026-06-13,2026-06-13T15:13:25.788036+00:00,cloud_v1,preseed_b,0.0,true
portal-software-infranet-real-time-billing-742af3-OBS-009,portal-software-infranet-real-time-billing-742af3,preseed_skip_v1,,,preseed_skip: in-thread Pass B prescience preserved per Pete 2026-06-13,2026-06-13T15:13:25.788036+00:00,cloud_v1,preseed_b,0.0,true
portal-software-infranet-real-time-billing-742af3-OBS-010,portal-software-infranet-real-time-billing-742af3,preseed_skip_v1,,,preseed_skip: in-thread Pass B prescience preserved per Pete 2026-06-13,2026-06-13T15:13:25.788036+00:00,cloud_v1,preseed_b,0.0,true
portal-software-infranet-real-time-billing-742af3-OBS-011,portal-software-infranet-real-time-billing-742af3,preseed_skip_v1,,,preseed_skip: in-thread Pass B prescience preserved per Pete 2026-06-13,2026-06-13T15:13:25.788036+00:00,cloud_v1,preseed_b,0.0,true
portal-software-infranet-real-time-billing-742af3-OBS-012,portal-software-infranet-real-time-billing-742af3,preseed_skip_v1,,,preseed_skip: in-thread Pass B prescience preserved per Pete 2026-06-13,2026-06-13T15:13:25.788036+00:00,cloud_v1,preseed_b,0.0,true
portal-software-infranet-real-time-billing-742af3-OBS-013,portal-software-infranet-real-time-billing-742af3,preseed_skip_v1,,,preseed_skip: in-thread Pass B prescience preserved per Pete 2026-06-13,2026-06-13T15:13:25.788036+00:00,cloud_v1,preseed_b,0.0,true
ingres-windows-4gl-1990-gui-development-tools-75ade0-OBS-001,ingres-windows-4gl-1990-gui-development-tools-75ade0,preseed_skip_v1,,,preseed_skip: in-thread Pass B prescience preserved per Pete 2026-06-13,2026-06-13T15:13:25.788036+00:00,cloud_v1,preseed_b,0.0,true
ingres-windows-4gl-1990-gui-development-tools-75ade0-OBS-002,ingres-windows-4gl-1990-gui-development-tools-75ade0,preseed_skip_v1,,,preseed_skip: in-thread Pass B prescience preserved per Pete 2026-06-13,2026-06-13T15:13:25.788036+00:00,cloud_v1,preseed_b,0.0,true
ingres-windows-4gl-1990-gui-development-tools-75ade0-OBS-003,ingres-windows-4gl-1990-gui-development-tools-75ade0,preseed_skip_v1,,,preseed_skip: in-thread Pass B prescience preserved per Pete 2026-06-13,2026-06-13T15:13:25.788036+00:00,cloud_v1,preseed_b,0.0,true
ingres-windows-4gl-1990-gui-development-tools-75ade0-OBS-004,ingres-windows-4gl-1990-gui-development-tools-75ade0,preseed_skip_v1,,,preseed_skip: in-thread Pass B prescience preserved per Pete 2026-06-13,2026-06-13T15:13:25.788036+00:00,cloud_v1,preseed_b,0.0,true
ingres-windows-4gl-1990-gui-development-tools-75ade0-OBS-005,ingres-windows-4gl-1990-gui-development-tools-75ade0,preseed_skip_v1,,,preseed_skip: in-thread Pass B prescience preserved per Pete 2026-06-13,2026-06-13T15:13:25.788036+00:00,cloud_v1,preseed_b,0.0,true
ingres-windows-4gl-1990-gui-development-tools-75ade0-OBS-006,ingres-windows-4gl-1990-gui-development-tools-75ade0,preseed_skip_v1,,,preseed_skip: in-thread Pass B prescience preserved per Pete 2026-06-13,2026-06-13T15:13:25.788036+00:00,cloud_v1,preseed_b,0.0,true
ingres-windows-4gl-1990-gui-development-tools-75ade0-OBS-007,ingres-windows-4gl-1990-gui-development-tools-75ade0,preseed_skip_v1,,,preseed_skip: in-thread Pass B prescience preserved per Pete 2026-06-13,2026-06-13T15:13:25.788036+00:00,cloud_v1,preseed_b,0.0,true
ingres-windows-4gl-1990-gui-development-tools-75ade0-OBS-008,ingres-windows-4gl-1990-gui-development-tools-75ade0,preseed_skip_v1,,,preseed_skip: in-thread Pass B prescience preserved per Pete 2026-06-13,2026-06-13T15:13:25.788036+00:00,cloud_v1,preseed_b,0.0,true
ingres-windows-4gl-1990-gui-development-tools-75ade0-OBS-009,ingres-windows-4gl-1990-gui-development-tools-75ade0,preseed_skip_v1,,,preseed_skip: in-thread Pass B prescience preserved per Pete 2026-06-13,2026-06-13T15:13:25.788036+00:00,cloud_v1,preseed_b,0.0,true
ingres-windows-4gl-1990-gui-development-tools-75ade0-OBS-010,ingres-windows-4gl-1990-gui-development-tools-75ade0,preseed_skip_v1,,,preseed_skip: in-thread Pass B prescience preserved per Pete 2026-06-13,2026-06-13T15:13:25.788036+00:00,cloud_v1,preseed_b,0.0,true
ingres-windows-4gl-1990-gui-development-tools-75ade0-OBS-011,ingres-windows-4gl-1990-gui-development-tools-75ade0,preseed_skip_v1,,,preseed_skip: in-thread Pass B prescience preserved per Pete 2026-06-13,2026-06-13T15:13:25.788036+00:00,cloud_v1,preseed_b,0.0,true
ingres-windows-4gl-1990-gui-development-tools-75ade0-OBS-012,ingres-windows-4gl-1990-gui-development-tools-75ade0,preseed_skip_v1,,,preseed_skip: in-thread Pass B prescience preserved per Pete 2026-06-13,2026-06-13T15:13:25.788036+00:00,cloud_v1,preseed_b,0.0,true
software-2000-it-paradigm-shift-client-server-9e9445-OBS-001,software-2000-it-paradigm-shift-client-server-9e9445,preseed_skip_v1,,,preseed_skip: in-thread Pass B prescience preserved per Pete 2026-06-13,2026-06-13T15:13:25.788036+00:00,cloud_v1,preseed_b,0.0,true
software-2000-it-paradigm-shift-client-server-9e9445-OBS-002,software-2000-it-paradigm-shift-client-server-9e9445,preseed_skip_v1,,,preseed_skip: in-thread Pass B prescience preserved per Pete 2026-06-13,2026-06-13T15:13:25.788036+00:00,cloud_v1,preseed_b,0.0,true
software-2000-it-paradigm-shift-client-server-9e9445-OBS-003,software-2000-it-paradigm-shift-client-server-9e9445,preseed_skip_v1,,,preseed_skip: in-thread Pass B prescience preserved per Pete 2026-06-13,2026-06-13T15:13:25.788036+00:00,cloud_v1,preseed_b,0.0,true
software-2000-it-paradigm-shift-client-server-9e9445-OBS-004,software-2000-it-paradigm-shift-client-server-9e9445,preseed_skip_v1,,,preseed_skip: in-thread Pass B prescience preserved per Pete 2026-06-13,2026-06-13T15:13:25.788036+00:00,cloud_v1,preseed_b,0.0,true
software-2000-it-paradigm-shift-client-server-9e9445-OBS-005,software-2000-it-paradigm-shift-client-server-9e9445,preseed_skip_v1,,,preseed_skip: in-thread Pass B prescience preserved per Pete 2026-06-13,2026-06-13T15:13:25.788036+00:00,cloud_v1,preseed_b,0.0,true
software-2000-it-paradigm-shift-client-server-9e9445-OBS-006,software-2000-it-paradigm-shift-client-server-9e9445,preseed_skip_v1,,,preseed_skip: in-thread Pass B prescience preserved per Pete 2026-06-13,2026-06-13T15:13:25.788036+00:00,cloud_v1,preseed_b,0.0,true
software-2000-it-paradigm-shift-client-server-9e9445-OBS-007,software-2000-it-paradigm-shift-client-server-9e9445,preseed_skip_v1,,,preseed_skip: in-thread Pass B prescience preserved per Pete 2026-06-13,2026-06-13T15:13:25.788036+00:00,cloud_v1,preseed_b,0.0,true
software-2000-it-paradigm-shift-client-server-9e9445-OBS-008,software-2000-it-paradigm-shift-client-server-9e9445,preseed_skip_v1,,,preseed_skip: in-thread Pass B prescience preserved per Pete 2026-06-13,2026-06-13T15:13:25.788036+00:00,cloud_v1,preseed_b,0.0,true
software-2000-it-paradigm-shift-client-server-9e9445-OBS-009,software-2000-it-paradigm-shift-client-server-9e9445,preseed_skip_v1,,,preseed_skip: in-thread Pass B prescience preserved per Pete 2026-06-13,2026-06-13T15:13:25.788036+00:00,cloud_v1,preseed_b,0.0,true
software-2000-it-paradigm-shift-client-server-9e9445-OBS-010,software-2000-it-paradigm-shift-client-server-9e9445,preseed_skip_v1,,,preseed_skip: in-thread Pass B prescience preserved per Pete 2026-06-13,2026-06-13T15:13:25.788036+00:00,cloud_v1,preseed_b,0.0,true
software-2000-it-paradigm-shift-client-server-9e9445-OBS-011,software-2000-it-paradigm-shift-client-server-9e9445,preseed_skip_v1,,,preseed_skip: in-thread Pass B prescience preserved per Pete 2026-06-13,2026-06-13T15:13:25.788036+00:00,cloud_v1,preseed_b,0.0,true
dectp-press-conference-transcript-and-benchmark-charts-plaza-5e5836-OBS-001,dectp-press-conference-transcript-and-benchmark-charts-plaza-5e5836,sonar-reasoning-pro,4,3,"From the late 1980s onward, industry-standard, widely recognized benchmarks such as SPEC CPU (founded 1988), TPC-A/C/H/DS, SAP SD, and later MLPerf became the dominant way vendors and buyers compared system performance, emphasizing repeatability, clear metrics, and published methodologies. These benchmarks explicitly formalized dimensions like throughput and price/performance, and in some cases availability and recovery characteristics, aligning closely with the claim that valid measures come from standardized, easily duplicated tests. However, by the 2000s–2020s it was also widely acknowledged that such benchmarks can be gamed and often fail to represent real-world workloads, so practitioners increasingly supplemented them with bespoke workload testing rather than treating them as the single “best” way to assess performance.",2026-06-13T15:15:25Z,cloud_v1,pass_c_cloud,8.08,true
dectp-press-conference-transcript-and-benchmark-charts-plaza-5e5836-OBS-002,dectp-press-conference-transcript-and-benchmark-charts-plaza-5e5836,sonar-reasoning-pro,5,3,"The use of a 95th-percentile 1-second response-time requirement directly anticipates how OLTP benchmarks (e.g., TPC-C in the 1990s) and later web/SaaS SLAs and SRE practice came to standardize on percentile-based latency objectives rather than simple averages. Likewise, normalizing a five-year hardware/software/maintenance TCO by sustained transaction rate foreshadows the cost-per-transaction and cost-per-tpmC metrics in TPC benchmarks, and later cloud-era economics where services like AWS, Azure, and GCP are routinely evaluated on total cost per request/transaction over multi‑year horizons. Both aspects of the methodology align closely with how performance and economics of transactional systems were benchmarked and purchased from the 1990s through the 2020s.",2026-06-13T15:17:12Z,cloud_v1,pass_c_cloud,9.31,true
dectp-press-conference-transcript-and-benchmark-charts-plaza-5e5836-OBS-003,dectp-press-conference-transcript-and-benchmark-charts-plaza-5e5836,sonar-reasoning-pro,0,3,"This statement is a contemporaneous methodology disclosure about who produced the benchmark figures in that specific 1988 comparative study, not a prediction about future technology, markets, or practices. While vendor-supplied and third‑party benchmarks (e.g., TPC, SPEC) remained common and often controversial in the 1990s–2000s, the text does not assert any forward-looking claim or pattern to be judged for prescience, so it cannot be meaningfully scored against later developments.",2026-06-13T15:17:18Z,cloud_v1,pass_c_cloud,5.78,true
dectp-press-conference-transcript-and-benchmark-charts-plaza-5e5836-OBS-004,dectp-press-conference-transcript-and-benchmark-charts-plaza-5e5836,sonar-reasoning-pro,0,3,"This statement is a narrow methodological note about relaxing specific benchmark parameters (response percentage, response time, and recovery requirements) for a particular 1988 DEC-related test, not a prediction or characterization of broader industry direction. While later industry benchmarks (e.g., SPEC, TPC) did standardize and often tighten workload and response-time criteria, this line does not claim or anticipate any such future trend, making it impossible to meaningfully assess for prescience.",2026-06-13T15:17:23Z,cloud_v1,pass_c_cloud,4.39,true
dectp-press-conference-transcript-and-benchmark-charts-plaza-5e5836-OBS-005,dectp-press-conference-transcript-and-benchmark-charts-plaza-5e5836,sonar-reasoning-pro,0,3,"This statement is a point-in-time benchmark metric for VAX 8830 transaction processing performance in 1988, not a forward-looking prediction or characterization of future market or technology trends. Because it does not assert anything about how performance, architectures, or markets would evolve beyond that moment, it cannot be meaningfully evaluated for prescience against developments through the 1990s client–server era, the 2000s x86/Linux dominance, or later cloud-scale transaction systems.",2026-06-13T15:17:28Z,cloud_v1,pass_c_cloud,4.97,true
dectp-press-conference-transcript-and-benchmark-charts-plaza-5e5836-OBS-006,dectp-press-conference-transcript-and-benchmark-charts-plaza-5e5836,sonar-reasoning-pro,0,3,"This statement is a contemporaneous benchmark data point about an IBM 3090/200E system’s measured transactions per second, not a prediction about future technology, markets, or adoption. Prescience cannot really be evaluated here, because the claim neither extrapolates a trend nor asserts anything about how mainframe or transaction-processing performance would evolve after 1988. Whether the specific TPS figure was accurate or not at the time does not bear on longer-term foresight through the 1990s–2020s.",2026-06-13T15:17:35Z,cloud_v1,pass_c_cloud,6.45,true
dectp-press-conference-transcript-and-benchmark-charts-plaza-5e5836-OBS-007,dectp-press-conference-transcript-and-benchmark-charts-plaza-5e5836,sonar-reasoning-pro,0,3,"This observation is a contemporaneous benchmark data point (~26 TPS on a DECtp configuration in 1988), not a forward-looking claim or characterization about future performance or market direction. Subsequent OLTP platforms, from 1990s Tandem and IBM mainframes to 2000s–2020s distributed databases, scaled to thousands or millions of TPS, but that trajectory does not validate or invalidate a static 1988 bar-chart reading. Because it does not assert anything about how performance or markets would evolve, it cannot meaningfully be evaluated for prescience.",2026-06-13T15:17:43Z,cloud_v1,pass_c_cloud,8.48,true
dectp-press-conference-transcript-and-benchmark-charts-plaza-5e5836-OBS-008,dectp-press-conference-transcript-and-benchmark-charts-plaza-5e5836,sonar-reasoning-pro,0,3,"This is a single historical benchmark data point (~22 TPS) for a specific DEC configuration in 1988, not a forward-looking claim about future market direction or technology trajectories. By the 1990s and 2000s, commercial OLTP systems on mainframes, UNIX/RISC, and later x86 clusters routinely achieved hundreds to tens of thousands of TPS, so the absolute value here did not embody any notable predictive insight about long-term transaction processing performance. As such, it cannot meaningfully be judged for prescience under the rubric.",2026-06-13T15:17:48Z,cloud_v1,pass_c_cloud,4.28,true
dectp-press-conference-transcript-and-benchmark-charts-plaza-5e5836-OBS-009,dectp-press-conference-transcript-and-benchmark-charts-plaza-5e5836,sonar-reasoning-pro,0,3,"This observation is a contemporaneous benchmark data point (~18 TPS) rather than a forward-looking prediction or characterization of a long-term trend, so it cannot meaningfully be judged for prescience. Subsequent history of transaction processing from the 1990s through 2020s saw orders-of-magnitude increases in TPS on midrange and enterprise systems, but that does not bear on the accuracy or foresight of a point-in-time 1988 benchmark measurement. There is no implied forecast in the claim to compare against later developments.",2026-06-13T15:17:54Z,cloud_v1,pass_c_cloud,5.70,true
dectp-press-conference-transcript-and-benchmark-charts-plaza-5e5836-OBS-010,dectp-press-conference-transcript-and-benchmark-charts-plaza-5e5836,sonar-reasoning-pro,0,3,"This statement is a contemporaneous description of a specific benchmark result (transactions per second on a VAX 3600) and a reference to its position on a chart, not a forward-looking prediction or characterization of future trends. Because it does not assert anything about how performance, architectures, or markets would evolve beyond 1988, there is no meaningful way to evaluate its prescience against developments through the 1990s, the rise of commodity RISC/Unix and x86 servers, or later cloud-era transaction processing systems.",2026-06-13T15:17:59Z,cloud_v1,pass_c_cloud,4.51,true
dectp-press-conference-transcript-and-benchmark-charts-plaza-5e5836-OBS-011,dectp-press-conference-transcript-and-benchmark-charts-plaza-5e5836,sonar-reasoning-pro,1,3,"The assertion that IBM mid-range relational systems like the AS/400 and 9370 were limited to four to seven transactions per second was quickly overtaken by reality as these platforms evolved to support hundreds and then thousands of OLTP transactions per second in production and on industry benchmarks such as TPC-C through the 1990s and 2000s. AS/400 and its successors (iSeries, System i, and later Power Systems running IBM i with DB2 for i) remained widely deployed high-volume transaction processing platforms, while IBM mainframe-derived midrange (9370 and successors) similarly supported large-scale CICS, IMS, and DB2 workloads well beyond single-digit TPS. The claim reflects a narrow or marketing-driven benchmark snapshot rather than a durable performance limit or long-term trend, and it did not anticipate the substantial headroom and scaling that IBM midrange systems demonstrated over subsequent decades.",2026-06-13T15:18:25Z,cloud_v1,pass_c_cloud,25.93,true
dectp-press-conference-transcript-and-benchmark-charts-plaza-5e5836-OBS-012,dectp-press-conference-transcript-and-benchmark-charts-plaza-5e5836,sonar-reasoning-pro,0,3,"This statement is a contemporaneous benchmark datapoint about a specific clustered VAX 8810 configuration’s throughput, not a forecast or characterization of a future market or technology trend. Prescience cannot meaningfully be evaluated here, because later developments in transaction processing systems, clustered minis, and client–server/RISC architectures do not confirm or refute the accuracy of a one-time 1988 performance measurement.",2026-06-13T15:18:30Z,cloud_v1,pass_c_cloud,4.77,true
dectp-press-conference-transcript-and-benchmark-charts-plaza-5e5836-OBS-013,dectp-press-conference-transcript-and-benchmark-charts-plaza-5e5836,sonar-reasoning-pro,0,3,"This statement is a point-in-time benchmark datum about a specific 16-processor Tandem system’s transaction rate, not a prediction or characterization of a future market or technology trend. Since it does not assert anything about how performance, architectures, or vendors would evolve after 1988, there is no prescience to evaluate against subsequent history through 2026.",2026-06-13T15:18:35Z,cloud_v1,pass_c_cloud,4.74,true
dectp-press-conference-transcript-and-benchmark-charts-plaza-5e5836-OBS-014,dectp-press-conference-transcript-and-benchmark-charts-plaza-5e5836,sonar-reasoning-pro,0,3,"This statement is a point-in-time performance metric for a specific DEC VAX 8810 configuration, not a forward-looking prediction or characterization of a trend. Later enterprise systems (from mid-1990s UNIX/RISC servers through 2000s SMP x86 and cloud-era databases) achieved orders-of-magnitude higher transaction rates, but that does not bear on the truth or prescience of this historical benchmark value. Because it neither forecasts future performance nor generalizes about market evolution, it cannot meaningfully be scored for prescience.",2026-06-13T15:18:41Z,cloud_v1,pass_c_cloud,5.27,true
dectp-press-conference-transcript-and-benchmark-charts-plaza-5e5836-OBS-015,dectp-press-conference-transcript-and-benchmark-charts-plaza-5e5836,sonar-reasoning-pro,0,3,"This observation is a contemporaneous benchmark and pricing data point for the VAX 3600 in 1988, not a forward-looking claim about future technology, adoption, or market structure. Prescience cannot meaningfully be evaluated here because there is no stated prediction or implied long-term pattern whose accuracy can be judged against developments in client-server systems, relational databases, or later price-performance trends through the 1990s–2000s.",2026-06-13T15:18:46Z,cloud_v1,pass_c_cloud,4.49,true
dectp-press-conference-transcript-and-benchmark-charts-plaza-5e5836-OBS-016,dectp-press-conference-transcript-and-benchmark-charts-plaza-5e5836,sonar-reasoning-pro,0,3,"The statement is a point-in-time benchmark measurement for a specific 4-processor VAX8974 configuration in a particular flat-file workload, not a forward-looking prediction or characterization of an industry trend. Subsequent history in transaction processing—from 1990s UNIX/RISC SMP systems to commodity x86 servers and clustered databases in the 2000s and 2010s—shows orders-of-magnitude gains in TPS and very different architectures, but this does not confirm or refute the original throughput number as a prescient view of the future. Because it neither anticipates future performance trajectories nor broader market directions, it cannot be meaningfully scored for prescience.",2026-06-13T15:18:52Z,cloud_v1,pass_c_cloud,6.05,true
dectp-press-conference-transcript-and-benchmark-charts-plaza-5e5836-OBS-017,dectp-press-conference-transcript-and-benchmark-charts-plaza-5e5836,sonar-reasoning-pro,0,3,"The statement is a point-in-time datapoint about the price/performance of an IBM 3090 in a specific debit-credit benchmark around 1988, not a forward-looking claim about future trends or architectural direction. Because it neither predicts subsequent mainframe evolution nor characterizes a trajectory (e.g., client-server, Unix/RISC, or commodity x86 price-performance curves), there is no meaningful way to judge its prescience against developments through the 1990s, 2000s, or later cloud-era systems.",2026-06-13T15:18:57Z,cloud_v1,pass_c_cloud,4.40,true
dectp-press-conference-transcript-and-benchmark-charts-plaza-5e5836-OBS-018,dectp-press-conference-transcript-and-benchmark-charts-plaza-5e5836,sonar-reasoning-pro,2,3,"While the VAX 8800 family, including the 8830, did offer strong price/performance versus IBM 3090-class mainframes on many benchmarks in the late 1980s, this advantage did not translate into a durable structural shift away from IBM in the high-end market. IBM’s mainframe line evolved into the ES/9000 and then zSeries and continued to command a price premium for its RAS, capacity, and ecosystem, whereas the VAX line was sunset after DEC’s acquisition by Compaq in 1998 and the broader price/performance battle was ultimately won by UNIX/RISC and then commodity x86 servers, not by VAX. The characterization of the IBM system as simply “comparable” at twice the cost thus did not hold up as a lasting or decisive advantage by the 1990s–2000s.",2026-06-13T15:19:10Z,cloud_v1,pass_c_cloud,13.00,true
dectp-press-conference-transcript-and-benchmark-charts-plaza-5e5836-OBS-019,dectp-press-conference-transcript-and-benchmark-charts-plaza-5e5836,sonar-reasoning-pro,0,2,"This ""claim"" is just a single benchmark data point ($1,500 K$/TPS) read off a 1988 price/performance chart, with no explicit or implicit forward-looking statement about future cost per TPS or market direction. While transaction-processing price/performance improved by several orders of magnitude from the 1990s through the 2010s due to UNIX/RISC, then x86 commodity servers, and later cloud infrastructure (e.g., Oracle, SQL Server, and open-source databases on Linux), nothing about this isolated bar label can be evaluated for prescience relative to those later developments. Without a stated trend, comparison, or projection, it is effectively a historical measurement, not a prediction.",2026-06-13T15:19:17Z,cloud_v1,pass_c_cloud,7.13,true
dectp-press-conference-transcript-and-benchmark-charts-plaza-5e5836-OBS-020,dectp-press-conference-transcript-and-benchmark-charts-plaza-5e5836,sonar-reasoning-pro,0,3,"This item is simply a contemporaneous benchmark datapoint ($/TPS) read from a 1988 DEC transaction-processing performance chart, not an articulated prediction about future costs, performance, or market structure. Because it does not claim any forward-looking trend or relationship, there is no meaningful way to compare it against post-1988 developments such as the drastic decline in $/TPS on UNIX/RISC, x86, and later cloud-based systems through the 1990s–2010s. As a result, it cannot be evaluated for prescience under the given rubric.",2026-06-13T15:19:23Z,cloud_v1,pass_c_cloud,5.45,true
dectp-press-conference-transcript-and-benchmark-charts-plaza-5e5836-OBS-021,dectp-press-conference-transcript-and-benchmark-charts-plaza-5e5836,sonar-reasoning-pro,0,3,"This observation is a contemporaneous benchmark data point comparing Tandem and a DEC VAX 8830 on cost per TPS, not a forward-looking claim about future price/performance trends or market structure. Subsequent history saw orders-of-magnitude reductions in $/TPS driven by UNIX/RISC and then commodity x86 servers, the obsolescence of VAX, and Tandem’s niche status, none of which can be meaningfully evaluated against this narrow 1988 cost figure. Because it neither generalizes beyond that chart nor asserts a trend, its prescience cannot really be assessed.",2026-06-13T15:19:31Z,cloud_v1,pass_c_cloud,7.70,true
dectp-press-conference-transcript-and-benchmark-charts-plaza-5e5836-OBS-022,dectp-press-conference-transcript-and-benchmark-charts-plaza-5e5836,sonar-reasoning-pro,0,3,"This observation is a point-in-time benchmark data statement ($700 K$/TPS, best price/performance on that specific chart) rather than a forward-looking prediction or qualitative pattern about the market. While database and transaction-processing price/performance improved by several orders of magnitude from late-1980s minicomputers to 1990s UNIX/RISC servers, 2000s x86/Linux, and cloud-era systems, the claim itself does not assert anything about future trends, adoption, or enduring competitive dynamics, so its prescience cannot meaningfully be assessed.",2026-06-13T15:19:39Z,cloud_v1,pass_c_cloud,7.79,true
dectp-press-conference-transcript-and-benchmark-charts-plaza-5e5836-OBS-023,dectp-press-conference-transcript-and-benchmark-charts-plaza-5e5836,sonar-reasoning-pro,0,3,"The observation only records a single data point labeled ""$50K"" associated with a green bar in Chart 4, without specifying what the figure represents (e.g., system price, configuration cost, or benchmark-related metric) or making any forward-looking claim. Because it is purely descriptive 1988 market data with no clear prediction about future prices, performance, adoption, or market structure, there is no way to evaluate prescience against post-1988 developments. The claim is too context-free and narrow to compare meaningfully to later history through the 1990s, 2000s, or 2010s.",2026-06-13T15:19:44Z,cloud_v1,pass_c_cloud,4.12,true
dectp-press-conference-transcript-and-benchmark-charts-plaza-5e5836-OBS-024,dectp-press-conference-transcript-and-benchmark-charts-plaza-5e5836,sonar-reasoning-pro,0,2,"This statement is a point-in-time cost comparison between Tandem and Digital systems in 1988, not a forward-looking claim about future technology or market structure. While Tandem NonStop systems did retain a premium, niche, high-availability positioning after the Tandem–Compaq–HP lineage and DEC’s VAX/VMS line was discontinued following the DEC–Compaq–HP consolidations, the specific '2x cost' relationship was not a meaningful or traceable theme in industry evolution and is not well documented in later sources. Because it neither articulates a broader future trend nor maps clearly onto widely recorded post-1990s developments, it cannot be reliably assessed for prescience.",2026-06-13T15:19:57Z,cloud_v1,pass_c_cloud,12.67,true
dectp-press-conference-transcript-and-benchmark-charts-plaza-5e5836-OBS-025,dectp-press-conference-transcript-and-benchmark-charts-plaza-5e5836,sonar-reasoning-pro,0,2,"The statement is a point‑in‑time cost comparison between specific IBM and Digital configurations in 1988, not a forward‑looking claim about future market structure or long‑term cost dynamics. By the late 1990s Digital had been absorbed into Compaq and then HP, so the specific IBM‑vs‑Digital price relationship ceased to be meaningful, and without the original detailed configurations and pricing, the exact “triple the cost” ratio cannot be reliably assessed against broader 2010–2026 trends.",2026-06-13T15:20:08Z,cloud_v1,pass_c_cloud,11.13,true
dectp-press-conference-transcript-and-benchmark-charts-plaza-5e5836-OBS-026,dectp-press-conference-transcript-and-benchmark-charts-plaza-5e5836,sonar-reasoning-pro,0,2,"The claim is a retrospective personal recollection about who attended a 1988 DECtp press event, how they traveled, and who later prepared a transcript and charts, not a prediction about future technology or market evolution. Because it offers no forward-looking assessment whose accuracy can be judged against post-1988 developments, it cannot be evaluated for prescience under the given rubric and is scored as non-assessable.",2026-06-13T15:20:17Z,cloud_v1,pass_c_cloud,8.50,true
dec-blue-monday-internal-sales-training-dectp-vs-ibm-0021cc-OBS-001,dec-blue-monday-internal-sales-training-dectp-vs-ibm-0021cc,sonar-reasoning-pro,0,3,"The claim is a recollection about the use of a specific Ted Koppel/Nightline Black Monday excerpt as a thematic device in an internal DEC sales training event, not a prediction about technology, markets, or competitive dynamics. Because it does not assert any forward-looking trend or outcome that could be evaluated against developments through 2010–2026, there is no meaningful way to score its prescience under the given rubric.",2026-06-13T15:20:22Z,cloud_v1,pass_c_cloud,4.72,true
dec-blue-monday-internal-sales-training-dectp-vs-ibm-0021cc-OBS-002,dec-blue-monday-internal-sales-training-dectp-vs-ibm-0021cc,sonar-reasoning-pro,0,3,"The statement reports a contemporaneous Roper poll result about U.S. public sentiment immediately after the October 1987 stock market crash, not a forward-looking prediction or characterization of a long-term trend. Subsequent decades saw multiple economic cycles, including the 1990–91 recession, dot-com boom and bust, the 2008 financial crisis, and post-2009 recoveries, with consumer-confidence levels rising and falling in ways not meaningfully illuminated or forecast by this single 1987 sentiment data point. Because it merely describes a moment-in-time attitude rather than anticipating later developments through 2010–2026, it cannot be meaningfully scored for prescience.",2026-06-13T15:20:28Z,cloud_v1,pass_c_cloud,5.70,true
dec-blue-monday-internal-sales-training-dectp-vs-ibm-0021cc-OBS-003,dec-blue-monday-internal-sales-training-dectp-vs-ibm-0021cc,sonar-reasoning-pro,4,2,"By the late 1980s and early 1990s, online transaction processing (OLTP) and TP monitor environments such as IBM CICS/IMS, Tandem NonStop, and DECtp/ACMS were indeed among the fastest-growing segments of enterprise computing, driven by ATMs, card networks, airline reservations, and retail POS, and they continued to outpace general systems spending through the client–server and early web eras. Through the 1990s-2000s, TP-centric platforms and middleware (e.g., BEA Tuxedo, CICS on distributed platforms, large-scale card authorization and banking systems) underpinned explosive growth in electronic payments and, later, e‑commerce, making TP one of the core, high-growth uses of enterprise infrastructure relative to the overall hardware and software market. While hard market data for 1988 specifically is sparse, the characterization of TP as a very large market growing significantly faster than the overall computer market proved directionally accurate, even if the precise $21B size and sustained “2x” growth rate cannot be rigorously verified over the long term.",2026-06-13T15:20:40Z,cloud_v1,pass_c_cloud,11.56,true
dec-blue-monday-internal-sales-training-dectp-vs-ibm-0021cc-OBS-004,dec-blue-monday-internal-sales-training-dectp-vs-ibm-0021cc,sonar-reasoning-pro,1,3,"Digital never achieved a significant gain in transaction-processing (TP) market share; IBM mainframe TP (CICS/IMS) and Tandem NonStop systems remained dominant through the early-to-mid 1990s, while Unix and database-centric OLTP (e.g., Oracle-based systems) became the main growth platforms. DEC’s overall systems business declined in the 1990s, culminating in its 1998 acquisition by Compaq and the later folding of its product lines into HP, so its TP share certainly did not triple and likely shrank instead.",2026-06-13T15:20:49Z,cloud_v1,pass_c_cloud,8.55,true
dec-blue-monday-internal-sales-training-dectp-vs-ibm-0021cc-OBS-005,dec-blue-monday-internal-sales-training-dectp-vs-ibm-0021cc,sonar-reasoning-pro,1,2,"DEC’s VAX/ACMS-based transaction processing stack remained a secondary player behind IBM mainframe CICS/IMS and, later, Unix-based TP monitors such as Tuxedo and Encina; there is no evidence it ever approached ~15% share of the overall TP market in the early 1990s, and DEC’s enterprise influence generally declined over that period. DEC struggled financially, lost ground to Unix and open systems, and was ultimately acquired by Compaq in 1998, making a sustained tripling of TP market share highly implausible. The prediction that DEC TP share would triple on the strength of VAX/ACMS was therefore contradicted by subsequent market outcomes.",2026-06-13T15:20:57Z,cloud_v1,pass_c_cloud,7.87,true
dec-blue-monday-internal-sales-training-dectp-vs-ibm-0021cc-OBS-006,dec-blue-monday-internal-sales-training-dectp-vs-ibm-0021cc,sonar-reasoning-pro,0,1,"The specific text of the Aberdeen observation is not provided, so it is impossible to compare the stated claim to what actually happened. In the broader market, DEC and Tandem both lost their independence by the late 1990s while IBM remained a major enterprise systems vendor and industry OLTP workloads increasingly shifted toward UNIX and then x86/Linux and Windows servers, but without the actual claim, its prescience cannot be judged.",2026-06-13T15:21:03Z,cloud_v1,pass_c_cloud,6.06,true
dec-blue-monday-internal-sales-training-dectp-vs-ibm-0021cc-OBS-007,dec-blue-monday-internal-sales-training-dectp-vs-ibm-0021cc,sonar-reasoning-pro,1,3,"Through the 1990s, IBM mainframes with CICS and IMS, Tandem NonStop systems, and increasingly Unix servers running Oracle and Tuxedo, then Windows/SQL Server, were the dominant platforms for online transaction processing, not DEC systems. DEC’s VAX/VMS and ACMS/TPware had some TP presence but its overall market position deteriorated, culminating in its acquisition by Compaq in 1998 and later HP, so it did not become the vendor of choice for transaction processing in that decade or afterward.",2026-06-13T15:21:12Z,cloud_v1,pass_c_cloud,8.03,true
dec-blue-monday-internal-sales-training-dectp-vs-ibm-0021cc-OBS-008,dec-blue-monday-internal-sales-training-dectp-vs-ibm-0021cc,sonar-reasoning-pro,1,3,"Digital did not become the preferred transaction processing (TP) vendor in the 1990s; IBM mainframes with CICS and IMS, Tandem NonStop systems, and later UNIX/Oracle and BEA Tuxedo-based TP infrastructures dominated large-scale OLTP and high-availability environments. DEC’s TP offerings on VAX/VMS and later Alpha (such as ACMS and related tooling) remained important but niche, while the company’s overall market position eroded and it was acquired by Compaq in 1998, confirming that it failed to emerge as the decade’s dominant TP vendor.",2026-06-13T15:21:20Z,cloud_v1,pass_c_cloud,8.47,true
dec-blue-monday-internal-sales-training-dectp-vs-ibm-0021cc-OBS-009,dec-blue-monday-internal-sales-training-dectp-vs-ibm-0021cc,sonar-reasoning-pro,0,2,"The claim content is marked as deferred and is not provided, so there is no substantive statement to compare against subsequent industry developments. Without knowing what was actually asserted about DEC, IBM, Tandem, or DECtp strategy, it is impossible to evaluate whether the prediction or characterization proved accurate between 1995 and 2026.",2026-06-13T15:21:24Z,cloud_v1,pass_c_cloud,3.52,true
dec-blue-monday-internal-sales-training-dectp-vs-ibm-0021cc-OBS-010,dec-blue-monday-internal-sales-training-dectp-vs-ibm-0021cc,sonar-reasoning-pro,0,1,"This is a narrow, point-in-time internal market-sizing claim about 1988 transaction-processing revenue that depends on DEC’s internal segment definitions, which are not reliably documented in public historical sources. Tandem’s publicly reported late-1980s figures are for total company revenue (roughly in the ~$1–2B range), not cleanly separated “TP revenue,” and comparable DEC TP-only revenue breakouts are not available, making it impossible to rigorously validate the asserted parity. Because the statement is essentially descriptive rather than predictive and cannot be reliably checked against later, well-documented market data, it cannot be meaningfully scored for prescience.",2026-06-13T15:21:38Z,cloud_v1,pass_c_cloud,13.34,true
dec-blue-monday-internal-sales-training-dectp-vs-ibm-0021cc-OBS-011,dec-blue-monday-internal-sales-training-dectp-vs-ibm-0021cc,sonar-reasoning-pro,5,2,"Historical financials show Tandem Computers crossed the $1B annual revenue mark by the mid-1980s and was in the roughly $1.3–1.5B range by 1987–1988, with the vast majority of its business centered on fault-tolerant NonStop systems for online transaction processing. Characterizing Tandem’s transaction processing revenue as approximately $1B/year in that 1988 timeframe is thus consistent with later-documented company revenue levels and the TP-heavy mix of its business through the 1990s and its eventual acquisition path via Compaq to HP.",2026-06-13T15:22:28Z,cloud_v1,pass_c_cloud,50.14,true
dec-blue-monday-internal-sales-training-dectp-vs-ibm-0021cc-OBS-012,dec-blue-monday-internal-sales-training-dectp-vs-ibm-0021cc,sonar-reasoning-pro,2,3,"In the near term, DEC’s TP offerings on VAX/VMS (e.g., ACMS and related TP stacks) did encourage some customers to move up to larger VAX systems and VAXclusters as transaction workloads grew, but this was short-lived and largely confined to the late 1980s and early 1990s. Through the 1990s, enterprise TP demand shifted toward scale-out client–server architectures on UNIX/RISC and then Windows NT/x86, while DEC’s VAX line was discontinued in favor of Alpha and the company itself declined, ultimately being acquired by Compaq in 1998, so TP growth did not sustainably drive demand for ever-bigger DEC machines. By the 2000s–2010s, large-scale TP workloads had largely consolidated on IBM mainframes, high-end UNIX, and then distributed x86 clusters and cloud platforms, emphasizing horizontal scaling rather than the kind of vertical ‘bigger computer’ trajectory this claim anticipated for DEC specifically.",2026-06-13T15:22:38Z,cloud_v1,pass_c_cloud,9.80,true
dec-blue-monday-internal-sales-training-dectp-vs-ibm-0021cc-OBS-013,dec-blue-monday-internal-sales-training-dectp-vs-ibm-0021cc,sonar-reasoning-pro,4,3,"From the early 1990s onward, centralized IBM-style mainframe dominance was increasingly challenged by distributed transaction processing on minis and then UNIX and x86 servers, as client–server, TP monitors (e.g., Tuxedo, Encina), and later application servers became the preferred architecture for many new OLTP and enterprise applications. However, VAX/VMS itself declined—DEC was acquired by Compaq in 1998 and its platforms lost ground to UNIX and then commodity x86—while IBM mainframes, especially with CICS and later z/OS, remained entrenched for core high-volume transactional workloads rather than being displaced outright. The claim was directionally right about distributed TP challenging the “dinosaur mainframe approach,” but overstated the role and staying power of VAX-class systems as the challenger.",2026-06-13T15:22:46Z,cloud_v1,pass_c_cloud,7.19,true
dec-blue-monday-internal-sales-training-dectp-vs-ibm-0021cc-OBS-014,dec-blue-monday-internal-sales-training-dectp-vs-ibm-0021cc,sonar-reasoning-pro,2,3,"While there was an early-1990s ‘downsizing’ wave and some new transaction workloads did move from IBM mainframes to distributed systems, IBM CICS/IMS remained the dominant core TP platforms and their aggregate MIPS and transaction volumes continued to grow through the late 1990s and 2000s. DEC’s VAX-class TP (e.g., VAX/VMS and ACMS) did not become the primary beneficiary of this shift; VAX declined, DEC was acquired by Compaq in 1998 and then absorbed into HP, and the long-term share gains went to Unix and later x86/Windows and web/app-server TP rather than to DEC. In hindsight, the claim overstates a sustained structural share loss from IBM TP to VAX-class TP specifically, so the longer-run direction turned out mostly different than implied.",2026-06-13T15:23:21Z,cloud_v1,pass_c_cloud,34.95,true
dec-blue-monday-internal-sales-training-dectp-vs-ibm-0021cc-OBS-015,dec-blue-monday-internal-sales-training-dectp-vs-ibm-0021cc,sonar-reasoning-pro,0,1,"The specific content of the Aberdeen observation is not provided (“[DEFERRED]”), so there is no concrete claim to compare against subsequent industry outcomes. While it is known that DEC was acquired by Compaq in 1998, Tandem was acquired by Compaq in 1997, and IBM remained a dominant enterprise vendor, without the actual text of the observation it is impossible to judge whether it anticipated or misread these developments. For that reason, the prescience of this observation cannot be meaningfully assessed.",2026-06-13T15:23:26Z,cloud_v1,pass_c_cloud,4.65,true
dec-blue-monday-internal-sales-training-dectp-vs-ibm-0021cc-OBS-016,dec-blue-monday-internal-sales-training-dectp-vs-ibm-0021cc,sonar-reasoning-pro,3,2,"The specific 1988 throughput and price comparison between the VAX 8830 and IBM 3090-200E did not translate into DEC displacing IBM in high-end online transaction processing; IBM mainframes retained the core of large TP workloads through the 1990s and beyond, while DEC itself was acquired by Compaq in 1998 and its VAX line was sunset rather than becoming the dominant TP platform. However, the underlying pattern implied by the claim—that lower-cost, smaller systems could deliver transaction-processing performance approaching mainframes—was borne out in the 1990s and 2000s by UNIX/RISC servers and later x86/Linux and Windows NT/SQL Server platforms achieving mainframe-class TP throughput at far lower cost per transaction, reshaping enterprise computing economics even though DEC was not the long-term beneficiary.",2026-06-13T15:23:42Z,cloud_v1,pass_c_cloud,15.67,true
dec-blue-monday-internal-sales-training-dectp-vs-ibm-0021cc-OBS-017,dec-blue-monday-internal-sales-training-dectp-vs-ibm-0021cc,sonar-reasoning-pro,2,2,"Subsequent industry benchmarks and customer experience in the late 1980s and early 1990s consistently treated IBM 3090-class mainframes as delivering substantially higher peak online transaction processing (OLTP) and I/O throughput than high-end VAX SMP systems such as the 8830, even when DEC emphasized price/performance and clustering. Later standardized benchmarks like TPC-A/TPC-C and the continued dominance of IBM mainframes in the largest TP workloads, versus VAX/OpenVMS’s positioning in midrange and departmental systems, indicate that a single VAX 8830 SMP did not truly approach a 3090-200E in sustained TP throughput. The claim reflects aggressive competitive positioning on a particular in-house or tuned benchmark rather than a characterization that held up in broader, long-term industry comparisons.",2026-06-13T15:24:32Z,cloud_v1,pass_c_cloud,49.17,true
dec-blue-monday-internal-sales-training-dectp-vs-ibm-0021cc-OBS-018,dec-blue-monday-internal-sales-training-dectp-vs-ibm-0021cc,sonar-reasoning-pro,-1,1,Parse failed after 3 retries: JSONDecodeError: Unterminated string starting at: line 5 column 16 (char 144),2026-06-13T15:25:26Z,cloud_v1,pass_c_cloud,53.72,false
dec-blue-monday-internal-sales-training-dectp-vs-ibm-0021cc-OBS-019,dec-blue-monday-internal-sales-training-dectp-vs-ibm-0021cc,sonar-reasoning-pro,4,2,"IBM’s Systems Application Architecture (SAA), announced in 1987 to unify MVS/370, OS/400 and OS/2 environments under common interfaces like CUA and LU 6.2, spawned vast documentation sets (system manuals, Redbooks and programming guides) that collectively ran to many tens of thousands of pages. Large IBM customers that tried to rationalize applications around SAA‑style interfaces and client/server front ends undertook multi‑year programs through the early‑to‑mid 1990s, while many shops only ever partially migrated and kept green‑screen CICS, ISPF and AS/400 applications running well into the 2000s, implying that any meaningful ‘conversion’ was at least a multi‑year (often longer than 7‑year) effort, consistent with the claim’s direction even if the specifics were sales‑theater exaggerations.",2026-06-13T15:25:57Z,cloud_v1,pass_c_cloud,31.35,true
dec-blue-monday-internal-sales-training-dectp-vs-ibm-0021cc-OBS-020,dec-blue-monday-internal-sales-training-dectp-vs-ibm-0021cc,sonar-reasoning-pro,3,3,"The emphasis on symmetric multiprocessing as a key technical enabler for high transaction-processing throughput was directionally sound, as SMP became the dominant architecture for enterprise OLTP on UNIX and later x86 servers through the 1990s and 2000s. However, DEC’s VAX 8800 SMP systems never broadly delivered IBM 3090–class transaction throughput in the market, and IBM mainframes (3090, ES/9000, S/390, zSeries) remained the benchmark for the highest TP workloads while scale-out clusters and NonStop-style architectures also became important. The claim was therefore prescient about SMP’s importance for TP performance, but overstated DEC’s competitive parity with IBM mainframes.",2026-06-13T15:26:08Z,cloud_v1,pass_c_cloud,10.65,true
dec-blue-monday-internal-sales-training-dectp-vs-ibm-0021cc-OBS-021,dec-blue-monday-internal-sales-training-dectp-vs-ibm-0021cc,sonar-reasoning-pro,3,3,"From the late 1980s through the 1990s, DEC’s ACMS was indeed a genuine transaction-processing monitor on VAX/VMS and later OpenVMS, and for that shrinking installed base it functioned as a real CICS-style alternative. However, IBM CICS evolved aggressively (e.g., CICS Transaction Server in the late 1990s and 2000s) and remained the de facto standard TP monitor on mainframes, while ACMS stagnated after DEC’s acquisition by Compaq and then HP and became a niche legacy technology. The claim accurately described positioning for VAX customers at the time, but it did not correspond to a lasting or broadly “modern” alternative in the wider TP market as enterprise transaction control shifted toward CICS, Tuxedo, and J2EE/.NET application servers.",2026-06-13T15:26:23Z,cloud_v1,pass_c_cloud,13.93,true
dec-blue-monday-internal-sales-training-dectp-vs-ibm-0021cc-OBS-022,dec-blue-monday-internal-sales-training-dectp-vs-ibm-0021cc,sonar-reasoning-pro,1,3,"ACMS remained a niche TP monitor largely confined to the existing VAX/VMS and later OpenVMS installed base and never achieved significant market share against IBM CICS, IMS/TM, AT&T/BEA Tuxedo, or later application server platforms during the 1990s. VAX and DEC TP workloads did not broadly ‘scale’ as a growth story; instead, DEC’s minicomputer franchise declined through the decade, the company was acquired by Compaq in 1998, and industry momentum shifted to Unix, Windows, and then J2EE application servers as the dominant transaction platforms. As a result, the predicted capture of meaningful TP monitor share by ACMS in the 1990s did not materialize.",2026-06-13T15:26:33Z,cloud_v1,pass_c_cloud,9.84,true
dec-blue-monday-internal-sales-training-dectp-vs-ibm-0021cc-OBS-023,dec-blue-monday-internal-sales-training-dectp-vs-ibm-0021cc,sonar-reasoning-pro,0,1,"The underlying claim text is marked as deferred and is not provided, so its content, scope, and specificity cannot be determined. Without knowing what was actually asserted about DECtp, IBM, or Tandem, it is impossible to compare the observation against the documented industry outcomes. As a result, no meaningful prescience assessment can be made.",2026-06-13T15:26:37Z,cloud_v1,pass_c_cloud,4.13,true
dec-blue-monday-internal-sales-training-dectp-vs-ibm-0021cc-OBS-024,dec-blue-monday-internal-sales-training-dectp-vs-ibm-0021cc,sonar-reasoning-pro,0,3,"The statement is essentially a point-in-time product positioning: in the late 1980s DEC indeed promoted VAX Rdb/VMS as a relational database for transaction processing on VAX, while IBM DB2 was primarily positioned on its mainframe platforms. Over time, however, the framing did not evolve into a broader, validated prediction: Rdb remained relatively niche, was sold to Oracle in 1994 and focused on OpenVMS/Tru64, while IBM DB2 became a multi-platform family (z/OS, i, LUW, and later cloud) and the VAX vs. mainframe competitive axis largely disappeared. Because the claim does not really forecast a future trend or outcome beyond describing then-current positioning, it cannot meaningfully be scored for prescience.",2026-06-13T15:26:46Z,cloud_v1,pass_c_cloud,8.75,true
dec-blue-monday-internal-sales-training-dectp-vs-ibm-0021cc-OBS-025,dec-blue-monday-internal-sales-training-dectp-vs-ibm-0021cc,sonar-reasoning-pro,4,3,"In 1988, IBM’s Db2 on MVS was still evolving from an initial focus on relational decision-support toward true high-volume OLTP, and IMS plus CICS/VSAM remained the entrenched mainframe transaction stack for core banking, insurance, and government workloads. Over the 1990s Db2 for z/OS added robust data-sharing and TP features and became the default for many new transactional applications, but IMS DB and CICS with VSAM persisted at large scale into the 2000s and 2010s, with many organizations continuing to run mission‑critical systems on these technologies rather than fully migrating to Db2. Thus, the characterization that Db2 for TP was still maturing and that many customers were on IMS/CICS‑VSAM accurately captured a long‑lived pattern, even though Db2 ultimately did become a very capable TP platform.",2026-06-13T15:26:58Z,cloud_v1,pass_c_cloud,11.77,true
dec-blue-monday-internal-sales-training-dectp-vs-ibm-0021cc-OBS-026,dec-blue-monday-internal-sales-training-dectp-vs-ibm-0021cc,sonar-reasoning-pro,4,3,"The claim accurately captured a real architectural difference—DECnet’s more distributed, peer-like model versus SNA’s tightly controlled, host-centric hierarchy—and this distinction aligned with the broader industry shift in the 1990s–2000s toward TCP/IP-based, distributed client-server and Internet architectures and away from SNA-style mainframe-centric networks as the core enterprise fabric. However, while the architectural direction was prescient, DECnet itself was superseded by TCP/IP rather than becoming the dominant embodiment of that distributed peer model, so the implied long-term competitive advantage for DECnet did not fully materialize.",2026-06-13T15:27:08Z,cloud_v1,pass_c_cloud,9.84,true
dec-blue-monday-internal-sales-training-dectp-vs-ibm-0021cc-OBS-027,dec-blue-monday-internal-sales-training-dectp-vs-ibm-0021cc,sonar-reasoning-pro,3,3,"IBM’s SNA, originally designed as a hierarchical, host-centric architecture, did prove awkward to evolve into the open, peer-to-peer, TCP/IP-based environments that came to dominate distributed transaction processing by the mid‑1990s and 2000s, and IBM itself progressively shifted emphasis toward TCP/IP, APPN, and middleware such as CICS over TCP/IP, Encina, MQSeries, and later WebSphere. However, SNA (especially LU6.2) was heavily and successfully used for distributed CICS and IMS transactions throughout the late 1980s and 1990s, so it was not flatly ill‑suited to distributed TP as practiced in that era, only increasingly out of step with the longer‑term move to open, non‑hierarchical distributed systems.",2026-06-13T15:27:23Z,cloud_v1,pass_c_cloud,14.20,true
dec-blue-monday-internal-sales-training-dectp-vs-ibm-0021cc-OBS-028,dec-blue-monday-internal-sales-training-dectp-vs-ibm-0021cc,sonar-reasoning-pro,0,3,"This observation is a contemporaneous factual note that IBM announced the AS/400 on June 21, 1988 and positioned it as a midrange transaction-processing platform, which was already true at the time. AS/400 did indeed evolve into a long-lived midrange OLTP-oriented line (AS/400 → iSeries → System i / IBM i on Power), but the cited remark itself does not make a forward-looking prediction or pattern that can be evaluated for prescience. As a result, there is no meaningful way to score its long-term accuracy beyond it being historically correct in context.",2026-06-13T15:27:48Z,cloud_v1,pass_c_cloud,24.74,true
dec-blue-monday-internal-sales-training-dectp-vs-ibm-0021cc-OBS-029,dec-blue-monday-internal-sales-training-dectp-vs-ibm-0021cc,sonar-reasoning-pro,5,3,"IBM’s AS/400, introduced in 1988, remained IBM’s flagship integrated midrange system for commercial online transaction processing throughout the 1990s, with strong adoption in sectors like banking, distribution, and manufacturing and prominent results in OLTP benchmarks such as TPC-C. While IBM also pushed RS/6000/AIX and departmental OS/2- and Windows-based servers, these largely complemented rather than displaced the AS/400 as its primary midrange TP platform, which then evolved into the iSeries/IBM i line that continued to host core transactional workloads well into the 2000s.",2026-06-13T15:28:03Z,cloud_v1,pass_c_cloud,14.57,true
dec-blue-monday-internal-sales-training-dectp-vs-ibm-0021cc-OBS-030,dec-blue-monday-internal-sales-training-dectp-vs-ibm-0021cc,sonar-reasoning-pro,0,1,"The claim text is marked as deferred and is not provided, so there is no concrete assertion to compare against the actual evolution of DEC, IBM, Tandem, and related enterprise systems markets after 1995. Without knowing whether the observation was about DECtp’s competitive position, technical strategy, market share, or partner ecosystem, it is impossible to judge how it aligns with later events such as DEC’s acquisition by Compaq, Tandem’s acquisition by Compaq and then HP, or IBM’s continued mainframe and midrange evolution. Because the content of the claim is unknown, any score would be speculative.",2026-06-13T15:28:09Z,cloud_v1,pass_c_cloud,5.77,true
dec-blue-monday-internal-sales-training-dectp-vs-ibm-0021cc-OBS-031,dec-blue-monday-internal-sales-training-dectp-vs-ibm-0021cc,sonar-reasoning-pro,4,3,"IBM’s 9370 line, introduced in 1986 as a ‘departmental’ or distributed small mainframe, was indeed positioned as an entry platform for transaction processing outside the glass house. It never achieved strong market traction, was quickly overshadowed by the AS/400 (1988) and later client/server Unix and PC-based systems, and was effectively phased out in the early 1990s rather than becoming a major TP platform. This makes the contemporary characterization of it as a distributed/departmental TP entry with underwhelming uptake broadly consistent with how history judged the product’s impact.",2026-06-13T15:28:23Z,cloud_v1,pass_c_cloud,13.88,true
dec-blue-monday-internal-sales-training-dectp-vs-ibm-0021cc-OBS-032,dec-blue-monday-internal-sales-training-dectp-vs-ibm-0021cc,sonar-reasoning-pro,3,3,"The positioning assumption that enterprise customers would favor **coexistence and integration with IBM mainframes over full rip‑and‑replace** was broadly validated, as most large shops in the 1990s and 2000s kept their IBM mainframes and front‑ended or integrated them via gateways, TP monitors, and middleware rather than replacing them outright. However, **VAXlink and DEC-specific coexistence tooling did not become a major or enduring industry standard**, and DEC itself lost strategic relevance in the 1990s as TCP/IP, Unix, and then Windows plus generic integration middleware (e.g., IBM MQSeries, CICS gateways, later EAI/ESB platforms) became the dominant coexistence path, so the general pattern was right but the specific DEC-centric mechanism was not.",2026-06-13T15:28:38Z,cloud_v1,pass_c_cloud,14.29,true
dec-blue-monday-internal-sales-training-dectp-vs-ibm-0021cc-OBS-033,dec-blue-monday-internal-sales-training-dectp-vs-ibm-0021cc,sonar-reasoning-pro,3,2,"In the late 1980s American Airlines’ SABRE on IBM mainframes running TPF was widely cited as one of the most demanding and sophisticated OLTP systems in production, so using it as the exemplar high-end TP benchmark was reasonable for the time. However, even then there were comparable ultra-high-volume transactional platforms such as Tandem NonStop systems for stock exchanges and card networks, and by the 1990s–2000s large-scale distributed systems at Visa, Amadeus, Amazon, and Google, as well as Sabre’s own gradual migration toward open systems and cloud architectures, surpassed SABRE’s earlier performance ‘ceiling.’ The claim was directionally right about SABRE/TPF as a top-end reference point in 1988 but overstated its uniqueness and enduring position as an unmatched ceiling.",2026-06-13T15:29:10Z,cloud_v1,pass_c_cloud,31.88,true
dec-blue-monday-internal-sales-training-dectp-vs-ibm-0021cc-OBS-034,dec-blue-monday-internal-sales-training-dectp-vs-ibm-0021cc,sonar-reasoning-pro,4,3,"Through the 1990s and 2000s, Tandem (later Compaq NonStop, then HP NonStop) did in fact remain a specialized **fault‑tolerant online transaction processing (OLTP) niche** platform for financial services, telecom, and payment switching, never becoming a broad general-purpose enterprise standard like IBM mainframes or Unix/Windows servers. DEC’s VAXcluster and later OpenVMS clusters, along with its TP products (ACMS, DECintact, etc.), offered *higher availability and TP robustness than typical Unix/IBM midrange systems* but did not match the extreme fault-tolerance or single-minded OLTP focus of Tandem NonStop, effectively positioning DEC in a ""middle ground"" between IBM’s large-scale mainframes and Tandem’s specialized availability-first systems. After DEC’s acquisition by Compaq and then HP, the strategic center of gravity moved to industry-standard servers and later Linux/Windows clusters, while the NonStop line continued as a preserved niche for ultra‑high availability TP—consistent with the original framing of Tandem as a retained niche and DEC as an intermediate option, even though DEC as a standalone vendor disappeared in the late 1990s.",2026-06-13T15:29:16Z,cloud_v1,pass_c_cloud,5.79,true
dec-blue-monday-internal-sales-training-dectp-vs-ibm-0021cc-OBS-035,dec-blue-monday-internal-sales-training-dectp-vs-ibm-0021cc,sonar-reasoning-pro,4,3,"Through the 1990s and 2000s, Tandem NonStop systems remained the best-known and largest installed base in fault-tolerant online transaction processing, especially in banking, payments, and telecom, while Stratus persisted as a smaller, second-tier vendor in the same niche. Both vendors’ addressable markets shrank as clustered Unix/Windows servers, databases like Oracle with RAC, and commodity HA architectures displaced proprietary fault-tolerant TP systems, but Stratus never overtook Tandem in scale or mindshare. The original framing of Stratus as the ‘other’ but smaller fault-tolerant TP option behind Tandem therefore held up, even as the overall category became niche.",2026-06-13T15:29:26Z,cloud_v1,pass_c_cloud,9.99,true
dec-blue-monday-internal-sales-training-dectp-vs-ibm-0021cc-OBS-036,dec-blue-monday-internal-sales-training-dectp-vs-ibm-0021cc,sonar-reasoning-pro,4,3,"The idea that an AI-style decision layer would sit on top of transaction processing proved broadly correct: by the 1990s–2000s, banks, card networks, and e-commerce platforms routinely invoked automated decision engines (e.g., FICO scoring, business rules engines, and later machine-learning models) in real-time credit authorization, fraud detection, and personalization flows driven by OLTP systems such as CICS and Tuxedo. However, classic expert systems and knowledge-based AI from the 1980s largely stalled by the early 1990s AI winter, and the dominant technologies after 2000 became statistical machine learning and, later, deep learning rather than rule-based expert systems. The claim is thus directionally accurate about an automated decision-support layer above TP, but the specific expert-systems implementation path and timing were off.",2026-06-13T15:29:36Z,cloud_v1,pass_c_cloud,9.50,true
dec-blue-monday-internal-sales-training-dectp-vs-ibm-0021cc-OBS-037,dec-blue-monday-internal-sales-training-dectp-vs-ibm-0021cc,sonar-reasoning-pro,2,3,"Expert systems had a hype peak in the late 1980s but entered an ‘AI winter’ in the early-to-mid 1990s, and mainstream TP platforms such as IBM CICS, IMS, Tuxedo, Encina, and DEC’s own TP products did not adopt embedded expert-system engines as standard or defining components. Through the 1990s and 2000s, enterprise transaction processing converged around relational databases, messaging, and later J2EE/.NET application servers, with business-rule engines and CEP platforms remaining adjuncts for specific use cases rather than universal TP elements. By the 2010s–2020s, machine learning and analytics services eclipsed classic expert systems, confirming that expert-system integration never became a mainstream, expected component of TP infrastructure as predicted.",2026-06-13T15:29:46Z,cloud_v1,pass_c_cloud,9.62,true
dec-blue-monday-internal-sales-training-dectp-vs-ibm-0021cc-OBS-038,dec-blue-monday-internal-sales-training-dectp-vs-ibm-0021cc,sonar-reasoning-pro,0,1,"The claim text is marked as [DEFERRED], so there is no substantive content to evaluate for accuracy or predictive validity. Without knowing what specific outcome or pattern was asserted, it is impossible to compare it against the documented trajectories of DEC, IBM, and Tandem through the 2000s and 2010s. I therefore cannot make a meaningful prescience assessment.",2026-06-13T15:29:51Z,cloud_v1,pass_c_cloud,4.22,true
dec-blue-monday-internal-sales-training-dectp-vs-ibm-0021cc-OBS-039,dec-blue-monday-internal-sales-training-dectp-vs-ibm-0021cc,sonar-reasoning-pro,4,3,"From the early 1990s through the cloud era, buyers of TP/OLTP and later distributed transaction systems consistently centered evaluations on performance/throughput, high availability (uptime and SLAs), and economic efficiency (price/performance or cost per transaction), as seen in TPC-C/TPC-E benchmarks and in per-request or per-transaction pricing from major cloud providers. Over time, additional axes like developer productivity, ecosystem lock-in, regulatory/compliance requirements, and elastic scalability also became explicit top-tier criteria, so the three-axis framework stayed fundamentally relevant but no longer fully exhaustive of buyer decision-making.",2026-06-13T15:30:03Z,cloud_v1,pass_c_cloud,11.96,true
dec-blue-monday-internal-sales-training-dectp-vs-ibm-0021cc-OBS-040,dec-blue-monday-internal-sales-training-dectp-vs-ibm-0021cc,sonar-reasoning-pro,2,3,"IBM’s Systems Application Architecture (SAA), announced in 1987, never fully ‘matured’ into the seamless, cross-platform architecture IBM originally promised, and the SAA brand largely faded in the early 1990s even as IBM’s mainframe TP stack (CICS, IMS, DB2) remained entrenched. DEC’s ACMS/DECtp offerings did not drive large-scale conversions of IBM TP customers either in that 2–3 year window or later, and DEC’s overall position weakened through the 1990s, culminating in its acquisition by Compaq in 1998. The prediction correctly sensed that IBM would reinforce, not lose, its TP base, but it was mostly wrong in framing a discrete 2–3 year opportunity tied specifically to the ‘maturity’ of SAA.",2026-06-13T15:30:38Z,cloud_v1,pass_c_cloud,34.93,true
dec-blue-monday-internal-sales-training-dectp-vs-ibm-0021cc-OBS-041,dec-blue-monday-internal-sales-training-dectp-vs-ibm-0021cc,sonar-reasoning-pro,0,3,"This observation is a descriptive recollection of how DEC sales positioned an integrated VAX/ACMS/Rdb/DECnet 'DECtp' story in 1988, not a forward-looking prediction about market or technology outcomes, so its prescience cannot meaningfully be scored. Subsequent history shows DECtp did not become a dominant industry platform—VAX/VMS declined, Rdb was sold to Oracle in 1994, DECnet was superseded by TCP/IP, and DEC itself was acquired by Compaq in 1998—but those outcomes are not directly affirming or contradicting any explicit forecast in the quoted claim.",2026-06-13T15:30:49Z,cloud_v1,pass_c_cloud,10.92,true
dec-blue-monday-internal-sales-training-dectp-vs-ibm-0021cc-OBS-042,dec-blue-monday-internal-sales-training-dectp-vs-ibm-0021cc,sonar-reasoning-pro,0,2,"The statement is a factual note about John Logan’s Harvard Business School affiliation and the intellectual framing of Aberdeen’s analysis, not a forward-looking prediction about technology or markets. While academic distributed-computing research from the 1970s–1980s (e.g., on distributed systems, transactions, and fault tolerance) did profoundly shape commercial distributed systems and client–server architectures over the following decades, that influence was already underway by 1988 and is not uniquely validated or refuted by this specific affiliation claim. Because there is no concrete, time-bound forecast to compare with post-2010 developments, the remark cannot be meaningfully scored for prescience.",2026-06-13T15:30:56Z,cloud_v1,pass_c_cloud,6.14,true
