"entity_id","study_id"
"3com","aberdeen-1996-3com-reconciling-clientserver-development-internet"
"3com","aberdeen-1995-3com-lanplex-2500"
"3com","aberdeen-1997-3com-accelerates-remote-access-market"
"3com","aberdeen-1997-aberdeen-group-impacts"
"3com-corporation","networ~1-96462b"
"aberdeen-group","aberdeen-1996-3com-reconciling-clientserver-development-internet"
"aberdeen-group","aberdeen-1996-advanced-planning-engines-white-paper"
"aberdeen-group","aberdeen-1996-app-dun-bradstreet-software-smartstrtogether-better"
"aberdeen-group","aberdeen-1996-as400-year-2000-ibm-leading-users"
"american-software","aberdeen-1996-advanced-planning-engines-white-paper"
"att-gis","aberdeen-1995-rdbms-cray-research-inc"
"CRAY-BSD","aberdeen-1995-rdbms-cray-research-inc"
"cray-research","aberdeen-1995-rdbms-cray-research-inc"
"DB-SOFTWARE","aberdeen-1996-app-dun-bradstreet-software-smartstrtogether-better"
"dec","dec-mgmt-memo-v7n5-state-of-company-1988-6a9954"
"dec","dtj-v03-01-tp-and-fault-tolerant-1991-cf078c"
"dec","on-computers-tips-40th-anniversary-of-th-ee9cc5"
"ENT-ADM","aberdeen-1995-upgrading-isv-methodology-enterprise-application-development"
"ENT-ANON-001","1997-nt-case-41-56aa2e"
"ENT-BO-001","1997-dev-expanding-universes-for-busines-c42c71"
"ENT-BO-002","1997-dev-expanding-universes-for-busines-c42c71"
"ENT-BO-003","1997-dev-expanding-universes-for-busines-c42c71"
"ENT-CA","aberdeen-1995-novell-predicament"
"ENT-CA-INGRES","aberdeen-1995-universal-servers-rdbms-technology-next-decade"
"ENT-CISCO-001","1997-nortel--transforming-business-by-po-3edae6"
"ENT-DR-001","1997-datareach--finding-business-value-i-34f0a6"
"ENT-DR-002","1997-datareach--finding-business-value-i-34f0a6"
"ent-dr-003","1997-datareach--finding-business-value-i-34f0a6"
"ent-dyf-001","1997-dynaflo-systems----e-mail-for-the-b-854582"
"ENT-DYF-003","1997-dynaflo-systems----e-mail-for-the-b-854582"
"ENT-DYS-001","1997-dynasoft's-boks-family--a-pragmatic-e6df7d"
"ENT-DYS-003","1997-dynasoft's-boks-family--a-pragmatic-e6df7d"
"ENT-DYS-005","1997-dynasoft's-boks-family--a-pragmatic-e6df7d"
"ENT-DYS-006","1997-dynasoft's-boks-family--a-pragmatic-e6df7d"
"ENT-DYS-007","1997-dynasoft's-boks-family--a-pragmatic-e6df7d"
"ent-g2000-001","1997-network-storage--obtaining-the-payo-3bdc3d"
"ENT-HP-001","1997-desktop-and-systems-management-the--169a9b"
"ENT-HP-002","1997-desktop-and-systems-management-the--169a9b"
"ENT-HP-003","1997-desktop-and-systems-management-the--169a9b"
"ENT-HP-006","1997-desktop-and-systems-management-the--169a9b"
"ENT-I2O-001","1997-intelligent-i-o-initiative--scaling-aae222"
"ENT-I2O-005","1997-intelligent-i-o-initiative--scaling-aae222"
"ENT-I2O-006","1997-intelligent-i-o-initiative--scaling-aae222"
"ENT-IBM-001","1997-nt-case-41-56aa2e"
"ent-ibm-db2","aberdeen-1995-universal-servers-rdbms-technology-next-decade"
"ENT-IMI-001","1997-object-technology-meets-demand-mana-551c84"
"ENT-IMI-002","1997-object-technology-meets-demand-mana-551c84"
"ENT-INF-001","1997-migrating-from-sybase-sql-server-4.-d7b1d0"
"ENT-INFORMIX","aberdeen-1995-universal-servers-rdbms-technology-next-decade"
"ENT-INS-001","1997-insession---accessing-and-leveragin-cb2e40"
"ENT-KD1-001","1997-knowledge-discovery-one's-retail-di-f6b834"
"ent-kod-001","1997-kodak-completes-wang-software-acqui-e78bb4"
"ENT-KOD-002","1997-kodak-completes-wang-software-acqui-e78bb4"
"ent-kod-003","1997-kodak-completes-wang-software-acqui-e78bb4"
"ENT-KOD-005","1997-kodak-completes-wang-software-acqui-e78bb4"
"ENT-LAP-001","1997-laplink-solutions-offer-telecommuti-292aa8"
"ENT-LOTUS","aberdeen-1995-novell-predicament"
"ENT-LUC-001","1997-lucent-delivers-internet-telephony--888598"
"ENT-LUC-002","1997-lucent-delivers-internet-telephony--888598"
"ENT-LUC-003","1997-lucent-delivers-internet-telephony--888598"
"ENT-MC-001","1997-informix-metacube-4.0--relational-o-23491d"
"ENT-MSFT-001","1997-nt-case-41-56aa2e"
"ENT-MSFT-NT","aberdeen-1995-novell-predicament"
"ENT-MSFT-WIN95","aberdeen-1995-upgrading-isv-methodology-enterprise-application-development"
"ENT-NOR-001","1997-nortel--transforming-business-by-po-3edae6"
"ENT-NOV-001","1997-novell-directory-to-the-network-str-048b05"
"ENT-NOV-002","1997-novell-directory-to-the-network-str-048b05"
"ENT-NOV-005","1997-novell-directory-to-the-network-str-048b05"
"ENT-NOV-006","1997-novell-directory-to-the-network-str-048b05"
"ENT-NOV-007","1997-novell-directory-to-the-network-str-048b05"
"ENT-NOV-010","1997-novell-directory-to-the-network-str-048b05"
"ENT-NOVELL","aberdeen-1995-novell-predicament"
"ENT-O2-001","1997-object-databases-such-as-o2-odmg--t-c98c72"
"ENT-OBJ-001","1997-objective-communications--vidmodem--f3351f"
"ENT-OBJ-002","1997-objective-communications--vidmodem--f3351f"
"ENT-ORACLE-DB4","aberdeen-1995-universal-servers-rdbms-technology-next-decade"
"ent-progress","aberdeen-1995-progress-software-profile"
"ENT-PS-001","1997-dw-competitive-advantage-through-pr-b307c7"
"ENT-PS-005","1997-dw-competitive-advantage-through-pr-b307c7"
"ENT-PS-006","1997-dw-competitive-advantage-through-pr-b307c7"
"ENT-PS-014","1997-dw-competitive-advantage-through-pr-b307c7"
"ENT-S1-002","1997-ibm-s-enterprise-communications-fam-14559a"
"ENT-S1-003","1997-dialogic-ct-media-sets-the-pace-for-440d5e"
"ENT-S1-004","1997-dialogic-ct-media-sets-the-pace-for-440d5e"
"ENT-S2-001","1997-digital-&-oracle-s-nci--partners-in-2d680c"
"ENT-S2-001","1997-ibm-s-solution-centric-global-healt-7a073f"
"ENT-S2-002","1997-digital-&-oracle-s-nci--partners-in-2d680c"
"ENT-S2-002","1997-ibm-s-solution-centric-global-healt-7a073f"
"ENT-S2-004","1997-digital-&-oracle-s-nci--partners-in-2d680c"
"ENT-S2-004","1997-ibm-s-solution-centric-global-healt-7a073f"
"ENT-S2-005","1997-ibm-s-solution-centric-global-healt-7a073f"
"ENT-S2-006","1997-digital-&-oracle-s-nci--partners-in-2d680c"
"ENT-S2-006","1997-ibm-s-solution-centric-global-healt-7a073f"
"ENT-S2-008","1997-digital-&-oracle-s-nci--partners-in-2d680c"
"ENT-S3-001","1997-digital-equipment-corporation-pr-c375a8"
"ENT-S3-001","1997-ibm’s-nt-strategy-strat-pr-b93817"
"ENT-S3-002","1997-digital-equipment-corporation-pr-c375a8"
"ENT-S3-003","1997-digital-equipment-corporation-pr-c375a8"
"ENT-S3-003","1997-ibm’s-nt-strategy-strat-pr-b93817"
"ENT-S3-006","1997-digital-equipment-corporation-pr-c375a8"
"ENT-S3-008","1997-digital-equipment-corporation-pr-c375a8"
"ENT-S4-001","1997-digital-ramps-up-for-the-leadership-fb5854"
"ENT-S4-001","1997-ibm’s-network-computing-solution----e74e8a"
"ENT-S4-002","1997-digital-ramps-up-for-the-leadership-fb5854"
"ENT-S4-004","1997-digital-ramps-up-for-the-leadership-fb5854"
"ENT-S5-001","1997-digital-s-terabyte-hour-nonstop-vld-ce92ca"
"ENT-S5-001","1997-industry-matematik-international-co-c398bc"
"ENT-S5-002","1997-industry-matematik-international-co-c398bc"
"ENT-S5-003","1997-digital-s-terabyte-hour-nonstop-vld-ce92ca"
"ENT-S5-005","1997-industry-matematik-international-co-c398bc"
"ENT-SAP","aberdeen-1995-sun-microsystems-computer-company"
"ent-sb-001","1997-crm-siebel-systems-pr-569e52"
"ENT-SB-003","1997-crm-siebel-systems-pr-569e52"
"ENT-SB-007","1997-crm-siebel-systems-pr-569e52"
"ENT-SB-008","1997-crm-siebel-systems-pr-569e52"
"ENT-SGI-001","1997-informix-and-silicon-graphics-reach-98e6ea"
"ENT-SGI-002","1997-informix-and-silicon-graphics-reach-98e6ea"
"ENT-SGI-003","1997-informix-and-silicon-graphics-reach-98e6ea"
"ENT-SGI-004","1997-informix-and-silicon-graphics-reach-98e6ea"
"ENT-SGI-005","1997-informix-and-silicon-graphics-reach-98e6ea"
"ENT-SUN","aberdeen-1995-sun-microsystems-computer-company"
"ent-sun-001","1997-nortel--transforming-business-by-po-3edae6"
"ENT-SYB-001","1997-migrating-from-sybase-sql-server-4.-d7b1d0"
"ENT-SYBASE","aberdeen-1995-progress-software-profile"
"ENT-SYBASE-DB","aberdeen-1995-universal-servers-rdbms-technology-next-decade"
"ENT-TIV-001","1997-migrating-from-sybase-sql-server-4.-d7b1d0"
"ENT-XED-001","1997-managing-corporate-internet-access--ae26d9"
"ENT-XED-002","1997-managing-corporate-internet-access--ae26d9"
"FACT-INC","aberdeen-1996-advanced-planning-engines-white-paper"
"fasb","aberdeen-1996-as400-year-2000-ibm-leading-users"
"GEAC","aberdeen-1996-app-dun-bradstreet-software-smartstrtogether-better"
"i2-technologies","aberdeen-1996-advanced-planning-engines-white-paper"
"ibm","aberdeen-1996-as400-year-2000-ibm-leading-users"
"IBM-AS400-DIV","aberdeen-1996-as400-year-2000-ibm-leading-users"
"IBM-SP2","aberdeen-1995-rdbms-cray-research-inc"
"manugistics","aberdeen-1996-advanced-planning-engines-white-paper"
"ncube","aberdeen-1995-rdbms-cray-research-inc"
"NUMETRIX","aberdeen-1996-advanced-planning-engines-white-paper"
"ORACLE-APPS","aberdeen-1996-app-dun-bradstreet-software-smartstrtogether-better"
"RED-PEPPER","aberdeen-1996-advanced-planning-engines-white-paper"
"sap","aberdeen-1996-app-dun-bradstreet-software-smartstrtogether-better"
"sun-microsystems","aberdeen-1995-rdbms-cray-research-inc"
"a-moissis","aberdeen-open-online-transaction-process-ea272f"
"abb-systems-control","utilit~1-0596b5"
"aberdeen-dct-practice","dct-webinar-announcement-2002-11"
"aberdeen-dct-practice","dct-why-aberdeen-follows-pc-deals-2002"
"aberdeen-group","01-difranco-report-on-aberdeen-group-res-444a19"
"aberdeen-group","02-sow-final-62f56d"
"aberdeen-group","03-contract-pools-of-storage-phase2-a47fd3"
"aberdeen-group","06-aberdeen-after-action-showandtell-95c6d9"
"aberdeen-group","07-pools-of-storage-functional-spec-597fa5"
"aberdeen-group","08-phase2-project-kickoff-2ea711"
"aberdeen-group","09-maxtor-workshop-prep-guide-a218dc"
"aberdeen-group","10-maxtor-workshop-02-09-eod-53f22b"
"aberdeen-group","12-steps-to-category-creation-0abd5a"
"aberdeen-group","15-classification-key-applications-55b6be"
"aberdeen-group","16-maxtor-survey-meeting-agenda-4fe65d"
"aberdeen-group","17-maxtor-tool-decision-components-d9c2fb"
"aberdeen-group","18-maxtor-strategy-event-template-faeb40"
"aberdeen-group","1992-tpc-benchmarks-vp-ed0e0d"
"aberdeen-group","1996-electronic-commerce-25d31b"
"aberdeen-group","1997-dialogic-ct-media-sets-the-pace-for-440d5e"
"aberdeen-group","1997-microsoft--the-joker-of-enterprise--158636"
"aberdeen-group","1997-microsoft-nt-scalability-day--the-e-6460e2"
"aberdeen-group","1998-advertising-on-the-internet-leveraging-the-virtual-3972d6"
"aberdeen-group","1998-cis-report-customer-interaction-software-631068"
"aberdeen-group","1998-communicating-business-intelligence-through-comput-0290b1"
"aberdeen-group","1998-enterprise-application-integration-advanced-techno-71496c"
"aberdeen-group","1998-industry-dynamics-in-u-s-it-usage-and-spending-199-26aed6"
"aberdeen-group","1998-information-technology-in-the-retail-sector-the-in-33dc54"
"aberdeen-group","1998-internet-procurement-cdc4a6"
"aberdeen-group","1998-internet-sales-report-4cde3f"
"aberdeen-group","1998-y2k-report-f512fb"
"aberdeen-group","1999-aberdeengroup-newsletter-april-1999-d157ec"
"aberdeen-group","1999-retainer-contract-d3a385"
"aberdeen-group","1999pr~1-c5516b"
"aberdeen-group","1999pr~2-cd0049"
"aberdeen-group","20-maxline-mtbf-analysis-4d9111"
"aberdeen-group","2000-is-windows-nt-windows-2000-enterprise-ready-91f2cb"
"aberdeen-group","2000-kpmg-creating-a-successful-dot-com-the-devil-is-in-9dea24"
"aberdeen-group","2000-linux-multi-client-study-29e6cf"
"aberdeen-group","2001-aberdeen-group-blades-an-evolution-in-server-densi-b56557"
"aberdeen-group","2001-aberdeen-group-recent-publications-psk-2be54d"
"aberdeen-group","2001-ca-s-etrust-directory-a-cornerstone-of-e-business--194413"
"aberdeen-group","2001-ca-s-it-resource-management-solutions-p-ing-it-ope-0855b8"
"aberdeen-group","2001-fletcher-spaght-3bb872"
"aberdeen-group","2001-kickoff---research-099232"
"aberdeen-group","2001-kickoff-content-1db48b"
"aberdeen-group","2002-webex--taking-conferencing-to-the-summit-05f195"
"aberdeen-group","2003-aberdeen-group-free-research-aberdeen-insights-1-968e18"
"aberdeen-group","2003-crm-redux-we-told-you-so-b4b0c1"
"aberdeen-group","2003-sars-electronics-supply-chain-ec0375"
"aberdeen-group","2004-03-intelitaniummfewp11.doc-618d4a"
"aberdeen-group","2004-aberdeentelelogicagrfinal-5-8fd44a"
"aberdeen-group","2006-unisyswipro-rs-3747-a7e31e"
"aberdeen-group","2026-kastner-core-arguments-framework-0b0c6b"
"aberdeen-group","2026-kastner-dec-longitudinal-22d177"
"aberdeen-group","2026-kastner-prescience-methodology-demo-0cdf48"
"aberdeen-group","aas-launch-package-aug-2001-b4a001"
"aberdeen-group","aas-operational-playbooks-aug-2001-b5a001"
"aberdeen-group","aas-sales-tools-pricing-aug-2001-b5b001"
"aberdeen-group","aberdeen-1995-data-warehouse-olap"
"aberdeen-group","aberdeen-1995-digital-linkworks"
"aberdeen-group","aberdeen-1996-enterprise-executives-year-2000-solution"
"aberdeen-group","aberdeen-1996-hp-3000-increasing-customers-successes"
"aberdeen-group","aberdeen-1996-hp-9000-enterprise-server-64bit-pa8000"
"aberdeen-group","aberdeen-1996-hp-networking-vision-workgroups"
"aberdeen-group","aberdeen-1996-ibm-transformation-business-machines-information-service"
"aberdeen-group","aberdeen-1996-managing-customers-next-gen-helpdesk"
"aberdeen-group","aberdeen-1996-year-2000-transition-opportunity-reconstruction"
"aberdeen-group","aberdeen-1997-aberdeen-group-impacts"
"aberdeen-group","aberdeen-1997-acceleratedsap-strategy"
"aberdeen-group","aberdeen-1997-actra-commercexpert-internet-commerce"
"aberdeen-group","aberdeen-1997-hp-andover-working-group"
"aberdeen-group","aberdeen-1997-lawson-insight-process-orientation-business-management"
"aberdeen-group","aberdeen-1997-picks-right-tools-year-2000"
"aberdeen-group","aberdeen-1997-silknet-software"
"aberdeen-group","aberdeen-aas-retainer-sales-doc-f40a25"
"aberdeen-group","aberdeen-company-profile-post-kastner-b01a12"
"aberdeen-group","aberdeen-corporate-background-deck-f70fe9"
"aberdeen-group","aberdeen-corporate-collateral-2001-v2-b4b001"
"aberdeen-group","aberdeen-corporate-collateral-combined-1-9674e4"
"aberdeen-group","aberdeen-corporate-presentation-98680d"
"aberdeen-group","aberdeen-cp-100-builds-274224"
"aberdeen-group","aberdeen-customer-driven-info-systems-at-2f9724"
"aberdeen-group","aberdeen-dops-tpc-1992-deck-bbe78e"
"aberdeen-group","aberdeen-dors-buying-guide-1996-web-5ee808"
"aberdeen-group","aberdeen-eii-2003-ea3f1a"
"aberdeen-group","aberdeen-group-disk-storage-usage-questi-c8ffe9"
"aberdeen-group","aberdeen-group-intro-slides-7673aa"
"aberdeen-group","aberdeen-impact-desktop-pc-sirens-1998-14b40c"
"aberdeen-group","aberdeen-megatrends-mfa-cs-mis-1993-05-98fc87"
"aberdeen-group","aberdeen-open-oltp-enterprise-managers-k-3fc536"
"aberdeen-group","aberdeen-overview-presentation-v10-29-a665b8"
"aberdeen-group","aberdeen-practice-definitions-compendium-2000-b7a001"
"aberdeen-group","aberdeen-preso-for-emc-final-storage-5-d855b8"
"aberdeen-group","aberdeen-press-advisory-kastner-appointm-efd58c"
"aberdeen-group","aberdeen-productization-pricing-and-survey-research-program-2000-b7b001"
"aberdeen-group","aberdeen-proposal-templates-and-retainer-strategy-2001-b6b001"
"aberdeen-group","aberdeen-ra-modernizing-legacy-2007-52a27a"
"aberdeen-group","aberdeen-ra-secure-soa-benchmark-2006-605d67"
"aberdeen-group","aberdeen-ra-soa-management-governance-20-ff6a2c"
"aberdeen-group","aberdeen-ra-soa-middleware-2007-68f39b"
"aberdeen-group","aberdeen-rb-testing-soa-web-apps-2007-e2096f"
"aberdeen-group","aberdeen-retail-bi-benchmark-survey-2006-aa440e"
"aberdeen-group","aberdeen-snr-architecture-three-tier-sli-abaaa5"
"aberdeen-group","aberdeen-training-book-day-3-03cfc1"
"aberdeen-group","aberdeen-training-day-1-522863"
"aberdeen-group","aberdeen-training-day-2-representing-abe-38ef4b"
"aberdeen-group","aberdeen-training-day-4-marketing-busine-601526"
"aberdeen-group","aberdeen-trends-90s-logan-1991-648c68"
"aberdeen-group","aberdeen-workshop-qualifying-questions-and-success-stories-2001-b6a001"
"aberdeen-group","aberdeenmaxtortooldemo-03-2-5a8f38"
"aberdeen-group","att-worldmark-wsj-ad-aberdeen-quote-1995-ec56fb"
"aberdeen-group","bio-webfocus-bef516"
"aberdeen-group","bpm-align-business-f76616"
"aberdeen-group","bull1990-d-c-benchmarks-8b5d9c"
"aberdeen-group","business-value-outsourcing-57ce57"
"aberdeen-group","ca-customer-focused-selling-curriculum-38c507"
"aberdeen-group","caprop1-98-5d69fd"
"aberdeen-group","caprop99-86144f"
"aberdeen-group","carepo-kastner-unicenter-jasmine-1996-1d5ffe"
"aberdeen-group","charles-t-casale-influence-cdfb3f"
"aberdeen-group","charlotte-observer-shain-back-to-school--4ec261"
"aberdeen-group","computerworld-ilm-waiting-2004"
"aberdeen-group","contract-aberdeen-engaglementltr-rev1-02-d5e80a"
"aberdeen-group","dct-about-weekly-pc-deals-2002"
"aberdeen-group","dct-cmp-pc-replacement-survey"
"aberdeen-group","dct-dceit-practice-v6-2002"
"aberdeen-group","dct-hp-camera-lab-report-2001-09"
"aberdeen-group","dct-intel-processor-prices-2003-01"
"aberdeen-group","dct-kastner-wish-list-2002-12"
"aberdeen-group","dct-memoir-athlon-64-prescience-2003"
"aberdeen-group","dct-memoir-ramp-vs-dct-prescience-2026"
"aberdeen-group","dct-pc-replacement-insight1-2003-04"
"aberdeen-group","dct-personal-it-practice-launch-2001"
"aberdeen-group","dct-pitas-agreement-template-2002"
"aberdeen-group","dct-pubs-2002"
"aberdeen-group","dct-segment-priorities-matrix-2003"
"aberdeen-group","dct-sony-personal-electronic-vision-2002"
"aberdeen-group","dct-supplier-list-2002"
"aberdeen-group","dct-traveling-with-centrino-2003-05"
"aberdeen-group","dct-video-market-segmentation-2002"
"aberdeen-group","dct-webinar-announcement-2002-11"
"aberdeen-group","dct-webinar-nov-2002"
"aberdeen-group","debit-credit-ibm-dec-1988-2-2fc147"
"aberdeen-group","dectp-genspark-research2-4-a09a82"
"aberdeen-group","dell-storage-profile-2004"
"aberdeen-group","desktop-virtualization-roi---aberdeen-8fa168"
"aberdeen-group","docucorp-3c562a"
"aberdeen-group","dubtech-1996-29d4f9"
"aberdeen-group","enterprise-integration-perspective-2-cb6165"
"aberdeen-group","enterprise-integration-perspective-d21c1b"
"aberdeen-group","esb-0617-5cc5fa"
"aberdeen-group","esb-in-soa-e002b7"
"aberdeen-group","fixups~1-a1d68b"
"aberdeen-group","health~1-056358"
"aberdeen-group","hp-compaq-blackmore-7-7f30a3"
"aberdeen-group","hp-mercury-soa-2006-pdf-80785e"
"aberdeen-group","ibm-+-webify-=-industry-soa-application--97733a"
"aberdeen-group","ibm-aberdeen-wip-deck-2-704ff9"
"aberdeen-group","ibm-major-account-plan-8-cc6400"
"aberdeen-group","ibm-messaging-workshop-report-final-9-ef7fbc"
"aberdeen-group","ibm-scm-murray2-tm-4a0fbf"
"aberdeen-group","ibmfinal1-3-720230"
"aberdeen-group","ibmramp95-9ffc12"
"aberdeen-group","ibmrs6k-05561e"
"aberdeen-group","iha-full-report---draft-jul-28-41de81"
"aberdeen-group","infiniband-and-beyond-computerworld-supp-200261"
"aberdeen-group","informationweek-windows-2000-high-end-am-4ccdae"
"aberdeen-group","informdsa-9f8bcf"
"aberdeen-group","informix-dsa-presentation-2-8d5fa3"
"aberdeen-group","inforx95-3-9a45fe"
"aberdeen-group","intel-centrino-pk-8ecf9a"
"aberdeen-group","intel-consumer-lt-10-5-03-580af7"
"aberdeen-group","intel-dss99-42b2bc"
"aberdeen-group","intel-ia2004-pk4-kc-edits-de9c37"
"aberdeen-group","intel-infiband-wp--edit-psk-5-22f-a2c551"
"aberdeen-group","intel-renewal1017-9-0d4419"
"aberdeen-group","internetnews-will-sars-infect-high-tech--8569ea"
"aberdeen-group","intern~1-45df51"
"aberdeen-group","it-budget-realities-benchmark-1b1313"
"aberdeen-group","it-outsourcing-584848"
"aberdeen-group","itthar-1-4-32f824"
"aberdeen-group","jungle-1-5-675c58"
"aberdeen-group","jungle-6-7af8b7"
"aberdeen-group","kastner-ie-v-andersen-expert-report-3de98a"
"aberdeen-group","kastner-technology-breadth-memoir-2026"
"aberdeen-group","linuxsme99-574d39"
"aberdeen-group","ma-ibm-webify-5e0d4b"
"aberdeen-group","manufacturers-that-don-t-honor-their-reb-24e62e"
"aberdeen-group","maxtor-engagement-letter-nov2003"
"aberdeen-group","maxtor-flash-demo-2003"
"aberdeen-group","maxtor-midline-evaluation-a8d823"
"aberdeen-group","maxtor-ramp-interview-guide-first-draft-c68ebd"
"aberdeen-group","maxtor-survey.v.2-d5b538"
"aberdeen-group","meetings-conventions-virtual-meetings-ps-c1b097"
"aberdeen-group","microsoft-split-will-hit-users-pockets-0-edc1ed"
"aberdeen-group","mid-line-storage-white-paper-06-13-03-3-7a2c62"
"aberdeen-group","midline-storage-white-paper-jun2003"
"aberdeen-group","ncr-att-wsj-massively-parallel-processin-f1f0a8"
"aberdeen-group","ncr-norge-open-oltp-rdbms-seminar-1992-0-7f5414"
"aberdeen-group","ndatemplate-3b4753"
"aberdeen-group","next-steps-soa-2006-0fdea1"
"aberdeen-group","ntscaling-07177f"
"aberdeen-group","nvidia-personal-cinema-lab-report-2002"
"aberdeen-group","oracle-att-ncr-customer-driven-seminar-t-b9f539"
"aberdeen-group","oracle-middleware-fragment-5-d3d774"
"aberdeen-group","oracle-wp-prod-6-a42b4b"
"aberdeen-group","oracleroiwhitepaperprod-7-bcf73f"
"aberdeen-group","pc-refresh-or-refurb-smb-computing-6-37f090"
"aberdeen-group","planningforemergingindustry-6-40decb"
"aberdeen-group","psk-bio2004-939357"
"aberdeen-group","psk-bio97-475934"
"aberdeen-group","psk-litigate98-72601c"
"aberdeen-group","psk-litigation-b452e6"
"aberdeen-group","psk-niopubs-3d103b"
"aberdeen-group","ra-bpm-2006-f5a558"
"aberdeen-group","ra-composite-apps-289c2f"
"aberdeen-group","ra-enterprise-apps-312ba4"
"aberdeen-group","remarks-of-peter-kastner-to-the-massachu-96335b"
"aberdeen-group","sd-memory-cards-to-drive-market-for-digi-71a434"
"aberdeen-group","si-soa-in-it-1bd5c3"
"aberdeen-group","snap-appliance-snapshot-2003"
"aberdeen-group","soa-aon-webinar-31973c"
"aberdeen-group","soa-governance-626545"
"aberdeen-group","soa-in-it-e5b373"
"aberdeen-group","soa-lifecycle-perspective-1ff953"
"aberdeen-group","soa-web-services-2007-c3297b"
"aberdeen-group","software-market-safegu~1-ea7453"
"aberdeen-group","sun-launch-best-practices-report-draft-8-9741fb"
"aberdeen-group","sun-launch-questionnaire-9-a2c35d"
"aberdeen-group","sun-master-contract-10-129daa"
"aberdeen-group","testahur95-330c0c"
"aberdeen-group","the-business-value-in-it-outsourcing-7d5f23"
"aberdeen-group","tpc2-92-c2a45c"
"aberdeen-group","tpcbench92-139998"
"aberdeen-group","translating-early-skills-and-experiences-15bb2d"
"aberdeen-group","trends00-6a553a"
"aberdeen-group","trends99-18726b"
"aberdeen-group","unisys-florida-hrs-expert-witness-tallah-5b4524"
"aberdeen-group","upgrades-boost-database-market-iweek-fol-f19804"
"aberdeen-group","urban-wifi-gridlock-eweek-2003-kastner-r-2e0114"
"aberdeen-group","volume-1-about-the-author"
"aberdeen-group","volume-1-appendix-career-timeline"
"aberdeen-group","volume-1-ch04-prime-computer-1979-1981"
"aberdeen-group","volume-1-ch06-dec-mainframes-last-stand-1987-1988"
"aberdeen-group","volume-1-ch07-founding-aberdeen-1988-1997"
"aberdeen-group","volume-1-ch08-aberdeen-go-go-years-1998-2006"
"aberdeen-group","volume-1-ch09-expert-witness-technology-on-trial-1992-2015"
"aberdeen-group","volume-1-ch10-the-long-view-1966-2026"
"aberdeen-group","volume-1-epilogue-argument-with-reality"
"aberdeen-group","volume-1-introduction-physics-of-the-machine"
"aberdeen-group","vulnerability-assessment-empowering-is-754d9a"
"aberdeen-group","warranty-week-dell-warranty-policies-kas-0c084d"
"aberdeen-group","why-you-need-to-replace-those-windows-98-and-nt-ma-9b9622"
"aberdeen-group","wsj-digital-challenges-ibm-tests-bulkele-e2e227"
"aberdeen-group","wsj-tech-watching-analyst-industry-1998-002531"
"aberdeen-group","y2k-computerworld-aberdeen-psk-irving-19-5bcd20"
"aberdeen-pit-practice","dct-pit-service-offering-2002"
"aberdeen-pit-practice","dct-pitas-agreement-template-2002"
"aberdeen-semi-practice","topic-semiconductor-practice-definition-2002"
"aberdeen-transaction-services","aberdeen-press-advisory-kastner-appointm-efd58c"
"aberdeen-transaction-services","volume-1-ch06-dec-mainframes-last-stand-1987-1988"
"accessdtv","dct-video-market-segmentation-2002"
"accipiter","ecprac~1-a7d0e4"
"active-software","1998-enterprise-application-integration-advanced-techno-71496c"
"actra-corp","aberdeen-1997-actra-commercexpert-internet-commerce"
"acxiom","data-know-69ab04"
"adl-public-safety-group","adl-public-safety-911-cad-systems-1973-1979-b8a001"
"adobe","dct-apple-powermac-g5-2003-06"
"adobe-flash-swf","aberdeenmaxtortooldemo-03-2-5a8f38"
"adobe-inc","dct-adobe-company-snapshot-2002"
"adobe-inc","dct-video-market-segmentation-2002"
"adobe-macromedia","maxtor-flash-demo-2003"
"adoptex-ai","volume-1-appendix-career-timeline"
"adoptex-llc","kastner-technology-breadth-memoir-2026"
"advanced-micro-devices","2002-amd-s-gigahertz-equiva-nexperienced-buyers-accept--6f6050"
"advanced-micro-devices","2006-amd-ati-acquisition-cf19ff"
"advanced-micro-devices","amd-profile01-64e43b"
"aicpa","topic-iia-pc-management-best-practices-2003-10"
"aicpa","volume-1-ch06-dec-mainframes-last-stand-1987-1988"
"airdefense-inc","2002-wireless-lan-security-an-adolescent-market-88de03"
"alex-slawsby-idc","technology-news-boardroom-former-sun-exe-bc336f"
"ali-kamali","dubtech-1996-29d4f9"
"alienware","dct-access-pc-deals-2002-2003"
"alienware","dct-weekly-2002-10-06"
"allegro-networks","svbi-apple-xserve-kastner-2002-05-17-1398db"
"alltel-info-services","top-iseries-isvs-2002-2e8695"
"alteon-networks","networ~1-96462b"
"altos-computer","stratus-sales-support-competitive-news-1-2aac8d"
"altra-energy-technologies","utilities-transformed-it-696ffb"
"amazon","14-formulas-disaster-scenario-c2f0b4"
"amazon","1998-information-technology-in-the-retail-sector-the-in-33dc54"
"amazon","1998-internet-sales-report-4cde3f"
"amazon","intel-pulse-check-ia-continuum-2013-3a693f"
"amd","2004-03-intelitaniummfewp11.doc-618d4a"
"amd","amd-fusion-outlook-newsfactor-garrett-5859d3"
"amd","amd-industry-analyst-visionaries-64bit-2-7a191f"
"amd","bapco-sysmark-2012-benchmark-post-a40084"
"amd","dct-amd-athlon-weekly-prices-2002-03"
"amd","dct-dceit-observations-2002-06"
"amd","dct-memoir-athlon-64-prescience-2003"
"amd","dell-precision-workstations-3-581e89"
"amd","intel-longlivedualcore-revised-5-fa8298"
"amd","intelitaniummfewp1[1]-773ea2"
"amd","internetnews-veritas-itanium-believer-20-2ff4eb"
"amd","otellini-intel-techpinions-2013-917213"
"amd","otellini-preview-how-it-changed-2013-604cfb"
"amd","otellini-preview-on-the-impact-2013-a50192"
"amd","server-benchmarks-2007-sept-7-862cf0"
"amd","technology-news-chips-amd-s-semprons-spa-21b184"
"amd","technology-news-hardware-amd-beats-apple-5399ec"
"amd","technology-news-hardware-amd-makes-athlo-214a36"
"amd","technology-news-hardware-amd-s-opteron-a-ecf5a9"
"amd","technology-news-hardware-intel-unveils-l-1f420a"
"amd-corporation","linuxplanet-reports-opteron-s-first-year-40c423"
"amdahl","aberdeen-1996-mainframe-revival-short-lived-or-long-term"
"amdahl","nti-9-mainframe-role-1993-77fc40"
"amdahl-corporation","ntpspr~1-728dc3"
"america-online","aberdeen-1996-tandem-vision-21st-century-electronic-business"
"american-arbitration-association","aberdeen-proposal-templates-and-retainer-strategy-2001-b6b001"
"american-science-and-engineering","adl-ase-asep-two-way-power-communications-1979-b8c001"
"american-science-and-engineering","adl-commercial-engagements-kastner-1972-1979-b8b001"
"american-science-engineering","minicomputer-news-ase-asep-1979-2b5327"
"american-software","psk-litigation-b452e6"
"ameritech","teleco~1-c01702"
"an-wang","phi-legacy-in-wang-labs-runaway-horse-1995-b8e001"
"an-wang","volume-1-ch02-physics-of-the-machine-1969-1972"
"analyst-allen-kent","dct-pubs-2002"
"analyst-degnan-christa","dct-pubs-2002"
"analyst-hoch-michael","dct-pubs-2002"
"analyst-hurley-jim","dct-pubs-2002"
"analyst-jones-katherine","dct-pubs-2002"
"analyst-minahan-tim","dct-pubs-2002"
"analyst-pombriant-denis","dct-pubs-2002"
"analyst-smith-karen","dct-pubs-2002"
"analyst-tanner-dan","dct-pubs-2002"
"analyst-tardelli-dana","dct-pubs-2002"
"andersen-consulting","1997-teamsap-a3591b"
"andersen-consulting","1999-crm-professional-services-rpt-96bf13"
"andersen-consulting","aberdeen-1996-taming-sap-r3-consultant-led-introspection"
"andersen-consulting","erppsp~1-31f088"
"andersen-consulting","ie-appendix-lane-qa-research-e594cb"
"andersen-consulting","kastner-ie-v-andersen-expert-report-3de98a"
"andersen-consulting","retail~1-d5de79"
"andersen-consulting","utilities-transformed-it-696ffb"
"andersen-consulting","utilit~1-0596b5"
"andersen-consulting","volume-1-ch09-expert-witness-technology-on-trial-1992-2015"
"andover-working-group","aberdeen-1997-hp-andover-working-group"
"andrew-tridgell","linuxcare-ab95f6"
"andrew-tridgell","linuxcare-profile-1999"
"andrew-winer-myers","informationweek-ca-victorious-incumbents-143e3b"
"andy-bochman","fixups~1-a1d68b"
"andy-bryant","peter-kastner-10-bde195"
"andy-grove","aberdeen-managing-is-amidst-it-chaos-lan-05ea75"
"andy-grove","aberdeen-megatrends-mfa-cs-mis-1993-05-98fc87"
"andy-grove","usatoday-maney-pentium-fdiv-kastner-1994-13a035"
"answer-financial","informationweek-ibm-ms-nt-clusters-1999-8c5b45"
"aol-inc","tech-investor-instant-messaging-goes-cor-1a14c2"
"apex-digital","dct-dceit-practice-v6-2002"
"apollo-computer","volume-1-about-the-author"
"apollo-computer","volume-1-introduction-physics-of-the-machine"
"apple","2001-winning-the-enterprise-pocket-pc-will-he-pervasive-7686b2"
"apple-computer","1997-ibm-when-a-pc-is-simply-platform-ov-5e9364"
"apple-computer","charlotte-observer-shain-back-to-school--4ec261"
"apple-computer","dct-apple-powermac-g5-2003-06"
"apple-computer","dct-personal-it-forecast-research-2001"
"apple-computer","dct-why-aberdeen-follows-pc-deals-2002"
"apple-computer","hostingtech-apple-xserve-asia-zieger-200-052af6"
"apple-computer","linux-news-enterprise-systems-apple-s-en-a8fdd0"
"apple-computer","mac-keeps-lead-on-linux-7-e3bcbf"
"apple-computer","mac-news-business-is-apple-prepared-for-727ea9"
"apple-computer","mac-news-computers-us-army-drafts-apple-c2f6f9"
"apple-computer","mac-news-enterprise-systems-apple-s-ente-59fab0"
"apple-computer","mac-news-science-the-science-of-this-yea-bb35b4"
"apple-computer","mac-os-vs--linux-who-s-2-the-mac-observe-34e63d"
"apple-computer","macdailynews-analyst-apple-will-have-pro-54defe"
"apple-computer","macsimum-news-comparing-the-mac-os-and-l-26c31a"
"apple-computer","music-tv-central-to-dell-consumer-push-m-57e733"
"apple-computer","nti-12-client-server-goals-1993-15a519"
"apple-computer","nti-3-pc-and-ws-1993-17d49b"
"apple-computer","nti-4-nextgen-os-timing-1993-a45049"
"apple-computer","power-macs-won-t-hit-3ghz-this-year-anal-73ad0f"
"apple-computer","svbi-apple-xserve-kastner-2002-05-17-1398db"
"apple-computer","technology-news-hardware-amd-beats-apple-5399ec"
"apple-computer","technology-news-hardware-apple-s-power-m-91980c"
"apple-inc","mac-news-business-apple-intel-marriage-m-d0a5d8"
"apple-inc","marketwatch-weeks-top-apr17-2003-intel-k-429978"
"apple-inc","pc-style-living-room-macobserver-seward-97ed83"
"apple-inc","tiger-responds-security-warnings-eweek-b-95c721"
"apple-inc","usatoday-maney-mac-or-pc-windows-securit-b45d45"
"apple-inc","usatoday-reuters-pc-music-deals-gateway--b3a303"
"apple-inc","year-in-macs-part-one-macworld-dalrymple-dd247c"
"aprisma-management","1997-cabletron--discovering-the-beacon-u-2d44d5"
"arbor-software","aberdeen-1995-data-warehouse-olap"
"arbor-software","aberdeen-1996-khalix-financial-awareness-competitive-advantage"
"arbor-software","cab199-1-2-0cb163"
"arbor-software","dssune~1-cbf6e3"
"arch-currid","sia-compaq-vows-support-himalaya-post-hp-21421a"
"ariba","1998-internet-procurement-cdc4a6"
"ariba","2000-oracle-the-e-business-supply-chain-meeting-cu-r-re-1a72ef"
"ariba","2001-sap-the-once-and-future-king-fe2827"
"ariba","oracle-wp-prod-6-a42b4b"
"ariba","oracleroiwhitepaperprod-7-bcf73f"
"ariba-technologies","dollars-and-sense-b2b-ec-eb8c9d"
"arizona-state-university","data-warehouse-2-years-later-cause-1994-721bb1"
"arlene-larsen","volume-1-ch01-waiting-for-automation-1960-1969"
"arthur-andersen","1997-the-ec-company-not-your-father-s-edi-c1ebff"
"arthur-andersen","aberdeen-1997-acceleratedsap-strategy"
"arthur-andersen-vln","1999-e-learning-in-the-enterprise-psk-d0fc8a"
"arthur-d-little","adl-commercial-engagements-kastner-1972-1979-b8b001"
"arthur-d-little","kastner-technology-breadth-memoir-2026"
"arthur-d-little","management-skills-learned-1969-3e75d0"
"arthur-d-little","psk-bio2004-939357"
"arthur-d-little","psk-bio97-475934"
"arthur-d-little","psk-ibmbio-fde139"
"arthur-d-little","translating-early-skills-and-experiences-15bb2d"
"arthur-d-little","volume-1-appendix-career-timeline"
"arthur-d-little","volume-1-ch03-physics-of-consulting-1972-1979"
"arthur-d-little","volume-1-ch04-prime-computer-1979-1981"
"arthur-d-little","volume-1-ch09-expert-witness-technology-on-trial-1992-2015"
"arthur-d-little-systems","adl-public-safety-911-cad-systems-1973-1979-b8a001"
"arthur-d-little-systems","volume-1-about-the-author"
"arthur-d-little-systems","volume-1-ch02-physics-of-the-machine-1969-1972"
"arthur-d-little-systems","volume-1-ch03-physics-of-consulting-1972-1979"
"ascend-communications","1997-bay-networks--concentrating-on-remo-06bdd8"
"ascend-communications","aberdeen-1996-ciscos-access-business-unit-crystallizes-vision"
"ascend-communications","aberdeen-1996-remote-access-cisco-untold-story"
"ascend-communications","volume-1-ch05-stratus-fault-tolerant-wars-1981-1987"
"ascendant-omnigy","2001-fletcher-spaght-3bb872"
"astea-international","cispra~1-23a333"
"atheros-communications","2002-802-11a-b-wireless-comes-of-age-6a071d"
"ati-technologies","2003-sars-electronics-supply-chain-ec0375"
"ati-technologies","dct-kastner-wish-list-2002-12"
"ati-technologies","dct-supplier-list-2002"
"ati-technologies","dct-video-market-segmentation-2002"
"atlanta-olympics-1996","aberdeen-1996-year-2000-transition-opportunity-reconstruction"
"att","aberdeen-1996-open-market-web-based-commerce"
"att-corp","att-worldmark-wsj-ad-aberdeen-quote-1995-ec56fb"
"att-corp","ncr-3000-cabinet-engineering-diagram-199-fa564f"
"att-corp","ncr-att-wsj-massively-parallel-processin-f1f0a8"
"att-corp","oracle-att-ncr-customer-driven-seminar-t-b9f539"
"att-corp","oracle-att-ncr-pittsburgh-seminar-letter-98b0a4"
"att-gis","aberdeen-1996-ncr-fail-safe-enterprise-nt"
"att-gis","ibm-rs6000-midran~1-88f049"
"att-gis-ncr","aberdeen-1996-risc-unix-market"
"att-solutions","1998-network-integration-services-report-f75108"
"attunity","aberdeen-eii-2003-ea3f1a"
"audi-ag","technology-news-hardware-intel-updates-i-a018d7"
"auguste-richard-analyst","tech-investor-is-sars-sickening-tech-apr-850937"
"aurora-co-police-department","adl-public-safety-911-cad-systems-1973-1979-b8a001"
"aurum-software","1997-cis-report-ba825e"
"auspex-systems","aberdeen-1996-network-appliance-data-appliances"
"avanade-inc","psbj-meisner-microsoft-consulting-acquis-7b85c8"
"avantgo","dct-kastner-wish-list-2002-12"
"avermedia","dct-video-market-segmentation-2002"
"axcelerant","goremote-profile-5-2a-8fa814"
"axiom8","aberdeen-workshop-qualifying-questions-and-success-stories-2001-b6a001"
"baan","2003-aberdeen-group-free-research-aberdeen-insights-1-968e18"
"baan","aberdeen-1997-aberdeen-group-impacts"
"baan","dbmspr~1-7c854e"
"baan","decision-maker-erp-services-805ce8"
"baan","oracle-appsworld-insight-edit-4-813c2e"
"baan-company","aberdeen-1996-baan-changes-rules-erp-game"
"baan-company","erppsp~1-31f088"
"baan-company","erpv2p~1-b15573"
"baan-corporation","1997-vertical-industry-solutions-baan-leads-in-innovati-f12724"
"bank-one","omnibox97-53bcfe"
"banyan-systems","1999-aberdeengroup-newsletter-april-1999-d157ec"
"banyan-systems","aberdeen-1995-commercial-messaging"
"banyan-systems","aberdeen-1996-ibm-os2-warp-server"
"banyan-systems","nti-12-client-server-goals-1993-15a519"
"banyan-systems","nti-2-open-systems-1dd3af"
"bapco","bapco-sysmark-2012-benchmark-post-a40084"
"bapern","adl-public-safety-911-cad-systems-1973-1979-b8a001"
"barbara-kruesi","adl-commercial-engagements-kastner-1972-1979-b8b001"
"bay-networks","1997-bay-networks--concentrating-on-remo-06bdd8"
"bay-networks","1997-bay-networks--switch-node-routing-s-4d9885"
"bay-networks","aberdeen-1997-aberdeen-group-impacts"
"bay-networks","networ~1-96462b"
"bdo-seidman","volume-1-ch08-aberdeen-go-go-years-1998-2006"
"bea-systems","aberdeen-eii-2003-ea3f1a"
"bea-systems","esb-0617-5cc5fa"
"bea-systems","middle~1-a64fa0"
"bea-systems","volume-1-ch08-aberdeen-go-go-years-1998-2006"
"bell-atlantic","teleco~1-c01702"
"bell-atlantic-network-integration","1998-network-integration-services-report-f75108"
"beneficial-life","oracle-wp-prod-6-a42b4b"
"beneficial-life","oracleroiwhitepaperprod-7-bcf73f"
"bernie-bradstreet","volume-1-ch04-prime-computer-1979-1981"
"best-buy","2002-alternate-consumer-electronics-channels-ppliers-em-b9052b"
"best-buy","dct-access-pc-deals-2002-2003"
"best-buy","dct-dceit-observations-2002-06"
"best-buy","dct-weekly-2003-01-12"
"best-buy","dct-weekly-2003-01-19"
"best-buy","dct-weekly-2003-01-26"
"best-buy","dct-weekly-2003-03-02"
"best-buy","dct-weekly-2003-03-09"
"best-buy","dct-weekly-2003-03-16"
"best-buy","dct-weekly-2003-03-23"
"best-buy","dct-weekly-2003-04-06"
"best-buy","dct-weekly-2003-04-13"
"best-buy","dct-weekly-2003-04-20"
"best-buy","dct-weekly-2003-05-11"
"best-buy","dct-weekly-2003-05-18"
"best-buy","dct-weekly-2003-06-08"
"best-buy","dct-weekly-2003-06-15"
"best-buy","dct-weekly-2003-06-22"
"best-buy","dct-weekly-2003-07-06"
"best-buy","dct-weekly-2003-07-13"
"best-buy","dct-weekly-2003-07-26"
"best-buy","dct-weekly-2003-08-03"
"best-buy","dct-weekly-2003-08-10"
"best-buy","dct-weekly-2003-08-17"
"best-buy","dct-weekly-2003-08-24"
"best-buy","great-rebate-runaround-businessweek-grow-00f459"
"best-buy","wsj-mcwilliams-private-label-pcs-2002-05-bdab0a"
"better-business-bureau","great-rebate-runaround-businessweek-grow-00f459"
"bill-bulkeley","kastner-technology-breadth-memoir-2026"
"bill-gates","informationweek-tablet-pc-microsoft-kast-72320d"
"bill-gates","tablet-offers-high-risk-high-reward-port-7cf9f8"
"bill-malik","it-budget-realities-benchmark-1b1313"
"bill-ojile","stratus-et1-tp1-tandem-dossier-1986-26871a"
"bill-schrier","novell-and-microsoft-good-for-business-4-59404e"
"bill-steul","dec-mgmt-memo-v7n5-state-of-company-1988-6a9954"
"bill-steul","volume-1-ch06-dec-mainframes-last-stand-1987-1988"
"bill-strecker","dec-mgmt-memo-v7n5-state-of-company-1988-6a9954"
"bill-swanton-amr","esb-soa-fabric-webmethods-techtarget-see-83b233"
"bill-zahavi","dec-zahavi-debit-credit-vaxclusters-1988-1a9e2e"
"bls","2026-kastner-prescience-methodology-demo-0cdf48"
"blue-socket","2002-wireless-lan-security-an-adolescent-market-88de03"
"blyth-software","aberdeen-1996-blyths-ren-architecture-prescription-it-success"
"blyth-software","psk-misc-speech-agendas-5965a3"
"bmc-software","system~1-36ba8c"
"bob-clausen","volume-1-ch04-prime-computer-1979-1981"
"bob-glorioso","dec-mgmt-memo-v7n5-state-of-company-1988-6a9954"
"bob-kolk","phi-legacy-in-wang-labs-runaway-horse-1995-b8e001"
"bob-siegel","phi-legacy-in-wang-labs-runaway-horse-1995-b8e001"
"boeing","aberdeen-1996-baan-changes-rules-erp-game"
"boldfish","aberdeen-workshop-qualifying-questions-and-success-stories-2001-b6a001"
"borland-inprise","develo~1-d25652"
"borland-inprise","intern~1-45df51"
"boston-globe","boston-globe-mit-enterprise-forum-kastne-2a3462"
"boston-police-department","adl-public-safety-911-cad-systems-1973-1979-b8a001"
"breakaway-solutions","1999-crm-professional-services-rpt-96bf13"
"bridging-data-technology","1998-y2k-report-f512fb"
"bristol-myers","1997-oracle8-the-database-for-network-computing-674c9d"
"brite-computers","rbj-pc-reseller-slump-psk-2002-07-05-9cb170"
"broadcom","dct-dceit-practice-v6-2002"
"broadcom","sars2-hot-topic-cf91d4"
"broadvision","1997-broadvision-dynamic-web-application-5f10bb"
"broadvision","ecprac~1-a7d0e4"
"broderbund","1997-commerce-exchange-pvp-250db8"
"bruce-chizen","dct-adobe-company-snapshot-2002"
"bryan-lamkin","dct-adobe-company-snapshot-2002"
"bsa","dell-ars-wp-2-72fd7f"
"btrieve-technologies","aberdeen-1996-ibm-os2-warp-server"
"bull","1992-tpc-benchmarks-vp-ed0e0d"
"bull","aberdeen-1996-risc-unix-market"
"bull","aberdeen-dops-tpc-1992-deck-bbe78e"
"bull","tpc2-92-c2a45c"
"bull-hn-international","bull1990-d-c-benchmarks-8b5d9c"
"business-objects","1997-oracle-data-mart-suite-for-nt-926845"
"business-objects","aberdeen-1995-data-warehouse-olap"
"business-objects","aberdeen-1995-intersolv-virtual-data-warehouse"
"business-objects","aberdeen-1996-iq-software-www-reporting"
"business-objects","aberdeen-eii-2003-ea3f1a"
"businessweek","2003-crm-redux-we-told-you-so-b4b0c1"
"ca-cro","2002-ca-does-the-right-thing-customers-say-cro-rocks-1fc1d7"
"ca-technologies","aberdeen-1996-ibm-tivoli"
"cable-companies","2002-cable-and-telco-companies-battle-for-home-internet-2baa0b"
"cabletron-systems","1997-cabletron--discovering-the-beacon-u-2d44d5"
"cabletron-systems","1997-cabletron-and-ipsilon--linking-secu-adba48"
"cabletron-systems","aberdeen-1997-aberdeen-group-impacts"
"cabletron-systems","system~1-36ba8c"
"caldera","2000-linux-multi-client-study-29e6cf"
"california-legislature","make-claiming-rebates-easier-for-consume-9f1dc6"
"cambridge-technology-partners","1998-nt-professional-services-buying-guide-1998-edition-14e452"
"cambridge-technology-partners","1999-crm-professional-services-rpt-96bf13"
"cambridge-technology-partners","ecpspr~1-4968bf"
"cambridge-technology-partners","erppsp~1-31f088"
"cambridge-technology-partners","ntpspr~1-728dc3"
"candle-corporation","system~1-36ba8c"
"cap-gemini","1999-crm-professional-services-rpt-96bf13"
"cap-gemini-america","1998-y2k-report-f512fb"
"cape-clear","esb-in-soa-e002b7"
"carlos-borgialli","dectp-genspark-research2-4-a09a82"
"carly-fiorina","2001-hp-cpq-merger-collection-edbca1"
"carly-fiorina","dct-hp-compaq-pcs-insight-2001-09"
"carly-fiorina","processor-editorial-article-one-powerhou-aa3f6c"
"caroline-s-kastner","dct-about-weekly-pc-deals-2002"
"caroline-s-kastner","dct-dceit-observations-2002-06"
"carreckers","oracle-wp-prod-6-a42b4b"
"catalyst-international","ie-appendix-jones-wms-memo-2e5d6c"
"caterpillar-financial","informationweek-videoconferencing-boost--b62ff4"
"caterpillar-inc","informationweek-videoconferencing-boost--b62ff4"
"cause-organization","data-warehouse-2-years-later-cause-1994-721bb1"
"cdnow","1999-aberdeengroup-newsletter-april-1999-d157ec"
"cellnet-data-systems","utilities-transformed-it-696ffb"
"centrum-communications","aberdeen-1997-3com-accelerates-remote-access-market"
"cerner-corporation","health~1-056358"
"cert-cc","2002-open-source-and-linux-2002-poster-children-for-sec-587674"
"cert-cc","topic-iia-pc-management-best-practices-2003-10"
"chad-robinson","processor-editorial-article-much-in-stor-660f27"
"changepoint-corporation","1999-professional-services-automation-rpt-10e22b"
"charles-geschke","dct-adobe-company-snapshot-2002"
"charles-le-grand","topic-iia-pc-management-best-practices-2003-10"
"charles-t-casale","aberdeen-press-advisory-kastner-appointm-efd58c"
"charles-t-casale","charles-t-casale-influence-cdfb3f"
"charles-t-casale","volume-1-about-the-author"
"charles-t-casale","volume-1-ch07-founding-aberdeen-1988-1997"
"charles-wang","on-computers-tips-40th-anniversary-of-th-ee9cc5"
"chase-manhattan","management-skills-learned-1969-3e75d0"
"chase-manhattan-bank","adl-commercial-engagements-kastner-1972-1979-b8b001"
"chase-manhattan-bank","volume-1-about-the-author"
"chase-manhattan-bank","volume-1-appendix-career-timeline"
"chase-manhattan-bank","volume-1-ch03-physics-of-consulting-1972-1979"
"chase-manhattan-bank","volume-1-epilogue-argument-with-reality"
"chase-manhattan-bank","volume-1-introduction-physics-of-the-machine"
"check-point-software","securi~1-3e7ced"
"china-electronics-mfg","electronic-news-videoconferencing-sars-c-044642"
"china-prc","internetnews-will-sars-infect-high-tech--8569ea"
"china-prc","tighten-disease-tracking-sars-latimes-20-0568b4"
"china-standard-software","comdex-2003-sun-aggressive-seattletimes--9ca4dd"
"chris-martins","aberdeen-productization-pricing-and-survey-research-program-2000-b7b001"
"christopher-date","volume-1-ch06-dec-mainframes-last-stand-1987-1988"
"christopher-fletcher","2001-fletcher-spaght-3bb872"
"chuck-casale","volume-1-ch04-prime-computer-1979-1981"
"chuck-mulloy","peter-kastner-10-bde195"
"chuck-thacker","informationweek-tablet-pc-microsoft-kast-72320d"
"cia","volume-1-ch04-prime-computer-1979-1981"
"cindy-murray","ibm-major-account-plan-8-cc6400"
"cio-magazine","dell-ars-wp-2-72fd7f"
"circuit-city","2002-alternate-consumer-electronics-channels-ppliers-em-b9052b"
"circuit-city","dct-weekly-2003-01-19"
"circuit-city","dct-weekly-2003-01-26"
"circuit-city","dct-weekly-2003-03-02"
"circuit-city","dct-weekly-2003-03-09"
"circuit-city","dct-weekly-2003-03-16"
"circuit-city","dct-weekly-2003-03-23"
"circuit-city","dct-weekly-2003-04-06"
"circuit-city","dct-weekly-2003-04-13"
"circuit-city","dct-weekly-2003-04-20"
"circuit-city","dct-weekly-2003-05-11"
"circuit-city","dct-weekly-2003-05-18"
"circuit-city","dct-weekly-2003-06-08"
"circuit-city","dct-weekly-2003-06-15"
"circuit-city","dct-weekly-2003-06-22"
"circuit-city","dct-weekly-2003-07-06"
"circuit-city","dct-weekly-2003-07-13"
"circuit-city","dct-weekly-2003-07-26"
"circuit-city","dct-weekly-2003-08-03"
"circuit-city","dct-weekly-2003-08-10"
"circuit-city","dct-weekly-2003-08-17"
"circuit-city","dct-weekly-2003-08-24"
"circuit-city","wsj-mcwilliams-private-label-pcs-2002-05-bdab0a"
"cisco","intel-centrino-pk-8ecf9a"
"cisco","portal-99-fe5656"
"cisco","volume-1-ch05-stratus-fault-tolerant-wars-1981-1987"
"cisco-systems","1997-bay-networks--switch-node-routing-s-4d9885"
"cisco-systems","1997-cabletron-and-ipsilon--linking-secu-adba48"
"cisco-systems","1997-cisco-s-core-products-business-inte-bd8697"
"cisco-systems","2002-webex-taking-conferencing-to-the-business-communic-85e330"
"cisco-systems","2002-wireless-lan-security-an-adolescent-market-88de03"
"cisco-systems","aberdeen-1995-3com-lanplex-2500"
"cisco-systems","aberdeen-1996-ciscos-access-business-unit-crystallizes-vision"
"cisco-systems","aberdeen-1996-remote-access-cisco-untold-story"
"cisco-systems","aberdeen-1997-aberdeen-group-impacts"
"cisco-systems","networ~1-96462b"
"cisco-systems","processor-editorial-article-the-momentum-2b093d"
"citibank","adl-commercial-engagements-kastner-1972-1979-b8b001"
"citrix","2010-intel-vpro-daily-globe-6f615e"
"citrix-systems","1998-microsoft-nt-windows-2000-multi-user-computing-5f91e4"
"citrix-systems","sun-sentinel-citrix-templeton-staying-20-b645c7"
"clarify","aberdeen-1996-managing-customers-next-gen-helpdesk"
"clarify-inc","1997-cis-report-ba825e"
"clarify-inc","1998-cis-report-customer-interaction-software-631068"
"clarify-inc","1999-managing-customers-with-next-generation-software-a-a5adc4"
"clarify-inc","aberdeen-1996-clarify-inc"
"clearplay-inc","future-of-dvd-forum-panel-2003-taylor-61b198"
"click2learn","1999-e-learning-in-the-enterprise-psk-d0fc8a"
"cmp-media","dct-cmp-pc-replacement-survey"
"cognizant-corporation","pilot-internet-publisher-51e601"
"cognos","1997-oracle-data-mart-suite-for-nt-926845"
"cognos","aberdeen-1996-iq-software-www-reporting"
"cognos","aberdeen-1996-khalix-financial-awareness-competitive-advantage"
"cognos","data-know-69ab04"
"cognos","dssune~1-cbf6e3"
"cognos","nti-5-development-toolsets-0e71c5"
"cognos-corp","aberdeen-1995-data-warehouse-olap"
"cognos-corp","aberdeen-1995-intersolv-virtual-data-warehouse"
"colsa-corporation","mac-news-computers-us-army-drafts-apple-c2f6f9"
"combinet","aberdeen-1996-ciscos-access-business-unit-crystallizes-vision"
"cometa-networks","dct-traveling-with-centrino-2003-05"
"commerce-one","1998-internet-procurement-cdc4a6"
"commerce-one","2001-aberdeen-group-recent-publications-psk-2be54d"
"commerce-one","2001-sap-the-once-and-future-king-fe2827"
"commerce-one","dollars-and-sense-b2b-ec-eb8c9d"
"compal","2003-sars-electronics-supply-chain-ec0375"
"compal-electronics","sars2-hot-topic-cf91d4"
"compaq","1998as400-1-146289"
"compaq","1999pr~1-c5516b"
"compaq","2001-aberdeen-group-recent-publications-psk-2be54d"
"compaq","2001-hp-compaq-kastner-insight1-d6dc38"
"compaq","2001-pdas-in-the-enterprise-analyzing-supplier-viabilit-b2c1d0"
"compaq","2001-winning-the-enterprise-pocket-pc-will-he-pervasive-7686b2"
"compaq","2002-hp-s-consumer-pc-business-will-shrink-psk-ef3cd5"
"compaq","aberdeen-1996-digital-debunks-ntsmp-scalability-myth"
"compaq","aberdeen-1996-digital-leading-nt-across-enterprise-charge"
"compaq","aberdeen-1996-ibm-as400-vs-microsoft-nt-server"
"compaq","aberdeen-dops-tpc-1992-deck-bbe78e"
"compaq","dct-access-pc-deals-2002-2003"
"compaq","dct-hp-compaq-pcs-insight-2001-09"
"compaq","dct-personal-it-forecast-research-2001"
"compaq","dct-weekly-2002-08-24-pc-deals-analysis"
"compaq","dct-weekly-2002-08-24-pc-deals-script"
"compaq","dct-weekly-2002-11-17"
"compaq","dct-weekly-2003-01-12"
"compaq","dct-weekly-2003-01-19"
"compaq","dct-weekly-2003-03-09"
"compaq","dct-weekly-2003-04-06"
"compaq","dct-weekly-2003-05-18"
"compaq","erppsp~1-31f088"
"compaq","hp-analyst-phone-call-6-204870"
"compaq","hp-compaq-blackmore-7-7f30a3"
"compaq","hp-compaq-kastner-insight1-a5a4e0"
"compaq","infiniband-data-center-wp-2002"
"compaq","ncr-bringing-highly-available-nt-ecb055"
"compaq","nti-11-distributed-midrange-servers-1993-dedd19"
"compaq","nti-4-nextgen-os-timing-1993-a45049"
"compaq","sequent-sap-sequen~1-7f70e4"
"compaq","volume-1-ch06-dec-mainframes-last-stand-1987-1988"
"compaq","workst~1-d22401"
"compaq-computer","1992-tpc-benchmarks-vp-745fa1"
"compaq-computer","1997-the-compaq-siebel-global-alliance-an-e-roach-to-cu-458c35"
"compaq-computer","1998as400-1-146289"
"compaq-computer","2001-compaq-tru64-unix-and-oracle9i-clusters-reduce-cos-17b4b2"
"compaq-computer","2001-linux-is-on-the-move-up-6bf089"
"compaq-computer","aberdeen-1996-debunking-ntsmp-scalability-myth"
"compaq-computer","ntpspr~1-728dc3"
"compaq-computer","ntserv~1-56bd94"
"compaq-computer","sia-compaq-vows-support-himalaya-post-hp-21421a"
"compaq-computer","usatoday-kessler-itanium-mckinley-kastne-77362b"
"compaq-computer-corporation","2003-dell-ars-white-paper-53d13d"
"compaq-computer-corporation","2026-kastner-dec-longitudinal-22d177"
"compro-technology","nvidia-personal-cinema-lab-report-2002"
"compusa","dct-weekly-2003-01-12"
"compusa","dct-weekly-2003-01-19"
"compusa","dct-weekly-2003-01-26"
"compusa","dct-weekly-2003-03-02"
"compusa","dct-weekly-2003-03-09"
"compusa","dct-weekly-2003-03-16"
"compusa","dct-weekly-2003-03-23"
"compusa","dct-weekly-2003-04-06"
"compusa","dct-weekly-2003-04-13"
"compusa","dct-weekly-2003-04-20"
"compusa","dct-weekly-2003-05-11"
"compusa","dct-weekly-2003-05-18"
"compusa","dct-weekly-2003-06-08"
"compusa","dct-weekly-2003-06-15"
"compusa","dct-weekly-2003-06-22"
"compusa","dct-weekly-2003-07-06"
"compusa","dct-weekly-2003-07-13"
"compusa","dct-weekly-2003-07-26"
"compusa","dct-weekly-2003-08-03"
"compusa","dct-weekly-2003-08-10"
"compusa","dct-weekly-2003-08-17"
"compusa","dct-weekly-2003-08-24"
"compusa","wsj-mcwilliams-private-label-pcs-2002-05-bdab0a"
"compuserve","portal-99-fe5656"
"computer-associates","10ibmiss-f66945"
"computer-associates","1998-y2k-report-f512fb"
"computer-associates","1999-retainer-contract-d3a385"
"computer-associates","2001-aberdeen-group-recent-publications-psk-2be54d"
"computer-associates","2001-ca-s-etrust-directory-a-cornerstone-of-e-business--194413"
"computer-associates","2001-ca-s-it-resource-management-solutions-p-ing-it-ope-0855b8"
"computer-associates","2002-ca-does-the-right-thing-customers-say-cro-rocks-1fc1d7"
"computer-associates","2003-aberdeen-group-free-research-aberdeen-insights-1-968e18"
"computer-associates","aberdeen-1996-bulls-sagister-datacenterdisciplined-unix-businesscritical-applications"
"computer-associates","aberdeen-1996-computer-telephony-integration"
"computer-associates","aberdeen-dors-buying-guide-1996-web-5ee808"
"computer-associates","ca-infrastructure-speech-chaos-or-cosmos-9cdfb1"
"computer-associates","ca-internet-app-dev-sales-training-1996-48db9c"
"computer-associates","ca-jasmine-ii-brochure-kastner-endorseme-6588be"
"computer-associates","ca-y2k-cfo-executive-exchange-1997-c59ca4"
"computer-associates","cacustsell98-3b53c6"
"computer-associates","caprop1-98-5d69fd"
"computer-associates","caprop99-86144f"
"computer-associates","carepo-kastner-unicenter-jasmine-1996-1d5ffe"
"computer-associates","caunic-ltr98-80140d"
"computer-associates","dbmspr~1-7c854e"
"computer-associates","develo~1-d25652"
"computer-associates","eweek-ca-team-victorious-proxy-fight-200-c424f4"
"computer-associates","ie-appendix-jones-wms-memo-2e5d6c"
"computer-associates","inforx95-3-9a45fe"
"computer-associates","jungle-1-5-675c58"
"computer-associates","jungle-6-7af8b7"
"computer-associates","letter-to-sanjay-kumar-ca-world-2001-d60b1b"
"computer-associates","management-heavies-seek-broader-base-8-723197"
"computer-associates","nti-9-mainframe-role-1993-77fc40"
"computer-associates","psk-misc-speech-agendas-5965a3"
"computer-associates","rdbms-for-ibm-powera~1-7a44be"
"computer-associates","system~1-36ba8c"
"computer-associates","volume-1-ch04-prime-computer-1979-1981"
"computer-associates","vulnerability-assessment-empowering-is-754d9a"
"computer-associates-ca","informationweek-ca-victorious-incumbents-143e3b"
"computer-associates-international","1997-ca-s-unicenter-tng-framework-pk-apr-50d15f"
"computer-associates-international","aberdeen-1995-data-warehouse-olap"
"computer-associates-international","cab199-1-2-0cb163"
"computer-consoles","psk-litigation-b452e6"
"computer-consoles-inc","psk-litigate98-72601c"
"computer-corporation-of-america","sirius-web-enablement-b81ea8"
"computer-horizons","1998-y2k-report-f512fb"
"computervision-corporation","charles-t-casale-influence-cdfb3f"
"computerworld","stratus-fault-tolerant-revolution-ad-198-797e0e"
"compuware","qacenter-automated-software-quality-from-start-to--b7003b"
"compuware-corp","1998-y2k-report-f512fb"
"consonus","safeway-damages-report-draft-b502f4"
"continental-forest-industries","management-skills-learned-1969-3e75d0"
"continental-forest-industries","volume-1-ch03-physics-of-consulting-1972-1979"
"coopers-lybrand","1998-nt-professional-services-buying-guide-1998-edition-14e452"
"coopers-lybrand","erppsp~1-31f088"
"coopers-lybrand","ntpspr~1-728dc3"
"corba-consortium","aberdeen-1995-commercial-messaging"
"corel-corp","tool-vendors-neglect-intranet-computing--97bde3"
"corel-corporation","1997-data-integration-management-in-hete-de2429"
"corel-corporation","1997-data-mining-buying-guide-71e463"
"corel-corporation","1997-datafocus'-nutcracker--enterprise-c-bfc11e"
"corel-corporation","1998-hp-high-availability-and-metadata-7d1276"
"corel-corporation","2003-intel-consumer-lt-10-5-8c346e"
"cornell-hotel-school","volume-1-ch01-waiting-for-automation-1960-1969"
"cornell-university","volume-1-about-the-author"
"cornell-university","volume-1-ch01-waiting-for-automation-1960-1969"
"coso","topic-iia-pc-management-best-practices-2003-10"
"cowen-datamation-survey","stratus-corporate-overview-1982-11-a7e367"
"craig-barrett","intel-idf-2005-spring-delegate-confirmat-0de810"
"credit-suisse-first-boston","oracle-wp-prod-6-a42b4b"
"critical-path-inc","aberdeen-workshop-qualifying-questions-and-success-stories-2001-b6a001"
"crossroads-software","psk-litigate98-72601c"
"crossroads-software","psk-litigation-b452e6"
"crossworld-software","1998-enterprise-application-integration-advanced-techno-71496c"
"crossworlds-software","middle~1-a64fa0"
"csc","ie-appendix-lane-qa-research-e594cb"
"cullinet","volume-1-ch06-dec-mainframes-last-stand-1987-1988"
"cumberland-farms","phi-psd-brochure-and-kastner-engagements-1969-1972-b8d001"
"cumberland-farms","volume-1-appendix-career-timeline"
"cumberland-farms","volume-1-ch02-physics-of-the-machine-1969-1972"
"cybergold","1999-digitalcash-the-dash-to-digital-cash-enabling-inte-23732b"
"d-link","dct-kastner-wish-list-2002-12"
"dana-gardner","comdex-2003-sun-aggressive-seattletimes--9ca4dd"
"daniel-duerr","hostingtech-apple-xserve-asia-zieger-200-052af6"
"daniel-lyons-pcweek","usatoday-maney-pentium-fdiv-kastner-1994-13a035"
"data-decisions","stratus-et1-tp1-tandem-dossier-1986-26871a"
"data-dimensions-inc","y2k-computerworld-aberdeen-psk-irving-19-5bcd20"
"data-general","1997-commercial-risc-unix-1996-mvp-711569"
"data-general","1998-nt-professional-services-buying-guide-1998-edition-14e452"
"data-general","aberdeen-1996-hp-9000-enterprise-server-64bit-pa8000"
"data-general","aberdeen-1996-risc-unix-market"
"data-general","casale-evp-3-b2b933"
"data-general","ntpspr~1-728dc3"
"data-general","sap-r-3-on-wintel-servers-712986"
"data-general","sequent-592620"
"data-general","sequent-s-numa-q-2000-solutions-77a77c"
"data-general","tpc2-92-c2a45c"
"data-general","volume-1-ch03-physics-of-consulting-1972-1979"
"data-general","volume-1-ch04-prime-computer-1979-1981"
"data-general-corporation","aberdeen-1996-data-general-corporation"
"data-general-corporation","aberdeen-1996-data-generals-cybershield-security-solutions-advancing"
"data-general-corporation","aberdeen-dops-tpc-1992-deck-bbe78e"
"data-measurements-corp","phi-psd-brochure-and-kastner-engagements-1969-1972-b8d001"
"datacore-software","2001-aberdeen-group-recent-publications-psk-2be54d"
"datamation","datamation-informix-dsa-ad-aberdeen-cite-a9f18d"
"datamation","tandem-tr-85-2-debitcredit-1985-ca207a"
"datapoint-corporation","casale-evp-2-79187c"
"datapoint-corporation","casale-evp-3-b2b933"
"dataquest","dct-personal-it-forecast-research-2001"
"dataquest-inc","att-worldmark-wsj-ad-aberdeen-quote-1995-ec56fb"
"dataquest-inc","computerworld-fault-tolerant-market-1987-fc3dca"
"dave-moros","phi-legacy-in-wang-labs-runaway-horse-1995-b8e001"
"dave-moros","volume-1-ch02-physics-of-the-machine-1969-1972"
"dave-pulleyn","volume-1-ch01-waiting-for-automation-1960-1969"
"david-alschuler","aberdeen-practice-definitions-compendium-2000-b7a001"
"david-ditzel","informationweek-tablet-pc-microsoft-kast-72320d"
"david-hill","08-phase2-project-kickoff-2ea711"
"david-hill","10-maxtor-workshop-02-09-eod-53f22b"
"david-hofferberth","aberdeen-practice-definitions-compendium-2000-b7a001"
"david-mcgoveran","datamation-informix-dsa-ad-aberdeen-cite-a9f18d"
"david-rockefeller","adl-commercial-engagements-kastner-1972-1979-b8b001"
"david-rockefeller","volume-1-ch03-physics-of-consulting-1972-1979"
"david-wright","2001-kickoff---research-099232"
"davis-instruments","dct-kastner-wish-list-2002-12"
"dean-mccarron-insight64","technology-news-chips-amd-s-semprons-spa-21b184"
"dean-nelson","svbi-apple-xserve-kastner-2002-05-17-1398db"
"deborah-conrad","usatoday-kessler-itanium-mckinley-kastne-77362b"
"dec","adl-commercial-engagements-kastner-1972-1979-b8b001"
"dec","volume-1-appendix-career-timeline"
"dec","volume-1-ch03-physics-of-consulting-1972-1979"
"dec","volume-1-ch04-prime-computer-1979-1981"
"dec","volume-1-ch05-stratus-fault-tolerant-wars-1981-1987"
"dec","volume-1-ch07-founding-aberdeen-1988-1997"
"dec","volume-1-introduction-physics-of-the-machine"
"dec-corporate-systems-group","volume-1-ch06-dec-mainframes-last-stand-1987-1988"
"dec-corporation","2026-kastner-enterprise-ai-arc"
"dell","2001-hp-compaq-kastner-insight1-d6dc38"
"dell","2002-hp-s-consumer-pc-business-will-shrink-psk-ef3cd5"
"dell","2002-the-new-hp-stands-up-to-be-counted-psk-35453a"
"dell","2003-dell-dives-deeper-d35985"
"dell","2004-05dell-storage-profile-editpk-05170-3c00b1"
"dell","2006-amd-ati-acquisition-cf19ff"
"dell","2010-intel-vpro-daily-globe-6f615e"
"dell","dct-access-pc-deals-2002-2003"
"dell","dct-at-kearney-business-pc-prices"
"dell","dct-business-2002-11-pc-deals"
"dell","dct-business-2002-12-17-pc-deals"
"dell","dct-business-2002-12-19-pc-deals"
"dell","dct-business-2002-12-pc-deals"
"dell","dct-business-2003-03-17-pc-deals"
"dell","dct-dceit-observations-2002-06"
"dell","dct-gateway-acquires-emachines-2004-03"
"dell","dct-hp-compaq-pcs-insight-2001-09"
"dell","dct-intel-processor-prices-2003-01"
"dell","dct-kastner-wish-list-2002-12"
"dell","dct-oct.-4-hot-topic-b61c0d"
"dell","dct-personal-it-forecast-research-2001"
"dell","dct-q1-2003-pc-shipments"
"dell","dct-weekly-2002-08-24-pc-deals-analysis"
"dell","dct-weekly-2002-08-24-pc-deals-script"
"dell","dct-weekly-2002-10-06"
"dell","dct-weekly-2002-10-27"
"dell","dct-weekly-2002-11-17"
"dell","dct-weekly-2002-12-01"
"dell","dct-weekly-2002-12-22"
"dell","dct-weekly-2002-12-30"
"dell","dct-weekly-2003-01-05"
"dell","dct-weekly-2003-01-12"
"dell","dct-weekly-2003-01-19"
"dell","dct-weekly-2003-01-26"
"dell","dct-weekly-2003-03-02"
"dell","dct-weekly-2003-03-09"
"dell","dct-weekly-2003-03-16"
"dell","dct-weekly-2003-03-23"
"dell","dct-weekly-2003-04-06"
"dell","dct-weekly-2003-04-13"
"dell","dct-weekly-2003-04-20"
"dell","dct-weekly-2003-05-11"
"dell","dct-weekly-2003-05-18"
"dell","dct-weekly-2003-06-08"
"dell","dct-weekly-2003-06-15"
"dell","dct-weekly-2003-06-22"
"dell","dct-weekly-2003-07-06"
"dell","dct-weekly-2003-07-13"
"dell","dct-weekly-2003-07-26"
"dell","dct-weekly-2003-08-03"
"dell","dct-weekly-2003-08-10"
"dell","dct-weekly-2003-08-17"
"dell","dct-weekly-2003-08-24"
"dell","dell-ars-wp-2-72fd7f"
"dell","dell-precision-workstations-3-581e89"
"dell","dell-sap-v6-d08820"
"dell","dell-services-kastner-051904-4-87b363"
"dell","dell-storage-profile-2004"
"dell","hp-compaq-kastner-insight1-a5a4e0"
"dell","intel-2010-vpro-daily-globe-42697e"
"dell","intel-quad-core-outlook-newsfactor-garre-c32252"
"dell","internetnews-veritas-itanium-believer-20-2ff4eb"
"dell","kastner-letter-to-craig-barrett-intel-2008-1ea221"
"dell","linuxcare-ab95f6"
"dell","linuxcare-profile-1999"
"dell","nvidia-personal-cinema-lab-report-2002"
"dell","technology-themes-2003-04"
"dell","technology-themes-ee5ba4"
"dell","volume-1-ch10-the-long-view-1966-2026"
"dell","warranty-week-dell-warranty-policies-kas-0c084d"
"dell","workst~1-d22401"
"dell-computer","2001-hp-cpq-merger-collection-edbca1"
"dell-computer","2002-undercutting-and-upselling-dell-s-foray-into-the-h-3d70b1"
"dell-computer","2003-dell-and-oracle-boldly-predict-the-demise-of-big-i-073fba"
"dell-computer","2003-dell-asset-recovery-services-white--142827"
"dell-computer","music-tv-central-to-dell-consumer-push-m-57e733"
"dell-computer","ntserv~1-56bd94"
"dell-computer","oracle-and-dell-take-aim-at-midsize-busi-770ea6"
"dell-computer","tech-investor-deflation-the-dropping-dol-c85a61"
"dell-computer-corp","dell-ars-white-paper-prod-7-11m-c60434"
"dell-computer-corp","dell-sd2-final-d6e78c"
"dell-inc","infoworld-dell-sharpens-blade-attack-nee-f9cb9c"
"deloitte-consulting","ie-appendix-lane-qa-research-e594cb"
"den-norske-bank","ncr-norge-open-oltp-rdbms-seminar-1992-0-7f5414"
"dennis-mcevoy-tandem","ftsn-serlin-tandem-txp-et1-benchmarks-19-ea6530"
"deon-babiuk","wsj-tech-watching-analyst-industry-1998-002531"
"dhruv-grewal","rebates-spur-buyers-but-many-don-t-colle-2aaa2e"
"dialogic-corporation","1997-dialogic-ct-media-sets-the-pace-for-440d5e"
"dialogic-corporation","1997-digital-equipment-corporation-pr-c375a8"
"dialogic-corporation","1997-ibm-s-enterprise-communications-fam-14559a"
"dialogic-corporation","1997-ibm’s-nt-strategy-strat-pr-b93817"
"dialogic-corporation","1998-communicating-business-intelligence-through-comput-0290b1"
"dick-tarulli","volume-1-ch04-prime-computer-1979-1981"
"digital-equipment","1992-tpc-benchmarks-vp-ed0e0d"
"digital-equipment","1996-sequent-38f0b1"
"digital-equipment","1998-nt-professional-services-buying-guide-1998-edition-14e452"
"digital-equipment","aberdeen-1996-bulls-sagister-datacenterdisciplined-unix-businesscritical-applications"
"digital-equipment","aberdeen-1996-debunking-ntsmp-scalability-myth"
"digital-equipment","aberdeen-1996-hp-enterprise-parallel-server-scalable-performance"
"digital-equipment","aberdeen-1996-ibm-as400-vs-microsoft-nt-server"
"digital-equipment","aberdeen-dops-tpc-1992-deck-bbe78e"
"digital-equipment","bbn1989-1e6838"
"digital-equipment","bull1990-d-c-benchmarks-8b5d9c"
"digital-equipment","debit-credit-ibm-dec-1988-2-2fc147"
"digital-equipment","dec-resume-performance-review-3-1f133b"
"digital-equipment","dectp-genspark-research2-4-a09a82"
"digital-equipment","dectp92-0ca51c"
"digital-equipment","ecpspr~1-4968bf"
"digital-equipment","ft-mitfor~1-a56a9d"
"digital-equipment","ibm-rs6000-midran~1-88f049"
"digital-equipment","ntpspr~1-728dc3"
"digital-equipment","ntserv~1-56bd94"
"digital-equipment","sequent-s-numa-q-2000-solutions-77a77c"
"digital-equipment","tpcbench92-139998"
"digital-equipment","workst~1-d22401"
"digital-equipment-corp","1991-encore-and-metadata-47f414"
"digital-equipment-corp","1993-hercules-sap-28344a"
"digital-equipment-corp","boston-globe-dec-steul-cfo-resigns-1994-4013c6"
"digital-equipment-corp","boston-globe-stratus-xa2000-launch-1987--218ffd"
"digital-equipment-corp","dec-debit-credit-guidelines-kohler-hsu-1-e228b4"
"digital-equipment-corp","dec-zahavi-debit-credit-vaxclusters-1988-1a9e2e"
"digital-equipment-corp","mini-micro-stratus-32-arch-freiburghouse-6dc03e"
"digital-equipment-corp","nyt-dec-steul-loses-another-top-official-8f8883"
"digital-equipment-corp","stratus-computer-is-down-ad-reprints-c19-903ebf"
"digital-equipment-corp","wsj-digital-challenges-ibm-tests-bulkele-e2e227"
"digital-equipment-corporation","1997-ca-s-unicenter-tng-framework-pk-apr-50d15f"
"digital-equipment-corporation","1997-commercial-risc-unix-1996-mvp-711569"
"digital-equipment-corporation","1997-data-integration-management-in-hete-de2429"
"digital-equipment-corporation","1997-data-mining-buying-guide-71e463"
"digital-equipment-corporation","1997-datafocus'-nutcracker--enterprise-c-bfc11e"
"digital-equipment-corporation","1997-dec-linkworks-webworker---an-object-db2d2a"
"digital-equipment-corporation","1998-hp-high-availability-and-metadata-7d1276"
"digital-equipment-corporation","1998-pc-impact-and-metadata-e2a169"
"digital-equipment-corporation","2001-hp-camera-lab-journal-prod-d90f3f"
"digital-equipment-corporation","2003-dell-ars-white-paper-53d13d"
"digital-equipment-corporation","2003-intel-consumer-lt-10-5-8c346e"
"digital-equipment-corporation","2026-kastner-dec-longitudinal-22d177"
"digital-equipment-corporation","aberdeen-1995-digital-linkworks"
"digital-equipment-corporation","aberdeen-1995-digital-multia"
"digital-equipment-corporation","aberdeen-1995-digital-objectbroker"
"digital-equipment-corporation","aberdeen-1995-limd-technology"
"digital-equipment-corporation","aberdeen-1996-dec-manageworks-22"
"digital-equipment-corporation","aberdeen-1996-digital-debunks-ntsmp-scalability-myth"
"digital-equipment-corporation","aberdeen-1996-digital-leading-nt-across-enterprise-charge"
"digital-equipment-corporation","aberdeen-1996-digitals-personal-workstation-new-markets-channels"
"digital-equipment-corporation","aberdeen-1996-hp-9000-enterprise-server-64bit-pa8000"
"digital-equipment-corporation","aberdeen-1996-risc-unix-market"
"digital-equipment-corporation","aberdeen-1996-software-ag-digital-high-performance-solutions"
"digital-equipment-corporation","casale-evp-5-aa8f2a"
"digital-equipment-corporation","erppsp~1-31f088"
"digital-equipment-corporation","nti-11-distributed-midrange-servers-1993-dedd19"
"digital-equipment-corporation","nti-2-open-systems-1dd3af"
"digital-equipment-corporation","nti-3-pc-and-ws-1993-17d49b"
"digital-equipment-corporation","nti-5-development-toolsets-0e71c5"
"digital-equipment-corporation","soa-aon-webinar-022206a-125e6b"
"digital-equipment-corporation","volume-1-about-the-author"
"digital-equipment-corporation","volume-1-ch01-waiting-for-automation-1960-1969"
"digital-equipment-corporation","volume-1-ch06-dec-mainframes-last-stand-1987-1988"
"docucorp","docucorp-3c562a"
"dom-lacava","dec-mgmt-memo-v7n5-state-of-company-1988-6a9954"
"don-kerr-dell-canada","infiniband-and-beyond-computerworld-supp-200261"
"donovan-gow","aberdeen-productization-pricing-and-survey-research-program-2000-b7b001"
"dubai-ports-authority","dubtech-1996-29d4f9"
"dvd-forum","future-of-dvd-forum-panel-2003-taylor-61b198"
"dwight-davis","sun-sentinel-citrix-templeton-staying-20-b645c7"
"dwl-inc","top-iseries-isvs-2002-2e8695"
"e1-01","1997-forte-enterprise-development-enviro-a07cf9"
"e1-03","1997-forte-enterprise-development-enviro-a07cf9"
"e1-04","1997-forte-enterprise-development-enviro-a07cf9"
"e2-01","1997-hewlett-packard-v-class--providing--897f7a"
"e2-03","1997-hewlett-packard-v-class--providing--897f7a"
"e2-04","1997-hewlett-packard-v-class--providing--897f7a"
"e2-05","1997-hewlett-packard-v-class--providing--897f7a"
"e3-01","1997-hewlett-packard’s-strategy-to-surpa-905013"
"e3-02","1997-hewlett-packard’s-strategy-to-surpa-905013"
"e3-03","1997-hewlett-packard’s-strategy-to-surpa-905013"
"e3-05","1997-hewlett-packard’s-strategy-to-surpa-905013"
"e3-06","1997-hewlett-packard’s-strategy-to-surpa-905013"
"e3-08","1997-hewlett-packard’s-strategy-to-surpa-905013"
"e3-corp","top-iseries-isvs-2002-2e8695"
"e4-01","1997-ibm-application-development-product-895c4d"
"e4-02","1997-ibm-application-development-product-895c4d"
"e4-03","1997-ibm-application-development-product-895c4d"
"e5-01","1997-ibm-business-intelligence-family-pr-43c37e"
"e5-03","1997-ibm-business-intelligence-family-pr-43c37e"
"e89-01","1989-vidmar-as400-hp3000-and-metadata-a32d04"
"e89-03","1989-vidmar-as400-hp3000-and-metadata-a32d04"
"e89-04","1989-vidmar-as400-hp3000-and-metadata-a32d04"
"e89-05","1989-vidmar-as400-hp3000-and-metadata-a32d04"
"e89-06","1989-vidmar-as400-hp3000-and-metadata-a32d04"
"e90-01","1990-bull-rdbms-1990-and-2024-metadata-fe61bf"
"e90-03","1990-bull-rdbms-1990-and-2024-metadata-fe61bf"
"e90-04","1990-bull-rdbms-1990-and-2024-metadata-fe61bf"
"e90-05","1990-bull-rdbms-1990-and-2024-metadata-fe61bf"
"e90-06","1990-bull-rdbms-1990-and-2024-metadata-fe61bf"
"e90-15","1990-bull-rdbms-1990-and-2024-metadata-fe61bf"
"e91-01","1991-apple-c-s-e9ffd7"
"e91-03","1991-apple-c-s-e9ffd7"
"e91-04","1991-apple-c-s-e9ffd7"
"e91-05","1991-apple-c-s-e9ffd7"
"e91-06","1991-apple-c-s-e9ffd7"
"e91-07","1991-apple-c-s-e9ffd7"
"e91-08","1991-apple-c-s-e9ffd7"
"e91-12","1991-apple-c-s-e9ffd7"
"e91-13","1991-apple-c-s-e9ffd7"
"e91-16","1991-apple-c-s-e9ffd7"
"e91-17","1991-apple-c-s-e9ffd7"
"e91-19","1991-apple-c-s-e9ffd7"
"ebay","1998-internet-sales-report-4cde3f"
"ebusiness-exchange","top-iseries-isvs-2002-2e8695"
"ecash-technologies","1999-digitalcash-the-dash-to-digital-cash-enabling-inte-23732b"
"eclipsys-corp","auditor-report-4-43ad9b"
"ecredit-com","aberdeen-productization-pricing-and-survey-research-program-2000-b7b001"
"ed-black","volume-1-ch07-founding-aberdeen-1988-1997"
"edgar-codd","volume-1-ch06-dec-mainframes-last-stand-1987-1988"
"edgar-dworsky-consumer","great-rebate-debate-smartmoney-grant-80650c"
"edify-corporation","1997-peoplesoft-works-the-internet-452445"
"eds","ecpspr~1-4968bf"
"eds","ie-appendix-lane-qa-research-e594cb"
"eds","psk-litigate98-72601c"
"eds","psk-litigation-b452e6"
"eds","unisys-florida-hrs-expert-witness-tallah-5b4524"
"eds","volume-1-ch09-expert-witness-technology-on-trial-1992-2015"
"eds-centrobe","1999-crm-professional-services-rpt-96bf13"
"edson-de-castro","cbn-bochner-stratus-oem-strategy-1982-06-245fd5"
"edward-e-lucente","boston-globe-dec-steul-cfo-resigns-1994-4013c6"
"edward-mcdonough","nyt-dec-steul-loses-another-top-official-8f8883"
"edward-zander","technology-news-boardroom-former-sun-exe-bc336f"
"efa-software","top-iseries-isvs-2002-2e8695"
"electronic-arts","dct-dceit-practice-v6-2002"
"electronic-data-systems","1999pr~1-c5516b"
"electronic-data-systems","erppsp~1-31f088"
"electronic-data-systems","ntpspr~1-728dc3"
"eloyalty","1999-crm-professional-services-rpt-96bf13"
"emachines","dct-access-pc-deals-2002-2003"
"emachines","dct-emachines-q1-2003-lineup"
"emachines","dct-gateway-acquires-emachines-2004-03"
"emachines","dct-weekly-2002-12-15"
"emachines","dct-weekly-2003-01-05"
"emachines","dct-weekly-2003-01-12"
"emachines","dct-weekly-2003-01-19"
"emachines","dct-weekly-2003-01-26"
"emachines","dct-weekly-2003-03-02"
"emachines","dct-weekly-2003-03-09"
"emachines","dct-weekly-2003-03-16"
"emachines","dct-weekly-2003-03-23"
"emachines","dct-weekly-2003-04-06"
"emachines","dct-weekly-2003-04-13"
"emachines","dct-weekly-2003-04-20"
"emachines","dct-weekly-2003-05-11"
"emachines","dct-weekly-2003-05-18"
"emachines","dct-weekly-2003-06-08"
"emachines","dct-weekly-2003-06-15"
"emachines","dct-weekly-2003-06-22"
"emachines","dct-weekly-2003-07-06"
"emachines","dct-weekly-2003-07-13"
"emachines","dct-weekly-2003-07-26"
"emachines","dct-weekly-2003-08-03"
"emachines","dct-weekly-2003-08-10"
"emachines","dct-weekly-2003-08-17"
"emachines","dct-weekly-2003-08-24"
"emachines-inc","wsj-mcwilliams-private-label-pcs-2002-05-bdab0a"
"emc","05-idc-sata-report-0872b8"
"emc","13-hh-time-compression-downtime-strategy-4e50c9"
"emc","14-formulas-disaster-scenario-c2f0b4"
"emc","2003-storage-trends-what-will-be-hot-in-2003-and-beyond-cd0aeb"
"emc","2004-05dell-storage-profile-editpk-05170-3c00b1"
"emc","aberdeen-preso-for-emc-final-storage-5-d855b8"
"emc","storag~1-262bc7"
"enc-01","1988-encore-oltp-market-tps-needs-deee45"
"enc-06","1988-encore-oltp-market-tps-needs-deee45"
"enc-07","1988-encore-oltp-market-tps-needs-deee45"
"enc-09","1988-encore-oltp-market-tps-needs-deee45"
"enc-10","1988-encore-oltp-market-tps-needs-deee45"
"enc-11","1988-encore-oltp-market-tps-needs-deee45"
"enc-12","1988-encore-oltp-market-tps-needs-deee45"
"encore-computer","1991-encore-and-metadata-47f414"
"encore-computer","encore-b7c40d"
"ent-08","aberdeen-1995-data-warehouse-olap"
"ent-10","aberdeen-1995-data-warehouse-olap"
"ent-andersen-consulting","aberdeen-1995-hp-customer-interaction-software"
"ent-cambridge-tech","aberdeen-1995-hp-customer-interaction-software"
"ent-dialogic","aberdeen-1995-hp-customer-interaction-software"
"ent-hp","aberdeen-1995-hp-customer-interaction-software"
"ent-nc-001","1997-ibm-when-a-pc-is-simply-platform-ov-5e9364"
"ent-rs6-001","1997-ibm-ships-first-64-bit-rs-6000-serv-961e2c"
"enterasys-networks","1997-cabletron--discovering-the-beacon-u-2d44d5"
"entex-information-services","1998-nt-professional-services-buying-guide-1998-edition-14e452"
"enviros-ris","dell-ars-wp-2-72fd7f"
"epa","dell-ars-wp-2-72fd7f"
"equant","manage~1-b299e4"
"equant","teleco~1-c01702"
"equinix-inc","telephony-post911-conferencing-psk-2001--0bf283"
"erik-reid","peter-kastner-10-bde195"
"ernst-and-young","ie-appendix-lane-qa-research-e594cb"
"ernst-young","volume-1-appendix-career-timeline"
"ernst-young","volume-1-ch08-aberdeen-go-go-years-1998-2006"
"etforecasts","rbj-pc-reseller-slump-psk-2002-07-05-9cb170"
"ethan-cohen","dct-personal-it-practice-launch-2001"
"eti-content","aberdeen-productization-pricing-and-survey-research-program-2000-b7b001"
"eugene-fram","rebates-spur-buyers-but-many-don-t-colle-2aaa2e"
"european-commission","kastner-letter-to-craig-barrett-intel-2008-1ea221"
"european-commission","microsoft-vows-to-appeal-eu-ruling-5-b7efc6"
"european-commission","technology-news-international-microsoft--a2f127"
"european-commission-dg-comp","supreme-court-orders-intel-documents-rel-e6e110"
"european-court-of-justice","technology-news-international-microsoft--a2f127"
"evolve-software","1999-professional-services-automation-rpt-10e22b"
"exodus-communications","2001-aberdeen-group-recent-publications-psk-2be54d"
"exodus-communications","2003-aberdeen-group-free-research-aberdeen-insights-1-968e18"
"fastclick","mirror-image-profile-v2-(050404)-e7eb95"
"fastclick","mirror-image-profile-v2-050404-97e2a6"
"fbi","topic-iia-pc-management-best-practices-2003-10"
"fcc","adl-public-safety-911-cad-systems-1973-1979-b8a001"
"federal-reserve-bank","volume-1-ch01-waiting-for-automation-1960-1969"
"federal-reserve-bank","volume-1-ch10-the-long-view-1966-2026"
"federal-reserve-bank","volume-1-introduction-physics-of-the-machine"
"federal-trade-commission","great-rebate-runaround-businessweek-grow-00f459"
"fernand-sarrat","linuxcare-profile-1999"
"fernando-colon-osorio","dec-mgmt-memo-v7n5-state-of-company-1988-6a9954"
"fiorano-software","esb-0617-5cc5fa"
"first-chicago","phi-psd-brochure-and-kastner-engagements-1969-1972-b8d001"
"first-chicago","volume-1-appendix-career-timeline"
"fletcher-spaght-inc","2001-fletcher-spaght-3bb872"
"flexiinternational-software","aberdeen-1996-flexiinternational-software-financial-acumen-technology"
"florida-hrs","psk-litigation-b452e6"
"florida-hrs","unisys-florida-hrs-expert-witness-tallah-5b4524"
"florida-hrs","volume-1-ch09-expert-witness-technology-on-trial-1992-2015"
"florida-power-and-light","adl-ase-asep-two-way-power-communications-1979-b8c001"
"florida-power-and-light","minicomputer-news-ase-asep-1979-2b5327"
"florida-power-corp","adl-ase-asep-two-way-power-communications-1979-b8c001"
"florida-power-corp","minicomputer-news-ase-asep-1979-2b5327"
"ford","why-you-need-to-replace-those-windows-98-and-nt-ma-9b9622"
"ford-motor-company","dct-pc-replacement-insight1-2003-04"
"ford-motor-company","volume-1-ch04-prime-computer-1979-1981"
"fore-systems","aberdeen-1997-aberdeen-group-impacts"
"forrester-research","aberdeen-training-day-1-522863"
"forrester-research","hp-mainframe-alternative-fernandez-mfasc-a2179f"
"forrester-research","real-time-billing-for-internet-protocol--5ef746"
"forrester-research","volume-1-ch07-founding-aberdeen-1988-1997"
"forrester-research","wsj-tech-watching-analyst-industry-1998-002531"
"forte-software","1997-oracle-designer-2000-3201a7"
"forte-software","aberdeen-1995-commercial-messaging"
"forte-software","aberdeen-1996-live-object-caching-high-performance"
"forte-software","aberdeen-1996-moving-effectively-next-gen-client-server"
"forte-software","develo~1-d25652"
"forte-software","nti-5-development-toolsets-0e71c5"
"fortress-technologies","2002-wireless-lan-security-an-adolescent-market-88de03"
"fortune-1000","prime-industry-product-5-year-plan-1981-0a3546"
"fortune-500-client","2006-unisyswipro-rs-3747-a7e31e"
"franc-romano","boston-globe-dec-steul-cfo-resigns-1994-4013c6"
"franc-romano","nyt-dec-steul-loses-another-top-official-8f8883"
"frank-hawthorne","volume-1-ch03-physics-of-consulting-1972-1979"
"frost-sullivan","omnibox97-53bcfe"
"fti-composite","casale-evp-5-aa8f2a"
"fti-fast-track-incorporated","casale-evp-2-79187c"
"fti-fast-track-incorporated","casale-evp-4-9bd4e6"
"fujitsu","dct-fujitsu-notebook-lineup-2002"
"fujitsu","rdbms-for-ibm-powera~1-7a44be"
"gardner-c-hendrie","volume-1-ch05-stratus-fault-tolerant-wars-1981-1987"
"gartner","10-maxtor-workshop-02-09-eod-53f22b"
"gartner","12-steps-to-category-creation-0abd5a"
"gartner","dct-memoir-ramp-vs-dct-prescience-2026"
"gartner","dct-q1-2003-pc-shipments"
"gartner-group","aberdeen-training-day-1-522863"
"gartner-group","volume-1-ch07-founding-aberdeen-1988-1997"
"gartner-inc","dct-personal-it-forecast-research-2001"
"gartner-inc","rbj-pc-reseller-slump-psk-2002-07-05-9cb170"
"gartner-inc","small-is-huge-in-pcs-these-days-blog-arc-655851"
"gartner-inc","technology-news-hardware-amd-beats-apple-5399ec"
"gartner-inc","technology-news-hardware-amd-makes-athlo-214a36"
"gartner-inc","technology-news-hardware-amd-s-opteron-a-ecf5a9"
"gartner-inc","technology-news-hardware-ibm-opens-custo-7fdf18"
"gartner-inc","technology-news-hardware-intel-ships-gra-47f656"
"gartner-inc","usatoday-reuters-small-pcs-form-factor-2-5ffca5"
"gartner-inc","wsj-tech-watching-analyst-industry-1998-002531"
"gary-gray-couponchief","rebates-savings-or-scam-chatham-journal--4bf5c2"
"gateway","intel-idf-pk-notes-3-6666da"
"gateway-inc","dct-access-pc-deals-2002-2003"
"gateway-inc","dct-at-kearney-business-pc-prices"
"gateway-inc","dct-business-2002-12-17-pc-deals"
"gateway-inc","dct-business-2002-12-19-pc-deals"
"gateway-inc","dct-dceit-observations-2002-06"
"gateway-inc","dct-gateway-acquires-emachines-2004-03"
"gateway-inc","dct-kastner-wish-list-2002-12"
"gateway-inc","dct-personal-it-forecast-research-2001"
"gateway-inc","dct-traveling-with-centrino-2003-05"
"gateway-inc","dct-weekly-2003-01-05"
"gateway-inc","dct-weekly-2003-01-12"
"gateway-inc","dct-weekly-2003-01-19"
"gateway-inc","dct-weekly-2003-01-26"
"gateway-inc","dct-weekly-2003-03-02"
"gateway-inc","dct-weekly-2003-03-09"
"gateway-inc","dct-weekly-2003-03-16"
"gateway-inc","dct-weekly-2003-03-23"
"gateway-inc","dct-weekly-2003-04-06"
"gateway-inc","dct-weekly-2003-04-13"
"gateway-inc","dct-weekly-2003-04-20"
"gateway-inc","dct-weekly-2003-05-11"
"gateway-inc","dct-weekly-2003-05-18"
"gateway-inc","dct-weekly-2003-06-08"
"gateway-inc","dct-weekly-2003-06-15"
"gateway-inc","dct-weekly-2003-06-22"
"gateway-inc","dct-weekly-2003-07-06"
"gateway-inc","dct-weekly-2003-07-13"
"gateway-inc","dct-weekly-2003-07-26"
"gateway-inc","dct-weekly-2003-08-03"
"gateway-inc","dct-weekly-2003-08-10"
"gateway-inc","dct-weekly-2003-08-17"
"gateway-inc","dct-weekly-2003-08-24"
"gateway-inc","less-is-more-stylin-pcs-3-de2c65"
"gateway-inc","music-tv-central-to-dell-consumer-push-m-57e733"
"gateway-inc","restructure-plans-weigh-on-gateway-marke-c5656c"
"gateway-inc","small-is-huge-in-pcs-these-days-blog-arc-655851"
"gateway-inc","technology-news-hardware-gateway-goes-gi-4af738"
"gateway-inc","usatoday-reuters-pc-music-deals-gateway--b3a303"
"gateway-inc","usatoday-reuters-small-pcs-form-factor-2-5ffca5"
"gateway-inc","wsj-mcwilliams-private-label-pcs-2002-05-bdab0a"
"gchq","volume-1-ch04-prime-computer-1979-1981"
"ge-information-services","ecprac~1-a7d0e4"
"ge-information-services","ecpspr~1-4968bf"
"ge-yao-chu","phi-legacy-in-wang-labs-runaway-horse-1995-b8e001"
"geac-enterprise","top-iseries-isvs-2002-2e8695"
"geis","dollars-and-sense-b2b-ec-eb8c9d"
"gene-amdahl","on-computers-tips-40th-anniversary-of-th-ee9cc5"
"genentech","svbi-apple-xserve-kastner-2002-05-17-1398db"
"general-dynamics","volume-1-ch04-prime-computer-1979-1981"
"general-electric","aberdeen-1997-actra-commercexpert-internet-commerce"
"general-electric","volume-1-ch01-waiting-for-automation-1960-1969"
"general-electric-information-services","1997-the-ec-company-not-your-father-s-edi-c1ebff"
"genuity","remarks-of-peter-kastner-to-the-massachu-96335b"
"george-colony","wsj-tech-watching-analyst-industry-1998-002531"
"george-conrades","aberdeen-multitrak-headlines-context-kas-f941d1"
"george-w-bush","marketwatch-weeks-top-apr17-2003-intel-k-429978"
"george-weiss","wsj-digital-challenges-ibm-tests-bulkele-e2e227"
"geotel-communications","1998-communicating-business-intelligence-through-comput-0290b1"
"gerry-hemmendinger","aberdeen-workshop-qualifying-questions-and-success-stories-2001-b6a001"
"giga-group","aberdeen-training-day-1-522863"
"giga-information-group","topic-iia-pc-management-best-practices-2003-10"
"giga-information-group","wsj-tech-watching-analyst-industry-1998-002531"
"global-2000","2000-enterprise-application-integration1-9e1eca"
"google","2010-intel-vpro-daily-globe-6f615e"
"google","volume-1-ch10-the-long-view-1966-2026"
"google-deepmind","2026-kastner-enterprise-ai-arc"
"google-inc","mac-keeps-lead-on-linux-7-e3bcbf"
"google-inc","mac-os-vs--linux-who-s-2-the-mac-observe-34e63d"
"gordon-kerr-hyatt","datamation-informix-dsa-ad-aberdeen-cite-a9f18d"
"goremote-communications","goremote-profile-5-2a-8fa814"
"great-plains","2002-microsoft-business-solutions-the-new-wave-at-stamp-532ae4"
"great-plains-software","aberdeen-1997-lawson-insight-process-orientation-business-management"
"great-plains-software","psbj-meisner-microsoft-consulting-acquis-7b85c8"
"greater-boston-police-council","adl-public-safety-911-cad-systems-1973-1979-b8a001"
"greg-sullivan-ms","pc-refresh-or-refurb-smb-computing-6-37f090"
"groupe-bull","aberdeen-1996-bulls-sagister-datacenterdisciplined-unix-businesscritical-applications"
"groupe-bull","volume-1-appendix-career-timeline"
"groupe-bull","volume-1-ch06-dec-mainframes-last-stand-1987-1988"
"groupe-bull","wsj-honeywell-bull-layoffs-kastner-1989-9faf05"
"gte-products","psk-litigate98-72601c"
"gte-sylvania","volume-1-ch05-stratus-fault-tolerant-wars-1981-1987"
"gupta-technologies","1997-unify-vision-8fcfc3"
"gupta-technologies","aberdeen-1996-moving-effectively-next-gen-client-server"
"gustavo-fernandez","hp-mainframe-alternative-fernandez-mfasc-a2179f"
"h-neal-houtz","wsj-digital-challenges-ibm-tests-bulkele-e2e227"
"hampton-va-police-department","adl-public-safety-911-cad-systems-1973-1979-b8a001"
"hampton-va-police-department","volume-1-ch03-physics-of-consulting-1972-1979"
"hand-held-entertainment","dct-oct.-4-hot-topic-b61c0d"
"handspring","2001-pdas-in-the-enterprise-analyzing-supplier-viabilit-b2c1d0"
"handspring","2002-second-generation-pdas-it-s-high-time-for-wireless-c6563f"
"handspring","dct-supplier-list-2002"
"handspring-inc","2002-undercutting-and-upselling-dell-s-foray-into-the-h-3d70b1"
"hans-gyllstrom","dec-mgmt-memo-v7n5-state-of-company-1988-6a9954"
"hans-nijkamp","adl-commercial-engagements-kastner-1972-1979-b8b001"
"harald-sammer-tandem","ftsn-serlin-tandem-txp-et1-benchmarks-19-ea6530"
"harbinger","ecprac~1-a7d0e4"
"harbinger","ecpspr~1-4968bf"
"harbinger-corporation","dollars-and-sense-b2b-ec-eb8c9d"
"hardware-vendors","2002-cable-and-telco-companies-battle-for-home-internet-2baa0b"
"harold-koplow","phi-legacy-in-wang-labs-runaway-horse-1995-b8e001"
"harte-hanks","dct-personal-it-forecast-research-2001"
"harte-hanks","volume-1-about-the-author"
"harte-hanks","volume-1-appendix-career-timeline"
"harte-hanks","volume-1-ch08-aberdeen-go-go-years-1998-2006"
"harte-hanks","volume-1-epilogue-argument-with-reality"
"harvard-medical-school","aberdeen-1996-spider-technologies-netdynamics"
"hauppauge","dct-video-market-segmentation-2002"
"hbo-company","aberdeen-1997-hp-andover-working-group"
"hbo-company","health~1-056358"
"herb-siegel","1999-retainer-contract-d3a385"
"hercules-inc","1993-hercules-sap-28344a"
"hewlett-packard","10ibmiss-f66945"
"hewlett-packard","1992-tpc-benchmarks-vp-ed0e0d"
"hewlett-packard","1993-hercules-sap-28344a"
"hewlett-packard","1997-ca-s-unicenter-tng-framework-pk-apr-50d15f"
"hewlett-packard","1997-managing-the-people-dimension-of-ma-1d6b17"
"hewlett-packard","1999pr~1-c5516b"
"hewlett-packard","2001-aberdeen-group-blades-an-evolution-in-server-densi-b56557"
"hewlett-packard","2001-aberdeen-group-recent-publications-psk-2be54d"
"hewlett-packard","2001-compaq-tru64-unix-and-oracle9i-clusters-reduce-cos-17b4b2"
"hewlett-packard","2001-hp-compaq-kastner-insight1-d6dc38"
"hewlett-packard","2001-hp-cpq-merger-collection-edbca1"
"hewlett-packard","2001-pdas-in-the-enterprise-analyzing-supplier-viabilit-b2c1d0"
"hewlett-packard","2002-hp-s-consumer-pc-business-will-shrink-psk-ef3cd5"
"hewlett-packard","2002-performance-breakthroughs-the-benchmarking-fanatic-6d41fa"
"hewlett-packard","2002-the-new-hp-stands-up-to-be-counted-psk-35453a"
"hewlett-packard","2003-aberdeen-group-free-research-aberdeen-insights-1-968e18"
"hewlett-packard","2006-amd-ati-acquisition-cf19ff"
"hewlett-packard","aberdeen-1995-commercial-messaging"
"hewlett-packard","aberdeen-1995-hp-softbench"
"hewlett-packard","aberdeen-1996-bulls-sagister-datacenterdisciplined-unix-businesscritical-applications"
"hewlett-packard","aberdeen-1996-debunking-ntsmp-scalability-myth"
"hewlett-packard","aberdeen-1996-hp-3000-increasing-customers-successes"
"hewlett-packard","aberdeen-1996-hp-9000-enterprise-server-64bit-pa8000"
"hewlett-packard","aberdeen-1996-hp-enterprise-parallel-server-scalable-performance"
"hewlett-packard","aberdeen-1996-hp-networking-vision-workgroups"
"hewlett-packard","aberdeen-1996-hp-praesidium-family"
"hewlett-packard","aberdeen-1996-hp-vectra-xw-personal-workstation"
"hewlett-packard","aberdeen-1996-risc-unix-market"
"hewlett-packard","aberdeen-1997-hp-andover-working-group"
"hewlett-packard","aberdeen-dops-distributed-open-prod-syst-cbae77"
"hewlett-packard","aberdeen-dops-tpc-1992-deck-bbe78e"
"hewlett-packard","cnet-shankland-ibm-itanium-x450-2003-c91608"
"hewlett-packard","copy-of-hp-camera-lab-journal-prod-c103f6"
"hewlett-packard","dct-access-pc-deals-2002-2003"
"hewlett-packard","dct-at-kearney-business-pc-prices"
"hewlett-packard","dct-business-2002-11-pc-deals"
"hewlett-packard","dct-business-2002-12-pc-deals"
"hewlett-packard","dct-business-2003-03-17-pc-deals"
"hewlett-packard","dct-corp-notebooks-jan-2003"
"hewlett-packard","dct-dceit-observations-2002-06"
"hewlett-packard","dct-gateway-acquires-emachines-2004-03"
"hewlett-packard","dct-hp-camera-lab-report-2001-09"
"hewlett-packard","dct-hp-compaq-pcs-insight-2001-09"
"hewlett-packard","dct-kastner-wish-list-2002-12"
"hewlett-packard","dct-memoir-ramp-vs-dct-prescience-2026"
"hewlett-packard","dct-microsoft-media-center-rollout-2002-08"
"hewlett-packard","dct-personal-it-forecast-research-2001"
"hewlett-packard","dct-q1-2003-pc-shipments"
"hewlett-packard","dct-weekly-2002-08-24-pc-deals-analysis"
"hewlett-packard","dct-weekly-2002-08-24-pc-deals-script"
"hewlett-packard","dct-weekly-2002-10-06"
"hewlett-packard","dct-weekly-2002-10-27"
"hewlett-packard","dct-weekly-2002-11-17"
"hewlett-packard","dct-weekly-2002-12-15"
"hewlett-packard","dct-weekly-2002-12-30"
"hewlett-packard","dct-weekly-2003-01-05"
"hewlett-packard","dct-weekly-2003-01-12"
"hewlett-packard","dct-weekly-2003-01-19"
"hewlett-packard","dct-weekly-2003-01-26"
"hewlett-packard","dct-weekly-2003-03-02"
"hewlett-packard","dct-weekly-2003-03-09"
"hewlett-packard","dct-weekly-2003-03-16"
"hewlett-packard","dct-weekly-2003-03-23"
"hewlett-packard","dct-weekly-2003-04-06"
"hewlett-packard","dct-weekly-2003-04-13"
"hewlett-packard","dct-weekly-2003-04-20"
"hewlett-packard","dct-weekly-2003-05-11"
"hewlett-packard","dct-weekly-2003-05-18"
"hewlett-packard","dct-weekly-2003-06-08"
"hewlett-packard","dct-weekly-2003-06-15"
"hewlett-packard","dct-weekly-2003-06-22"
"hewlett-packard","dct-weekly-2003-07-06"
"hewlett-packard","dct-weekly-2003-07-13"
"hewlett-packard","dct-weekly-2003-07-26"
"hewlett-packard","dct-weekly-2003-08-03"
"hewlett-packard","dct-weekly-2003-08-10"
"hewlett-packard","dct-weekly-2003-08-17"
"hewlett-packard","dct-weekly-2003-08-24"
"hewlett-packard","dct-why-aberdeen-follows-pc-deals-2002"
"hewlett-packard","ecpspr~1-4968bf"
"hewlett-packard","erppsp~1-31f088"
"hewlett-packard","hp-can-boost-soa-offerings-with-acquisit-48e07e"
"hewlett-packard","hp-compaq-kastner-insight1-a5a4e0"
"hewlett-packard","hp-mainframe-alternative-fernandez-mfasc-a2179f"
"hewlett-packard","hp-mercury-soa-2006-pdf-80785e"
"hewlett-packard","hp-smart-contact-b3c359"
"hewlett-packard","hptpc92-2fd423"
"hewlett-packard","ibm-+-webify-=-industry-soa-application--97733a"
"hewlett-packard","ibm-rs6000-midran~1-88f049"
"hewlett-packard","intel-2010-vpro-daily-globe-42697e"
"hewlett-packard","internetnews-veritas-itanium-believer-20-2ff4eb"
"hewlett-packard","intern~1-45df51"
"hewlett-packard","jungle-6-7af8b7"
"hewlett-packard","ma-ibm-webify-5e0d4b"
"hewlett-packard","mac-os-vs--linux-who-s-2-the-mac-observe-34e63d"
"hewlett-packard","marathon-technologies-demonstrates-99-99-99a38e"
"hewlett-packard","nti-11-distributed-midrange-servers-1993-dedd19"
"hewlett-packard","nti-4-nextgen-os-timing-1993-a45049"
"hewlett-packard","nti-9-mainframe-role-1993-77fc40"
"hewlett-packard","ntpspr~1-728dc3"
"hewlett-packard","ntserv~1-56bd94"
"hewlett-packard","portal-99-fe5656"
"hewlett-packard","powerful-network-management-4cb125"
"hewlett-packard","processor-editorial-article-one-powerhou-aa3f6c"
"hewlett-packard","sap-r-3-on-wintel-servers-712986"
"hewlett-packard","sars-high-tech-monday-update-monday-apri-ac0cb5"
"hewlett-packard","sequent-s-numa-q-2000-solutions-77a77c"
"hewlett-packard","sia-compaq-vows-support-himalaya-post-hp-21421a"
"hewlett-packard","stratus-computer-is-down-ad-reprints-c19-903ebf"
"hewlett-packard","system~1-36ba8c"
"hewlett-packard","tighten-disease-tracking-sars-latimes-20-0568b4"
"hewlett-packard","tpcbench92-139998"
"hewlett-packard","transmeta-crusoe-tm5700-tm5900-computerw-455262"
"hewlett-packard","workst~1-d22401"
"hewlett-packard","wsj-mcwilliams-private-label-pcs-2002-05-bdab0a"
"hewlett-packard-company","2026-kastner-dec-longitudinal-22d177"
"hewlett-packard-enterprise","2026-kastner-dec-longitudinal-22d177"
"hewlett-packard-hp","1992-tpc-benchmarks-vp-745fa1"
"hewlett-packard-hp","1998as400-1-146289"
"hewlett-packard-hp","2002-webex--taking-conferencing-to-the-summit-05f195"
"hewlett-packard-hp","aberdeen-1995-limd-technology"
"hewlett-packard-hp","marathon-d186ab"
"hiawatha-bray","kastner-technology-breadth-memoir-2026"
"hitachi","09-maxtor-workshop-prep-guide-a218dc"
"hitachi-data-systems","13-hh-time-compression-downtime-strategy-4e50c9"
"hitachi-data-systems","14-formulas-disaster-scenario-c2f0b4"
"hitachi-global-storage-technologies","10-maxtor-workshop-02-09-eod-53f22b"
"honeywell","volume-1-ch05-stratus-fault-tolerant-wars-1981-1987"
"honeywell-bull-inc","wsj-honeywell-bull-layoffs-kastner-1989-9faf05"
"hong-kong","2003-sars-electronics-supply-chain-ec0375"
"houghton-mifflin","adl-commercial-engagements-kastner-1972-1979-b8b001"
"houghton-mifflin","management-skills-learned-1969-3e75d0"
"houghton-mifflin","translating-early-skills-and-experiences-15bb2d"
"houghton-mifflin","volume-1-appendix-career-timeline"
"houghton-mifflin","volume-1-ch03-physics-of-consulting-1972-1979"
"howard-johnsons","volume-1-ch01-waiting-for-automation-1960-1969"
"hp","2010-intel-vpro-daily-globe-6f615e"
"hp","aberdeen-1996-ibm-tivoli"
"hp","dct-webinar-nov-2002"
"hp","dell-services-kastner-051904-4-87b363"
"hp","hp-analyst-phone-call-6-204870"
"hp","sequent-sap-sequen~1-7f70e4"
"hp-brazil","hp-mainframe-alternative-fernandez-mfasc-a2179f"
"hp-commercial-systems-division","aberdeen-1996-hp-3000-increasing-customers-successes"
"hp-compaq","2002-it-spending-shows-encouraging-signs-0d61cd"
"hp-general-systems-division","aberdeen-1996-hp-3000-increasing-customers-successes"
"hp-hewlett-packard","aberdeen-1996-digital-debunks-ntsmp-scalability-myth"
"hp-hewlett-packard","aberdeen-1996-digital-leading-nt-across-enterprise-charge"
"hp-storage","2003-storage-trends-what-will-be-hot-in-2003-and-beyond-cd0aeb"
"hp-workgroup-networks-division","aberdeen-1996-hp-networking-vision-workgroups"
"hugh-bishop","aberdeen-productization-pricing-and-survey-research-program-2000-b7b001"
"hugh-bishop","volume-1-ch09-expert-witness-technology-on-trial-1992-2015"
"hughes-network-systems","aberdeen-1996-omnibox-interactive-broadcasting-network"
"hy-tek-mfg","small-is-huge-in-pcs-these-days-blog-arc-655851"
"hyperion-software","aberdeen-1996-khalix-financial-awareness-competitive-advantage"
"hyperion-solutions","top-iseries-isvs-2002-2e8695"
"i2-technologies","erpv2p~1-b15573"
"ibm","10ibmiss-f66945"
"ibm","1991-encore-and-metadata-47f414"
"ibm","1992-sapiens-and-metadata-0608b6"
"ibm","1992-tpc-benchmarks-vp-ed0e0d"
"ibm","1993-hercules-sap-28344a"
"ibm","1997-ca-s-unicenter-tng-framework-pk-apr-50d15f"
"ibm","1997-commercial-risc-unix-1996-mvp-711569"
"ibm","1997-dec-linkworks-webworker---an-object-db2d2a"
"ibm","1997-the-new-as-400e-series-aa9cac"
"ibm","1997-tme-10-security-management-8178c6"
"ibm","1998-hp-high-availability-and-metadata-7d1276"
"ibm","1999pr~1-c5516b"
"ibm","2001-hp-compaq-kastner-insight1-d6dc38"
"ibm","2002-performance-breakthroughs-the-benchmarking-fanatic-6d41fa"
"ibm","2003-dell-and-oracle-boldly-predict-the-demise-of-big-i-073fba"
"ibm","2003-dell-ars-white-paper-53d13d"
"ibm","2004-03-intelitaniummfewp11.doc-618d4a"
"ibm","2026-kastner-ibm-longitudinal"
"ibm","aberdeen-1995-commercial-messaging"
"ibm","aberdeen-1995-data-warehouse-olap"
"ibm","aberdeen-1995-ibm-db2-common-server"
"ibm","aberdeen-1996-bulls-sagister-datacenterdisciplined-unix-businesscritical-applications"
"ibm","aberdeen-1996-digital-debunks-ntsmp-scalability-myth"
"ibm","aberdeen-1996-digital-leading-nt-across-enterprise-charge"
"ibm","aberdeen-1996-evaluating-system36-migration-strategies"
"ibm","aberdeen-1996-frame-relay-access-devices"
"ibm","aberdeen-1996-hp-9000-enterprise-server-64bit-pa8000"
"ibm","aberdeen-1996-hp-enterprise-parallel-server-scalable-performance"
"ibm","aberdeen-1996-ibm-aix-4-not-your-fathers-325"
"ibm","aberdeen-1996-ibm-as400-vs-microsoft-nt-server"
"ibm","aberdeen-1996-ibm-os2-warp-server"
"ibm","aberdeen-1996-ibm-tivoli"
"ibm","aberdeen-1996-ibm-transformation-business-machines-information-service"
"ibm","aberdeen-1996-mainframe-revival-short-lived-or-long-term"
"ibm","aberdeen-1996-object-oriented-three-tier-plus-computing"
"ibm","aberdeen-1996-open-market-web-based-commerce"
"ibm","aberdeen-1996-risc-unix-market"
"ibm","aberdeen-1996-unisys-clears-path-a-series-os2200"
"ibm","aberdeen-1997-as400-nt-server-ibm-microsoft-working-together"
"ibm","aberdeen-corporate-collateral-2001-v2-b4b001"
"ibm","aberdeen-dops-distributed-open-prod-syst-cbae77"
"ibm","aberdeen-eii-2003-ea3f1a"
"ibm","bbn1989-1e6838"
"ibm","bull1990-d-c-benchmarks-8b5d9c"
"ibm","cab199-1-2-0cb163"
"ibm","carepo-kastner-unicenter-jasmine-1996-1d5ffe"
"ibm","casale-evp-2-79187c"
"ibm","casale-evp-5-aa8f2a"
"ibm","caunic-ltr98-80140d"
"ibm","dbmspr~1-7c854e"
"ibm","dct-apple-powermac-g5-2003-06"
"ibm","dct-at-kearney-business-pc-prices"
"ibm","dct-corp-notebooks-jan-2003"
"ibm","dct-dceit-observations-2002-06"
"ibm","dct-personal-it-forecast-research-2001"
"ibm","dct-q1-2003-pc-shipments"
"ibm","debit-credit-ibm-dec-1988-2-2fc147"
"ibm","dectp-genspark-research2-4-a09a82"
"ibm","dectp92-0ca51c"
"ibm","dell-services-kastner-051904-4-87b363"
"ibm","dssune~1-cbf6e3"
"ibm","ecpspr~1-4968bf"
"ibm","encore-b7c40d"
"ibm","erppsp~1-31f088"
"ibm","esb-0617-5cc5fa"
"ibm","hp-can-boost-soa-offerings-with-acquisit-48e07e"
"ibm","hp-mainframe-alternative-fernandez-mfasc-a2179f"
"ibm","hp-mercury-soa-2006-pdf-80785e"
"ibm","ibm-+-webify-=-industry-soa-application--97733a"
"ibm","ibm-major-account-plan-8-cc6400"
"ibm","ibm-messaging-workshop-report-final-9-ef7fbc"
"ibm","ibm-rs6000-midran~1-88f049"
"ibm","ibm-scm-murray2-tm-4a0fbf"
"ibm","ibmfinal1-3-720230"
"ibm","ibmramp95-9ffc12"
"ibm","ibmrs6k-05561e"
"ibm","ibmtpc92-c32789"
"ibm","intel-longlivedualcore-revised-5-fa8298"
"ibm","intelitaniummfewp1[1]-773ea2"
"ibm","intern~1-45df51"
"ibm","kastner-technology-breadth-memoir-2026"
"ibm","linuxcare-ab95f6"
"ibm","linuxcare-profile-1999"
"ibm","linuxsme99-574d39"
"ibm","ma-ibm-webify-5e0d4b"
"ibm","middle~1-a64fa0"
"ibm","mockup~1-ca8fde"
"ibm","ncr-bringing-highly-available-nt-ecb055"
"ibm","niagara-sun-s-palaver-starter-and-diy-mp-158f17"
"ibm","nti-11-distributed-midrange-servers-1993-dedd19"
"ibm","nti-3-pc-and-ws-1993-17d49b"
"ibm","nti-4-nextgen-os-timing-1993-a45049"
"ibm","nti-5-development-toolsets-0e71c5"
"ibm","nti-6-rdbms-technology-48f4aa"
"ibm","nti-9-mainframe-role-1993-77fc40"
"ibm","on-computers-tips-40th-anniversary-of-th-ee9cc5"
"ibm","power-macs-won-t-hit-3ghz-this-year-anal-73ad0f"
"ibm","psk-ibmbio-fde139"
"ibm","rdbms-for-ibm-powera~1-7a44be"
"ibm","sabre-s-challenge-fb76f5"
"ibm","sequent-s-numa-q-2000-solutions-77a77c"
"ibm","sequent-sap-sequen~1-7f70e4"
"ibm","slow-growth-for-it-spending-in-2003-it-t-231f47"
"ibm","software-market-safegu~1-ea7453"
"ibm","stratus-computer-is-down-ad-reprints-c19-903ebf"
"ibm","sun-as400-main-report-2002-c37e2a"
"ibm","sun-as400-market-data-2002-5faa8f"
"ibm","sun-as400-presentation-2002-9d925e"
"ibm","sun-launch-best-practices-report-draft-8-9741fb"
"ibm","technology-news-hardware-ibm-opens-custo-7fdf18"
"ibm","topic-semiconductor-practice-definition-2002"
"ibm","tpcbench92-139998"
"ibm","unisys-florida-hrs-expert-witness-tallah-5b4524"
"ibm","usatoday-maney-pentium-fdiv-kastner-1994-13a035"
"ibm","utilit~1-0596b5"
"ibm","volume-1-about-the-author"
"ibm","volume-1-appendix-career-timeline"
"ibm","volume-1-ch01-waiting-for-automation-1960-1969"
"ibm","volume-1-ch03-physics-of-consulting-1972-1979"
"ibm","volume-1-ch04-prime-computer-1979-1981"
"ibm","volume-1-ch05-stratus-fault-tolerant-wars-1981-1987"
"ibm","volume-1-ch06-dec-mainframes-last-stand-1987-1988"
"ibm","volume-1-ch08-aberdeen-go-go-years-1998-2006"
"ibm","volume-1-ch09-expert-witness-technology-on-trial-1992-2015"
"ibm","volume-1-ch10-the-long-view-1966-2026"
"ibm","volume-1-epilogue-argument-with-reality"
"ibm","workst~1-d22401"
"ibm","wsj-digital-challenges-ibm-tests-bulkele-e2e227"
"ibm","wsj-mcwilliams-private-label-pcs-2002-05-bdab0a"
"ibm-as400-division","aberdeen-1995-ibm-as400-sap-r3"
"ibm-bcs","ibm-scm-murray2-tm-4a0fbf"
"ibm-corp","aberdeen-dops-tpc-1992-deck-bbe78e"
"ibm-corp","cnet-shankland-ibm-itanium-x450-2003-c91608"
"ibm-corp","informationweek-ibm-ms-nt-clusters-1999-8c5b45"
"ibm-corp","usatoday-maney-mac-or-pc-windows-securit-b45d45"
"ibm-corporation","1997-ibm-extended-transaction-systems-fa-0369fa"
"ibm-corporation","1997-ibm-information-integration-family--29351c"
"ibm-corporation","2001-linux-is-on-the-move-up-6bf089"
"ibm-corporation","2026-kastner-enterprise-ai-arc"
"ibm-corporation","jungle-1-5-675c58"
"ibm-corporation","jungle-6-7af8b7"
"ibm-corporation","nospra~1-bd7d6a"
"ibm-corporation","ntpspr~1-728dc3"
"ibm-corporation","ntserv~1-56bd94"
"ibm-global-services","1997-ibm-s-solution-centric-global-healt-7a073f"
"ibm-global-services","1997-ibm’s-nt-strategy-strat-pr-b93817"
"ibm-global-services","1999pr~1-c5516b"
"ibm-global-services","aberdeen-1996-ibm-transformation-business-machines-information-service"
"ibm-global-services","manage~1-b299e4"
"ibm-global-services","teleco~1-c01702"
"ibm-issc","aberdeen-1996-risc-unix-market"
"ibm-linux","2000-linux-multi-client-study-29e6cf"
"ibm-somers","ibm-messaging-workshop-report-final-9-ef7fbc"
"ibm-tivoli","caunic-ltr98-80140d"
"ibm-tivoli","system~1-36ba8c"
"ibm-watson-health","1997-ibm-s-solution-centric-global-healt-7a073f"
"icat","ecprac~1-a7d0e4"
"icl-fujitsu","aberdeen-1996-risc-unix-market"
"icube","intel-idf-pk-notes-3-6666da"
"idc","05-idc-sata-report-0872b8"
"idc","aberdeen-training-day-1-522863"
"idc","dct-personal-it-forecast-research-2001"
"idc","dct-q1-2003-pc-shipments"
"idc","internetnews-veritas-itanium-believer-20-2ff4eb"
"idc","microsoft-s-move-to-mothball-old-code-ra-724d34"
"idc","real-time-billing-for-internet-protocol--5ef746"
"idc","technology-news-trends-desktop-pcs-decli-7993aa"
"idc","volume-1-ch07-founding-aberdeen-1988-1997"
"idc","wired-idc-tech-bucks-hack-threats-2002-e6375d"
"idc-corp","tech-forecasts-idc-keeps-score-114e08"
"idc-corp","technology-news-hardware-amd-s-opteron-a-ecf5a9"
"idc-corp","technology-news-hardware-apple-s-power-m-91980c"
"idc-corp","technology-news-hardware-gateway-goes-gi-4af738"
"idc-corporation","hostingtech-apple-xserve-asia-zieger-200-052af6"
"idc-corporation","wsj-tech-watching-analyst-industry-1998-002531"
"idc-norge","ncr-norge-open-oltp-rdbms-seminar-1992-0-7f5414"
"idc-research","att-worldmark-wsj-ad-aberdeen-quote-1995-ec56fb"
"idc-research","rbj-pc-reseller-slump-psk-2002-07-05-9cb170"
"idx-systems","health~1-056358"
"ieee","nti-2-open-systems-1dd3af"
"ieee-80211-wg","urban-wifi-gridlock-eweek-2003-kastner-r-2e0114"
"iia","topic-iia-pc-management-best-practices-2003-10"
"iia-research-foundation","pc-management-best-practices-page-2-5-962daf"
"iia-research-foundation","topic-iia-pc-management-best-practices-2003-10"
"illinois-bell","computerworld-fault-tolerant-market-1987-fc3dca"
"immersion-technology-inc","wsj-mcwilliams-private-label-pcs-2002-05-bdab0a"
"inacom","kastner-ie-v-andersen-expert-report-3de98a"
"indian-motorcycle","oracle-wp-prod-6-a42b4b"
"indian-motorcycle","oracleroiwhitepaperprod-7-bcf73f"
"industryweek","ibmfinal1-3-720230"
"infiniband-trade-association","infiniband-and-beyond-computerworld-supp-200261"
"infiniband-trade-association","infiniband-data-center-wp-2002"
"infiniband-trade-association","intel-infiband-wp--edit-psk-5-22f-a2c551"
"infinium-software","erpv2p~1-b15573"
"inflow","08011974-195886"
"infonet-services","manage~1-b299e4"
"informatica","2001-aberdeen-group-recent-publications-psk-2be54d"
"informix","1997-oracle-designer-2000-3201a7"
"informix","1997-oracle-developer-2000-client-server-development-en-5f98ce"
"informix","aberdeen-1995-data-warehouse-olap"
"informix","aberdeen-1996-computer-telephony-integration"
"informix","aberdeen-1996-distributed-open-rdbms-buying-guide"
"informix","dbmspr~1-7c854e"
"informix","nti-6-rdbms-technology-48f4aa"
"informix","rdbms-for-ibm-powera~1-7a44be"
"informix","safeway-damages-report-draft-b502f4"
"informix","sap-sybase-face-off-f2612e"
"informix","volume-1-ch04-prime-computer-1979-1981"
"informix-corp","upgrades-boost-database-market-iweek-fol-f19804"
"informix-corporation","1997-ibm-information-integration-family--29351c"
"informix-corporation","aberdeen-1995-data-warehouse-olap"
"informix-corporation","cab199-1-2-0cb163"
"informix-software","1997-industry-matematik-international-co-c398bc"
"informix-software","1998-hp-high-availability-and-metadata-7d1276"
"informix-software","aberdeen-dops-distributed-open-prod-syst-cbae77"
"informix-software","aberdeen-dors-buying-guide-1996-web-5ee808"
"informix-software","datamation-informix-dsa-ad-aberdeen-cite-a9f18d"
"infoworld","seven-ways-to-prepare-for-the-economic-u-0a7d35"
"infoworld-magazine","infoworld-dell-sharpens-blade-attack-nee-f9cb9c"
"ingram-micro","kastner-ie-v-andersen-expert-report-3de98a"
"ingres","nti-5-development-toolsets-0e71c5"
"ingres","nti-6-rdbms-technology-48f4aa"
"inovant","inovant-ramp-interview-for-maxtor-projec-e7f75d"
"inslaw","volume-1-ch04-prime-computer-1979-1981"
"institutional-venture-partners","businessweek-stratus-launch-fail-safe-ba-82c028"
"intel","1992-tpc-benchmarks-vp-745fa1"
"intel","1997-microsoft-nt-scalability-day--the-e-6460e2"
"intel","1998-microsoft-windows-nt-5-0-a-planning-guide-cd9d08"
"intel","1998as400-1-146289"
"intel","2002-802-11a-b-wireless-comes-of-age-6a071d"
"intel","2002-amd-s-gigahertz-equiva-nexperienced-buyers-accept--6f6050"
"intel","2002-does-intel-s-decision-not-to-manufactur-iniband-si-0bd64b"
"intel","2002-hp-s-consumer-pc-business-will-shrink-psk-ef3cd5"
"intel","2002-performance-breakthroughs-the-benchmarking-fanatic-6d41fa"
"intel","2004-03-intelitaniummfewp11.doc-618d4a"
"intel","2005-fall-idf-schedule-b5e6c4"
"intel","2006-amd-ati-acquisition-cf19ff"
"intel","2010-intel-ia-continuum-wp-1-2-fc5653"
"intel","2010-intel-vpro-daily-globe-6f615e"
"intel","2026-kastner-core-arguments-framework-0b0c6b"
"intel","aberdeen-1996-dec-manageworks-22"
"intel","amd-profile01-64e43b"
"intel","andersen-report-cover-letter-to-weber-4-4d17ee"
"intel","dct-apple-powermac-g5-2003-06"
"intel","dct-dceit-observations-2002-06"
"intel","dct-dceit-practice-v6-2002"
"intel","dct-intel-processor-prices-2003-01"
"intel","dct-memoir-athlon-64-prescience-2003"
"intel","dct-memoir-ramp-vs-dct-prescience-2026"
"intel","dct-pc-replacement-insight1-2003-04"
"intel","dct-segment-priorities-matrix-2003"
"intel","dct-supplier-list-2002"
"intel","dct-traveling-with-centrino-2003-05"
"intel","dct-webinar-nov-2002"
"intel","dell-precision-workstations-3-581e89"
"intel","intel-2010-vpro-daily-globe-42697e"
"intel","intel-centrino-pk-8ecf9a"
"intel","intel-consumer-lt-10-5-03-580af7"
"intel","intel-dss99-42b2bc"
"intel","intel-ia2004-pk4-kc-edits-de9c37"
"intel","intel-idf-2005-spring-delegate-confirmat-0de810"
"intel","intel-idf-pk-notes-3-6666da"
"intel","intel-longlivedualcore-revised-5-fa8298"
"intel","intel-renewal1017-9-0d4419"
"intel","intelitaniummfewp1[1]-773ea2"
"intel","kastner-technology-breadth-memoir-2026"
"intel","marathon-d186ab"
"intel","nti-2-open-systems-1dd3af"
"intel","peter-kastner-10-bde195"
"intel","planningforemergingindustry-6-40decb"
"intel","server-benchmarks-2007-sept-7-862cf0"
"intel","topic-semiconductor-practice-definition-2002"
"intel","volume-1-ch08-aberdeen-go-go-years-1998-2006"
"intel-capital","2005-fall-idf-schedule-b5e6c4"
"intel-corp","aberdeen-impact-desktop-pc-sirens-1998-14b40c"
"intel-corp","bapco-sysmark-2012-benchmark-post-a40084"
"intel-corp","cnet-shankland-ibm-itanium-x450-2003-c91608"
"intel-corp","informationweek-videoconferencing-boost--b62ff4"
"intel-corp","intel-pulse-check-ia-continuum-2013-3a693f"
"intel-corp","intel-quad-core-outlook-newsfactor-garre-c32252"
"intel-corp","internetnews-will-sars-infect-high-tech--8569ea"
"intel-corp","kastner-jrl-trends-1999-pk-responses-f4c5a4"
"intel-corp","kastner-letter-to-craig-barrett-intel-2008-1ea221"
"intel-corp","marketwatch-weeks-top-apr17-2003-intel-k-429978"
"intel-corp","otellini-intel-techpinions-2013-917213"
"intel-corp","otellini-preview-how-it-changed-2013-604cfb"
"intel-corp","otellini-preview-on-the-impact-2013-a50192"
"intel-corp","purchasing-mag-high-tech-supply-chains-2-fc2a91"
"intel-corp","tighten-disease-tracking-sars-latimes-20-0568b4"
"intel-corp","youtube-channelintel-anti-theft-tech-200-73a093"
"intel-corp","youtube-kastner-intel-vpro-tco-2008-cb1733"
"intel-corporation","2026-kastner-enterprise-ai-arc"
"intel-corporation","2026-kastner-intel-longitudinal-776f7e"
"intel-corporation","linuxplanet-reports-opteron-s-first-year-40c423"
"intel-corporation","networ~1-96462b"
"intel-corporation","ntserv~1-56bd94"
"intel-corporation","omnibox97-53bcfe"
"intel-corporation","power-macs-won-t-hit-3ghz-this-year-anal-73ad0f"
"intel-corporation","rbj-pc-reseller-slump-psk-2002-07-05-9cb170"
"intel-corporation","remarks-of-peter-kastner-to-the-massachu-96335b"
"intel-corporation","sars-high-tech-monday-update-monday-apri-ac0cb5"
"intel-corporation","sars-puts-an-end-to-business-as-usual-in-6b0471"
"intel-corporation","sars-wirft-schatten-uber-elektronische-b-bf33b6"
"intel-corporation","small-business-intel-targets-smbs-with-r-2cd3ec"
"intel-corporation","supreme-court-orders-intel-documents-rel-e6e110"
"intel-corporation","tech-investor-is-sars-sickening-tech-apr-850937"
"intel-corporation","techno-news-blog-6-713812"
"intel-corporation","technology-news-future-tech-microsoft-la-625f49"
"intel-corporation","technology-news-hardware-amd-s-opteron-a-ecf5a9"
"intel-corporation","technology-news-hardware-intel-ships-gra-47f656"
"intel-corporation","technology-news-hardware-intel-unveils-l-1f420a"
"intel-corporation","technology-news-hardware-intel-updates-i-a018d7"
"intel-corporation","technology-news-hardware-samsung-unveils-e689dd"
"intel-corporation","trends99-18726b"
"intel-corporation","usatoday-kessler-itanium-mckinley-kastne-77362b"
"intel-corporation","usatoday-maney-pentium-fdiv-kastner-1994-13a035"
"intel-corporation","wsj-mcwilliams-private-label-pcs-2002-05-bdab0a"
"intelligent-electronics","kastner-ie-v-andersen-expert-report-3de98a"
"intelligent-electronics","psk-litigation-b452e6"
"intelligent-electronics","volume-1-ch09-expert-witness-technology-on-trial-1992-2015"
"interbiz-solutions","ca-interbiz-bizworks-profile-054f3c"
"intercontinental-hotels","volume-1-ch01-waiting-for-automation-1960-1969"
"intergraph-computer","workst~1-d22401"
"interliant","1997-the-business-value-of-applications-hosting-e92e09"
"international-resource-development","computerworld-fault-tolerant-market-1987-fc3dca"
"internet-home-alliance","iha-full-report---draft-jul-28-41de81"
"internet-security-systems","aberdeen-1996-iss-internet-security-systems"
"internet-security-systems","vulnerability-assessment-empowering-is-754d9a"
"internet-shopping-network","1998-internet-sales-report-4cde3f"
"internetnews-com","supreme-court-orders-intel-documents-rel-e6e110"
"internetweek-magazine","techno-news-blog-6-713812"
"intersil","2002-802-11a-b-wireless-comes-of-age-6a071d"
"intersolv","1998-y2k-report-f512fb"
"intersolv","develo~1-d25652"
"intersolv-inc","aberdeen-1995-intersolv-virtual-data-warehouse"
"intertrust","1999-digitalcash-the-dash-to-digital-cash-enabling-inte-23732b"
"interworld-technology","1997-commerce-exchange-pvp-250db8"
"ipmi-forum","planningforemergingindustry-6-40decb"
"ipsilon-networks","1997-cabletron-and-ipsilon--linking-secu-adba48"
"iq-software","aberdeen-1996-iq-software-www-reporting"
"isaac-ro","dct-webinar-announcement-2002-11"
"isaac-ro","microsoft-s-future-paths-6-f86f30"
"isaac-ro","watchit-psk-aberdeen-cro-presenter-2002--5843bc"
"isoft-group","ra-soa-2007-97c147"
"isoft-group","soa-web-services-2007-c3297b"
"isource-business","ibmfinal1-3-720230"
"isv-community","aberdeen-1996-ibm-aix-4-not-your-fathers-325"
"it-organizations","2002-it-purchasing-the-view-from-the-end-of-the-tunnel--f63cde"
"it-suppliers","2002-it-purchasing-the-view-from-the-end-of-the-tunnel--f63cde"
"itko","ra-soa-2007-97c147"
"ixos-software","sequent-sap-sequen~1-7f70e4"
"j-d-edwards","erppsp~1-31f088"
"j-d-edwards","erpv2p~1-b15573"
"j-m-andrade","aberdeen-open-online-transaction-process-ea272f"
"jack-maynard","aberdeen-practice-definitions-compendium-2000-b7a001"
"jack-smith-dec","volume-1-ch06-dec-mainframes-last-stand-1987-1988"
"jackson-shaw","microsoft-s-future-paths-6-f86f30"
"jackson-shaw","watchit-psk-aberdeen-cro-presenter-2002--5843bc"
"james-gruener","aberdeen-practice-definitions-compendium-2000-b7a001"
"james-lees","phi-psd-brochure-and-kastner-engagements-1969-1972-b8d001"
"james-osterhoff","boston-globe-dec-steul-cfo-resigns-1994-4013c6"
"jamie-bedard","volume-1-ch08-aberdeen-go-go-years-1998-2006"
"jay-erikson","07-pools-of-storage-functional-spec-597fa5"
"jba-international","ie-appendix-jones-wms-memo-2e5d6c"
"jd-edwards","2003-the-new-peoplesoft-long-term-strategy-near-term-be-5cb14f"
"jd-edwards","aberdeen-1997-lawson-insight-process-orientation-business-management"
"jd-edwards","decision-maker-erp-services-805ce8"
"jd-edwards","sap-r-3-on-wintel-servers-712986"
"jd-edwards","utilit~1-0596b5"
"jim-gray","dec-notes-tp1-debit-credit-thread-1987-1-5815dc"
"jim-gray","tandem-tr-85-2-debitcredit-1985-ca207a"
"jim-hurley","aberdeen-workshop-qualifying-questions-and-success-stories-2001-b6a001"
"jim-hurley","intel-consumer-lt-10-5-03-580af7"
"joe-eschbach","dct-adobe-company-snapshot-2002"
"joe-wetz","respiratory-illness-could-restrict-i.t.--c3c523"
"john-cullinane","on-computers-tips-40th-anniversary-of-th-ee9cc5"
"john-cullinane","phi-legacy-in-wang-labs-runaway-horse-1995-b8e001"
"john-cullinane","volume-1-ch06-dec-mainframes-last-stand-1987-1988"
"john-cunningham","phi-legacy-in-wang-labs-runaway-horse-1995-b8e001"
"john-d-porter-asu","data-warehouse-2-years-later-cause-1994-721bb1"
"john-fletcher","2001-fletcher-spaght-3bb872"
"john-logan","aberdeen-company-profile-post-kastner-b01a12"
"john-logan","volume-1-about-the-author"
"john-logan","volume-1-ch05-stratus-fault-tolerant-wars-1981-1987"
"john-logan","volume-1-ch06-dec-mainframes-last-stand-1987-1988"
"john-morgridge","stratus-olivetti-40m-deal-eagle-tribune--b7e3b1"
"john-morgridge","volume-1-appendix-career-timeline"
"john-morgridge","volume-1-ch05-stratus-fault-tolerant-wars-1981-1987"
"john-morrell-idc","datamation-informix-dsa-ad-aberdeen-cite-a9f18d"
"john-morse","phi-psd-brochure-and-kastner-engagements-1969-1972-b8d001"
"john-o-dunkle","aberdeen-press-advisory-kastner-appointm-efd58c"
"john-p-morgridge","stratus-corporate-overview-1982-11-a7e367"
"john-pryke","phi-psd-brochure-and-kastner-engagements-1969-1972-b8d001"
"john-r-logan","1997-microsoft--the-joker-of-enterprise--158636"
"john-r-logan","aberdeen-open-online-transaction-process-ea272f"
"john-r-logan","aberdeen-trends-90s-logan-1991-648c68"
"john-r-logan","wsj-digital-challenges-ibm-tests-bulkele-e2e227"
"john-r-logan-aberdeen","aberdeen-press-advisory-kastner-appointm-efd58c"
"john-r-logan-aberdeen","volume-1-ch07-founding-aberdeen-1988-1997"
"john-thomas-parsons","informationweek-tablet-pc-microsoft-kast-72320d"
"john-warnock","dct-adobe-company-snapshot-2002"
"john-zhang-wharton","rebate-check-recordonline-van-vlack-d7d600"
"jon-van-vlack","rebate-check-recordonline-van-vlack-d7d600"
"joseph-weizenbaum","volume-1-ch10-the-long-view-1966-2026"
"joyce-becknell","aberdeen-practice-definitions-compendium-2000-b7a001"
"jp-morgan-chase","it-budget-realities-benchmark-1b1313"
"judith-rosall","aberdeen-productization-pricing-and-survey-research-program-2000-b7b001"
"jupiter-research","tech-forecasts-idc-keeps-score-114e08"
"justin-rattner","peter-kastner-10-bde195"
"kaiser-permanente","kaiser-permanente-ramp-interview-for-max-8e4033"
"kana-communications","1999-managing-customers-with-next-generation-software-a-a5adc4"
"karen-moser","aberdeen-productization-pricing-and-survey-research-program-2000-b7b001"
"karen-regis","peter-kastner-10-bde195"
"kastner-family-restaurant","volume-1-ch01-waiting-for-automation-1960-1969"
"kastner-it-research-archive","2026-kastner-top-100-economic-calls-2a98a7"
"kate-kastner","adl-commercial-engagements-kastner-1972-1979-b8b001"
"kate-morgridge","volume-1-ch05-stratus-fault-tolerant-wars-1981-1987"
"kay-hart","hp-compaq-blackmore-7-7f30a3"
"keane-inc","ie-appendix-lane-qa-research-e594cb"
"ken-fisher","phi-legacy-in-wang-labs-runaway-horse-1995-b8e001"
"ken-fisher","volume-1-ch04-prime-computer-1979-1981"
"ken-olsen","dec-mgmt-memo-v7n5-state-of-company-1988-6a9954"
"ken-olsen","volume-1-ch06-dec-mainframes-last-stand-1987-1988"
"kenneth-h-olsen","boston-globe-dec-steul-cfo-resigns-1994-4013c6"
"kent-allen","aberdeen-productization-pricing-and-survey-research-program-2000-b7b001"
"kerry-obrien-ftc","great-rebate-debate-smartmoney-grant-80650c"
"kfc","volume-1-ch01-waiting-for-automation-1960-1969"
"kings-county-board-education","computer-dating-1960s-businessinsider-gr-2b9490"
"kirk-skaugen","peter-kastner-10-bde195"
"kleiner-perkins","linuxcare-ab95f6"
"kleiner-perkins","linuxcare-profile-1999"
"kmart","1998-information-technology-in-the-retail-sector-the-in-33dc54"
"kpmg","erppsp~1-31f088"
"kpmg-consulting","1999-crm-professional-services-rpt-96bf13"
"kpmg-consulting","2000-kpmg-creating-a-successful-dot-com-the-devil-is-in-9dea24"
"kpmg-consulting","ie-appendix-lane-qa-research-e594cb"
"la-times","tighten-disease-tracking-sars-latimes-20-0568b4"
"lance-travis","sia-compaq-vows-support-himalaya-post-hp-21421a"
"land-o-lakes-inc","aberdeen-managing-is-amidst-it-chaos-lan-05ea75"
"lansa-corporation","lansa-composer-powerpoint-9f4257"
"lara-abrams","aberdeen-productization-pricing-and-survey-research-program-2000-b7b001"
"large-insurer-customer","platinum-riskadvisor-ec30de"
"larry-ellison","2002-a-kinder-gentler-larry-ellison-oracle-presents-new-cb69fb"
"larry-ellison","2026-kastner-oracle-longitudinal"
"larry-ellison","oracle-and-dell-take-aim-at-midsize-busi-770ea6"
"larry-ellison","peoplesoft-bid-mirrors-lofty-goals-of-or-6be2ec"
"larry-roberts-investment","ee-times-stratus-tandem-fault-tolerant-1-42f6c7"
"laura-didio-yankee","technology-news-international-microsoft--a2f127"
"lawrence-genovesi","boston-globe-mit-enterprise-forum-kastne-2a3462"
"lawson-software","aberdeen-1996-lawson-software-desktop-workflow"
"lawson-software","aberdeen-1997-lawson-insight-process-orientation-business-management"
"leaa","adl-public-safety-911-cad-systems-1973-1979-b8a001"
"legato","storag~1-262bc7"
"legato-systems","1997-digital-s-terabyte-hour-nonstop-vld-ce92ca"
"legato-systems","1997-industry-matematik-international-co-c398bc"
"legend-holdings","dct-personal-it-forecast-research-2001"
"lenovo","2010-intel-vpro-daily-globe-6f615e"
"lenovo","intel-2010-vpro-daily-globe-42697e"
"leo-fleck","phi-psd-brochure-and-kastner-engagements-1969-1972-b8d001"
"leonard-tenner","wsj-tech-watching-analyst-industry-1998-002531"
"limelight-networks","mirror-image-profile-v2-050404-97e2a6"
"linda-sanford","ibm-major-account-plan-8-cc6400"
"link-software","aberdeen-workshop-qualifying-questions-and-success-stories-2001-b6a001"
"linuxcare","linuxcare-ab95f6"
"linuxcare","linuxcare-profile-1999"
"lionel-singer","volume-1-ch04-prime-computer-1979-1981"
"logica-north-america-inc","aberdeen-1995-digital-objectbroker"
"logiclibrary","aberdeen-workshop-qualifying-questions-and-success-stories-2001-b6a001"
"longview-solutions","aberdeen-1996-khalix-financial-awareness-competitive-advantage"
"lorie-wigle","peter-kastner-10-bde195"
"lotus","aberdeen-1995-commercial-messaging"
"lotus-development","1999-e-learning-in-the-enterprise-psk-d0fc8a"
"lotus-development","nti-12-client-server-goals-1993-15a519"
"lotus-development-corporation","1997-commercial-risc-unix-1996-mvp-711569"
"lotus-development-corporation","1997-data-integration-management-in-hete-de2429"
"lotus-development-corporation","1997-digital-equipment-corporation-pr-c375a8"
"lotus-development-corporation","1997-ibm-extended-transaction-systems-fa-0369fa"
"lotus-development-corporation","1998-hp-high-availability-and-metadata-7d1276"
"lotus-development-corporation","2003-dell-ars-white-paper-53d13d"
"lotus-development-corporation","2003-intel-consumer-lt-10-5-8c346e"
"lotus-development-corporation","aberdeen-1995-digital-linkworks"
"lotus-notes","aberdeen-1995-ibm-db2-common-server"
"lucent-netcare","1998-network-integration-services-report-f75108"
"lucent-tech","tech-s-best-hope-pockets-of-prosperity-2-17d6cf"
"lucent-technologies","aberdeen-1997-aberdeen-group-impacts"
"lucent-technologies","omnibox97-53bcfe"
"lucent-technologies","teleco~1-c01702"
"luftforsvarets-forsyningskommando","ncr-norge-open-oltp-rdbms-seminar-1992-0-7f5414"
"lynn-brenton","informationweek-tablet-pc-microsoft-kast-72320d"
"macromedia","06-aberdeen-after-action-showandtell-95c6d9"
"macromedia","1999-e-learning-in-the-enterprise-psk-d0fc8a"
"madge-networks","aberdeen-1996-mitels-nevadanetworked-voice-data-speeding-toward"
"management-information-corp","stratus-et1-tp1-tandem-dossier-1986-26871a"
"manhattan-associates","ie-appendix-jones-wms-memo-2e5d6c"
"marathon-technologies","1992-tpc-benchmarks-vp-745fa1"
"marathon-technologies","1997-marathon's-endurance-4000--imp-psk-f83368"
"marathon-technologies","1998as400-1-146289"
"marathon-technologies","2002-webex--taking-conferencing-to-the-summit-05f195"
"marathon-technologies","marathon-d186ab"
"marathon-technologies","marathon-technologies-demonstrates-99-99-99a38e"
"marc-benioff","salesforce.com-s-apex-code-good-idea-or--29f809"
"marc-breissinger-webmethods","esb-soa-fabric-webmethods-techtarget-see-83b233"
"marcam-solutions","aberdeen-1997-aberdeen-group-impacts"
"marcam-solutions","erpv2p~1-b15573"
"margie-koenig","aas-launch-package-aug-2001-b4a001"
"marine-midland-bank","phi-psd-brochure-and-kastner-engagements-1969-1972-b8d001"
"marine-midland-bank","volume-1-appendix-career-timeline"
"marine-midland-bank","volume-1-ch02-physics-of-the-machine-1969-1972"
"mark-hurd","on-computers-tips-good-news-for-ncr-dell-1943c5"
"mark-hurd","server-deal-turns-rivals-into-allies-seq-bdc3af"
"mark-margevicius","moore-s-law-true-but-irrelevant-internet-661e40"
"mark-salamasick","pc-management-best-practices-page-2-5-962daf"
"mark-salamasick","topic-iia-pc-management-best-practices-2003-10"
"mark-templeton","sun-sentinel-citrix-templeton-staying-20-b645c7"
"marketwatch-inc","sun-micro-slammed-as-quarterly-report-di-e9ee61"
"marketwatch-inc","sun-shares-tumble-in-pre-market-trading--000d37"
"marriott","volume-1-ch01-waiting-for-automation-1960-1969"
"marsha-haugen","wsj-tech-watching-analyst-industry-1998-002531"
"martin-annis","adl-ase-asep-two-way-power-communications-1979-b8c001"
"martin-annis","minicomputer-news-ase-asep-1979-2b5327"
"martin-reynolds-gartner","technology-news-future-tech-microsoft-la-625f49"
"martin-reynolds-gartner","technology-news-hardware-sun-unveils-ult-4a76bb"
"martin-wolf","processor-editorial-article-one-powerhou-aa3f6c"
"marvin-minsky","volume-1-ch10-the-long-view-1966-2026"
"mary-ellen-holland","adl-commercial-engagements-kastner-1972-1979-b8b001"
"mass-mutual","adl-commercial-engagements-kastner-1972-1979-b8b001"
"mastercard","1999-digitalcash-the-dash-to-digital-cash-enabling-inte-23732b"
"match-com","computer-dating-1960s-businessinsider-gr-2b9490"
"maxtor","01-difranco-report-on-aberdeen-group-res-444a19"
"maxtor","02-sow-final-62f56d"
"maxtor","03-contract-pools-of-storage-phase2-a47fd3"
"maxtor","06-aberdeen-after-action-showandtell-95c6d9"
"maxtor","08-phase2-project-kickoff-2ea711"
"maxtor","09-maxtor-workshop-prep-guide-a218dc"
"maxtor","10-maxtor-workshop-02-09-eod-53f22b"
"maxtor","17-maxtor-tool-decision-components-d9c2fb"
"maxtor","19-maxline-data-timeline-slide-6e6572"
"maxtor-corporation","aberdeenmaxtortooldemo-03-2-5a8f38"
"maxtor-corporation","contract-aberdeen-engaglementltr-rev1-02-d5e80a"
"maxtor-corporation","hostingtech-apple-xserve-asia-zieger-200-052af6"
"maxtor-corporation","maxtor-engagement-letter-nov2003"
"maxtor-corporation","maxtor-flash-demo-2003"
"maxtor-corporation","maxtor-midline-evaluation-a8d823"
"maxtor-corporation","maxtor-survey-report-5-20c-0f458e"
"mcafee","aberdeen-1996-dec-manageworks-22"
"mci-systemhouse","1998-network-integration-services-report-f75108"
"mckinsey","kastner-ie-v-andersen-expert-report-3de98a"
"medion","dct-access-pc-deals-2002-2003"
"meditech","health~1-056358"
"mellanox-technologies","2002-does-intel-s-decision-not-to-manufactur-iniband-si-0bd64b"
"mercury-interactive","aberdeen-1996-sqa-suite-50-automated-testing"
"mercury-interactive","develo~1-d25652"
"mercury-interactive","hp-can-boost-soa-offerings-with-acquisit-48e07e"
"mercury-interactive","hp-mercury-soa-2006-pdf-80785e"
"mercury-interactive","qacenter-automated-software-quality-from-start-to--b7003b"
"mercury-research","technology-news-hardware-intel-unveils-l-1f420a"
"meridian-data","snap-appliances-snapshot-10-15pk-f183fe"
"merrill-lynch","aberdeen-1995-limd-technology"
"merrill-lynch","dct-personal-it-forecast-research-2001"
"merrill-lynch","tech-s-best-hope-pockets-of-prosperity-2-17d6cf"
"mervyns","sequent-s-numa-q-2000-solutions-77a77c"
"meta-group","aberdeen-training-day-1-522863"
"meta-group","technology-news-trends-desktop-pcs-decli-7993aa"
"meta-group","wsj-tech-watching-analyst-industry-1998-002531"
"metamatrix","aberdeen-eii-2003-ea3f1a"
"mfs-communications","aberdeen-1996-vpns-business-mfs-success-strategy"
"mfs-data-services","aberdeen-1996-vpns-business-mfs-success-strategy"
"mfs-intelenet","aberdeen-1996-vpns-business-mfs-success-strategy"
"mfs-network-technologies","aberdeen-1996-vpns-business-mfs-success-strategy"
"mi6","volume-1-ch04-prime-computer-1979-1981"
"miami-dade-county","ca-jasmine-ii-brochure-kastner-endorseme-6588be"
"michael-bloomberg-person","datamation-informix-dsa-ad-aberdeen-cite-a9f18d"
"michael-capellas","2001-hp-cpq-merger-collection-edbca1"
"michael-capellas","2002-the-new-hp-stands-up-to-be-counted-psk-35453a"
"michael-dell","oracle-and-dell-take-aim-at-midsize-busi-770ea6"
"michael-gartenberg","power-macs-won-t-hit-3ghz-this-year-anal-73ad0f"
"michael-gartenberg-analyst","tech-investor-instant-messaging-goes-cor-1a14c2"
"michael-porter","oracle-middleware-fragment-5-d3d774"
"michael-porter","oracle-wp-prod-6-a42b4b"
"michael-porter","oracleroiwhitepaperprod-7-bcf73f"
"michael-slater-mpr","usatoday-maney-pentium-fdiv-kastner-1994-13a035"
"michael-witteman-intel","informationweek-videoconferencing-boost--b62ff4"
"micro-focus","1998-y2k-report-f512fb"
"microage","kastner-ie-v-andersen-expert-report-3de98a"
"microchip-tech","tech-investor-is-sars-sickening-tech-apr-850937"
"microfocus","2004-03-intelitaniummfewp11.doc-618d4a"
"microsoft","1997-dec-linkworks-webworker---an-object-db2d2a"
"microsoft","1997-marathon's-endurance-4000--imp-psk-f83368"
"microsoft","1997-microsoft--the-joker-of-enterprise--158636"
"microsoft","1997-microsoft-nt-scalability-day--the-e-6460e2"
"microsoft","1997-oracle-data-mart-suite-for-nt-926845"
"microsoft","1997-oracle-designer-2000-3201a7"
"microsoft","1997-oracle-developer-2000-client-server-development-en-5f98ce"
"microsoft","1997-tandem-s-nonstop-software-enterprise-clustering-fo-815776"
"microsoft","1998-hp-high-availability-and-metadata-7d1276"
"microsoft","1998-microsoft-nt-windows-2000-multi-user-computing-5f91e4"
"microsoft","1998-microsoft-windows-nt-5-0-a-planning-guide-cd9d08"
"microsoft","1998-nt-professional-services-buying-guide-1998-edition-14e452"
"microsoft","1998-pc-impact-and-metadata-e2a169"
"microsoft","1998as400-1-146289"
"microsoft","1999pr~2-cd0049"
"microsoft","2000-is-windows-nt-windows-2000-enterprise-ready-91f2cb"
"microsoft","2000-linux-multi-client-study-29e6cf"
"microsoft","2001-aberdeen-group-recent-publications-psk-2be54d"
"microsoft","2001-pdas-in-the-enterprise-analyzing-supplier-viabilit-b2c1d0"
"microsoft","2001-unisys-benchmark-gorilla-sets-new-sap-and-intel-ba-19cf5a"
"microsoft","2001-upgrading-to-windows-xp-a-long-and-winding-road-ps-81e090"
"microsoft","2001-winning-the-enterprise-pocket-pc-will-he-pervasive-7686b2"
"microsoft","2002-beyond-windows-8-way-servers-why-businesses-are-de-6828b2"
"microsoft","2002-it-spending-shows-encouraging-signs-0d61cd"
"microsoft","2002-open-source-and-linux-2002-poster-children-for-sec-587674"
"microsoft","2002-second-generation-pdas-it-s-high-time-for-wireless-c6563f"
"microsoft","2003-aberdeen-group-free-research-aberdeen-insights-1-968e18"
"microsoft","2003-dell-ars-white-paper-53d13d"
"microsoft","2004-03-intelitaniummfewp11.doc-618d4a"
"microsoft","2006-amd-ati-acquisition-cf19ff"
"microsoft","2010-intel-vpro-daily-globe-6f615e"
"microsoft","aberdeen-1995-commercial-messaging"
"microsoft","aberdeen-1996-debunking-ntsmp-scalability-myth"
"microsoft","aberdeen-1996-digital-debunks-ntsmp-scalability-myth"
"microsoft","aberdeen-1996-digital-leading-nt-across-enterprise-charge"
"microsoft","aberdeen-1996-distributed-open-rdbms-buying-guide"
"microsoft","aberdeen-1996-evaluating-system36-migration-strategies"
"microsoft","aberdeen-1996-flexiinternational-software-financial-acumen-technology"
"microsoft","aberdeen-1996-ibm-as400-vs-microsoft-nt-server"
"microsoft","aberdeen-1996-ibm-os2-warp-server"
"microsoft","aberdeen-1996-microsoft-windows-nt-server-40"
"microsoft","aberdeen-1996-moving-effectively-next-gen-client-server"
"microsoft","aberdeen-1996-ncr-fail-safe-enterprise-nt"
"microsoft","aberdeen-1996-object-oriented-three-tier-plus-computing"
"microsoft","aberdeen-1996-open-market-web-based-commerce"
"microsoft","aberdeen-1996-oracle-network-computing-architecture"
"microsoft","aberdeen-1996-progress-software-webspeed-internet"
"microsoft","aberdeen-1996-risc-unix-market"
"microsoft","aberdeen-1996-tandem-vision-21st-century-electronic-business"
"microsoft","aberdeen-1997-as400-nt-server-ibm-microsoft-working-together"
"microsoft","aberdeen-impact-desktop-pc-sirens-1998-14b40c"
"microsoft","charles-t-casale-influence-cdfb3f"
"microsoft","dbmspr~1-7c854e"
"microsoft","dct-dceit-practice-v6-2002"
"microsoft","dct-hp-camera-lab-report-2001-09"
"microsoft","dct-kastner-wish-list-2002-12"
"microsoft","dct-memoir-athlon-64-prescience-2003"
"microsoft","dct-memoir-ramp-vs-dct-prescience-2026"
"microsoft","dct-microsoft-homestation-notes-2002"
"microsoft","dct-microsoft-media-center-rollout-2002-08"
"microsoft","dct-pc-replacement-insight1-2003-04"
"microsoft","dct-personal-it-practice-launch-2001"
"microsoft","dct-segment-priorities-matrix-2003"
"microsoft","dct-supplier-list-2002"
"microsoft","dct-why-aberdeen-follows-pc-deals-2002"
"microsoft","decision-maker-erp-services-805ce8"
"microsoft","dell-precision-workstations-3-581e89"
"microsoft","develo~1-d25652"
"microsoft","dssune~1-cbf6e3"
"microsoft","ecpspr~1-4968bf"
"microsoft","enterprise-integration-perspective-2-cb6165"
"microsoft","enterprise-integration-perspective-d21c1b"
"microsoft","esb-0617-5cc5fa"
"microsoft","health~1-056358"
"microsoft","informationweek-windows-2000-high-end-am-4ccdae"
"microsoft","intel-centrino-pk-8ecf9a"
"microsoft","intel-consumer-lt-10-5-03-580af7"
"microsoft","intel-longlivedualcore-revised-5-fa8298"
"microsoft","intelitaniummfewp1[1]-773ea2"
"microsoft","intern~1-45df51"
"microsoft","kastner-letter-to-craig-barrett-intel-2008-1ea221"
"microsoft","kastner-technology-breadth-memoir-2026"
"microsoft","leader-of-the-pack-23-nov-1996-computing-f2353f"
"microsoft","linux-news-software-microsoft-asked-to-c-1a8dc3"
"microsoft","macsimum-news-comparing-the-mac-os-and-l-26c31a"
"microsoft","marathon-d186ab"
"microsoft","microsoft-launches-backoffice-small-busi-d0afdc"
"microsoft","microsoft-makes-history-delievrs-bluetoo-1af686"
"microsoft","microsoft-s-move-to-mothball-old-code-ra-724d34"
"microsoft","microsoft-vows-to-appeal-eu-ruling-5-b7efc6"
"microsoft","middle~1-a64fa0"
"microsoft","mockup~1-ca8fde"
"microsoft","newsfactor-vista-deployment-cadence-kast-d1f518"
"microsoft","novell-and-microsoft-good-for-business-4-59404e"
"microsoft","nti-11-distributed-midrange-servers-1993-dedd19"
"microsoft","nti-12-client-server-goals-1993-15a519"
"microsoft","nti-2-open-systems-1dd3af"
"microsoft","nti-3-pc-and-ws-1993-17d49b"
"microsoft","nti-4-nextgen-os-timing-1993-a45049"
"microsoft","ntscaling-07177f"
"microsoft","nvidia-personal-cinema-lab-report-2002"
"microsoft","portal-99-fe5656"
"microsoft","processor-editorial-article-much-in-stor-660f27"
"microsoft","rdbms-for-ibm-powera~1-7a44be"
"microsoft","retail~1-d5de79"
"microsoft","securi~1-3e7ced"
"microsoft","software-market-safegu~1-ea7453"
"microsoft","systems-management-delayed-promise-1bc587"
"microsoft","tech-investor-instant-messaging-goes-cor-1a14c2"
"microsoft","technology-news-future-tech-microsoft-la-625f49"
"microsoft","technology-news-international-microsoft--a2f127"
"microsoft","topic-iia-pc-management-best-practices-2003-10"
"microsoft","usatoday-maney-microsoft-patents-rd-spen-8fdf22"
"microsoft","volume-1-ch08-aberdeen-go-go-years-1998-2006"
"microsoft","watchit-psk-aberdeen-cro-presenter-2002--5843bc"
"microsoft","why-you-need-to-replace-those-windows-98-and-nt-ma-9b9622"
"microsoft-business-solutions","2002-microsoft-business-solutions-the-new-wave-at-stamp-532ae4"
"microsoft-corp","2002-undercutting-and-upselling-dell-s-foray-into-the-h-3d70b1"
"microsoft-corporation","1997-ibm-when-a-pc-is-simply-platform-ov-5e9364"
"microsoft-corporation","2001-living-with-windows-xp-media-player-and-wireless-s-02f8a8"
"microsoft-corporation","2026-kastner-enterprise-ai-arc"
"microsoft-corporation","aberdeen-1995-data-warehouse-olap"
"microsoft-corporation","aberdeen-1995-digital-objectbroker"
"microsoft-corporation","cab199-1-2-0cb163"
"microsoft-corporation","informationweek-tablet-pc-microsoft-kast-72320d"
"microsoft-corporation","informix-dsa-presentation-2-8d5fa3"
"microsoft-corporation","inforx95-3-9a45fe"
"microsoft-corporation","itthar-1-4-32f824"
"microsoft-corporation","jungle-1-5-675c58"
"microsoft-corporation","nospra~1-bd7d6a"
"microsoft-corporation","ntpspr~1-728dc3"
"microsoft-corporation","psbj-meisner-microsoft-consulting-acquis-7b85c8"
"microstrategy","1997-oracle-data-mart-suite-for-nt-926845"
"microstrategy","dssune~1-cbf6e3"
"microwarehouse","1997-commerce-exchange-pvp-250db8"
"mika-krammer","processor-editorial-article-much-in-stor-660f27"
"mike-demeo","sia-compaq-vows-support-himalaya-post-hp-21421a"
"mike-hathaway","svbi-apple-xserve-kastner-2002-05-17-1398db"
"mindreef","ra-soa-2007-97c147"
"mindreef-inc","aberdeen-ra-soa-management-governance-20-ff6a2c"
"minneapolis-police-department","adl-public-safety-911-cad-systems-1973-1979-b8a001"
"mips-computer","aberdeen-dops-tpc-1992-deck-bbe78e"
"mirror-image-internet","mirror-image-profile-v2-(050404)-e7eb95"
"mirror-image-internet","mirror-image-profile-v2-050404-97e2a6"
"mis-week","volume-1-ch06-dec-mainframes-last-stand-1987-1988"
"mit","dell-ars-wp-2-72fd7f"
"mit","volume-1-about-the-author"
"mit","volume-1-ch01-waiting-for-automation-1960-1969"
"mit","volume-1-introduction-physics-of-the-machine"
"mit-enterprise-forum","boston-globe-mit-enterprise-forum-kastne-2a3462"
"mitel-corporation","aberdeen-1996-mitels-nevadanetworked-voice-data-speeding-toward"
"mitre-corporation","volume-1-ch05-stratus-fault-tolerant-wars-1981-1987"
"moodys-investors-service","boston-globe-wang-q1-turnaround-psk-1990-a5aab0"
"motient","2002-second-generation-pdas-it-s-high-time-for-wireless-c6563f"
"motorola","2003-sars-electronics-supply-chain-ec0375"
"motorola","nti-2-open-systems-1dd3af"
"motorola","sars2-hot-topic-cf91d4"
"motorola-broadband","dct-dceit-practice-v6-2002"
"motorola-inc","sars-high-tech-monday-update-monday-apri-ac0cb5"
"motorola-inc","sars-wirft-schatten-uber-elektronische-b-bf33b6"
"motorola-inc","technology-news-boardroom-former-sun-exe-bc336f"
"ms-millennium","y2k-computerworld-aberdeen-psk-irving-19-5bcd20"
"murray-demo","dct-adobe-company-snapshot-2002"
"murray-sherry","volume-1-ch02-physics-of-the-machine-1969-1972"
"murray-sherry","volume-1-ch03-physics-of-consulting-1972-1979"
"mycin-stanford","2026-kastner-enterprise-ai-arc"
"narendar-sahgal","intel-consumer-lt-10-5-03-580af7"
"nasdaq-stock-market","volume-1-ch08-aberdeen-go-go-years-1998-2006"
"national-labs-hpc","2001-is-linux-domination-of-the-high-perform-computing--0d06ef"
"national-safety-council","dell-ars-wp-2-72fd7f"
"navision","2002-microsoft-business-solutions-the-new-wave-at-stamp-532ae4"
"navision-as","psbj-meisner-microsoft-consulting-acquis-7b85c8"
"navisite","1997-the-business-value-of-applications-hosting-e92e09"
"ncr","1997-sun-workgroup-servers-balancing-competition-and-co-cc57b7"
"ncr","aberdeen-1996-digital-debunks-ntsmp-scalability-myth"
"ncr","aberdeen-1997-aberdeen-group-impacts"
"ncr","nti-11-distributed-midrange-servers-1993-dedd19"
"ncr","retail~1-d5de79"
"ncr-corp","server-deal-turns-rivals-into-allies-seq-bdc3af"
"ncr-corporation","aberdeen-1995-data-warehouse-olap"
"ncr-corporation","aberdeen-1996-debunking-ntsmp-scalability-myth"
"ncr-corporation","aberdeen-1996-enterprise-data-knowledge-integrated-data-marts"
"ncr-corporation","aberdeen-1996-hp-enterprise-parallel-server-scalable-performance"
"ncr-corporation","aberdeen-1996-ncr-fail-safe-enterprise-nt"
"ncr-corporation","aberdeen-1996-web-warehouses-dss-for-masses"
"ncr-corporation","aberdeen-open-oltp-enterprise-managers-k-3fc536"
"ncr-corporation","aberdeen-open-online-transaction-process-ea272f"
"ncr-corporation","computerworld-fault-tolerant-market-1987-fc3dca"
"ncr-corporation","dssune~1-cbf6e3"
"ncr-corporation","ncr-3000-cabinet-engineering-diagram-199-fa564f"
"ncr-corporation","ncr-att-wsj-massively-parallel-processin-f1f0a8"
"ncr-corporation","ncr-bringing-highly-available-nt-ecb055"
"ncr-corporation","ncr-norge-open-oltp-rdbms-seminar-1992-0-7f5414"
"ncr-corporation","ncr-system-3000-model-3550-brochure-1992-b15aed"
"ncr-corporation","ncr-topend-tp-monitor-brochure-1992-eeea31"
"ncr-corporation","ntpspr~1-728dc3"
"ncr-corporation","oracle-att-ncr-pittsburgh-seminar-letter-98b0a4"
"ncr-norge-as","ncr-norge-open-oltp-rdbms-seminar-1992-0-7f5414"
"ncr-teradata","safeway-damages-report-draft-b502f4"
"ncsa-national-computer-security","aberdeen-1996-iss-internet-security-systems"
"nec","2002-performance-breakthroughs-the-benchmarking-fanatic-6d41fa"
"nec","dct-oct.-4-hot-topic-b61c0d"
"neon-networks","middle~1-a64fa0"
"netdynamics","1997-peoplesoft-works-the-internet-452445"
"netlink-inc","aberdeen-1996-frame-relay-access-devices"
"netscape","1997-the-new-as-400e-series-aa9cac"
"netscape","1998-internet-sales-report-4cde3f"
"netscape","aberdeen-1995-digital-multia"
"netscape","ca-internet-app-dev-sales-training-1996-48db9c"
"netscape-communications","1997-commercial-risc-unix-1996-mvp-711569"
"netscape-communications","1997-data-mining-buying-guide-71e463"
"netscape-communications","1997-datafocus'-nutcracker--enterprise-c-bfc11e"
"netscape-communications","1997-dec-linkworks-webworker---an-object-db2d2a"
"netscape-communications","1997-ibm-when-a-pc-is-simply-platform-ov-5e9364"
"netscape-communications","1998-hp-high-availability-and-metadata-7d1276"
"netscape-communications","1998-pc-impact-and-metadata-e2a169"
"netscape-communications","2003-dell-ars-white-paper-53d13d"
"netscape-communications","aberdeen-1996-open-market-web-based-commerce"
"netscape-communications","aberdeen-1997-actra-commercexpert-internet-commerce"
"netscape-communications","ecprac~1-a7d0e4"
"netscape-communications","intern~1-45df51"
"network-appliance","aberdeen-1996-network-appliance-data-appliances"
"network-associates","cispra~1-23a333"
"network-computer-inc","netcompute-e6c378"
"nexaweb-technologies","nexaweb-announces-starter-kit-nexaweb-abe281"
"nexaweb-technologies","nexaweb-announces-ucf-nexaweb-dev-center-6b97d4"
"nexaweb-technologies","outlook-series-david-mcfarlane-nexaweb-p-1dd1b4"
"next-computer","nti-4-nextgen-os-timing-1993-a45049"
"nextel-communications","2003-aberdeen-group-free-research-aberdeen-insights-1-968e18"
"nielsen","technology-themes-ee5ba4"
"nike","oracle-wp-prod-6-a42b4b"
"nike","oracleroiwhitepaperprod-7-bcf73f"
"niku-corporation","1999-professional-services-automation-rpt-10e22b"
"norad","volume-1-ch05-stratus-fault-tolerant-wars-1981-1987"
"nortel","1998-communicating-business-intelligence-through-comput-0290b1"
"nortel","adl-commercial-engagements-kastner-1972-1979-b8b001"
"nortel","teleco~1-c01702"
"nortel-networks","tech-s-best-hope-pockets-of-prosperity-2-17d6cf"
"nortel-networks","volume-1-ch05-stratus-fault-tolerant-wars-1981-1987"
"novell","1999-aberdeengroup-newsletter-april-1999-d157ec"
"novell","1999pr~2-cd0049"
"novell","2000-is-windows-nt-windows-2000-enterprise-ready-91f2cb"
"novell","aberdeen-1996-ibm-os2-warp-server"
"novell","aberdeen-1996-microsoft-windows-nt-server-40"
"novell","aberdeen-1996-object-oriented-three-tier-plus-computing"
"novell","aberdeen-1996-risc-unix-market"
"novell","aberdeen-1997-aberdeen-group-impacts"
"novell","intern~1-45df51"
"novell","mockup~1-ca8fde"
"novell","nti-12-client-server-goals-1993-15a519"
"novell","nti-2-open-systems-1dd3af"
"novell","nti-3-pc-and-ws-1993-17d49b"
"novell","nti-4-nextgen-os-timing-1993-a45049"
"novell-inc","nospra~1-bd7d6a"
"novell-inc","novell-and-microsoft-good-for-business-4-59404e"
"novell-inc","tool-vendors-neglect-intranet-computing--97bde3"
"npd-group","great-rebate-runaround-businessweek-grow-00f459"
"nvidia","2002-does-intel-s-decision-not-to-manufactur-iniband-si-0bd64b"
"nvidia","2005-fall-idf-schedule-b5e6c4"
"nvidia","2006-amd-ati-acquisition-cf19ff"
"nvidia","dct-kastner-wish-list-2002-12"
"nvidia","dct-microsoft-homestation-notes-2002"
"nvidia","dct-supplier-list-2002"
"nvidia","dct-video-market-segmentation-2002"
"nvidia","nvidia-geforce-fx-notes-2003-02"
"nvidia","nvidia-personal-cinema-lab-report-2002"
"oacis-healthcare","health~1-056358"
"oaug","2002-a-kinder-gentler-larry-ellison-oracle-presents-new-cb69fb"
"obian-group","2004-obian-advisory-board-9ebf6a"
"object-design","aberdeen-1996-live-object-caching-high-performance"
"object-management-group","aberdeen-1995-digital-objectbroker"
"object-management-group","nti-5-development-toolsets-0e71c5"
"ocean-spray-cranberries","adl-commercial-engagements-kastner-1972-1979-b8b001"
"olivetti","stratus-corporate-overview-1982-11-a7e367"
"olpc","kastner-letter-to-craig-barrett-intel-2008-1ea221"
"omnibox-inc","aberdeen-1996-omnibox-interactive-broadcasting-network"
"omnibox-international","omnibox97-53bcfe"
"omri-serlin","informationweek-tolerant-debitcredit-198-4f3b26"
"omri-serlin","stratus-sales-support-competitive-news-1-2aac8d"
"omri-serlin","volume-1-appendix-career-timeline"
"omri-serlin","volume-1-ch06-dec-mainframes-last-stand-1987-1988"
"onyx-software","1997-cis-report-ba825e"
"open-market","ecprac~1-a7d0e4"
"open-market-inc","aberdeen-1996-open-market-web-based-commerce"
"openai","2026-kastner-core-arguments-framework-0b0c6b"
"openai","volume-1-ch10-the-long-view-1966-2026"
"openai-foundation","2026-kastner-enterprise-ai-arc"
"openvision","1997-ca-s-unicenter-tng-framework-pk-apr-50d15f"
"oracle","1996-sequent-38f0b1"
"oracle","1997-microsoft-nt-scalability-day--the-e-6460e2"
"oracle","2000-oracle-the-e-business-supply-chain-meeting-cu-r-re-1a72ef"
"oracle","2003-oracle-v-peoplesoft-don-t-wait-until-the-bout-is-o-4da869"
"oracle","2003-peoplesoft-gains-crm-market-momentum-b4b610"
"oracle","2026-kastner-core-arguments-framework-0b0c6b"
"oracle","aberdeen-1995-oracle-interoffice"
"oracle","aberdeen-1996-distributed-open-rdbms-buying-guide"
"oracle","aberdeen-1996-ibm-os2-warp-server"
"oracle","aberdeen-1996-khalix-financial-awareness-competitive-advantage"
"oracle","cispra~1-23a333"
"oracle","data-know-69ab04"
"oracle","dbmspr~1-7c854e"
"oracle","debit-credit-ibm-dec-1988-2-2fc147"
"oracle","develo~1-d25652"
"oracle","ecpspr~1-4968bf"
"oracle","esb-0617-5cc5fa"
"oracle","ibm-+-webify-=-industry-soa-application--97733a"
"oracle","intern~1-45df51"
"oracle","ma-ibm-webify-5e0d4b"
"oracle","nti-2-open-systems-1dd3af"
"oracle","nti-4-nextgen-os-timing-1993-a45049"
"oracle","nti-5-development-toolsets-0e71c5"
"oracle","nti-6-rdbms-technology-48f4aa"
"oracle","portal-99-fe5656"
"oracle","rdbms-for-ibm-powera~1-7a44be"
"oracle","technology-themes-2003-04"
"oracle","volume-1-ch08-aberdeen-go-go-years-1998-2006"
"oracle-application-user-group","oracle-appsworld-insight-edit-4-813c2e"
"oracle-corp","novell-and-microsoft-good-for-business-4-59404e"
"oracle-corp","on-computers-tips-is-sun-s-sparc-archite-65b3b9"
"oracle-corp","oracle-and-dell-take-aim-at-midsize-busi-770ea6"
"oracle-corp","oracle-appsworld-insight-edit-4-813c2e"
"oracle-corp","oracleroiwhitepaperprod-7-bcf73f"
"oracle-corp","peoplesoft-bid-mirrors-lofty-goals-of-or-6be2ec"
"oracle-corp","upgrades-boost-database-market-iweek-fol-f19804"
"oracle-corporation","1997-data-mining-buying-guide-71e463"
"oracle-corporation","1997-ibm-when-a-pc-is-simply-platform-ov-5e9364"
"oracle-corporation","1997-industry-matematik-international-co-c398bc"
"oracle-corporation","1997-oracle-data-mart-suite-for-nt-926845"
"oracle-corporation","1997-oracle-designer-2000-3201a7"
"oracle-corporation","1997-oracle-developer-2000-client-server-development-en-5f98ce"
"oracle-corporation","1997-oracle8-the-database-for-network-computing-674c9d"
"oracle-corporation","1997-peoplesoft-works-the-internet-452445"
"oracle-corporation","1997-vertical-industry-solutions-baan-leads-in-innovati-f12724"
"oracle-corporation","1998-hp-high-availability-and-metadata-7d1276"
"oracle-corporation","1999-managing-customers-with-next-generation-software-a-a5adc4"
"oracle-corporation","2001-compaq-tru64-unix-and-oracle9i-clusters-reduce-cos-17b4b2"
"oracle-corporation","2002-a-kinder-gentler-larry-ellison-oracle-presents-new-cb69fb"
"oracle-corporation","2003-business-process-orientation-changes-ap-le-flows-d-ed067c"
"oracle-corporation","2003-dell-and-oracle-boldly-predict-the-demise-of-big-i-073fba"
"oracle-corporation","2026-kastner-enterprise-ai-arc"
"oracle-corporation","2026-kastner-oracle-longitudinal"
"oracle-corporation","aberdeen-1995-data-warehouse-olap"
"oracle-corporation","aberdeen-1995-limd-technology"
"oracle-corporation","aberdeen-1996-computer-telephony-integration"
"oracle-corporation","aberdeen-1996-lawson-software-desktop-workflow"
"oracle-corporation","aberdeen-1996-moving-effectively-next-gen-client-server"
"oracle-corporation","aberdeen-1996-oracle-network-computing-architecture"
"oracle-corporation","cab199-1-2-0cb163"
"oracle-corporation","decision-maker-erp-services-805ce8"
"oracle-corporation","erppsp~1-31f088"
"oracle-corporation","erpv2p~1-b15573"
"oracle-corporation","informix-dsa-presentation-2-8d5fa3"
"oracle-corporation","inforx95-3-9a45fe"
"oracle-corporation","jungle-1-5-675c58"
"oracle-corporation","jungle-6-7af8b7"
"oracle-corporation","oracle-att-ncr-customer-driven-seminar-t-b9f539"
"oracle-corporation","oracle-att-ncr-pittsburgh-seminar-letter-98b0a4"
"osf","nti-2-open-systems-1dd3af"
"osf","nti-4-nextgen-os-timing-1993-a45049"
"pace-micro","dct-dceit-practice-v6-2002"
"pacific-bell","1997-oracle8-the-database-for-network-computing-674c9d"
"palm-inc","2001-pdas-in-the-enterprise-analyzing-supplier-viabilit-b2c1d0"
"palm-inc","2001-winning-the-enterprise-pocket-pc-will-he-pervasive-7686b2"
"palm-inc","2002-second-generation-pdas-it-s-high-time-for-wireless-c6563f"
"palm-inc","2002-undercutting-and-upselling-dell-s-foray-into-the-h-3d70b1"
"palm-inc","dct-hp-compaq-pcs-insight-2001-09"
"palm-inc","palm-pre-199-really-299-cloudave-a0a25f"
"panasonic","sd-memory-cards-to-drive-market-for-digi-71a434"
"parade-magazine","adl-commercial-engagements-kastner-1972-1979-b8b001"
"paradyne-networks","aberdeen-1997-aberdeen-group-impacts"
"parallel-computers-co","computerworld-fault-tolerant-market-1987-fc3dca"
"parametric-technology","workst~1-d22401"
"pat-gelsinger-intel","intel-quad-core-outlook-newsfactor-garre-c32252"
"patricia-seybold-group","att-worldmark-wsj-ad-aberdeen-quote-1995-ec56fb"
"paul-degroot","psbj-meisner-microsoft-consulting-acquis-7b85c8"
"paul-mcguckin","processor-editorial-article-one-powerhou-aa3f6c"
"paul-otellini","otellini-intel-techpinions-2013-917213"
"paul-otellini","otellini-preview-how-it-changed-2013-604cfb"
"paul-richard-icfe","cuna-win-rebate-runaround-2004-9da530"
"paula-rosenblum-aberdeen","aberdeen-retail-bi-benchmark-survey-2006-aa440e"
"paula-rosenblum-aberdeen","great-rebate-runaround-businessweek-grow-00f459"
"paula-rosenblum-aberdeen","palm-pre-199-really-299-cloudave-a0a25f"
"pbgc","savant-targets-feds-with-oracle-database-60eca2"
"pc-world-magazine","charlotte-observer-shain-back-to-school--4ec261"
"pci-sig","intel-ia2004-pk4-kc-edits-de9c37"
"pci-sig","planningforemergingindustry-6-40decb"
"pearson-spaght","2001-fletcher-spaght-3bb872"
"penril-datability-networks","1997-bay-networks--concentrating-on-remo-06bdd8"
"penton-media","ibmfinal1-3-720230"
"peoples-republic-of-china","2003-sars-electronics-supply-chain-ec0375"
"peoplesoft","1997-datafocus'-nutcracker--enterprise-c-bfc11e"
"peoplesoft","1997-vertical-industry-solutions-baan-leads-in-innovati-f12724"
"peoplesoft","2003-oracle-v-peoplesoft-don-t-wait-until-the-bout-is-o-4da869"
"peoplesoft","2003-peoplesoft-gains-crm-market-momentum-b4b610"
"peoplesoft","2003-the-new-peoplesoft-long-term-strategy-near-term-be-5cb14f"
"peoplesoft","aberdeen-1996-data-general-corporation"
"peoplesoft","aberdeen-1996-lawson-software-desktop-workflow"
"peoplesoft","aberdeen-1997-lawson-insight-process-orientation-business-management"
"peoplesoft","decision-maker-erp-services-805ce8"
"peoplesoft","erpv2p~1-b15573"
"peoplesoft-inc","1997-industry-matematik-international-co-c398bc"
"peoplesoft-inc","1999-professional-services-automation-rpt-10e22b"
"peoplesoft-inc","tech-s-best-hope-pockets-of-prosperity-2-17d6cf"
"peoplesoft-incorporated","1997-peoplesoft-works-the-internet-452445"
"pequot-capital","aberdeen-workshop-qualifying-questions-and-success-stories-2001-b6a001"
"peritus-software","1998-y2k-report-f512fb"
"perry-donham-aberdeen","aberdeen-ra-modernizing-legacy-2007-52a27a"
"perry-donham-aberdeen","aberdeen-ra-soa-middleware-2007-68f39b"
"perry-donham-aberdeen","aberdeen-rb-testing-soa-web-apps-2007-e2096f"
"persistence-software","aberdeen-1996-live-object-caching-high-performance"
"personic-inc","aberdeen-productization-pricing-and-survey-research-program-2000-b7b001"
"perspecta-inc","perspecta-inc-september-1997-b8e81d"
"peter-blackmore","hp-compaq-blackmore-7-7f30a3"
"peter-cleveland","peter-kastner-10-bde195"
"peter-kastner","02-sow-final-62f56d"
"peter-kastner","06-aberdeen-after-action-showandtell-95c6d9"
"peter-kastner","08-phase2-project-kickoff-2ea711"
"peter-kastner","16-maxtor-survey-meeting-agenda-4fe65d"
"peter-kastner","1999-retainer-contract-d3a385"
"peter-kastner","2004-obian-advisory-board-9ebf6a"
"peter-kastner","aberdeen-company-profile-post-kastner-b01a12"
"peter-kastner","business-value-outsourcing-57ce57"
"peter-kastner","ca-acapulco-cio-pcs-ncs-netpcs-1997-552b4c"
"peter-kastner","ca-internet-app-dev-sales-training-1996-48db9c"
"peter-kastner","ca-y2k-cfo-executive-exchange-1997-c59ca4"
"peter-kastner","dct-memoir-athlon-64-prescience-2003"
"peter-kastner","dct-memoir-ramp-vs-dct-prescience-2026"
"peter-kastner","dct-traveling-with-centrino-2003-05"
"peter-kastner","dct-webinar-announcement-2002-11"
"peter-kastner","dct-webinar-nov-2002"
"peter-kastner","dec-mgmt-memo-v7n5-state-of-company-1988-6a9954"
"peter-kastner","enterprise-integration-perspective-2-cb6165"
"peter-kastner","intel-pulse-check-ia-continuum-2013-3a693f"
"peter-kastner","letter-to-sanjay-kumar-ca-world-2001-d60b1b"
"peter-kastner","ma-ibm-webify-5e0d4b"
"peter-kastner","otellini-preview-on-the-impact-2013-a50192"
"peter-kastner","ra-enterprise-apps-312ba4"
"peter-kastner","soa-aon-webinar-31973c"
"peter-kastner","soa-bpm-legacy-renewal-bce60f"
"peter-kastner","soa-lifecycle-perspective-1ff953"
"peter-kastner","soa-overview-docx-12612f"
"peter-kastner","soa-with-bpm-docx-1211c7"
"peter-kastner","standr~1-e09ed6"
"peter-kastner","topic-iia-pc-management-best-practices-2003-10"
"peter-s-kastner","2001-kickoff---research-099232"
"peter-s-kastner","2005-fall-idf-schedule-b5e6c4"
"peter-s-kastner","2026-kastner-core-arguments-framework-0b0c6b"
"peter-s-kastner","2026-kastner-dec-longitudinal-22d177"
"peter-s-kastner","2026-kastner-intel-longitudinal-776f7e"
"peter-s-kastner","aas-launch-package-aug-2001-b4a001"
"peter-s-kastner","aas-sales-tools-pricing-aug-2001-b5b001"
"peter-s-kastner","aberdeen-dops-distributed-open-prod-syst-cbae77"
"peter-s-kastner","aberdeen-dops-tpc-1992-deck-bbe78e"
"peter-s-kastner","aberdeen-managing-is-amidst-it-chaos-lan-05ea75"
"peter-s-kastner","aberdeen-multitrak-headlines-context-kas-f941d1"
"peter-s-kastner","aberdeen-open-oltp-enterprise-managers-k-3fc536"
"peter-s-kastner","aberdeen-open-online-transaction-process-ea272f"
"peter-s-kastner","aberdeen-press-advisory-kastner-appointm-efd58c"
"peter-s-kastner","aberdeen-productization-pricing-and-survey-research-program-2000-b7b001"
"peter-s-kastner","aberdeen-proposal-templates-and-retainer-strategy-2001-b6b001"
"peter-s-kastner","aberdeen-ra-soa-management-governance-20-ff6a2c"
"peter-s-kastner","adl-commercial-engagements-kastner-1972-1979-b8b001"
"peter-s-kastner","adl-public-safety-911-cad-systems-1973-1979-b8a001"
"peter-s-kastner","amd-fusion-outlook-newsfactor-garrett-5859d3"
"peter-s-kastner","amd-industry-analyst-visionaries-64bit-2-7a191f"
"peter-s-kastner","andersen-report-cover-letter-to-weber-4-4d17ee"
"peter-s-kastner","att-worldmark-wsj-ad-aberdeen-quote-1995-ec56fb"
"peter-s-kastner","bio-webfocus-bef516"
"peter-s-kastner","boston-globe-mit-enterprise-forum-kastne-2a3462"
"peter-s-kastner","boston-globe-wang-q1-turnaround-psk-1990-a5aab0"
"peter-s-kastner","bull1990-d-c-benchmarks-8b5d9c"
"peter-s-kastner","ca-jasmine-ii-brochure-kastner-endorseme-6588be"
"peter-s-kastner","caprop1-98-5d69fd"
"peter-s-kastner","caprop99-86144f"
"peter-s-kastner","cbn-bochner-stratus-oem-strategy-1982-06-245fd5"
"peter-s-kastner","charlotte-observer-shain-back-to-school--4ec261"
"peter-s-kastner","classmate-pc-evaluation-notes-8-103667"
"peter-s-kastner","cnet-shankland-ibm-itanium-x450-2003-c91608"
"peter-s-kastner","comdex-2003-sun-aggressive-seattletimes--9ca4dd"
"peter-s-kastner","computerworld-fault-tolerant-market-1987-fc3dca"
"peter-s-kastner","computerworld-itanium-2-vs-sun-kastner-2-1e4505"
"peter-s-kastner","computerworld-stratus-xa2000-launch-1987-d9d143"
"peter-s-kastner","cuna-win-rebate-runaround-2004-9da530"
"peter-s-kastner","data-warehouse-2-years-later-cause-1994-721bb1"
"peter-s-kastner","death-of-crt-monitor-pcmag-2002-977c17"
"peter-s-kastner","dec-debit-credit-guidelines-kohler-hsu-1-e228b4"
"peter-s-kastner","dec-primer-comparing-debit-credit-tests--c30cfa"
"peter-s-kastner","dec-resume-performance-review-3-1f133b"
"peter-s-kastner","dectp-genspark-research2-4-a09a82"
"peter-s-kastner","ect-news-whatever-happened-interactive-t-7446fd"
"peter-s-kastner","ee-times-stratus-tandem-fault-tolerant-1-42f6c7"
"peter-s-kastner","electronic-news-videoconferencing-sars-c-044642"
"peter-s-kastner","esb-soa-fabric-webmethods-techtarget-see-83b233"
"peter-s-kastner","eweek-ca-team-victorious-proxy-fight-200-c424f4"
"peter-s-kastner","future-of-dvd-forum-panel-2003-taylor-61b198"
"peter-s-kastner","google-profiles-pskastner-personal-2009-61fc2d"
"peter-s-kastner","great-rebate-debate-smartmoney-grant-80650c"
"peter-s-kastner","great-rebate-runaround-businessweek-grow-00f459"
"peter-s-kastner","hostingtech-apple-xserve-asia-zieger-200-052af6"
"peter-s-kastner","ibm-major-account-plan-8-cc6400"
"peter-s-kastner","ibmrs6k-05561e"
"peter-s-kastner","infiniband-and-beyond-computerworld-supp-200261"
"peter-s-kastner","informationweek-ca-victorious-incumbents-143e3b"
"peter-s-kastner","informationweek-ibm-ms-nt-clusters-1999-8c5b45"
"peter-s-kastner","informationweek-tablet-pc-microsoft-kast-72320d"
"peter-s-kastner","informationweek-videoconferencing-boost--b62ff4"
"peter-s-kastner","informationweek-webex-enterprise-collabo-e30ad5"
"peter-s-kastner","informationweek-windows-2000-high-end-am-4ccdae"
"peter-s-kastner","infoworld-dell-sharpens-blade-attack-nee-f9cb9c"
"peter-s-kastner","intel-2010-vpro-daily-globe-42697e"
"peter-s-kastner","intel-quad-core-outlook-newsfactor-garre-c32252"
"peter-s-kastner","intel-renewal1017-9-0d4419"
"peter-s-kastner","internetnews-veritas-itanium-believer-20-2ff4eb"
"peter-s-kastner","internetnews-will-sars-infect-high-tech--8569ea"
"peter-s-kastner","kastner-ie-v-andersen-expert-report-3de98a"
"peter-s-kastner","kastner-jrl-trends-1999-pk-responses-f4c5a4"
"peter-s-kastner","kastner-sipp-pc-lifecycle-dynamics-2003-4395fd"
"peter-s-kastner","kastner-tandem-topgun-et1-analysis-1987--a3a09c"
"peter-s-kastner","kastner-technology-breadth-memoir-2026"
"peter-s-kastner","laptop-performance-bottleneck-smallbiz-r-e310b2"
"peter-s-kastner","management-skills-learned-1969-3e75d0"
"peter-s-kastner","marketwatch-weeks-top-apr17-2003-intel-k-429978"
"peter-s-kastner","meetings-conventions-virtual-meetings-ps-c1b097"
"peter-s-kastner","microsoft-launches-backoffice-small-busi-d0afdc"
"peter-s-kastner","microsoft-makes-history-delievrs-bluetoo-1af686"
"peter-s-kastner","microsoft-s-future-paths-6-f86f30"
"peter-s-kastner","microsoft-s-move-to-mothball-old-code-ra-724d34"
"peter-s-kastner","microsoft-split-will-hit-users-pockets-0-edc1ed"
"peter-s-kastner","microsoft-vows-to-appeal-eu-ruling-5-b7efc6"
"peter-s-kastner","minicomputer-news-ase-asep-1979-2b5327"
"peter-s-kastner","mobile-banking-may-render-cash-obsolete--e4b699"
"peter-s-kastner","moore-s-law-true-but-irrelevant-internet-661e40"
"peter-s-kastner","music-tv-central-to-dell-consumer-push-m-57e733"
"peter-s-kastner","ncr-att-wsj-massively-parallel-processin-f1f0a8"
"peter-s-kastner","ncr-norge-open-oltp-rdbms-seminar-1992-0-7f5414"
"peter-s-kastner","newsfactor-vista-deployment-cadence-kast-d1f518"
"peter-s-kastner","nexaweb-announces-starter-kit-nexaweb-abe281"
"peter-s-kastner","nexaweb-announces-ucf-nexaweb-dev-center-6b97d4"
"peter-s-kastner","niagara-sun-s-palaver-starter-and-diy-mp-158f17"
"peter-s-kastner","novell-and-microsoft-good-for-business-4-59404e"
"peter-s-kastner","october-1997-editor-s-buffer-5-771798"
"peter-s-kastner","on-computers-tips-40th-anniversary-of-th-ee9cc5"
"peter-s-kastner","on-computers-tips-good-news-for-ncr-dell-1943c5"
"peter-s-kastner","on-computers-tips-is-sun-s-sparc-archite-65b3b9"
"peter-s-kastner","open-tpc-database-benchmarks-9-058487"
"peter-s-kastner","oracle-and-dell-take-aim-at-midsize-busi-770ea6"
"peter-s-kastner","oracle-att-ncr-customer-driven-seminar-t-b9f539"
"peter-s-kastner","oracle-att-ncr-pittsburgh-seminar-letter-98b0a4"
"peter-s-kastner","outlook-series-david-mcfarlane-nexaweb-p-1dd1b4"
"peter-s-kastner","palm-boulevard-news-sd-memory-cards-to-d-aca4c9"
"peter-s-kastner","palm-pre-199-really-299-cloudave-a0a25f"
"peter-s-kastner","pc-buying-guide-guest-column-take-her-up-1be957"
"peter-s-kastner","pc-management-best-practices-page-2-5-962daf"
"peter-s-kastner","pc-refresh-or-refurb-smb-computing-6-37f090"
"peter-s-kastner","pc-replacement-survey-one-size-fits-none-73e2e0"
"peter-s-kastner","pc-replacements-lawyers-auditors-and-com-ce8ebb"
"peter-s-kastner","pc-style-living-room-macobserver-seward-97ed83"
"peter-s-kastner","peoplesoft-bid-mirrors-lofty-goals-of-or-6be2ec"
"peter-s-kastner","peter-kastner-10-bde195"
"peter-s-kastner","phi-psd-brochure-and-kastner-engagements-1969-1972-b8d001"
"peter-s-kastner","power-macs-won-t-hit-3ghz-this-year-anal-73ad0f"
"peter-s-kastner","processor-editorial-article-much-in-stor-660f27"
"peter-s-kastner","processor-editorial-article-one-powerhou-aa3f6c"
"peter-s-kastner","processor-editorial-article-the-momentum-2b093d"
"peter-s-kastner","psbj-meisner-microsoft-consulting-acquis-7b85c8"
"peter-s-kastner","psk-bio2004-939357"
"peter-s-kastner","psk-bio97-475934"
"peter-s-kastner","psk-ibmbio-fde139"
"peter-s-kastner","psk-litigate98-72601c"
"peter-s-kastner","psk-litigation-b452e6"
"peter-s-kastner","psk-niopubs-3d103b"
"peter-s-kastner","psk-personality-profile-2000-8be0a6"
"peter-s-kastner","purchasing-mag-high-tech-supply-chains-2-fc2a91"
"peter-s-kastner","q-a-achieving-more-value-from-enterprise-d1d7dd"
"peter-s-kastner","rbj-pc-reseller-slump-psk-2002-07-05-9cb170"
"peter-s-kastner","real-time-billing-for-internet-protocol--5ef746"
"peter-s-kastner","rebate-check-recordonline-van-vlack-d7d600"
"peter-s-kastner","rebates-savings-or-scam-chatham-journal--4bf5c2"
"peter-s-kastner","rebates-spur-buyers-but-many-don-t-colle-2aaa2e"
"peter-s-kastner","remarks-of-peter-kastner-to-the-massachu-96335b"
"peter-s-kastner","research-resources-the-william-davidson--7de658"
"peter-s-kastner","research-reveals-that-60-percent-of-reba-c887df"
"peter-s-kastner","respiratory-illness-could-restrict-i.t.--c3c523"
"peter-s-kastner","restructure-plans-weigh-on-gateway-marke-c5656c"
"peter-s-kastner","review-gateway-notebook-with-intel-centr-985a73"
"peter-s-kastner","sabre-s-challenge-fb76f5"
"peter-s-kastner","salesforce.com-s-apex-code-good-idea-or--29f809"
"peter-s-kastner","sars-high-tech-monday-update-monday-apri-ac0cb5"
"peter-s-kastner","sars-puts-an-end-to-business-as-usual-in-6b0471"
"peter-s-kastner","sars-wirft-schatten-uber-elektronische-b-bf33b6"
"peter-s-kastner","sd-cards-overtake-memory-stick-12-may-20-81d89c"
"peter-s-kastner","sd-memory-cards-to-drive-market-for-digi-71a434"
"peter-s-kastner","sia-compaq-vows-support-himalaya-post-hp-21421a"
"peter-s-kastner","slow-growth-for-it-spending-in-2003-it-t-231f47"
"peter-s-kastner","small-is-huge-in-pcs-these-days-blog-arc-655851"
"peter-s-kastner","soa-adoption-at-90-percent-c9c4ec"
"peter-s-kastner","soa-adoption-eats-up-40-per-cent-of-it-r-d0cf12"
"peter-s-kastner","stratus-computer-is-down-ad-reprints-c19-903ebf"
"peter-s-kastner","stratus-corporate-overview-1982-11-a7e367"
"peter-s-kastner","stratus-et1-tp1-tandem-dossier-1986-26871a"
"peter-s-kastner","stratus-fault-tolerant-revolution-ad-198-797e0e"
"peter-s-kastner","stratus-olivetti-40m-deal-eagle-tribune--b7e3b1"
"peter-s-kastner","stratus-sales-support-competitive-news-1-2aac8d"
"peter-s-kastner","sun-launch-questionnaire-9-a2c35d"
"peter-s-kastner","sun-master-contract-10-129daa"
"peter-s-kastner","sun-micro-slammed-as-quarterly-report-di-e9ee61"
"peter-s-kastner","sun-sentinel-citrix-templeton-staying-20-b645c7"
"peter-s-kastner","sun-shares-tumble-in-pre-market-trading--000d37"
"peter-s-kastner","supreme-court-orders-intel-documents-rel-e6e110"
"peter-s-kastner","survey-composite-applications-used-to-so-15f7a5"
"peter-s-kastner","svbi-apple-xserve-kastner-2002-05-17-1398db"
"peter-s-kastner","systems-management-delayed-promise-1bc587"
"peter-s-kastner","tablet-offers-high-risk-high-reward-port-7cf9f8"
"peter-s-kastner","tandem-opens-up-e020ed"
"peter-s-kastner","tandem-tr-85-2-debitcredit-1985-ca207a"
"peter-s-kastner","teamquest-8-ec015b"
"peter-s-kastner","tech-forecasts-idc-keeps-score-114e08"
"peter-s-kastner","tech-investor-deflation-the-dropping-dol-c85a61"
"peter-s-kastner","tech-investor-instant-messaging-goes-cor-1a14c2"
"peter-s-kastner","tech-investor-is-sars-sickening-tech-apr-850937"
"peter-s-kastner","tech-s-best-hope-pockets-of-prosperity-2-17d6cf"
"peter-s-kastner","techno-news-blog-6-713812"
"peter-s-kastner","technology-news-boardroom-former-sun-exe-bc336f"
"peter-s-kastner","technology-news-chips-amd-s-semprons-spa-21b184"
"peter-s-kastner","technology-news-future-tech-microsoft-la-625f49"
"peter-s-kastner","technology-news-future-tech-plastic-disc-4a4a71"
"peter-s-kastner","technology-news-hardware-amd-beats-apple-5399ec"
"peter-s-kastner","technology-news-hardware-amd-makes-athlo-214a36"
"peter-s-kastner","technology-news-hardware-amd-s-opteron-a-ecf5a9"
"peter-s-kastner","technology-news-hardware-apple-s-power-m-91980c"
"peter-s-kastner","technology-news-hardware-gateway-goes-gi-4af738"
"peter-s-kastner","technology-news-hardware-ibm-opens-custo-7fdf18"
"peter-s-kastner","technology-news-hardware-intel-ships-gra-47f656"
"peter-s-kastner","technology-news-hardware-intel-unveils-l-1f420a"
"peter-s-kastner","technology-news-hardware-intel-updates-i-a018d7"
"peter-s-kastner","technology-news-hardware-samsung-unveils-e689dd"
"peter-s-kastner","technology-news-hardware-sun-unveils-ult-4a76bb"
"peter-s-kastner","technology-news-international-microsoft--a2f127"
"peter-s-kastner","technology-news-trends-desktop-pcs-decli-7993aa"
"peter-s-kastner","telephony-post911-conferencing-psk-2001--0bf283"
"peter-s-kastner","testahur95-330c0c"
"peter-s-kastner","tiger-responds-security-warnings-eweek-b-95c721"
"peter-s-kastner","tighten-disease-tracking-sars-latimes-20-0568b4"
"peter-s-kastner","tool-vendors-neglect-intranet-computing--97bde3"
"peter-s-kastner","translating-early-skills-and-experiences-15bb2d"
"peter-s-kastner","transmeta-crusoe-tm5700-tm5900-computerw-455262"
"peter-s-kastner","unisys-florida-hrs-expert-witness-tallah-5b4524"
"peter-s-kastner","upgrades-boost-database-market-iweek-fol-f19804"
"peter-s-kastner","urban-wifi-gridlock-eweek-2003-kastner-r-2e0114"
"peter-s-kastner","usatoday-kessler-itanium-mckinley-kastne-77362b"
"peter-s-kastner","usatoday-maney-mac-or-pc-windows-securit-b45d45"
"peter-s-kastner","usatoday-maney-microsoft-patents-rd-spen-8fdf22"
"peter-s-kastner","usatoday-maney-pentium-fdiv-kastner-1994-13a035"
"peter-s-kastner","usatoday-reuters-pc-music-deals-gateway--b3a303"
"peter-s-kastner","usatoday-reuters-small-pcs-form-factor-2-5ffca5"
"peter-s-kastner","vitria-testimonials-kastner-bpa-soa-rese-93ccae"
"peter-s-kastner","volume-1-about-the-author"
"peter-s-kastner","volume-1-appendix-career-timeline"
"peter-s-kastner","volume-1-ch01-waiting-for-automation-1960-1969"
"peter-s-kastner","volume-1-ch02-physics-of-the-machine-1969-1972"
"peter-s-kastner","volume-1-ch03-physics-of-consulting-1972-1979"
"peter-s-kastner","volume-1-ch04-prime-computer-1979-1981"
"peter-s-kastner","volume-1-ch05-stratus-fault-tolerant-wars-1981-1987"
"peter-s-kastner","volume-1-ch06-dec-mainframes-last-stand-1987-1988"
"peter-s-kastner","volume-1-ch07-founding-aberdeen-1988-1997"
"peter-s-kastner","volume-1-ch08-aberdeen-go-go-years-1998-2006"
"peter-s-kastner","volume-1-ch09-expert-witness-technology-on-trial-1992-2015"
"peter-s-kastner","volume-1-ch10-the-long-view-1966-2026"
"peter-s-kastner","volume-1-epilogue-argument-with-reality"
"peter-s-kastner","volume-1-introduction-physics-of-the-machine"
"peter-s-kastner","warranty-week-dell-warranty-policies-kas-0c084d"
"peter-s-kastner","washington-times-kellner-google-chrome-o-02e6a9"
"peter-s-kastner","watchit-psk-aberdeen-cro-presenter-2002--5843bc"
"peter-s-kastner","why-you-need-to-replace-those-windows-98-and-nt-ma-9b9622"
"peter-s-kastner","wired-idc-tech-bucks-hack-threats-2002-e6375d"
"peter-s-kastner","wsj-honeywell-bull-layoffs-kastner-1989-9faf05"
"peter-s-kastner","wsj-mcwilliams-private-label-pcs-2002-05-bdab0a"
"peter-s-kastner","y2k-computerworld-aberdeen-psk-irving-19-5bcd20"
"peter-s-kastner","year-in-macs-part-one-macworld-dalrymple-dd247c"
"peter-s-kastner","youtube-channelintel-anti-theft-tech-200-73a093"
"peter-s-kastner","youtube-kastner-intel-vpro-tco-2008-cb1733"
"peter-schlegel","volume-1-ch04-prime-computer-1979-1981"
"phi-computer-services","kastner-technology-breadth-memoir-2026"
"phi-computer-services","phi-legacy-in-wang-labs-runaway-horse-1995-b8e001"
"phi-computer-services","phi-psd-brochure-and-kastner-engagements-1969-1972-b8d001"
"phi-computer-services","translating-early-skills-and-experiences-15bb2d"
"phi-computer-services","volume-1-appendix-career-timeline"
"phi-computer-services","volume-1-ch01-waiting-for-automation-1960-1969"
"phi-computer-services","volume-1-ch02-physics-of-the-machine-1969-1972"
"phi-computer-services","volume-1-ch03-physics-of-consulting-1972-1979"
"phi-computer-services","volume-1-ch06-dec-mainframes-last-stand-1987-1988"
"phi-computer-services","volume-1-ch10-the-long-view-1966-2026"
"phi-psd","phi-psd-brochure-and-kastner-engagements-1969-1972-b8d001"
"philadelphia-police-department","adl-public-safety-911-cad-systems-1973-1979-b8a001"
"philip-hankins","phi-legacy-in-wang-labs-runaway-horse-1995-b8e001"
"philip-hankins","phi-psd-brochure-and-kastner-engagements-1969-1972-b8d001"
"philip-hankins","volume-1-about-the-author"
"philip-hankins","volume-1-ch02-physics-of-the-machine-1969-1972"
"philips","nvidia-personal-cinema-lab-report-2002"
"philips-electronics-na","cuna-win-rebate-runaround-2004-9da530"
"pilot-software","pilot-internet-publisher-51e601"
"pinnacle-systems","dct-video-market-segmentation-2002"
"placeware-inc","2002-webex-taking-conferencing-to-the-business-communic-85e330"
"placeware-inc","meetings-conventions-virtual-meetings-ps-c1b097"
"planview-inc","1999-professional-services-automation-rpt-10e22b"
"plastic-logic","topic-semiconductor-practice-definition-2002"
"platinum-software","cispra~1-23a333"
"platinum-technology","platinum-riskadvisor-ec30de"
"plaut-consulting","erppsp~1-31f088"
"pointcast","1997-broadvision-dynamic-web-application-5f10bb"
"polycom-inc","telephony-post911-conferencing-psk-2001--0bf283"
"portal-software","portal-99-fe5656"
"portera","oracle-middleware-fragment-5-d3d774"
"powersoft","1997-oracle-designer-2000-3201a7"
"powersoft","1997-oracle-developer-2000-client-server-development-en-5f98ce"
"powersoft","1997-unify-vision-8fcfc3"
"powersoft","aberdeen-1995-commercial-messaging"
"powersoft","nti-5-development-toolsets-0e71c5"
"powersoft-sybase","aberdeen-1996-moving-effectively-next-gen-client-server"
"precise-software","remarks-of-peter-kastner-to-the-massachu-96335b"
"premenos","dollars-and-sense-b2b-ec-eb8c9d"
"pressplay","usatoday-reuters-pc-music-deals-gateway--b3a303"
"price-waterhouse","erppsp~1-31f088"
"pricewaterhousecoopers","1999-crm-professional-services-rpt-96bf13"
"pricewaterhousecoopers","ie-appendix-lane-qa-research-e594cb"
"pricewaterhousecoopers","intel-centrino-pk-8ecf9a"
"primary-access-corporation","aberdeen-1997-3com-accelerates-remote-access-market"
"prime-computer","charles-t-casale-influence-cdfb3f"
"prime-computer","kastner-technology-breadth-memoir-2026"
"prime-computer","prime-industry-product-5-year-plan-1981-0a3546"
"prime-computer","translating-early-skills-and-experiences-15bb2d"
"prime-computer","volume-1-about-the-author"
"prime-computer","volume-1-appendix-career-timeline"
"prime-computer","volume-1-ch03-physics-of-consulting-1972-1979"
"prime-computer","volume-1-ch04-prime-computer-1979-1981"
"prime-computer","volume-1-ch05-stratus-fault-tolerant-wars-1981-1987"
"prime-computer","volume-1-ch06-dec-mainframes-last-stand-1987-1988"
"prime-computer","volume-1-ch07-founding-aberdeen-1988-1997"
"prime-computer","volume-1-ch10-the-long-view-1966-2026"
"prime-computer","volume-1-introduction-physics-of-the-machine"
"prime-market-planning","volume-1-ch04-prime-computer-1979-1981"
"prism-solutions","aberdeen-1996-enterprise-data-knowledge-integrated-data-marts"
"probe-research","telephony-post911-conferencing-psk-2001--0bf283"
"process-manufacturing-industry","process-of-process-eba-335083"
"progress-software","aberdeen-1996-progress-software-webspeed-internet"
"progress-software","aberdeen-eii-2003-ea3f1a"
"progress-software","nti-5-development-toolsets-0e71c5"
"progress-software","nti-6-rdbms-technology-48f4aa"
"progress-software","progress-version-8-2-development-environment-3cadac"
"progress-software","rdbms-for-ibm-powera~1-7a44be"
"project-mac","volume-1-ch01-waiting-for-automation-1960-1969"
"project-tact","computer-dating-1960s-businessinsider-gr-2b9490"
"psion","2001-pdas-in-the-enterprise-analyzing-supplier-viabilit-b2c1d0"
"qad-inc","erpv2p~1-b15573"
"qpass","1999-digitalcash-the-dash-to-digital-cash-enabling-inte-23732b"
"quinta-corporation","storag~1-262bc7"
"radioshack-canada-intertan","wsj-mcwilliams-private-label-pcs-2002-05-bdab0a"
"ralph-abbott","adl-ase-asep-two-way-power-communications-1979-b8c001"
"ramon-ray-blogger","laptop-performance-bottleneck-smallbiz-r-e310b2"
"randy-groves","infoworld-dell-sharpens-blade-attack-nee-f9cb9c"
"randy-mott","on-computers-tips-good-news-for-ncr-dell-1943c5"
"ranger-governance","letter-to-sanjay-kumar-ca-world-2001-d60b1b"
"ranger-governance-ltd","eweek-ca-team-victorious-proxy-fight-200-c424f4"
"rational-software","develo~1-d25652"
"rational-software","remarks-of-peter-kastner-to-the-massachu-96335b"
"red-brick","rdbms-for-ibm-powera~1-7a44be"
"red-brick-systems","1997-oracle-data-mart-suite-for-nt-926845"
"red-hat","2000-linux-multi-client-study-29e6cf"
"red-hat","2026-kastner-core-arguments-framework-0b0c6b"
"red-hat","linuxcare-profile-1999"
"red-hat","novell-and-microsoft-good-for-business-4-59404e"
"red-pepper-software","erppsp~1-31f088"
"reefedge","2001-aberdeen-group-recent-publications-psk-2be54d"
"reefedge-inc","2002-wireless-lan-security-an-adolescent-market-88de03"
"remedy-corp","1997-cis-report-ba825e"
"remedy-corporation","1997-automating-and-managing-internal-op-e69e64"
"remedy-corporation","1999-managing-customers-with-next-generation-software-a-a5adc4"
"remedy-corporation","aberdeen-1996-managing-customers-next-gen-helpdesk"
"remedy-corporation","cispra~1-23a333"
"renee-fraser","rebates-spur-buyers-but-many-don-t-colle-2aaa2e"
"rhonda-alexander-isuppli","death-of-crt-monitor-pcmag-2002-977c17"
"riaa","usatoday-reuters-pc-music-deals-gateway--b3a303"
"rich-echevarria","intel-2010-vpro-daily-globe-42697e"
"richard-buchanan","boston-globe-dec-steul-cfo-resigns-1994-4013c6"
"richard-case","volume-1-ch06-dec-mainframes-last-stand-1987-1988"
"rlx-technologies","2001-aberdeen-group-blades-an-evolution-in-server-densi-b56557"
"rob-baumgartner-planar","death-of-crt-monitor-pcmag-2002-977c17"
"rob-crooke","peter-kastner-10-bde195"
"rob-tholomoler","datamation-informix-dsa-ad-aberdeen-cite-a9f18d"
"robert-b-palmer","nyt-dec-steul-loses-another-top-official-8f8883"
"robert-freiburghouse","mini-micro-stratus-32-arch-freiburghouse-6dc03e"
"robert-m-chase","volume-1-ch01-waiting-for-automation-1960-1969"
"robert-paquin","wsj-tech-watching-analyst-industry-1998-002531"
"robert-siegel","volume-1-ch02-physics-of-the-machine-1969-1972"
"roger-heinen","dec-mgmt-memo-v7n5-state-of-company-1988-6a9954"
"roger-kay-analyst","small-is-huge-in-pcs-these-days-blog-arc-655851"
"roku","dct-oct.-4-hot-topic-b61c0d"
"rolm-corporation","volume-1-ch05-stratus-fault-tolerant-wars-1981-1987"
"ron-schmelzer","outlook-series-david-mcfarlane-nexaweb-p-1dd1b4"
"royalblue-technologies","cispra~1-23a333"
"rudy-downs","dec-notes-tp1-debit-credit-thread-1987-1-5815dc"
"rufus-connell-frost","tiger-responds-security-warnings-eweek-b-95c721"
"russ-craig","dct-webinar-announcement-2002-11"
"russ-craig-aberdeen","electronic-news-videoconferencing-sars-c-044642"
"russ-craig-aberdeen","sars-puts-an-end-to-business-as-usual-in-6b0471"
"sabre-group","sabre-s-challenge-fb76f5"
"safeway","safeway-damages-report-draft-b502f4"
"safeway","volume-1-appendix-career-timeline"
"safeway","volume-1-ch09-expert-witness-technology-on-trial-1992-2015"
"salesforce-com","volume-1-ch08-aberdeen-go-go-years-1998-2006"
"saleslogix-corp","aberdeen-productization-pricing-and-survey-research-program-2000-b7b001"
"salomon","2002-microsoft-business-solutions-the-new-wave-at-stamp-532ae4"
"sam-wyly","eweek-ca-team-victorious-proxy-fight-200-c424f4"
"samir-bhavnani-current","amd-fusion-outlook-newsfactor-garrett-5859d3"
"samsung","dct-kastner-wish-list-2002-12"
"samsung-electronics","dct-personal-it-forecast-research-2001"
"samsung-electronics","samsung-unveils-fastest-mobile-cpu-on-th-c34fad"
"samsung-electronics","technology-news-hardware-samsung-unveils-e689dd"
"samsung-electronics-america","great-rebate-runaround-businessweek-grow-00f459"
"sandy-kurzig","translating-early-skills-and-experiences-15bb2d"
"sanjay-kumar","eweek-ca-team-victorious-proxy-fight-200-c424f4"
"sanjay-kumar","letter-to-sanjay-kumar-ca-world-2001-d60b1b"
"santa-cruz-operation","nti-3-pc-and-ws-1993-17d49b"
"sap","15-classification-key-applications-55b6be"
"sap","1998-internet-procurement-cdc4a6"
"sap","2001-aberdeen-group-recent-publications-psk-2be54d"
"sap","2003-peoplesoft-gains-crm-market-momentum-b4b610"
"sap","2026-kastner-oracle-longitudinal"
"sap","aberdeen-1996-ibm-as400-vs-microsoft-nt-server"
"sap","aberdeen-1996-taming-sap-r3-consultant-led-introspection"
"sap","aberdeen-1997-aberdeen-group-impacts"
"sap","aberdeen-eii-2003-ea3f1a"
"sap","cispra~1-23a333"
"sap","dell-sap-v6-d08820"
"sap","ecpspr~1-4968bf"
"sap","esb-0617-5cc5fa"
"sap","retail~1-d5de79"
"sap","software-market-safegu~1-ea7453"
"sap","volume-1-ch08-aberdeen-go-go-years-1998-2006"
"sap-ag","1993-hercules-sap-28344a"
"sap-ag","1997-ca-s-unicenter-tng-framework-pk-apr-50d15f"
"sap-ag","1997-teamsap-a3591b"
"sap-ag","1997-vertical-industry-solutions-baan-leads-in-innovati-f12724"
"sap-ag","1999-managing-customers-with-next-generation-software-a-a5adc4"
"sap-ag","1999-professional-services-automation-rpt-10e22b"
"sap-ag","2001-compaq-tru64-unix-and-oracle9i-clusters-reduce-cos-17b4b2"
"sap-ag","2001-sap-the-once-and-future-king-fe2827"
"sap-ag","2001-unisys-benchmark-gorilla-sets-new-sap-and-intel-ba-19cf5a"
"sap-ag","2003-aberdeen-group-free-research-aberdeen-insights-1-968e18"
"sap-ag","2003-business-process-orientation-changes-ap-le-flows-d-ed067c"
"sap-ag","aberdeen-1995-ibm-as400-sap-r3"
"sap-ag","aberdeen-1996-data-general-corporation"
"sap-ag","aberdeen-1996-flexiinternational-software-financial-acumen-technology"
"sap-ag","aberdeen-1996-lawson-software-desktop-workflow"
"sap-ag","aberdeen-1997-acceleratedsap-strategy"
"sap-ag","decision-maker-erp-services-805ce8"
"sap-ag","erppsp~1-31f088"
"sap-ag","erpv2p~1-b15573"
"sap-ag","informix-dsa-presentation-2-8d5fa3"
"sap-ag","ntpspr~1-728dc3"
"sap-ag","peoplesoft-bid-mirrors-lofty-goals-of-or-6be2ec"
"sap-ag","process-of-process-eba-335083"
"sap-ag","sap-r-3-on-wintel-servers-712986"
"sap-ag","sap-sybase-face-off-f2612e"
"sap-america","aberdeen-1995-ibm-as400-sap-r3"
"sap-america","aberdeen-1997-acceleratedsap-strategy"
"sap-america","utilit~1-0596b5"
"sapiens-international","1992-sapiens-and-metadata-0608b6"
"sas-institute","aberdeen-1996-khalix-financial-awareness-competitive-advantage"
"sas-institute","dssune~1-cbf6e3"
"savant-corp","savant-targets-feds-with-oracle-database-60eca2"
"sbc-communications","dct-dceit-practice-v6-2002"
"scientific-atlanta","dct-dceit-practice-v6-2002"
"scopus-technology","1997-cis-report-ba825e"
"scott-hansen","ncr-norge-open-oltp-rdbms-seminar-1992-0-7f5414"
"scott-page-associates","andersen-report-cover-letter-to-weber-4-4d17ee"
"sd-card-association","sd-cards-overtake-memory-stick-12-may-20-81d89c"
"sd-card-association","sd-memory-cards-to-drive-market-for-digi-71a434"
"seagate","09-maxtor-workshop-prep-guide-a218dc"
"seagate","10-maxtor-workshop-02-09-eod-53f22b"
"sean-maloney","peter-kastner-10-bde195"
"sears","1998-information-technology-in-the-retail-sector-the-in-33dc54"
"security-dynamics","aberdeen-1996-progress-software-webspeed-internet"
"seer-technologies","aberdeen-1995-commercial-messaging"
"segue-software","qacenter-automated-software-quality-from-start-to--b7003b"
"semiconductor-industry-assoc","sars-high-tech-monday-update-monday-apri-ac0cb5"
"semiconductor-industry-association","sars2-hot-topic-cf91d4"
"sequent","aberdeen-1996-digital-debunks-ntsmp-scalability-myth"
"sequent-computer","1991-encore-and-metadata-47f414"
"sequent-computer","1996-sequent-38f0b1"
"sequent-computer","aberdeen-1996-computer-telephony-integration"
"sequent-computer","aberdeen-1996-debunking-ntsmp-scalability-myth"
"sequent-computer","aberdeen-1996-risc-unix-market"
"sequent-computer","sequent-s-numa-q-2000-solutions-77a77c"
"sequent-computer","server-deal-turns-rivals-into-allies-seq-bdc3af"
"sequent-computer-systems","1992-tpc-benchmarks-vp-ed0e0d"
"sequent-computer-systems","1997-datafocus'-nutcracker--enterprise-c-bfc11e"
"sequent-computer-systems","sequent-592620"
"sequent-computer-systems","sequent-sap-sequen~1-7f70e4"
"shared-medical-systems","health~1-056358"
"sherri-wolf","wsj-tech-watching-analyst-industry-1998-002531"
"shiva-corp","aberdeen-1996-ciscos-access-business-unit-crystallizes-vision"
"shuttle-computer","small-is-huge-in-pcs-these-days-blog-arc-655851"
"siebel","01-difranco-report-on-aberdeen-group-res-444a19"
"siebel-systems","1997-cis-report-ba825e"
"siebel-systems","1997-the-compaq-siebel-global-alliance-an-e-roach-to-cu-458c35"
"siebel-systems","1998-cis-report-customer-interaction-software-631068"
"siebel-systems","1999-managing-customers-with-next-generation-software-a-a5adc4"
"siebel-systems","2003-aberdeen-group-free-research-aberdeen-insights-1-968e18"
"siebel-systems","2003-peoplesoft-gains-crm-market-momentum-b4b610"
"siebel-systems","aberdeen-1996-managing-customers-next-gen-helpdesk"
"siebel-systems","cispra~1-23a333"
"siebel-systems","tech-s-best-hope-pockets-of-prosperity-2-17d6cf"
"silicon-com","soa-adoption-eats-up-40-per-cent-of-it-r-d0cf12"
"silicon-graphics","aberdeen-1996-hp-9000-enterprise-server-64bit-pa8000"
"silicon-graphics","aberdeen-1996-hp-vectra-xw-personal-workstation"
"silicon-graphics","aberdeen-1997-aberdeen-group-impacts"
"silicon-graphics","nti-2-open-systems-1dd3af"
"silicon-graphics","silicon-graphics-origin-servers-a-high-duct-with-p-447a86"
"silicon-graphics","upgrades-boost-database-market-iweek-fol-f19804"
"silicon-graphics","workst~1-d22401"
"silicon-graphics-inc-sgi","1997-digital-s-terabyte-hour-nonstop-vld-ce92ca"
"silicon-graphics-inc-sgi","aberdeen-1995-limd-technology"
"silicon-graphics-sgi","aberdeen-1996-digitals-personal-workstation-new-markets-channels"
"silknet-software","aberdeen-1997-silknet-software"
"silknet-software","cispra~1-23a333"
"sirius-software-inc","sirius-web-enablement-b81ea8"
"smallworld-systems","utilit~1-0596b5"
"smartforce","1999-e-learning-in-the-enterprise-psk-d0fc8a"
"smartmoney-magazine","great-rebate-debate-smartmoney-grant-80650c"
"snap-appliance","snap-appliance-launches-new-release-of-i-373ab7"
"snap-appliance","snap-appliance-snapshot-2003"
"snap-appliance","snap-appliances-snapshot-10-15pk-f183fe"
"sni-pyramid","aberdeen-1996-risc-unix-market"
"snia","03-contract-pools-of-storage-phase2-a47fd3"
"snia","08-phase2-project-kickoff-2ea711"
"snia","maxtor-engagement-letter-nov2003"
"soft-mountain","soft-mountain-java-a396b5"
"software-ag","aberdeen-1995-commercial-messaging"
"software-ag","aberdeen-1996-software-ag-digital-high-performance-solutions"
"software-ag","nti-5-development-toolsets-0e71c5"
"software-ag","nti-6-rdbms-technology-48f4aa"
"software-ag","rdbms-for-ibm-powera~1-7a44be"
"somers","ibm-major-account-plan-8-cc6400"
"sonicblue","dct-microsoft-media-center-rollout-2002-08"
"sonicblue","dct-supplier-list-2002"
"sony","2001-pdas-in-the-enterprise-analyzing-supplier-viabilit-b2c1d0"
"sony","2002-alternate-consumer-electronics-channels-ppliers-em-b9052b"
"sony","2003-sars-electronics-supply-chain-ec0375"
"sony","dct-access-pc-deals-2002-2003"
"sony","dct-memoir-ramp-vs-dct-prescience-2026"
"sony","dct-oct.-4-hot-topic-b61c0d"
"sony","dct-sony-personal-electronic-vision-2002"
"sony","dct-webinar-nov-2002"
"sony","dct-weekly-2002-12-01"
"sony","dct-weekly-2003-01-05"
"sony","dct-weekly-2003-01-12"
"sony","dct-weekly-2003-01-19"
"sony","dct-weekly-2003-01-26"
"sony","dct-weekly-2003-03-02"
"sony","dct-weekly-2003-03-09"
"sony","dct-weekly-2003-03-16"
"sony","dct-weekly-2003-03-23"
"sony","dct-weekly-2003-04-06"
"sony","dct-weekly-2003-04-13"
"sony","dct-weekly-2003-04-20"
"sony","dct-weekly-2003-05-11"
"sony","dct-weekly-2003-05-18"
"sony","dct-weekly-2003-06-08"
"sony","dct-weekly-2003-06-15"
"sony","dct-weekly-2003-06-22"
"sony","dct-weekly-2003-07-06"
"sony","dct-weekly-2003-07-13"
"sony","dct-weekly-2003-07-26"
"sony","dct-weekly-2003-08-03"
"sony","dct-weekly-2003-08-10"
"sony","dct-weekly-2003-08-17"
"sony","dct-weekly-2003-08-24"
"sony","sars2-hot-topic-cf91d4"
"sony","usatoday-reuters-small-pcs-form-factor-2-5ffca5"
"sony-corp","2002-undercutting-and-upselling-dell-s-foray-into-the-h-3d70b1"
"sony-corporation","hostingtech-apple-xserve-asia-zieger-200-052af6"
"sophos-plc","tiger-responds-security-warnings-eweek-b-95c721"
"spaceworks","spaceworks-ordermanager-d51dab"
"spec-org","amd-profile01-64e43b"
"spider-technologies","aberdeen-1996-spider-technologies-netdynamics"
"sprint","portal-99-fe5656"
"sprint-corp","palm-pre-199-really-299-cloudave-a0a25f"
"sqa-inc","aberdeen-1996-sqa-suite-50-automated-testing"
"sqa-inc","qacenter-automated-software-quality-from-start-to--b7003b"
"sql-access-group","aberdeen-dops-distributed-open-prod-syst-cbae77"
"ssds","1998-network-integration-services-report-f75108"
"st-petersburg-fire-department","adl-public-safety-911-cad-systems-1973-1979-b8a001"
"st-petersburg-police-department","adl-public-safety-911-cad-systems-1973-1979-b8a001"
"st-petersburg-police-department","volume-1-ch03-physics-of-consulting-1972-1979"
"stacey-quandt-aberdeen","aberdeen-ra-secure-soa-benchmark-2006-605d67"
"stan-elbaum","07-pools-of-storage-functional-spec-597fa5"
"stan-elbaum","08-phase2-project-kickoff-2ea711"
"stanford-storm","charles-t-casale-influence-cdfb3f"
"staples-inc","great-rebate-debate-smartmoney-grant-80650c"
"staples-inc","great-rebate-runaround-businessweek-grow-00f459"
"state-of-florida","psk-litigate98-72601c"
"state-of-michigan","oracle-wp-prod-6-a42b4b"
"state-street","state-street-ramp-interview-for-maxtor-p-fa94f8"
"steinar-hoistad","ncr-norge-open-oltp-rdbms-seminar-1992-0-7f5414"
"stephanie-lenway-umn","death-of-crt-monitor-pcmag-2002-977c17"
"stephen-difranco","17-maxtor-tool-decision-components-d9c2fb"
"sterling-commerce","1997-the-ec-company-not-your-father-s-edi-c1ebff"
"sterling-commerce","dollars-and-sense-b2b-ec-eb8c9d"
"sterling-commerce","ecpspr~1-4968bf"
"steve-franson","volume-1-ch04-prime-computer-1979-1981"
"steve-jobs","svbi-apple-xserve-kastner-2002-05-17-1398db"
"steve-jobs","year-in-macs-part-one-macworld-dalrymple-dd247c"
"storagetek","storag~1-262bc7"
"stratacom","1997-cisco-s-core-products-business-inte-bd8697"
"stratus-computer","2026-kastner-core-arguments-framework-0b0c6b"
"stratus-computer","aberdeen-dops-distributed-open-prod-syst-cbae77"
"stratus-computer","boston-globe-stratus-xa2000-launch-1987--218ffd"
"stratus-computer","businessweek-stratus-launch-fail-safe-ba-82c028"
"stratus-computer","cbn-bochner-stratus-oem-strategy-1982-06-245fd5"
"stratus-computer","computerworld-fault-tolerant-market-1987-fc3dca"
"stratus-computer","computerworld-stratus-xa2000-launch-1987-d9d143"
"stratus-computer","dec-resume-performance-review-3-1f133b"
"stratus-computer","ft-mitfor~1-a56a9d"
"stratus-computer","ftsn-serlin-tandem-txp-et1-benchmarks-19-ea6530"
"stratus-computer","informationweek-tolerant-debitcredit-198-4f3b26"
"stratus-computer","kastner-tandem-topgun-et1-analysis-1987--a3a09c"
"stratus-computer","kastner-technology-breadth-memoir-2026"
"stratus-computer","mini-micro-stratus-32-arch-freiburghouse-6dc03e"
"stratus-computer","stratus-computer-is-down-ad-reprints-c19-903ebf"
"stratus-computer","stratus-corporate-overview-1982-11-a7e367"
"stratus-computer","stratus-et1-functional-spec-and-benchmar-0c3172"
"stratus-computer","stratus-et1-tp1-tandem-dossier-1986-26871a"
"stratus-computer","stratus-fault-tolerant-revolution-ad-198-797e0e"
"stratus-computer","stratus-internal-benchmark-tuning-guide--c53e3f"
"stratus-computer","stratus-olivetti-40m-deal-eagle-tribune--b7e3b1"
"stratus-computer","stratus-tp-1-internal-benchmark-guide-19-9b51bf"
"stratus-computer","volume-1-about-the-author"
"stratus-computer","volume-1-appendix-career-timeline"
"stratus-computer","volume-1-ch01-waiting-for-automation-1960-1969"
"stratus-computer","volume-1-ch04-prime-computer-1979-1981"
"stratus-computer","volume-1-ch05-stratus-fault-tolerant-wars-1981-1987"
"stratus-computer","volume-1-ch06-dec-mainframes-last-stand-1987-1988"
"stratus-computer","volume-1-ch10-the-long-view-1966-2026"
"stratus-computer","volume-1-epilogue-argument-with-reality"
"stratus-computer","volume-1-introduction-physics-of-the-machine"
"stratus-technologies","1992-tpc-benchmarks-vp-745fa1"
"stratus-technologies","1998as400-1-146289"
"stratus-technologies","marathon-d186ab"
"sultan-bin-sulayem","dubtech-1996-29d4f9"
"sun-microsystems","1992-tpc-benchmarks-vp-745fa1"
"sun-microsystems","1992-tpc-benchmarks-vp-ed0e0d"
"sun-microsystems","1997-ca-s-unicenter-tng-framework-pk-apr-50d15f"
"sun-microsystems","1997-commercial-risc-unix-1996-mvp-711569"
"sun-microsystems","1997-data-integration-management-in-hete-de2429"
"sun-microsystems","1997-data-mining-buying-guide-71e463"
"sun-microsystems","1997-datafocus'-nutcracker--enterprise-c-bfc11e"
"sun-microsystems","1997-dec-linkworks-webworker---an-object-db2d2a"
"sun-microsystems","1997-digital-ramps-up-for-the-leadership-fb5854"
"sun-microsystems","1997-ibm-ships-first-64-bit-rs-6000-serv-961e2c"
"sun-microsystems","1997-ibm-when-a-pc-is-simply-platform-ov-5e9364"
"sun-microsystems","1997-ibm’s-network-computing-solution----e74e8a"
"sun-microsystems","1997-sun-workgroup-servers-balancing-competition-and-co-cc57b7"
"sun-microsystems","1997-the-new-as-400e-series-aa9cac"
"sun-microsystems","1997-unify-vision-8fcfc3"
"sun-microsystems","1998-pc-impact-and-metadata-e2a169"
"sun-microsystems","1998as400-1-146289"
"sun-microsystems","2001-hp-compaq-kastner-insight1-d6dc38"
"sun-microsystems","2002-the-new-hp-stands-up-to-be-counted-psk-35453a"
"sun-microsystems","2003-a-view-of-sun-s-2003-worldwide-analyst-conference-206a10"
"sun-microsystems","2003-intel-consumer-lt-10-5-8c346e"
"sun-microsystems","aberdeen-1996-digital-leading-nt-across-enterprise-charge"
"sun-microsystems","aberdeen-1996-hp-9000-enterprise-server-64bit-pa8000"
"sun-microsystems","aberdeen-1996-hp-enterprise-parallel-server-scalable-performance"
"sun-microsystems","aberdeen-1996-hp-vectra-xw-personal-workstation"
"sun-microsystems","aberdeen-1996-risc-unix-market"
"sun-microsystems","aberdeen-1996-sun-microsystems-decision-warehouse"
"sun-microsystems","aberdeen-1996-sun-microsystems-ultracomputing-business"
"sun-microsystems","aberdeen-dops-tpc-1992-deck-bbe78e"
"sun-microsystems","bbn1989-1e6838"
"sun-microsystems","comdex-2003-sun-aggressive-seattletimes--9ca4dd"
"sun-microsystems","enterprise-integration-perspective-2-cb6165"
"sun-microsystems","enterprise-integration-perspective-d21c1b"
"sun-microsystems","ibm-rs6000-midran~1-88f049"
"sun-microsystems","informationweek-windows-2000-high-end-am-4ccdae"
"sun-microsystems","intel-longlivedualcore-revised-5-fa8298"
"sun-microsystems","internetnews-will-sars-infect-high-tech--8569ea"
"sun-microsystems","intern~1-45df51"
"sun-microsystems","jungle-1-5-675c58"
"sun-microsystems","kastner-jrl-trends-1999-pk-responses-f4c5a4"
"sun-microsystems","linuxcare-ab95f6"
"sun-microsystems","linuxcare-profile-1999"
"sun-microsystems","niagara-sun-s-palaver-starter-and-diy-mp-158f17"
"sun-microsystems","nti-3-pc-and-ws-1993-17d49b"
"sun-microsystems","on-computers-tips-is-sun-s-sparc-archite-65b3b9"
"sun-microsystems","safeway-damages-report-draft-b502f4"
"sun-microsystems","sap-r-3-on-wintel-servers-712986"
"sun-microsystems","sars-puts-an-end-to-business-as-usual-in-6b0471"
"sun-microsystems","sequent-s-numa-q-2000-solutions-77a77c"
"sun-microsystems","sequent-sap-sequen~1-7f70e4"
"sun-microsystems","sun-as400-main-report-2002-c37e2a"
"sun-microsystems","sun-as400-market-data-2002-5faa8f"
"sun-microsystems","sun-as400-presentation-2002-9d925e"
"sun-microsystems","sun-master-contract-10-129daa"
"sun-microsystems","sun-micro-slammed-as-quarterly-report-di-e9ee61"
"sun-microsystems","sun-shares-tumble-in-pre-market-trading--000d37"
"sun-microsystems","technology-news-hardware-sun-unveils-ult-4a76bb"
"sun-microsystems","technology-news-international-microsoft--a2f127"
"sun-microsystems","tpc2-92-c2a45c"
"sun-microsystems","tpcbench92-139998"
"sun-microsystems","trends99-18726b"
"sun-microsystems","workst~1-d22401"
"sunsoft","develo~1-d25652"
"supplychainaccess","aberdeen-preso-for-emc-final-storage-5-d855b8"
"susan-l-irving","y2k-computerworld-aberdeen-psk-irving-19-5bcd20"
"sven-aamodt","ncr-norge-open-oltp-rdbms-seminar-1992-0-7f5414"
"sybase","1998-hp-high-availability-and-metadata-7d1276"
"sybase","aberdeen-1995-limd-technology"
"sybase","aberdeen-1996-distributed-open-rdbms-buying-guide"
"sybase","aberdeen-1996-ibm-os2-warp-server"
"sybase","aberdeen-dors-buying-guide-1996-web-5ee808"
"sybase","aberdeen-eii-2003-ea3f1a"
"sybase","develo~1-d25652"
"sybase","inforx95-3-9a45fe"
"sybase","intern~1-45df51"
"sybase","jungle-1-5-675c58"
"sybase","jungle-6-7af8b7"
"sybase","nti-5-development-toolsets-0e71c5"
"sybase","nti-6-rdbms-technology-48f4aa"
"sybase","rdbms-for-ibm-powera~1-7a44be"
"sybase","sap-sybase-face-off-f2612e"
"sybase-inc","1997-ibm-information-integration-family--29351c"
"sybase-inc","dbmspr~1-7c854e"
"sybase-inc","upgrades-boost-database-market-iweek-fol-f19804"
"symantec","2003-the-top-10-security-suppliers-fc2b1b"
"symantec","2010-intel-vpro-daily-globe-6f615e"
"symantec","dct-pc-replacement-insight1-2003-04"
"symantec-corp","usatoday-maney-mac-or-pc-windows-securit-b45d45"
"symbol-technologies","2001-pdas-in-the-enterprise-analyzing-supplier-viabilit-b2c1d0"
"synapse-computer","ee-times-stratus-tandem-fault-tolerant-1-42f6c7"
"synernetics","aberdeen-1995-3com-lanplex-2500"
"systems-development-corporation","volume-1-ch05-stratus-fault-tolerant-wars-1981-1987"
"systinet","hp-can-boost-soa-offerings-with-acquisit-48e07e"
"taiwan","2003-sars-electronics-supply-chain-ec0375"
"taligent","aberdeen-1995-hp-softbench"
"taligent","nti-2-open-systems-1dd3af"
"talx-corporation","1997-peoplesoft-works-the-internet-452445"
"tandem-computer","1998-nt-professional-services-buying-guide-1998-edition-14e452"
"tandem-computer","ntpspr~1-728dc3"
"tandem-computer","volume-1-about-the-author"
"tandem-computers","1991-encore-and-metadata-47f414"
"tandem-computers","1997-tandem-object-relational-data-mining-architecture-2d8139"
"tandem-computers","1997-tandem-s-nonstop-software-enterprise-clustering-fo-815776"
"tandem-computers","2026-kastner-enterprise-ai-arc"
"tandem-computers","aberdeen-1996-risc-unix-market"
"tandem-computers","aberdeen-1996-tandem-vision-21st-century-electronic-business"
"tandem-computers","aberdeen-1996-telechips-access-pc-telephony-interaction"
"tandem-computers","bbn1989-1e6838"
"tandem-computers","boston-globe-stratus-xa2000-launch-1987--218ffd"
"tandem-computers","bull1990-d-c-benchmarks-8b5d9c"
"tandem-computers","businessweek-stratus-launch-fail-safe-ba-82c028"
"tandem-computers","casale-evp-2-79187c"
"tandem-computers","casale-evp-3-b2b933"
"tandem-computers","computerworld-fault-tolerant-market-1987-fc3dca"
"tandem-computers","debit-credit-ibm-dec-1988-2-2fc147"
"tandem-computers","dectp-genspark-research2-4-a09a82"
"tandem-computers","ee-times-stratus-tandem-fault-tolerant-1-42f6c7"
"tandem-computers","ft-mitfor~1-a56a9d"
"tandem-computers","ftsn-serlin-tandem-txp-et1-benchmarks-19-ea6530"
"tandem-computers","informationweek-tolerant-debitcredit-198-4f3b26"
"tandem-computers","kastner-tandem-topgun-et1-analysis-1987--a3a09c"
"tandem-computers","leader-of-the-pack-23-nov-1996-computing-f2353f"
"tandem-computers","stratus-et1-tp1-tandem-dossier-1986-26871a"
"tandem-computers","stratus-fault-tolerant-revolution-ad-198-797e0e"
"tandem-computers","stratus-sales-support-competitive-news-1-2aac8d"
"tandem-computers","tandem-opens-up-e020ed"
"tandem-computers","tandem-tr-85-2-debitcredit-1985-ca207a"
"tandem-computers","volume-1-ch05-stratus-fault-tolerant-wars-1981-1987"
"tca-fulfillment","great-rebate-runaround-businessweek-grow-00f459"
"teamquest-corp","teamquest-8-ec015b"
"tech-data","kastner-ie-v-andersen-expert-report-3de98a"
"techgnosis-international","aberdeen-1995-intersolv-virtual-data-warehouse"
"ted-waitt","restructure-plans-weigh-on-gateway-marke-c5656c"
"telco-companies","2002-cable-and-telco-companies-battle-for-home-internet-2baa0b"
"telechips-corporation","aberdeen-1996-telechips-access-pc-telephony-interaction"
"telelogic","2004-aberdeentelelogicagrfinal-5-8fd44a"
"teradata","1991-encore-and-metadata-47f414"
"teradata","on-computers-tips-good-news-for-ncr-dell-1943c5"
"testa-hurwitz-thibeault","testahur95-330c0c"
"texas-international-airlines","phi-psd-brochure-and-kastner-engagements-1969-1972-b8d001"
"the-ec-company","1997-the-ec-company-not-your-father-s-edi-c1ebff"
"thomas-atwood","october-1997-editor-s-buffer-5-771798"
"thomas-bittman","psbj-meisner-microsoft-consulting-acquis-7b85c8"
"thomas-cook-sabre","sabre-s-challenge-fb76f5"
"thomson-multimedia","dct-dceit-practice-v6-2002"
"tibco-software","1998-enterprise-application-integration-advanced-techno-71496c"
"tibco-software","middle~1-a64fa0"
"tim-bajarin","hostingtech-apple-xserve-asia-zieger-200-052af6"
"tim-deal","hostingtech-apple-xserve-asia-zieger-200-052af6"
"tim-deal","power-macs-won-t-hit-3ghz-this-year-anal-73ad0f"
"tim-deal","svbi-apple-xserve-kastner-2002-05-17-1398db"
"tim-minahan","aberdeen-productization-pricing-and-survey-research-program-2000-b7b001"
"time-warner-cable","aberdeen-1996-omnibox-interactive-broadcasting-network"
"time-warner-cable","dct-dceit-practice-v6-2002"
"time-warner-cable","omnibox97-53bcfe"
"timex","timex-ramp-interview-for-maxtor-project-8c1b71"
"tivo","dct-supplier-list-2002"
"tivo","dct-video-market-segmentation-2002"
"tivo","dct-webinar-nov-2002"
"tivo-inc","great-rebate-runaround-businessweek-grow-00f459"
"tivoli-systems","1997-tme-10-security-management-8178c6"
"tivoli-systems","aberdeen-1996-ibm-tivoli"
"tivoli-systems","carepo-kastner-unicenter-jasmine-1996-1d5ffe"
"tivoli-systems","management-heavies-seek-broader-base-8-723197"
"tivoli-systems","powerful-network-management-4cb125"
"tivoli-systems","vulnerability-assessment-empowering-is-754d9a"
"tolerant-systems","informationweek-tolerant-debitcredit-198-4f3b26"
"tolerant-systems-inc","computerworld-fault-tolerant-market-1987-fc3dca"
"tom-h-willmott","aberdeen-open-online-transaction-process-ea272f"
"tom-h-willmott","aberdeen-workshop-qualifying-questions-and-success-stories-2001-b6a001"
"tom-h-willmott","volume-1-ch07-founding-aberdeen-1988-1997"
"tom-willmott","volume-1-about-the-author"
"tom-willmott","volume-1-ch08-aberdeen-go-go-years-1998-2006"
"tony-picardi","ca-jasmine-ii-brochure-kastner-endorseme-6588be"
"top-20-it-vendors","2002-it-purchasing-the-view-from-the-end-of-the-tunnel--f63cde"
"toshiba","dct-personal-it-forecast-research-2001"
"toshiba","dct-q1-2003-pc-shipments"
"tpc","kastner-tandem-topgun-et1-analysis-1987--a3a09c"
"tpc","open-tpc-database-benchmarks-9-058487"
"tpc","tandem-tr-85-2-debitcredit-1985-ca207a"
"tpc","tpcbench92-139998"
"tpc-council","aberdeen-1996-debunking-ntsmp-scalability-myth"
"transaction-processing-performance-council","dec-debit-credit-guidelines-kohler-hsu-1-e228b4"
"transaction-processing-performance-council","volume-1-about-the-author"
"transarc","nti-11-distributed-midrange-servers-1993-dedd19"
"transarc-corp","aberdeen-open-online-transaction-process-ea272f"
"transarc-corporation","1997-ibm-extended-transaction-systems-fa-0369fa"
"transmeta-corp","informationweek-tablet-pc-microsoft-kast-72320d"
"transmeta-corp","transmeta-crusoe-tm5700-tm5900-computerw-455262"
"traveling-software","when-does-remote-control-benefit-9bd6e4"
"travelocity","sabre-s-challenge-fb76f5"
"trilogy-development-group","aberdeen-1996-open-market-web-based-commerce"
"trusted-computing-group","intel-consumer-lt-10-5-03-580af7"
"turbolinux","linuxcare-ab95f6"
"ufrj","adl-commercial-engagements-kastner-1972-1979-b8b001"
"unify-corporation","1997-unify-vision-8fcfc3"
"unisys","2001-aberdeen-group-recent-publications-psk-2be54d"
"unisys","2001-unisys-benchmark-gorilla-sets-new-sap-and-intel-ba-19cf5a"
"unisys","2002-beyond-windows-8-way-servers-why-businesses-are-de-6828b2"
"unisys","2004-03-intelitaniummfewp11.doc-618d4a"
"unisys","2006-unisyswipro-rs-3747-a7e31e"
"unisys","aberdeen-1996-risc-unix-market"
"unisys","aberdeen-1996-unisys-clearpath-smp-servers"
"unisys","intelitaniummfewp1[1]-773ea2"
"unisys","ma-unisyswipro-rs-3747-36dd33"
"unisys","nti-9-mainframe-role-1993-77fc40"
"unisys","tpcbench92-139998"
"unisys","unisys-florida-hrs-expert-witness-tallah-5b4524"
"unisys","volume-1-ch09-expert-witness-technology-on-trial-1992-2015"
"unisys-corporation","aberdeen-1996-unisys-clears-path-a-series-os2200"
"unisys-corporation","ntpspr~1-728dc3"
"univac","volume-1-ch03-physics-of-consulting-1972-1979"
"unix-system-laboratories","aberdeen-open-online-transaction-process-ea272f"
"us-bancorp-piper-jaffray","telephony-post911-conferencing-psk-2001--0bf283"
"us-business-services-sector","1998-industry-dynamics-in-u-s-it-usage-and-spending-199-26aed6"
"us-census-bureau","sun-as400-market-data-2002-5faa8f"
"us-communications-information-sector","1998-industry-dynamics-in-u-s-it-usage-and-spending-199-26aed6"
"us-congress","volume-1-ch09-expert-witness-technology-on-trial-1992-2015"
"us-corporate-procurement-function","1998-internet-procurement-cdc4a6"
"us-department-of-energy","minicomputer-news-ase-asep-1979-2b5327"
"us-discrete-manufacturing-sector","1998-industry-dynamics-in-u-s-it-usage-and-spending-199-26aed6"
"us-doe","adl-ase-asep-two-way-power-communications-1979-b8c001"
"us-doj","microsoft-split-will-hit-users-pockets-0-edc1ed"
"us-doj","savant-targets-feds-with-oracle-database-60eca2"
"us-doj","volume-1-ch04-prime-computer-1979-1981"
"us-energy-utilities-sector","1998-industry-dynamics-in-u-s-it-usage-and-spending-199-26aed6"
"us-financial-services-sector","1998-industry-dynamics-in-u-s-it-usage-and-spending-199-26aed6"
"us-ftc","2010-intel-ia-continuum-wp-1-2-fc5653"
"us-ftc","cuna-win-rebate-runaround-2004-9da530"
"us-ftc","rebates-spur-buyers-but-many-don-t-colle-2aaa2e"
"us-ftc","research-reveals-that-60-percent-of-reba-c887df"
"us-health-social-services-sector","1998-industry-dynamics-in-u-s-it-usage-and-spending-199-26aed6"
"us-internet-retail-market","1998-internet-sales-report-4cde3f"
"us-navy","adl-commercial-engagements-kastner-1972-1979-b8b001"
"us-process-manufacturing-sector","1998-industry-dynamics-in-u-s-it-usage-and-spending-199-26aed6"
"us-retail-hospitality-sector","1998-industry-dynamics-in-u-s-it-usage-and-spending-199-26aed6"
"us-retail-industry","1998-information-technology-in-the-retail-sector-the-in-33dc54"
"us-robotics","aberdeen-1996-remote-access-cisco-untold-story"
"us-supreme-court","supreme-court-orders-intel-documents-rel-e6e110"
"us-transportation-travel-sector","1998-industry-dynamics-in-u-s-it-usage-and-spending-199-26aed6"
"us-wholesale-trade-sector","1998-industry-dynamics-in-u-s-it-usage-and-spending-199-26aed6"
"usa-today","usatoday-kessler-itanium-mckinley-kastne-77362b"
"usl","nti-11-distributed-midrange-servers-1993-dedd19"
"usm-corporation","management-skills-learned-1969-3e75d0"
"usm-corporation","translating-early-skills-and-experiences-15bb2d"
"uswest","1997-broadvision-dynamic-web-application-5f10bb"
"uunet-technologies","aberdeen-1996-vpns-business-mfs-success-strategy"
"uunet-technologies","teleco~1-c01702"
"valerie-oconnell","aberdeen-practice-definitions-compendium-2000-b7a001"
"vanstar","1998-network-integration-services-report-f75108"
"vantive-corp","1997-cis-report-ba825e"
"vantive-corporation","1998-cis-report-customer-interaction-software-631068"
"vantive-corporation","1999-managing-customers-with-next-generation-software-a-a5adc4"
"vantive-corporation","cispra~1-23a333"
"venetica","aberdeen-eii-2003-ea3f1a"
"vericours","open-tpc-database-benchmarks-9-058487"
"verisign","2001-aberdeen-group-recent-publications-psk-2be54d"
"verisign","securi~1-3e7ced"
"veritas","storag~1-262bc7"
"veritas-software","internetnews-veritas-itanium-believer-20-2ff4eb"
"vern-seward-macobserver","pc-style-living-room-macobserver-seward-97ed83"
"viasoft","1998-y2k-report-f512fb"
"viasoft-inc","1997-viasoft-y2k-c2e540"
"viewsonic","dct-kastner-wish-list-2002-12"
"vincent-j-mullarkey","boston-globe-dec-steul-cfo-resigns-1994-4013c6"
"vincent-j-mullarkey","nyt-dec-steul-loses-another-top-official-8f8883"
"virginia-tech","mac-news-computers-us-army-drafts-apple-c2f6f9"
"visa-international","1999-digitalcash-the-dash-to-digital-cash-enabling-inte-23732b"
"visio-corporation","psbj-meisner-microsoft-consulting-acquis-7b85c8"
"vitria","ma-ibm-webify-5e0d4b"
"vitria-technology","ibm-+-webify-=-industry-soa-application--97733a"
"vitria-technology","vitria-testimonials-kastner-bpa-soa-rese-93ccae"
"vms-software-inc","2026-kastner-dec-longitudinal-22d177"
"vmware","2010-intel-vpro-daily-globe-6f615e"
"vpr-matrix","dct-access-pc-deals-2002-2003"
"wall-street-journal","ncr-att-wsj-massively-parallel-processin-f1f0a8"
"wall-street-journal","wsj-tech-watching-analyst-industry-1998-002531"
"walmart","1998-information-technology-in-the-retail-sector-the-in-33dc54"
"walmart","aberdeen-1996-enterprise-executives-year-2000-solution"
"walmart","dct-weekly-2003-01-19"
"walmart","retail~1-d5de79"
"walmart","safeway-damages-report-draft-b502f4"
"walt-kohler","dec-debit-credit-guidelines-kohler-hsu-1-e228b4"
"wang-laboratories","1998-network-integration-services-report-f75108"
"wang-laboratories","boston-globe-wang-q1-turnaround-psk-1990-a5aab0"
"wang-laboratories","dec-notes-tp1-debit-credit-thread-1987-1-5815dc"
"wang-laboratories","kastner-technology-breadth-memoir-2026"
"wang-laboratories","on-computers-tips-40th-anniversary-of-th-ee9cc5"
"wang-laboratories","phi-legacy-in-wang-labs-runaway-horse-1995-b8e001"
"wang-laboratories","phi-psd-brochure-and-kastner-engagements-1969-1972-b8d001"
"wang-laboratories","psk-litigation-b452e6"
"wang-laboratories","volume-1-about-the-author"
"wang-laboratories","volume-1-ch02-physics-of-the-machine-1969-1972"
"wang-laboratories","volume-1-ch03-physics-of-consulting-1972-1979"
"warner-and-swasey","phi-legacy-in-wang-labs-runaway-horse-1995-b8e001"
"warner-communications-atari","casale-evp-3-b2b933"
"washington-post","rebate-check-recordonline-van-vlack-d7d600"
"watchit-com","watchit-psk-aberdeen-cro-presenter-2002--5843bc"
"wayne-kernochan","aberdeen-practice-definitions-compendium-2000-b7a001"
"wayne-kernochan","volume-1-ch07-founding-aberdeen-1988-1997"
"wdi-umich","research-resources-the-william-davidson--7de658"
"webex-communications","2002-webex-taking-conferencing-to-the-business-communic-85e330"
"webex-communications","informationweek-webex-enterprise-collabo-e30ad5"
"webex-communications","webex--taking-conferencing-to-the-busine-5b8109"
"webex-inc","meetings-conventions-virtual-meetings-ps-c1b097"
"webex-inc","tech-investor-instant-messaging-goes-cor-1a14c2"
"webify-solutions","ibm-+-webify-=-industry-soa-application--97733a"
"webify-solutions","ma-ibm-webify-5e0d4b"
"webmethods","esb-0617-5cc5fa"
"webmethods","esb-soa-fabric-webmethods-techtarget-see-83b233"
"western-digital","09-maxtor-workshop-prep-guide-a218dc"
"western-digital","10-maxtor-workshop-02-09-eod-53f22b"
"whittman-hart","aberdeen-1997-acceleratedsap-strategy"
"whittman-hart","erppsp~1-31f088"
"who-world-health-organization","sars-puts-an-end-to-business-as-usual-in-6b0471"
"willbern-group","kastner-ie-v-andersen-expert-report-3de98a"
"william-e-foster","boston-globe-stratus-xa2000-launch-1987--218ffd"
"william-e-foster","businessweek-stratus-launch-fail-safe-ba-82c028"
"william-e-foster","computerworld-stratus-xa2000-launch-1987-d9d143"
"william-holt","peter-kastner-10-bde195"
"william-m-steul","boston-globe-dec-steul-cfo-resigns-1994-4013c6"
"william-m-steul","nyt-dec-steul-loses-another-top-official-8f8883"
"wind-river","2010-intel-ia-continuum-wp-1-2-fc5653"
"wind-river","dct-dceit-practice-v6-2002"
"winston-hindle","nyt-dec-steul-loses-another-top-official-8f8883"
"wipro","2006-unisyswipro-rs-3747-a7e31e"
"wipro","ma-unisyswipro-rs-3747-36dd33"
"wisconsin-electric","adl-ase-asep-two-way-power-communications-1979-b8c001"
"wisconsin-electric","adl-commercial-engagements-kastner-1972-1979-b8b001"
"wisconsin-electric","management-skills-learned-1969-3e75d0"
"wisconsin-electric","volume-1-ch03-physics-of-consulting-1972-1979"
"wisconsin-electric-power","minicomputer-news-ase-asep-1979-2b5327"
"world-health-organization","tighten-disease-tracking-sars-latimes-20-0568b4"
"worldcom","1998-network-integration-services-report-f75108"
"worldcom","2003-aberdeen-group-free-research-aberdeen-insights-1-968e18"
"worldcom","aberdeen-1996-vpns-business-mfs-success-strategy"
"worldpay","1999-digitalcash-the-dash-to-digital-cash-enabling-inte-23732b"
"wto","teleco~1-c01702"
"xcelera","mirror-image-profile-v2-050404-97e2a6"
"xml-global-technologies","aberdeen-workshop-qualifying-questions-and-success-stories-2001-b6a001"
"xmlsolutions-vitria","aberdeen-workshop-qualifying-questions-and-success-stories-2001-b6a001"
"yahoo","1992-tpc-benchmarks-vp-745fa1"
"yahoo","1998-internet-sales-report-4cde3f"
"yahoo","1998as400-1-146289"
"yankee-group","aberdeen-training-day-1-522863"
"yankee-group","computerworld-stratus-xa2000-launch-1987-d9d143"
"yankee-group","technology-news-hardware-samsung-unveils-e689dd"
"yankee-group","volume-1-appendix-career-timeline"
"yankee-group","volume-1-ch05-stratus-fault-tolerant-wars-1981-1987"
"yankee-group","volume-1-ch06-dec-mainframes-last-stand-1987-1988"
"yankee-group","volume-1-ch07-founding-aberdeen-1988-1997"
"yankee-group","wsj-tech-watching-analyst-industry-1998-002531"
"young-america-corp","great-rebate-runaround-businessweek-grow-00f459"
"young-suppliers","2002-cable-and-telco-companies-battle-for-home-internet-2baa0b"
"yun-ping-hsu","dec-debit-credit-guidelines-kohler-hsu-1-e228b4"
"ziff-davis","volume-1-ch08-aberdeen-go-go-years-1998-2006"
"zoli-erdos-blogger","palm-pre-199-really-299-cloudave-a0a25f"
