reject,row_id,article_seq,date,headline,publication,author,content_type,kastner_quotation,immediate_context,is_predictive,prescience_score,prescience_rationale,forecast_horizon_years,theme,decade,accuracy_outcome,verdict_rationale,verdict_sources,source_segment_idx,classification,discovery_rule,discovery_confidence,detector_headline_attempted
,,,,"The problem, Kastner explains, is that ""it takes a lot of software to move icons, and that, in turn, requires a",AP,,,"The problem, Kastner explains, is that ""it takes a lot of software to move icons, and that, in turn, requires a lot of MIPS."" ""You need at least 6M bytes on the user's desk to do anything with Decwindows,"" says Charles Babcock, editor of Boston-based Digital","The problem, Kastner explains, is that ""it takes a lot of software to move icons, and that, in turn, requires a lot of MIPS."" ""You need at least 6M bytes on the user's desk to do anything with Decwindows,"" says Charles Babcock, editor of Boston-based Digital News. Of course, in this regard, DEC's problem is no different from IBM's. OS/2 and Presentation Manager also require hefty desktop devices, typically high-end, 386-based PCs with high-resolution graphics capabilities. Decwindows ""can be a",,,,,,,,,,114,ARTICLE_HEAD,R1,medium,"The problem, Kastner explains, is that ""it takes a lot of software to move icons, and that, in turn, requires a"
,,,,"""Coding to a graphical interface borders on rocket science. It is very difficult and time-consuming,"" Kastner",AP,,,"""Coding to a graphical interface borders on rocket science. It is very difficult and time-consuming,"" Kastner explains. As a result, most developers have to be cautious about where and when they commit their limited resources. Compatibility with X Window and Motif may well be a critical deciding factor in how well DEC does with independents. Some","""Coding to a graphical interface borders on rocket science. It is very difficult and time-consuming,"" Kastner explains. As a result, most developers have to be cautious about where and when they commit their limited resources. Compatibility with X Window and Motif may well be a critical deciding factor in how well DEC does with independents. Some vendors are jumping onto the X Window and Motif bandwagons with the expectation that those standards will suffice for users who want to implement their products in a Decwindows environment. Applications written for Motif can run",,,,,,,,,,115,ARTICLE_HEAD,R1,medium,"""Coding to a graphical interface borders on rocket science. It is very difficult and time-consuming,"" Kastner"
,,,,OLTP Yields Better Software Tools,,,,"DBMSs in response to OLTP's demands,"" he says. Most of these improvements have nothing to do with the relational model -- they come from better use of the overall system architecture or by providing a better set of software tools. Kastner, however, is not all that concerned about relational purity and does not think that users who are interested in RDBMSs for on-line transaction processing should let the issue worry or deter them, either. ""Users have to be concerne","research firm based in Boston. ""Now, the vendors are putting in the go-fast tricks they learned in nonrelational DBMSs in response to OLTP's demands,"" he says. Most of these improvements have nothing to do with the relational model -- they come from better use of the overall system architecture or by providing a better set of software tools. Kastner, however, is not all that concerned about relational purity and does not think that users who are interested in RDBMSs for on-line transaction processing should let the issue worry or deter them, either. ""Users have to be concerne",,,,,,,,,,120,ARTICLE_CONTINUATION,R1,medium,
,,,,"For instance, Access already provides referential integrity for its native data at the engine level and allows",,,,"ting tables. Through Access Basic, developers can use commit and rollback features and locking for transaction operations. As a result, “You're going to see the PC databases pushing the bigger database development products down in price,'' Kastner says. It's going to be a lot harder to ask, say, $2,000 for SQLWindows when you can get any of the top PC databases for less than $500","For instance, Access already provides referential integrity for its native data at the engine level and allows users to define default values and validation rules to enforce data integrity when creating tables. Through Access Basic, developers can use commit and rollback features and locking for transaction operations. As a result, “You're going to see the PC databases pushing the bigger database development products down in price,'' Kastner says. It's going to be a lot harder to ask, say, $2,000 for SQLWindows when you can get any of the top PC databases for less than $500",,,,,,,,,,131,ARTICLE_HEAD,R1,medium,"For instance, Access already provides referential integrity for its native data at the engine level and allows"
,,,,"""This indicates that Compaq is serious about developing a distributed architecture that is very scalable,"" said",Inc.,,,"""This indicates that Compaq is serious about developing a distributed architecture that is very scalable,"" said Peter Kastner, vice president at the Aberdeen Group Inc., in Boston. The ServerNet-based PCI cards and hubs are expected to be available by mid-1996, Rooke said. The companies also plan to promote ServerNet as an industry standard for the clustering of NT-based","""This indicates that Compaq is serious about developing a distributed architecture that is very scalable,"" said Peter Kastner, vice president at the Aberdeen Group Inc., in Boston. The ServerNet-based PCI cards and hubs are expected to be available by mid-1996, Rooke said. The companies also plan to promote ServerNet as an industry standard for the clustering of NT-based servers. Tandem said other companies, including LAN hub providers, database suppliers, and telephone service pro-viders, have shown interest in the technology. Tandem is already working with NEC Technologies Inc. to design",,,,,,,,,,148,ARTICLE_HEAD,R1+R3,high,"""This indicates that Compaq is serious about developing a distributed architecture that is very scalable,"" said"
,,,,Even partners that don't have to rely on Informix for matchmaking--namely client/server powerhouses such as SAP,AP,,,"Alex Ott, vice president of Strategic Partnerships at SAP. Call it the click of credibility. ""Informix has a catalog of applications the size of the Manhattan phone book, but the knock has been that those applications aren't world-class,"" says Peter Kastner, of the Aberdeen Group. ""You can't say that anymore, given that it's the database in one SAP sale a day."" Of course, it helps that Informix has ""the fresh","Even partners that don't have to rely on Informix for matchmaking--namely client/server powerhouses such as SAP America--say good things. ""With Informix we just clicked right away,"" says Alex Ott, vice president of Strategic Partnerships at SAP. Call it the click of credibility. ""Informix has a catalog of applications the size of the Manhattan phone book, but the knock has been that those applications aren't world-class,"" says Peter Kastner, of the Aberdeen Group. ""You can't say that anymore, given that it's the database in one SAP sale a day."" Of course, it helps that Informix has ""the fresh",,,,,,,,,,152,ARTICLE_HEAD,R1,medium,Even partners that don't have to rely on Informix for matchmaking--namely client/server powerhouses such as SAP
,,,,Informix takes on Sybase,,,,"by Sybase. Analysts say parallel processing is now hitting it big and Informix is in the best position to take advantage of it. ""They have put in place a very well-thought-out architecture for delivering high performance on multiprocessors,"" says Kastner. With loads of cash and even more confidence, White says he is now ready to bolster its name recognition and pump up the company's excitement factor. ""We want to extend the database into new areas,"" he says. In other words, Informix is rea","White also decided to bet on parallel processing and other key technologies that have been overlooked by Sybase. Analysts say parallel processing is now hitting it big and Informix is in the best position to take advantage of it. ""They have put in place a very well-thought-out architecture for delivering high performance on multiprocessors,"" says Kastner. With loads of cash and even more confidence, White says he is now ready to bolster its name recognition and pump up the company's excitement factor. ""We want to extend the database into new areas,"" he says. In other words, Informix is rea",,,,,,,,,,155,UNKNOWN,R1,medium,
,,,,"""The APIs will allow application programmers to write software that can notify managers about applications-",AP,,,"""The APIs will allow application programmers to write software that can notify managers about applications- related events so they can catch system errors or errors in the making,"" Kastner adds. ICE will monitor HTTP servers for errors and exceptional events, and through its manager/ agent technology watch for system vital signs that signal outages and performance problems. An app written to the ICE APIs could generate an alert, and","""The APIs will allow application programmers to write software that can notify managers about applications- related events so they can catch system errors or errors in the making,"" Kastner adds. ICE will monitor HTTP servers for errors and exceptional events, and through its manager/ agent technology watch for system vital signs that signal outages and performance problems. An app written to the ICE APIs could generate an alert, and through the Ingres database these alerts can be e-mailed to managers. With Intranet application-savvy system management, IS managers can also give marketing staff",,,,,,,,,,163,ARTICLE_HEAD,R1,medium,"""The APIs will allow application programmers to write software that can notify managers about applications-"
,,,,Organizing shifting from mainframe environments to client/server networks do so for various reasons. One is to better,Inc.,,,"of end users. However, client/server, by nature, generates disparate databases. For IS, that means new headaches when end users want to be able to access them all from their desktops. Ideally, ""the fewer databases you have, the better,"" said Peter Kastner, group vice president of Aberdeen Group Inc., Boston. But in the real world, he said, companies are forced to provide access to multiple databases because they house critical information. ""Tying together","Organizing shifting from mainframe environments to client/server networks do so for various reasons. One is to better get data in the hands of end users. However, client/server, by nature, generates disparate databases. For IS, that means new headaches when end users want to be able to access them all from their desktops. Ideally, ""the fewer databases you have, the better,"" said Peter Kastner, group vice president of Aberdeen Group Inc., Boston. But in the real world, he said, companies are forced to provide access to multiple databases because they house critical information. ""Tying together",,,,,,,,,,166,ARTICLE_HEAD,R1+R3,high,Organizing shifting from mainframe environments to client/server networks do so for various reasons. One is to better
,,,,NEW YORK--Two technologies continue to vie for the attention of network managers who need to provide decision-,AP,,,"on of network managers who need to provide decision- support applications to analyze huge data sources and archives--multidimensional database technology (MDD) and relational on-line analytical processing, or ROLAP. At DB Expo here last week, Peter Kastner, senior analyst at the Aberdeen Group Inc., Boston, moderated a debate between representatives of both vendor communities to highlight some advantages and disadvantages of each. A multidimensional database essentially compiles the contents of a dat","NEW YORK--Two technologies continue to vie for the attention of network managers who need to provide decision- support applications to analyze huge data sources and archives--multidimensional database technology (MDD) and relational on-line analytical processing, or ROLAP. At DB Expo here last week, Peter Kastner, senior analyst at the Aberdeen Group Inc., Boston, moderated a debate between representatives of both vendor communities to highlight some advantages and disadvantages of each. A multidimensional database essentially compiles the contents of a data warehouse into a database that ho",,,,,,,,,,187,ARTICLE_HEAD,R1,medium,NEW YORK--Two technologies continue to vie for the attention of network managers who need to provide decision-
,,,,"""We haven't discovered anything we don't really like. It's a definite improvement over System 10.""",AP,,,"ything we don't really like. It's a definite improvement over System 10."" System 11's release, says Dan Kusnetzky, research manager at International Data Corp, ""will put the performance issue to bed for Sybase."" ""Absolutely, without a doubt,"" says Kastner about System 11's improvements. ""Not only in the importance of performance, which they absolutely had to have, but it appears that the quality is much better as well. It's a solid product."" But providing good product might not be Sybase's only savi","""We haven't discovered anything we don't really like. It's a definite improvement over System 10."" System 11's release, says Dan Kusnetzky, research manager at International Data Corp, ""will put the performance issue to bed for Sybase."" ""Absolutely, without a doubt,"" says Kastner about System 11's improvements. ""Not only in the importance of performance, which they absolutely had to have, but it appears that the quality is much better as well. It's a solid product."" But providing good product might not be Sybase's only savior. According to Kastner, Sybase needs to make some marked improveme",,,,,,,,,,189,ARTICLE_HEAD,R1,medium,"""We haven't discovered anything we don't really like. It's a definite improvement over System 10."""
,,,,"""We haven't discovered anything we don't really like. It's a definite improvement over System 10.""",AP,,,"s improvements. ""Not only in the importance of performance, which they absolutely had to have, but it appears that the quality is much better as well. It's a solid product."" But providing good product might not be Sybase's only savior. According to Kastner, Sybase needs to make some marked improveme","ike. It's a definite improvement over System 10."" System 11's release, says Dan Kusnetzky, research manager at International Data Corp, ""will put the performance issue to bed for Sybase."" ""Absolutely, without a doubt,"" says Kastner about System 11's improvements. ""Not only in the importance of performance, which they absolutely had to have, but it appears that the quality is much better as well. It's a solid product."" But providing good product might not be Sybase's only savior. According to Kastner, Sybase needs to make some marked improveme",,,,,,,,,,189,ARTICLE_HEAD,R1,medium,"""We haven't discovered anything we don't really like. It's a definite improvement over System 10."""
,,,,"""VARs are a very key part of the pie ultimately,"" says Mark Marron, senior vice president of sales and the person VARs",Inc.,,,"will have to increase. Our goal is to have 50 percent of revenue growing through the channel."" Analysts affirm this direction. ""They don't mess with their VARs. They understand that channel very, very well and it's significant for them,"" says Peter Kastner, analyst for the Aberdeen Group Inc.","ark Marron, senior vice president of sales and the person VARs and analysts credit for a successful transition from direct sales to mixed distribution. ""To grow our business from nearly $3 billion to $4 billion, the portion to go through the channel will have to increase. Our goal is to have 50 percent of revenue growing through the channel."" Analysts affirm this direction. ""They don't mess with their VARs. They understand that channel very, very well and it's significant for them,"" says Peter Kastner, analyst for the Aberdeen Group Inc.",,,,,,,,,,194,ARTICLE_HEAD,R1,medium,"""VARs are a very key part of the pie ultimately,"" says Mark Marron, senior vice president of sales and the person VARs"
,,,,Peter S Kastner Media Quotations,AP,,,Peter S Kastner Media Quotations IDC STUDY SAYS WINDOWS COULD BE CHEAPER THAN LINUX A study funded by Microsoft and conducted by IDC shows that the total cost of ownership for Windows 2000 could be lower for many businesses than for Linux over a five-year period.,"Peter S Kastner Media Quotations IDC STUDY SAYS WINDOWS COULD BE CHEAPER THAN LINUX A study funded by Microsoft and conducted by IDC shows that the total cost of ownership for Windows 2000 could be lower for many businesses than for Linux over a five-year period. The study says that staffing costs to support a system of servers represent the largest overall expense. Because staffing costs are 30 percent higher for Linux, the open-source software could end up costing more than Windows for a five-year period. D",,,,,,,,,,205,ARTICLE_HEAD,R1,medium,Peter S Kastner Media Quotations
,,,,"""Certainly no single operating system can be completely secure from",,,,"more than Microsoft,"" Bereskin said. BSD Unix -- Berkeley Software Distribution -- is a version of Unix developed in the 1970s. Designed from the outset as a network operating system, it has widely tested, refined and patched over 30 years. Peter Kastner, chief research officer at Aberdeen Group, said the storm in the Mac com","operating system can be completely secure from all threats, but most people we talk to, most of the security experts we work with closely, agree that because Mac OS X has a Unix BSD core, it lands up being more secure than other platforms, certainly more than Microsoft,"" Bereskin said. BSD Unix -- Berkeley Software Distribution -- is a version of Unix developed in the 1970s. Designed from the outset as a network operating system, it has widely tested, refined and patched over 30 years. Peter Kastner, chief research officer at Aberdeen Group, said the storm in the Mac com",,,,,,,,,,207,ARTICLE_HEAD,R1+R3,high,"""Certainly no single operating system can be completely secure from"
,,,,PC Advisor: 3GHz P4 launch date set for 14 November,PC Advisor,,,"ssor to include hyperthreading, the performance enhancing technology already found in Xeon server processors, that allows multiple software threads to run more efficiently on a single processor. Thanks to the inclusion of this new technology, Peter Kastner, chief research officer for A","ses big performance boost, but do PC Advisor's tests back this up? Martyn Williams, Tom Krazit & Ursula Seymour Intel's Pentium 4 processor is set to reach 3GHz on 14 November. The chip, which will run at 3.06GHz, will also be the first desktop processor to include hyperthreading, the performance enhancing technology already found in Xeon server processors, that allows multiple software threads to run more efficiently on a single processor. Thanks to the inclusion of this new technology, Peter Kastner, chief research officer for A",,,,,,,,,,208,ARTICLE_HEAD,R1,medium,PC Advisor: 3GHz P4 launch date set for 14 November
,,,,"He carefully filled out a card with all the details needed for the rebate, sent in the packaging code and the original",Inc.,,,"a small amount. His experience is fairly typical: according to research by Vericours Inc., a consulting company, about 40 percent of rebate offers are never redeemed. ""People either don't turn them in or don't fill them out correctly,"" said Peter S. Kastner, a director of Vericours. Mr. Kastner estimate","tails needed for the rebate, sent in the packaging code and the original receipt, and after a few months forgot all about it. He has never received the money or a notice explaining why he didn't get it — and he is less than eager to chase after such a small amount. His experience is fairly typical: according to research by Vericours Inc., a consulting company, about 40 percent of rebate offers are never redeemed. ""People either don't turn them in or don't fill them out correctly,"" said Peter S. Kastner, a director of Vericours. Mr. Kastner estimate",,,,,,,,,,217,ARTICLE_HEAD,R1,medium,"He carefully filled out a card with all the details needed for the rebate, sent in the packaging code and the original"
,,,,"He carefully filled out a card with all the details needed for the rebate, sent in the packaging code and the original",Inc.,,,"ly typical: according to research by Vericours Inc., a consulting company, about 40 percent of rebate offers are never redeemed. ""People either don't turn them in or don't fill them out correctly,"" said Peter S. Kastner, a director of Vericours. Mr. Kastner estimate","he packaging code and the original receipt, and after a few months forgot all about it. He has never received the money or a notice explaining why he didn't get it — and he is less than eager to chase after such a small amount. His experience is fairly typical: according to research by Vericours Inc., a consulting company, about 40 percent of rebate offers are never redeemed. ""People either don't turn them in or don't fill them out correctly,"" said Peter S. Kastner, a director of Vericours. Mr. Kastner estimate",,,,,,,,,,217,ARTICLE_HEAD,R1,medium,"He carefully filled out a card with all the details needed for the rebate, sent in the packaging code and the original"
,,,,"AMD has no plans for selling off business units, Denton said. The company really only has three main businesses, its",AP,,,"to deliver its Hammer processors for servers and desktops in the first half of next year, and will introduce a new Athlon XP with its higher-cache Barton core in the first quarter of 2003. The reasons behind AMD's struggles are apparent, said Peter Kastner","ee main businesses, its Athlon and Duron microprocessors, its flash memory business, and its Alchemy wireless chips division. The company's road map for future products will be unaffected by the expense cuts, Denton said. AMD still remains on track to deliver its Hammer processors for servers and desktops in the first half of next year, and will introduce a new Athlon XP with its higher-cache Barton core in the first quarter of 2003. The reasons behind AMD's struggles are apparent, said Peter Kastner",,,,,,,,,,239,ARTICLE_HEAD,R1,medium,"AMD has no plans for selling off business units, Denton said. The company really only has three main businesses, its"
,,,,"The most recent processor to appear in retail from AMD is the Athlon XP 2400+, Kastner said. That processor was",AP,,,"The most recent processor to appear in retail from AMD is the Athlon XP 2400+, Kastner said. That processor was announced back in August (see story). ""AMD needs a retail presence outside of the white-box market in order to regain and extend the market share gains it made last year,"" he said. July 27, 2006 AMD’s Acquisition of ATI: Up","The most recent processor to appear in retail from AMD is the Athlon XP 2400+, Kastner said. That processor was announced back in August (see story). ""AMD needs a retail presence outside of the white-box market in order to regain and extend the market share gains it made last year,"" he said. July 27, 2006 AMD’s Acquisition of ATI: Upsetting the Equilibrium Aberdeen Analysis Introducing the Players AMD AMD is the upstart microprocessor manufacturer that used to compete on price with larger rival Intel. But in the past two years, it has grown market share in volume x86 servers to",,,,,,,,,,240,ARTICLE_HEAD,R1,medium,"The most recent processor to appear in retail from AMD is the Athlon XP 2400+, Kastner said. That processor was"
,,,,"""I don't see any loss of momentum for Apple,"" Kastner said. ""Our research shows that people are coming into",AP,,,"""I don't see any loss of momentum for Apple,"" Kastner said. ""Our research shows that people are coming into stores and asking for the iPod by name, not just any music player."" One possible negative for Apple this holiday season is price. For example, the 10 gigabyte (GB) version of the iPod (which hold","""I don't see any loss of momentum for Apple,"" Kastner said. ""Our research shows that people are coming into stores and asking for the iPod by name, not just any music player."" One possible negative for Apple this holiday season is price. For example, the 10 gigabyte (GB) version of the iPod (which holds about 2,500 songs) costs $299, according to Apple's Web site while the 20 GB version sells for $399. Dell, however, has a 15 GB version of its DJ that costs $249 and its 20 GB version sells for $299. And Creative's 30 GB Nomad Zen NX sells for $299",,,,,,,,,,248,ARTICLE_HEAD,R1,medium,"""I don't see any loss of momentum for Apple,"" Kastner said. ""Our research shows that people are coming into"
,,,,"With PC sales making up the overwhelming majority of Apple revenue, the company's worldwide PC shipments also",AP,,,"ear-ago period, and the 743,000 shipments it recorded in its 2002 first quarter. Research firm IDC said that during the first calendar quarter of this year, Apple held a 2.1 percent stake in the worldwide PC market, down from 2.4 percent a year ago. Kastner, of the Aberdeen Group, said such figures can't be ignored when looking at Apple from a l","h PC sales making up the overwhelming majority of Apple revenue, the company's worldwide PC shipments also continue to drop. In the second quarter, Apple said it shipped 711,000 units, but that number was down from the 813,000 PCs it shipped in the year-ago period, and the 743,000 shipments it recorded in its 2002 first quarter. Research firm IDC said that during the first calendar quarter of this year, Apple held a 2.1 percent stake in the worldwide PC market, down from 2.4 percent a year ago. Kastner, of the Aberdeen Group, said such figures can't be ignored when looking at Apple from a l",,,,,,,,,,251,ARTICLE_HEAD,R1+R3,high,"With PC sales making up the overwhelming majority of Apple revenue, the company's worldwide PC shipments also"
,,,,"""It is a little higher than expected,"" said Roger Kay, computer analyst with IDC. ""There's not that much of a gap in price",AP,,,"ap in price since the 15-gigabyte iPod is only $50 more. Still, it's a very good product."" Kay said he would expect Apple to do some price adjustments in the coming months, especially if the company sees sales of its 15-gigabyte iPod stagnate. Peter Kastner, computer analyst with the Aberdeen Group, said Apple is trying to make sure it maintains its lead in a market that is close to becoming flooded with low-priced competitors. ""Apple has always been a Porsche in a sea of Toyotas,"" Ka","""It is a little higher than expected,"" said Roger Kay, computer analyst with IDC. ""There's not that much of a gap in price since the 15-gigabyte iPod is only $50 more. Still, it's a very good product."" Kay said he would expect Apple to do some price adjustments in the coming months, especially if the company sees sales of its 15-gigabyte iPod stagnate. Peter Kastner, computer analyst with the Aberdeen Group, said Apple is trying to make sure it maintains its lead in a market that is close to becoming flooded with low-priced competitors. ""Apple has always been a Porsche in a sea of Toyotas,"" Ka",,,,,,,,,,252,ARTICLE_HEAD,R1+R3,high,"""It is a little higher than expected,"" said Roger Kay, computer analyst with IDC. ""There's not that much of a gap in price"
,,,,"Aberdeen's Kastner, who said the G5 will benefit from the faster processors, new cache and massive memory",AP,,,"Aberdeen's Kastner, who said the G5 will benefit from the faster processors, new cache and massive memory support, added that graphics designers and image manipulators will see vast improvements in their ability to apply filters, for example, because the code has been","Aberdeen's Kastner, who said the G5 will benefit from the faster processors, new cache and massive memory support, added that graphics designers and image manipulators will see vast improvements in their ability to apply filters, for example, because the code has been optimized for 64-bit computation. Tech Takes Its Time Promisel said the G5 is a needed shot in the arm for Apple's Power Mac, which has experienced sagging sales and few architectural upgrades in the last several quarters. ""Something definitely need",,,,,,,,,,255,ARTICLE_HEAD,R1+R3,high,"Aberdeen's Kastner, who said the G5 will benefit from the faster processors, new cache and massive memory"
,,,,NCR Becomes AT&T GIS,Inc.,,,"marketing and sales,"" says Peter Kastner, a VP with the Aberdeen Group Inc., a consulting firm in Boston. ""GIS has been nowhere near aggressive enough to succeed in today's cut-throat business."" Despite continued revenue growth, GIS has struggled to remain profitable. The unit eked out $2","marketing and sales,"" says Peter Kastner, a VP with the Aberdeen Group Inc., a consulting firm in Boston. ""GIS has been nowhere near aggressive enough to succeed in today's cut-throat business."" Despite continued revenue growth, GIS has struggled to remain profitable. The unit eked out $2 million in operating income in 1994 on revenue of $8.46 billion. But on July 20, it announced an operating loss of $189 million for the second quarter of '95. Aggressive pricing of PCs and low-end servers over the past 12 months has paid off in marke",,,,,,,,,,257,ARTICLE_CONTINUATION,R1,medium,
,,,,"Far from the exponential growth curves and hype, analyst firm The Aberdeen Group's digital consumer technology",,,,"Far from the exponential growth curves and hype, analyst firm The Aberdeen Group's digital consumer technology analyst Peter Kastner predicts an ""urban WiFi crash"" in 2004. ""The coming urban WiFi crash of 2004 is not in anyone's predictions, nor is the solution neat,"" Kastner says. For about $400, anyone can buy an 802.11b access point and wireless PCMCIA card and, with a broadba","Far from the exponential growth curves and hype, analyst firm The Aberdeen Group's digital consumer technology analyst Peter Kastner predicts an ""urban WiFi crash"" in 2004. ""The coming urban WiFi crash of 2004 is not in anyone's predictions, nor is the solution neat,"" Kastner says. For about $400, anyone can buy an 802.11b access point and wireless PCMCIA card and, with a broadband connection, can hook up their own wireless network. Unfortunately, both 802.11b/g technologies share three RF channels in the 2.4GHz band alongside cordless phones and microwaves with a line-of-sight range up to 100",,,,,,,,,,259,ARTICLE_HEAD,R1,medium,"Far from the exponential growth curves and hype, analyst firm The Aberdeen Group's digital consumer technology"
,,,,"Far from the exponential growth curves and hype, analyst firm The Aberdeen Group's digital consumer technology",,,,"ntial growth curves and hype, analyst firm The Aberdeen Group's digital consumer technology analyst Peter Kastner predicts an ""urban WiFi crash"" in 2004. ""The coming urban WiFi crash of 2004 is not in anyone's predictions, nor is the solution neat,"" Kastner says. For about $400, anyone can buy an 802.11b access point and wireless PCMCIA card and, with a broadband connection, can hook up their own wireless network. Unfortunately, both 802.11b/g technologies share three RF channels in the 2.4GHz band alo","Far from the exponential growth curves and hype, analyst firm The Aberdeen Group's digital consumer technology analyst Peter Kastner predicts an ""urban WiFi crash"" in 2004. ""The coming urban WiFi crash of 2004 is not in anyone's predictions, nor is the solution neat,"" Kastner says. For about $400, anyone can buy an 802.11b access point and wireless PCMCIA card and, with a broadband connection, can hook up their own wireless network. Unfortunately, both 802.11b/g technologies share three RF channels in the 2.4GHz band alongside cordless phones and microwaves with a line-of-sight range up to 100",,,,,,,,,,259,ARTICLE_HEAD,R1,medium,"Far from the exponential growth curves and hype, analyst firm The Aberdeen Group's digital consumer technology"
,,,,Microsoft Anti-Trust Trial: Ballmer Testifies,NewsFactor,,,"ting system (OS) from the marketplace altogether. ""It guarantees that the only way to comply effectively is to remove the product from the market,"" Ballmer said. ""If you can't ship Windows, the whole game's kind of over."" Consumer Justice? But Peter Kastner, chief research officer at research firm Aberdeen Group, told NewsFactor that meddling by the state attorneys general could cause immeasurable damage to consum","In the deposition, Ballmer argued that sanctions sought by the nine remaining plaintiff states would force Microsoft to remove its Windows operating system (OS) from the marketplace altogether. ""It guarantees that the only way to comply effectively is to remove the product from the market,"" Ballmer said. ""If you can't ship Windows, the whole game's kind of over."" Consumer Justice? But Peter Kastner, chief research officer at research firm Aberdeen Group, told NewsFactor that meddling by the state attorneys general could cause immeasurable damage to consum",,,,,,,,,,260,ARTICLE_HEAD,R1+R3,high,Top of Form
,,,,Koo says AOL expects to deploy a considerable number of blade servers during the next few years and will likely test,AP,,,"expects to deploy a considerable number of blade servers during the next few years and will likely test blades running other data center applications, such as data warehousing, as well. Melding Servers While standards are sorely needed, Aberdeen's Kastner says it's becoming increasingly clear that ""what once could be done with an expensive eight-way or larger Intel or Unix server can now be done with a handful of powerful blades."" However, it's still unclear how data centers will monitor and manage","Koo says AOL expects to deploy a considerable number of blade servers during the next few years and will likely test blades running other data center applications, such as data warehousing, as well. Melding Servers While standards are sorely needed, Aberdeen's Kastner says it's becoming increasingly clear that ""what once could be done with an expensive eight-way or larger Intel or Unix server can now be done with a handful of powerful blades."" However, it's still unclear how data centers will monitor and manage superdense server farms that include both blades and traditional hardware, says G",,,,,,,,,,264,ARTICLE_HEAD,R1,medium,Koo says AOL expects to deploy a considerable number of blade servers during the next few years and will likely test
,,,,"Peter Kastner, Vice President at Aberdeen Group, stated, ""The partnership between Informix and Blyth is a win-",AP,,,"Peter Kastner, Vice President at Aberdeen Group, stated, ""The partnership between Informix and Blyth is a win- win, combining great database technology with superb development tools. Blyth's web tools integrated into the INFORMIX-ONLINE DYNAMIC Server should prov","Peter Kastner, Vice President at Aberdeen Group, stated, ""The partnership between Informix and Blyth is a win- win, combining great database technology with superb development tools. Blyth's web tools integrated into the INFORMIX-ONLINE DYNAMIC Server should provide state of the art intranet and Internet products. Informix's marketing programs should also enhance Blyth's visibility in the corporate arena."" Blyth Software is a premier provider of application tools and components for electronic commerce. Blyth",,,,,,,,,,266,ARTICLE_HEAD,R1,medium,"Peter Kastner, Vice President at Aberdeen Group, stated, ""The partnership between Informix and Blyth is a win-"
,,,,Harte-Hanks Acquires Aberdeen Group,AP,,,"e Harte-Hanks brings to the market. For additional information, visit Aberdeen http://www.aberdeen.com or call +1-617-723-7890, or to learn more about Harte-Hanks, call +1-800- 456-9748 or go to http://www.harte-hanks.com. Media Contact: Peter S. Kastner, Aberdeen Harte-Hanks Businesses Merge Old with New in Their Information Systems, According to New Aberdeen Report BOSTON, October 6 /PRNewswire/ -- - Most Companies Represented in Benchmark Survey Choose to Pull 'Legacy' Applications into Newer S","strategic role Harte-Hanks brings to the market. For additional information, visit Aberdeen http://www.aberdeen.com or call +1-617-723-7890, or to learn more about Harte-Hanks, call +1-800- 456-9748 or go to http://www.harte-hanks.com. Media Contact: Peter S. Kastner, Aberdeen Harte-Hanks Businesses Merge Old with New in Their Information Systems, According to New Aberdeen Report BOSTON, October 6 /PRNewswire/ -- - Most Companies Represented in Benchmark Survey Choose to Pull 'Legacy' Applications into Newer Service- Oriented Architectures As businesses wade into a world of service-orient",,,,,,,,,,268,ARTICLE_CONTINUATION,R1,medium,
,,,,"The underlying technologies of InterBiz solutions, including Unicenter TNG, Jasmine, 3-D visualizations and Neugents",eWEEK,,,"rBiz solutions, including Unicenter TNG, Jasmine, 3-D visualizations and Neugents neural network pattern recognition, provide realtime and information-rich reporting on business processes, Battat said. ""This is totally new and different,"" said Peter Kastner, executive vice president and chief research officer of the Aberdeen Group, Boston. ""No one else is working in this space."" The new division is ""not a traditional enterprise management play,"" said Colin Mahony, an analyst with Yankee Group, also bas","The underlying technologies of InterBiz solutions, including Unicenter TNG, Jasmine, 3-D visualizations and Neugents neural network pattern recognition, provide realtime and information-rich reporting on business processes, Battat said. ""This is totally new and different,"" said Peter Kastner, executive vice president and chief research officer of the Aberdeen Group, Boston. ""No one else is working in this space."" The new division is ""not a traditional enterprise management play,"" said Colin Mahony, an analyst with Yankee Group, also based in Boston. CA Team Victorious By: Stan Gibson, eWeek.",,,,,,,,,,278,ARTICLE_HEAD,R1+R3,high,"The underlying technologies of InterBiz solutions, including Unicenter TNG, Jasmine, 3-D visualizations and Neugents"
,,,,"""Our research shows that CA customers are a lot happier than they were a year ago, when CA started its new",AP,,,"""Our research shows that CA customers are a lot happier than they were a year ago, when CA started its new sales model,"" Aberdeen’s Kastner said. Wyly asserted that CA has also dropped its pro forma financial reporting practices in favor of strict adherence to Generally Accepted Accounting Principles thanks to his pressure. Pro forma results are often difficult to understand and can pu","""Our research shows that CA customers are a lot happier than they were a year ago, when CA started its new sales model,"" Aberdeen’s Kastner said. Wyly asserted that CA has also dropped its pro forma financial reporting practices in favor of strict adherence to Generally Accepted Accounting Principles thanks to his pressure. Pro forma results are often difficult to understand and can put a companys performance in an unrealistically favorable light. Concern over such accounting practices and outrage over an opulent compensation package for Wang and Kumar two years ago left hard feelings among",,,,,,,,,,279,ARTICLE_HEAD,R1+R3,high,"""Our research shows that CA customers are a lot happier than they were a year ago, when CA started its new"
,,,,IBM Hires Borman,AP,,,"partners, this move is very sensible."" Levarditauro said IDC. Kastner of Aberdeen also stressed the validity of the Borman sector partners. ""His past experience in the field of partners will be essential to give the go-to marketing initiatives that are focused on new i5 server. However,from the outside, One has the im","partners, this move is very sensible."" Levarditauro said IDC. Kastner of Aberdeen also stressed the validity of the Borman sector partners. ""His past experience in the field of partners will be essential to give the go-to marketing initiatives that are focused on new i5 server. However,from the outside, One has the impression that IBM has decided to focus on a person with proven experience to give new impetus to the iSeries world. "" Bob Boyson, president of Common, the largest IBM user group, has expressed a positive opinion on the appointment of Borman. 'It is n",,,,,,,,,,287,ARTICLE_CONTINUATION,R1+R3,high,
,,,,Navy Lands Supercomputer,E-Commerce Times,Keith Regan,,"Keith Regan IBM Lands Navy Supercomputer Deal 07/27/04 9:57 AM PT | E-Commerce Times | 600 Words Aberdeen Group Chief Research Officer Peter Kastner told the E-Commerce Times that more companies these days can lash servers together to produce high-powered machines. ""It used to be if you needed a machine this powerful, you had only a handful of... Elizabeth Millard Hitachi, NEC Join To Challenge","Keith Regan IBM Lands Navy Supercomputer Deal 07/27/04 9:57 AM PT | E-Commerce Times | 600 Words Aberdeen Group Chief Research Officer Peter Kastner told the E-Commerce Times that more companies these days can lash servers together to produce high-powered machines. ""It used to be if you needed a machine this powerful, you had only a handful of... Elizabeth Millard Hitachi, NEC Join To Challenge Cisco 06/25/04 9:45 AM PT | E-Commerce Times | 661 Words Aberdeen analyst Peter Kastner told the E-Commerce Times: ""Cisco understands routers, and the problems that they solve. They have the market well",,,,,,,,,,304,ARTICLE_HEAD,R1+R3,high,Keith Regan
,,,,Navy Lands Supercomputer,E-Commerce Times,Keith Regan,,"her to produce high-powered machines. ""It used to be if you needed a machine this powerful, you had only a handful of... Elizabeth Millard Hitachi, NEC Join To Challenge Cisco 06/25/04 9:45 AM PT | E-Commerce Times | 661 Words Aberdeen analyst Peter Kastner told the E-Commerce Times: ""Cisco understands routers, and the problems that they solve. They have the market well","Keith Regan IBM Lands Navy Supercomputer Deal 07/27/04 9:57 AM PT | E-Commerce Times | 600 Words Aberdeen Group Chief Research Officer Peter Kastner told the E-Commerce Times that more companies these days can lash servers together to produce high-powered machines. ""It used to be if you needed a machine this powerful, you had only a handful of... Elizabeth Millard Hitachi, NEC Join To Challenge Cisco 06/25/04 9:45 AM PT | E-Commerce Times | 661 Words Aberdeen analyst Peter Kastner told the E-Commerce Times: ""Cisco understands routers, and the problems that they solve. They have the market well",,,,,,,,,,304,ARTICLE_HEAD,R1+R3,high,Keith Regan
,,,,"Manufacturers count on a low redemption rate, as do retailers, because they can advertise a discounted price but sell",,,,"Manufacturers count on a low redemption rate, as do retailers, because they can advertise a discounted price but sell at full price and keep the difference. ''It is a primary reason for using rebates instead of sales,'' Mr. Kastner said. ''It also boggles the mind that otherwise upstanding product companies would pursue this tawdry strategy, which can alienate their consumers.'' Manufacturers and companies that process rebates say they are being blamed for problems they do not","Manufacturers count on a low redemption rate, as do retailers, because they can advertise a discounted price but sell at full price and keep the difference. ''It is a primary reason for using rebates instead of sales,'' Mr. Kastner said. ''It also boggles the mind that otherwise upstanding product companies would pursue this tawdry strategy, which can alienate their consumers.'' Manufacturers and companies that process rebates say they are being blamed for problems they do not cause. ''Consumers complain because they don't receive their rebates,'' said Frank Giordano, president of TCA Fulfillm",,,,,,,,,,309,ARTICLE_HEAD,R1,medium,"Manufacturers count on a low redemption rate, as do retailers, because they can advertise a discounted price but sell"
,,,,Computers bring productivity surge,,,,"0 skilled employees to the payroll. And because these tasks are only a few of the total number of computer-based tasks the average employee performs in a day, the true productivity advantage could be much, much greater. Reasons to Upgrade: Peter S. Kastner, executive vice president and chief research officer for the Consumer Digital Technology Practice at Aberdeen Group, in his report titled, ‘Why You Need To Replace Those Windows* 98 And NT* Machines’ said, “Looking down the road, keeping Windows 98-","increase of 1.5 million employee work hours. That’s the equivalent of adding 750 skilled employees to the payroll. And because these tasks are only a few of the total number of computer-based tasks the average employee performs in a day, the true productivity advantage could be much, much greater. Reasons to Upgrade: Peter S. Kastner, executive vice president and chief research officer for the Consumer Digital Technology Practice at Aberdeen Group, in his report titled, ‘Why You Need To Replace Those Windows* 98 And NT* Machines’ said, “Looking down the road, keeping Windows 98-era PCs around",,,,,,,,,,310,ARTICLE_CONTINUATION,R1,medium,
,,,,Worldwide IT spending increases,DC Velocity,,,"4 percent in 2003, predicts the Aberdeen Group. Worldwide spending on IT products and services is expected to increase 4 percent in 2003, predicts the Aberdeen Group, a technology market analysis firm. That compares to growth of 1 percent last year. Aberdeen forecasts long-term growth in the 4-to 5-percent range. The firm expects that in the United States,IT purchases will increase 3.6 percent in 2003, with annual increases of between 5 and 6 per","February 2003 -- newsworthy soft growth seen for software By DC Velocity Staff Worldwide spending on IT products and services is expected to increase 4 percent in 2003, predicts the Aberdeen Group. Worldwide spending on IT products and services is expected to increase 4 percent in 2003, predicts the Aberdeen Group, a technology market analysis firm. That compares to growth of 1 percent last year. Aberdeen forecasts long-term growth in the 4-to 5-percent range. The firm expects that in the United States,IT purchases will increase 3.6 percent in 2003, with annual increases of between 5 and 6 per",,,,,,,,,,313,ARTICLE_HEAD,R2,low,February 2003 -- newsworthy
,,,,Dell executives said shipments of its OptiPlex and Dimension desktop computers rose 25 percent in the three,,,,"of its OptiPlex and Dimension desktop computers rose 25 percent in the three months ended Aug. 1, while server shipments rose 27 percent over the year-ago period. Revenue from external storage systems rose 46 percent to more than $1.5 billion. Peter Kastner, a personal computer analyst with Aberdeen Group, said Dell's performance supports the company's focus on standardized computing technologies. ""This is a very good quarter, again, for Dell,"" Kastner said. ""Profits continue to outpace revenue growth,","Dell executives said shipments of its OptiPlex and Dimension desktop computers rose 25 percent in the three months ended Aug. 1, while server shipments rose 27 percent over the year-ago period. Revenue from external storage systems rose 46 percent to more than $1.5 billion. Peter Kastner, a personal computer analyst with Aberdeen Group, said Dell's performance supports the company's focus on standardized computing technologies. ""This is a very good quarter, again, for Dell,"" Kastner said. ""Profits continue to outpace revenue growth, (and) in spite of anemic economic conditions and relentless d",,,,,,,,,,321,ARTICLE_HEAD,R1+R3,high,Dell executives said shipments of its OptiPlex and Dimension desktop computers rose 25 percent in the three
,,,,Dell executives said shipments of its OptiPlex and Dimension desktop computers rose 25 percent in the three,,,,"s rose 46 percent to more than $1.5 billion. Peter Kastner, a personal computer analyst with Aberdeen Group, said Dell's performance supports the company's focus on standardized computing technologies. ""This is a very good quarter, again, for Dell,"" Kastner said. ""Profits continue to outpace revenue growth, (and) in spite of anemic economic conditions and relentless d","Dell executives said shipments of its OptiPlex and Dimension desktop computers rose 25 percent in the three months ended Aug. 1, while server shipments rose 27 percent over the year-ago period. Revenue from external storage systems rose 46 percent to more than $1.5 billion. Peter Kastner, a personal computer analyst with Aberdeen Group, said Dell's performance supports the company's focus on standardized computing technologies. ""This is a very good quarter, again, for Dell,"" Kastner said. ""Profits continue to outpace revenue growth, (and) in spite of anemic economic conditions and relentless d",,,,,,,,,,321,ARTICLE_HEAD,R1+R3,high,Dell executives said shipments of its OptiPlex and Dimension desktop computers rose 25 percent in the three
,,,,Dell is clearly serious about its expansion efforts. “Do not overlook the fact that Dell Computer Inc. changed its,Inc.,,,"Dell is clearly serious about its expansion efforts. “Do not overlook the fact that Dell Computer Inc. changed its name to Dell Inc.,” Kastner says. “That's a direct message from the board of directors that computers are not Dell's only business anymore.” That may be good news for consumers and bad news for other consumer electronics marketers. Russ Craig, director of research of semicondu","Dell is clearly serious about its expansion efforts. “Do not overlook the fact that Dell Computer Inc. changed its name to Dell Inc.,” Kastner says. “That's a direct message from the board of directors that computers are not Dell's only business anymore.” That may be good news for consumers and bad news for other consumer electronics marketers. Russ Craig, director of research of semiconductors for Aberdeen Group, says that the entry of Dell into the consumer electronics market will push competitors to lower prices, sometimes to their detriment since most do not have the financial leeway Dell",,,,,,,,,,323,ARTICLE_HEAD,R1,medium,Dell is clearly serious about its expansion efforts. “Do not overlook the fact that Dell Computer Inc. changed its
,,,,"Although the asset recovery business is profitable, its success rests with helping customers purchase additional Dell",Inc.,,,"to do with old equipment, Arbogast says. ""Given that our primary focus is enabling Dell's to sell additional hardware, Dell's focus on this service is not to build a huge portfolio of highly profitable asset recovery services,"" Arbogast says. Peter Kastner, an analyst at Boston-based research firm The Aberdeen Group Inc., says the asset recovery program isn't likely to generate the 30 percent profit margins that Dell typically seeks, but it","Although the asset recovery business is profitable, its success rests with helping customers purchase additional Dell equipment without fretting about what to do with old equipment, Arbogast says. ""Given that our primary focus is enabling Dell's to sell additional hardware, Dell's focus on this service is not to build a huge portfolio of highly profitable asset recovery services,"" Arbogast says. Peter Kastner, an analyst at Boston-based research firm The Aberdeen Group Inc., says the asset recovery program isn't likely to generate the 30 percent profit margins that Dell typically seeks, but it",,,,,,,,,,327,ARTICLE_HEAD,R1,medium,"Although the asset recovery business is profitable, its success rests with helping customers purchase additional Dell"
,,,,"Peter Kastner, a personal computer analyst with the Aberdeen Group, said Dell's performance supports the",,,,"Peter Kastner, a personal computer analyst with the Aberdeen Group, said Dell's performance supports the company's focus on standardized computing technologies. ""This is a very good quarter, again, for Dell,"" Kastner said. ""Profits continue to outpace revenue gro","Peter Kastner, a personal computer analyst with the Aberdeen Group, said Dell's performance supports the company's focus on standardized computing technologies. ""This is a very good quarter, again, for Dell,"" Kastner said. ""Profits continue to outpace revenue growth, (and) in spite of anemic economic conditions and relentless deflation in prices, Dell is leading the industry in performance on a percentage basis."" In after-hours trading, Dell's shares gave up 45 cents to trade at $30.94 after rising 8 cents i",,,,,,,,,,335,ARTICLE_HEAD,R1+R3,high,"Peter Kastner, a personal computer analyst with the Aberdeen Group, said Dell's performance supports the"
,,,,"Peter Kastner, a personal computer analyst with the Aberdeen Group, said Dell's performance supports the",,,,"Peter Kastner, a personal computer analyst with the Aberdeen Group, said Dell's performance supports the company's focus on standardized computing technologies. ""This is a very good quarter, again, for Dell,"" Kastner said. ""Profits continue to outpace revenue growth, (and) in spite of anemic economic conditions and relentless deflation in prices, Dell is leading the industry in performance on a percentage basis."" In after-hours trading, Dell's shares gave up 45","Peter Kastner, a personal computer analyst with the Aberdeen Group, said Dell's performance supports the company's focus on standardized computing technologies. ""This is a very good quarter, again, for Dell,"" Kastner said. ""Profits continue to outpace revenue growth, (and) in spite of anemic economic conditions and relentless deflation in prices, Dell is leading the industry in performance on a percentage basis."" In after-hours trading, Dell's shares gave up 45 cents to trade at $30.94 after rising 8 cents in the regular market session. Going forward, Dell CFO Jim Schneider said the company ex",,,,,,,,,,335,ARTICLE_HEAD,R1+R3,high,"Peter Kastner, a personal computer analyst with the Aberdeen Group, said Dell's performance supports the"
,,,,Pescatore added that Cisco should work to reduce the impact of future code exposures by joining the File Signature,,,,"wire, IBM (NYSE: IBM) More about IBM, Sun Microsystems and others, aims to create a library of legitimate software products and their signatures. Trouble Ahead? Although enterprises may be protected from harm as a result of the reported code leak, Kastner posited that Cisco itself could have difficulties because of the theft. ""Any code posted to the Net gives hackers an opportunity,"" Kastner said. Armed with the stolen code, hackers will be","Pescatore added that Cisco should work to reduce the impact of future code exposures by joining the File Signature Database. This initiative, led by Tripwire, IBM (NYSE: IBM) More about IBM, Sun Microsystems and others, aims to create a library of legitimate software products and their signatures. Trouble Ahead? Although enterprises may be protected from harm as a result of the reported code leak, Kastner posited that Cisco itself could have difficulties because of the theft. ""Any code posted to the Net gives hackers an opportunity,"" Kastner said. Armed with the stolen code, hackers will be",,,,,,,,,,340,ARTICLE_HEAD,R1,medium,Pescatore added that Cisco should work to reduce the impact of future code exposures by joining the File Signature
,,,,Pescatore added that Cisco should work to reduce the impact of future code exposures by joining the File Signature,,,,"ures. Trouble Ahead? Although enterprises may be protected from harm as a result of the reported code leak, Kastner posited that Cisco itself could have difficulties because of the theft. ""Any code posted to the Net gives hackers an opportunity,"" Kastner said. Armed with the stolen code, hackers will be","educe the impact of future code exposures by joining the File Signature Database. This initiative, led by Tripwire, IBM (NYSE: IBM) More about IBM, Sun Microsystems and others, aims to create a library of legitimate software products and their signatures. Trouble Ahead? Although enterprises may be protected from harm as a result of the reported code leak, Kastner posited that Cisco itself could have difficulties because of the theft. ""Any code posted to the Net gives hackers an opportunity,"" Kastner said. Armed with the stolen code, hackers will be",,,,,,,,,,340,ARTICLE_HEAD,R1,medium,Pescatore added that Cisco should work to reduce the impact of future code exposures by joining the File Signature
,,,,"""As a nation, we have to innovate faster than the rest of the world,"" he said. ""Clearly, this technology will have an",AP,,,"to innovate faster than the rest of the world,"" he said. ""Clearly, this technology will have an impact for all nations, but it's in our best interest to have it here for economic competitiveness and faster innovation."" Aberdeen Group analyst Peter Kastner told the E-Commerce Times that such a supercomputer also would be handy for military applications, as it would eliminate the need for real-world testing. Beyond Science Zacharia added that beyond scientific applications, such a powerful supercompu","""As a nation, we have to innovate faster than the rest of the world,"" he said. ""Clearly, this technology will have an impact for all nations, but it's in our best interest to have it here for economic competitiveness and faster innovation."" Aberdeen Group analyst Peter Kastner told the E-Commerce Times that such a supercomputer also would be handy for military applications, as it would eliminate the need for real-world testing. Beyond Science Zacharia added that beyond scientific applications, such a powerful supercomputer also could be used for corporate strategies. For example, an automak",,,,,,,,,,343,ARTICLE_HEAD,R1+R3,high,"""As a nation, we have to innovate faster than the rest of the world,"" he said. ""Clearly, this technology will have an"
,,,,"As the Microsoft appeal goes forward, it will be interesting to note which companies emerge as allies to the",AP,,,"As the Microsoft appeal goes forward, it will be interesting to note which companies emerge as allies to the Redmond, Washington-based giant, said Aberdeen Group chief research officer Peter Kastner. In an interview with the E-Commerce Times, Kastner noted that Microsoft has many ""silent friends"" who might become vocal as the case goes forward. ""How Microsoft does business has been determined as legal in the U.S.,"" Kastner said. ""So, for the","As the Microsoft appeal goes forward, it will be interesting to note which companies emerge as allies to the Redmond, Washington-based giant, said Aberdeen Group chief research officer Peter Kastner. In an interview with the E-Commerce Times, Kastner noted that Microsoft has many ""silent friends"" who might become vocal as the case goes forward. ""How Microsoft does business has been determined as legal in the U.S.,"" Kastner said. ""So, for the EU to set a totally different standard for business conduct threatens not only Microsoft, but every other global company as well."" Desler agreed the ru",,,,,,,,,,344,ARTICLE_HEAD,R1+R3,high,"As the Microsoft appeal goes forward, it will be interesting to note which companies emerge as allies to the"
,,,,"As the Microsoft appeal goes forward, it will be interesting to note which companies emerge as allies to the",AP,,,"As the Microsoft appeal goes forward, it will be interesting to note which companies emerge as allies to the Redmond, Washington-based giant, said Aberdeen Group chief research officer Peter Kastner. In an interview with the E-Commerce Times, Kastner noted that Microsoft has many ""silent friends"" who might become vocal as the case goes forward. ""How Microsoft does business has been determined as legal in the U.S.,"" Kastner said. ""So, for the EU to set a totally different standard for business c","As the Microsoft appeal goes forward, it will be interesting to note which companies emerge as allies to the Redmond, Washington-based giant, said Aberdeen Group chief research officer Peter Kastner. In an interview with the E-Commerce Times, Kastner noted that Microsoft has many ""silent friends"" who might become vocal as the case goes forward. ""How Microsoft does business has been determined as legal in the U.S.,"" Kastner said. ""So, for the EU to set a totally different standard for business conduct threatens not only Microsoft, but every other global company as well."" Desler agreed the ru",,,,,,,,,,344,ARTICLE_HEAD,R1+R3,high,"As the Microsoft appeal goes forward, it will be interesting to note which companies emerge as allies to the"
,,,,"As the Microsoft appeal goes forward, it will be interesting to note which companies emerge as allies to the",AP,,,"earch officer Peter Kastner. In an interview with the E-Commerce Times, Kastner noted that Microsoft has many ""silent friends"" who might become vocal as the case goes forward. ""How Microsoft does business has been determined as legal in the U.S.,"" Kastner said. ""So, for the EU to set a totally different standard for business conduct threatens not only Microsoft, but every other global company as well."" Desler agreed the ru","As the Microsoft appeal goes forward, it will be interesting to note which companies emerge as allies to the Redmond, Washington-based giant, said Aberdeen Group chief research officer Peter Kastner. In an interview with the E-Commerce Times, Kastner noted that Microsoft has many ""silent friends"" who might become vocal as the case goes forward. ""How Microsoft does business has been determined as legal in the U.S.,"" Kastner said. ""So, for the EU to set a totally different standard for business conduct threatens not only Microsoft, but every other global company as well."" Desler agreed the ru",,,,,,,,,,344,ARTICLE_HEAD,R1,medium,"As the Microsoft appeal goes forward, it will be interesting to note which companies emerge as allies to the"
,,,,Dell reports earnings,,,,"""Dell's operating costs -- general, sales and administrative -- are under 10 percent now of sales,"" said Kastner. ""So it's a lean and mean, low-overhead operation."" Dell is ahead of schedule in its effort to save more than $1 billion in total costs this year, including cost cuts in product design Click here to get the Free Email Design No-No's Guide from Lyri","""Dell's operating costs -- general, sales and administrative -- are under 10 percent now of sales,"" said Kastner. ""So it's a lean and mean, low-overhead operation."" Dell is ahead of schedule in its effort to save more than $1 billion in total costs this year, including cost cuts in product design Click here to get the Free Email Design No-No's Guide from Lyris -- includes the top 10 things you need to know., manufacturing, logistics and warranties, according to Rollins. HP executives could not immediately be reached for comment. Hitachi, NEC Join To Challenge Cisco By Elizabeth Millard, E-C",,,,,,,,,,349,UNKNOWN,R1,medium,
,,,,Kastner pointed out that the elected position of state attorney general is often a stepping-stone to higher,AP,,,"Kastner pointed out that the elected position of state attorney general is often a stepping-stone to higher political office, and that the Microsoft case offers high visibility to the attorneys general involved. ""Draw your own conclusions,"" Kastner said.","Kastner pointed out that the elected position of state attorney general is often a stepping-stone to higher political office, and that the Microsoft case offers high visibility to the attorneys general involved. ""Draw your own conclusions,"" Kastner said. Microsoft Patches IE Security Flaws By Helen Gallagher, E-Commerce Times 02/03/04 7:28 AM PT Users, especially home workers, small businesses and individuals, could lower their risk of attack immediately by using the Mozilla or Netscape browser to s",,,,,,,,,,356,ARTICLE_HEAD,R1,medium,Kastner pointed out that the elected position of state attorney general is often a stepping-stone to higher
,,,,Kastner pointed out that the elected position of state attorney general is often a stepping-stone to higher,AP,,,"Kastner pointed out that the elected position of state attorney general is often a stepping-stone to higher political office, and that the Microsoft case offers high visibility to the attorneys general involved. ""Draw your own conclusions,"" Kastner said. Microsoft Patches IE Security Flaws By Helen Gallagher, E-Commerce Times 02/03/04 7:28 AM PT Users, especially home workers, small businesses and individuals, could lower their risk of attack immediately by using the Mozilla or Netscape brow","Kastner pointed out that the elected position of state attorney general is often a stepping-stone to higher political office, and that the Microsoft case offers high visibility to the attorneys general involved. ""Draw your own conclusions,"" Kastner said. Microsoft Patches IE Security Flaws By Helen Gallagher, E-Commerce Times 02/03/04 7:28 AM PT Users, especially home workers, small businesses and individuals, could lower their risk of attack immediately by using the Mozilla or Netscape browser to search the Internet, iDefense director of malicious code Ken Dunham told the E-Commerce Times.",,,,,,,,,,356,ARTICLE_HEAD,R1,medium,Kastner pointed out that the elected position of state attorney general is often a stepping-stone to higher
,,,,States take on Microsoft anti-trust,E-Commerce Times,,,"Analysts said they expect the states will not get exactly what they want. ""I don't believe the states will get Windows chopped up the way they have suggested,"" Peter Kastner, chief research officer at the Aberdeen Group, told the E-Commerce Times. ""But I do believe the judge will [do more than] simply reaffirm the agreement the Justice Department and Microsoft reached last November,"" he added. New Broadband Legislatio","Analysts said they expect the states will not get exactly what they want. ""I don't believe the states will get Windows chopped up the way they have suggested,"" Peter Kastner, chief research officer at the Aberdeen Group, told the E-Commerce Times. ""But I do believe the judge will [do more than] simply reaffirm the agreement the Justice Department and Microsoft reached last November,"" he added. New Broadband Legislation Revives Old Debate By Jennifer LeClaire, E-Commerce Times 05/03/02 10:53 AM PT Jim Cicconi, AT&T general counsel, said Breaux's bill would be 'a sledgehammer blow to a telec",,,,,,,,,,359,UNKNOWN,R1+R3,high,
,,,,Dell Gaining Ground,,,,"Gaining Ground Analysts said they expected Dell to profit in the education market, thanks largely to its network of partners developed over the past few years. ""Many universities treat Dell as a preferred vendor,"" Kastner said. ""Students can purchase discounted Dells at the university book store and get free university desktop support."" But in addition to an uptick in education, government and business sales, Dell executives said the company believes it is gaining m","Gaining Ground Analysts said they expected Dell to profit in the education market, thanks largely to its network of partners developed over the past few years. ""Many universities treat Dell as a preferred vendor,"" Kastner said. ""Students can purchase discounted Dells at the university book store and get free university desktop support."" But in addition to an uptick in education, government and business sales, Dell executives said the company believes it is gaining market share from competitors in a climate of weak overall demand. Kastner agreed that Dell has been increasing its market shar",,,,,,,,,,361,ARTICLE_HEAD,R1,medium,Gaining Ground
,,,,Dell Gaining Ground,,,,"ok store and get free university desktop support."" But in addition to an uptick in education, government and business sales, Dell executives said the company believes it is gaining market share from competitors in a climate of weak overall demand. Kastner agreed that Dell has been increasing its market shar","ted Dell to profit in the education market, thanks largely to its network of partners developed over the past few years. ""Many universities treat Dell as a preferred vendor,"" Kastner said. ""Students can purchase discounted Dells at the university book store and get free university desktop support."" But in addition to an uptick in education, government and business sales, Dell executives said the company believes it is gaining market share from competitors in a climate of weak overall demand. Kastner agreed that Dell has been increasing its market shar",,,,,,,,,,361,ARTICLE_HEAD,R1,medium,Gaining Ground
,,,,Gartner's Smith concurred that the platform's basic security features are paramount. He rated the partitioning feature,,,,"important bulwark against malware and denial-of-service attacks. As for .NET, Smith said those in the know already have it. ""You didn't need to wait for Win2003 to deploy .NET. If you did, you didn't really understand the software."" But Aberdeen's Kastner said that, nonetheless, integration of .NET with Win2003 is important because it makes .NET more reliable. ""You have to realize Win2003 is a long-term project to bring underlying stabili","Gartner's Smith concurred that the platform's basic security features are paramount. He rated the partitioning feature for Internet Information Server as an important bulwark against malware and denial-of-service attacks. As for .NET, Smith said those in the know already have it. ""You didn't need to wait for Win2003 to deploy .NET. If you did, you didn't really understand the software."" But Aberdeen's Kastner said that, nonetheless, integration of .NET with Win2003 is important because it makes .NET more reliable. ""You have to realize Win2003 is a long-term project to bring underlying stabili",,,,,,,,,,365,ARTICLE_HEAD,R1+R3,high,Gartner's Smith concurred that the platform's basic security features are paramount. He rated the partitioning feature
,,,,"Microsoft has said it is investigating the file-name spoofing vulnerability, but the company has not disclosed whether",E-Commerce Times,,,"ft has said it is investigating the file-name spoofing vulnerability, but the company has not disclosed whether a patch will become available at the same time as the patch for the IE spoofing flaw discovered last month. Aberdeen Group analyst Peter Kastner told the E-Commerce Times that although Microsoft is often criticized for patch delays, he believes the company should be given some leeway on the issue. ""You're not seeing a whole lot of functionality creeping through the micro patch process,"" he","Microsoft has said it is investigating the file-name spoofing vulnerability, but the company has not disclosed whether a patch will become available at the same time as the patch for the IE spoofing flaw discovered last month. Aberdeen Group analyst Peter Kastner told the E-Commerce Times that although Microsoft is often criticized for patch delays, he believes the company should be given some leeway on the issue. ""You're not seeing a whole lot of functionality creeping through the micro patch process,"" he said. ""Whenever a security flaw is found, they fix it as quickly as possible and push",,,,,,,,,,370,ARTICLE_HEAD,R1+R3,high,"Microsoft has said it is investigating the file-name spoofing vulnerability, but the company has not disclosed whether"
,,,,"This build-to-order model has worked not only with PCs, but in other segments where Dell has been capturing market",AP,,,"ld-to-order model has worked not only with PCs, but in other segments where Dell has been capturing market share, including servers, workstations and notebook computers. In an atmosphere in which cutting spending remains a major competitive factor, Kastner said, Dell is poised to ride out tough times while positioning itself for the recovery, when corporate IT investment increases. ""They're able to move the throttle much more quickly than the competition,"" he noted. According to Dell spokesperson Mi","This build-to-order model has worked not only with PCs, but in other segments where Dell has been capturing market share, including servers, workstations and notebook computers. In an atmosphere in which cutting spending remains a major competitive factor, Kastner said, Dell is poised to ride out tough times while positioning itself for the recovery, when corporate IT investment increases. ""They're able to move the throttle much more quickly than the competition,"" he noted. According to Dell spokesperson Mike Maher, the build-to-order model scales well to products beyond consumer PCs. He sa",,,,,,,,,,372,ARTICLE_HEAD,R1,medium,"This build-to-order model has worked not only with PCs, but in other segments where Dell has been capturing market"
,,,,"Now more than ever, said Kastner, basic business principles are coming into play for e-commerce, and",,,,"Now more than ever, said Kastner, basic business principles are coming into play for e-commerce, and companies can no longer build their futures on spending-fueled buzz and marketing hype. ""The Internet gold rush is over,"" said Kastner. ""Businesses are putting their dreams more in","Now more than ever, said Kastner, basic business principles are coming into play for e-commerce, and companies can no longer build their futures on spending-fueled buzz and marketing hype. ""The Internet gold rush is over,"" said Kastner. ""Businesses are putting their dreams more in line with reality. They're using a much sharper pencil when making their plans and decisions."" Preparing for 2002, companies need more stringent, focused planning than they might have settled for in past years, with better defined objectives and a",,,,,,,,,,374,ARTICLE_HEAD,R1,medium,"Now more than ever, said Kastner, basic business principles are coming into play for e-commerce, and"
,,,,"Now more than ever, said Kastner, basic business principles are coming into play for e-commerce, and",,,,"Now more than ever, said Kastner, basic business principles are coming into play for e-commerce, and companies can no longer build their futures on spending-fueled buzz and marketing hype. ""The Internet gold rush is over,"" said Kastner. ""Businesses are putting their dreams more in line with reality. They're using a much sharper pencil when making their plans and decisions."" Preparing for 2002, companies need more stringent, focused planning than they might have settled for in pas","Now more than ever, said Kastner, basic business principles are coming into play for e-commerce, and companies can no longer build their futures on spending-fueled buzz and marketing hype. ""The Internet gold rush is over,"" said Kastner. ""Businesses are putting their dreams more in line with reality. They're using a much sharper pencil when making their plans and decisions."" Preparing for 2002, companies need more stringent, focused planning than they might have settled for in past years, with better defined objectives and a much tighter rein on new spending. Tighter, Shorter, Smaller For e",,,,,,,,,,374,ARTICLE_HEAD,R1,medium,"Now more than ever, said Kastner, basic business principles are coming into play for e-commerce, and"
,,,,"Aberdeen Group chief research officer Peter Kastner noted that other improvements, which are likely to play",,,,"Aberdeen Group chief research officer Peter Kastner noted that other improvements, which are likely to play out for the rest of the decade, will transform e-commerce in even more ways. As wireless devices become more Web-compatible, and as server size continues to shrink, e-businesses will be able to","Aberdeen Group chief research officer Peter Kastner noted that other improvements, which are likely to play out for the rest of the decade, will transform e-commerce in even more ways. As wireless devices become more Web-compatible, and as server size continues to shrink, e-businesses will be able to provide more features and functions without devoting huge amounts of space to new equipment. Server and software enhancements will also make certain e-marketing functions smarter -- for example, they could allow specific, targeted product recommend",,,,,,,,,,377,ARTICLE_HEAD,R1+R3,high,"Aberdeen Group chief research officer Peter Kastner noted that other improvements, which are likely to play"
,,,,"And Aberdeen Group chief research officer Peter Kastner has said users are ""waiting with bated breath for",,,,"And Aberdeen Group chief research officer Peter Kastner has said users are ""waiting with bated breath for Passport service"" to relieve them of the hassle of ""entering information 14 times."" But Gartner has dispatched this caveat to businesses interested in procuring Passport: ""Be aware of consumers' pri","And Aberdeen Group chief research officer Peter Kastner has said users are ""waiting with bated breath for Passport service"" to relieve them of the hassle of ""entering information 14 times."" But Gartner has dispatched this caveat to businesses interested in procuring Passport: ""Be aware of consumers' privacy concerns; understand the low levels of trust in Internet companies and retailers; and take note of the strong consumer resistance to using Passport for ""one-click"" shopping where they need to store financial and credit card account information.""",,,,,,,,,,378,ARTICLE_HEAD,R1+R3,high,"And Aberdeen Group chief research officer Peter Kastner has said users are ""waiting with bated breath for"
,,,,Betting on the Lazy,AP,,,"Betting on the Lazy Indeed, the most important reason why manufacturers like rebates is simple: Many people never attempt to collect what they are owed. Kastner estimated that 40 percent of consumers do not follow through on rebate offers. When IT rebates are separated from the pack, the proportion of unclaimed checks can be even more startling. Hsia said the typical redemption rate for his company's produ","Betting on the Lazy Indeed, the most important reason why manufacturers like rebates is simple: Many people never attempt to collect what they are owed. Kastner estimated that 40 percent of consumers do not follow through on rebate offers. When IT rebates are separated from the pack, the proportion of unclaimed checks can be even more startling. Hsia said the typical redemption rate for his company's products hovers between 2 and 15 percent. He noted that despite this seeming consumer apathy, the ratio of redemptions does seem to be increasing. ""I think consumers are starting to be more aw",,,,,,,,,,380,ARTICLE_HEAD,R1,medium,Betting on the Lazy
,,,,The much-talked-about 64-bit microprocessors coming down the pike from Intel (Nasdaq: INTC) and Advanced,E-Commerce Times,,,"ew processors right away. And an important question looms: Do businesses really want to make the switch to 64-bit computing? In the short term, the answer is probably no. ""The imminent arrival of 64-bit computing has been wildly exaggerated,"" Peter Kastner, executive vice president at Aberdeen Group, told the E-Commerce Times.","64-bit microprocessors coming down the pike from Intel (Nasdaq: INTC) and Advanced Micro Devices (NYSE: AMD) may one day help PC servers rival the power of Unix boxes and may transform the PC desktop. But experts do not expect users to adopt these new processors right away. And an important question looms: Do businesses really want to make the switch to 64-bit computing? In the short term, the answer is probably no. ""The imminent arrival of 64-bit computing has been wildly exaggerated,"" Peter Kastner, executive vice president at Aberdeen Group, told the E-Commerce Times.",,,,,,,,,,381,ARTICLE_HEAD,R1+R3,high,The much-talked-about 64-bit microprocessors coming down the pike from Intel (Nasdaq: INTC) and Advanced
,,,,"But although AMD and Intel seem to be preparing for battle, Kastner noted that very few applications currently",AP,,,"But although AMD and Intel seem to be preparing for battle, Kastner noted that very few applications currently could benefit from the power of 64-bit computing. ""Those that crunch huge numbers or need a lot of memory"" could use the technology, he said. ""Some middleware, particularly databases, can take advantage of","But although AMD and Intel seem to be preparing for battle, Kastner noted that very few applications currently could benefit from the power of 64-bit computing. ""Those that crunch huge numbers or need a lot of memory"" could use the technology, he said. ""Some middleware, particularly databases, can take advantage of the [memory offered by] 64-bit, and so can some scientific and knowledge management applications."" Even those applications do not yet justify companies abandoning 32-bit architecture or their investments in the popular, powerful Unix computers. ""Int",,,,,,,,,,382,ARTICLE_HEAD,R1,medium,"But although AMD and Intel seem to be preparing for battle, Kastner noted that very few applications currently"
,,,,"""They never had a really strong case to begin with, particularly from the consumer's standpoint,"" Peter Kastner, chief",E-Commerce Times,,,"""They never had a really strong case to begin with, particularly from the consumer's standpoint,"" Peter Kastner, chief research officer at Aberdeen Group, told the E-Commerce Times. ""At this point, it can only be for the political visibility gain for the attorneys general and the potential for class-action litigation fees by the supporting council."" Fundamen","""They never had a really strong case to begin with, particularly from the consumer's standpoint,"" Peter Kastner, chief research officer at Aberdeen Group, told the E-Commerce Times. ""At this point, it can only be for the political visibility gain for the attorneys general and the potential for class-action litigation fees by the supporting council."" Fundamental Change? Lawsuits and accusations aside, what is clear to analysts is that a change has taken place in the internal workings of Microsoft. They pointed to employees who have become well versed in how their individual actions could affe",,,,,,,,,,389,ARTICLE_HEAD,R1+R3,high,"""They never had a really strong case to begin with, particularly from the consumer's standpoint,"" Peter Kastner, chief"
,,,,"""There are applications in the military, in medical research, in all fields of science,"" Kastner said. ""This is an",AP,,,"""There are applications in the military, in medical research, in all fields of science,"" Kastner said. ""This is an example of how the less expensive computing power can really become important."" Early hopes quickly dashed Sep 24, 2001 12:00 PM, by Vincent Ryan NEON Communications, an upstart Northeast fiber carrier, has had a busy two weeks f","""There are applications in the military, in medical research, in all fields of science,"" Kastner said. ""This is an example of how the less expensive computing power can really become important."" Early hopes quickly dashed Sep 24, 2001 12:00 PM, by Vincent Ryan NEON Communications, an upstart Northeast fiber carrier, has had a busy two weeks following the terrorist attacks of Sept. 11. Its technicians have set up an OC-12 at 60 Hudson St. to bring dial-tone service to New York's City Hall and are field testing a wireless optics device to connect a New York health services building to its",,,,,,,,,,391,ARTICLE_HEAD,R1,medium,"""There are applications in the military, in medical research, in all fields of science,"" Kastner said. ""This is an"
,,,,"Becky Replogle-Wilkes, director of collaborative applications marketing for Sprint, agrees. ""You decide that you no",AP,,,"pplications marketing for Sprint, agrees. ""You decide that you no longer want to drive across town because [audio] conferencing is a much more effective use of time,"" she said. It's also an effective use of money compared with the alternative. Peter Kastner, chief research officer for Aberdeen Group, said, ""It costs about $30 an hour for full-motion video. That's dirt cheap compared with a coast-to-coast flight."" Changing the communications habits of businesses won't be easy, according to Christine Har","Becky Replogle-Wilkes, director of collaborative applications marketing for Sprint, agrees. ""You decide that you no longer want to drive across town because [audio] conferencing is a much more effective use of time,"" she said. It's also an effective use of money compared with the alternative. Peter Kastner, chief research officer for Aberdeen Group, said, ""It costs about $30 an hour for full-motion video. That's dirt cheap compared with a coast-to-coast flight."" Changing the communications habits of businesses won't be easy, according to Christine Hartman, research director of voice-over-packe",,,,,,,,,,392,ARTICLE_HEAD,R1+R3,high,"Becky Replogle-Wilkes, director of collaborative applications marketing for Sprint, agrees. ""You decide that you no"
,,,,"Kollar-Kotelly has played her own cards close to the vest, only hinting here and there about how the case might play",E-Commerce Times,,,"close to the vest, only hinting here and there about how the case might play out. Analysts said they expect the states will not get exactly what they want. ""I don't believe the states will get Windows chopped up the way they have suggested,"" Peter Kastner, chief research officer at the Aberdeen Group, told the E-Commerce Times. ""But I do believe the judge will [do more than] simply reaffirm the agreement the Justice Department and Microsoft reached last November,"" he added. June 2004 Step Up to 64-","Kollar-Kotelly has played her own cards close to the vest, only hinting here and there about how the case might play out. Analysts said they expect the states will not get exactly what they want. ""I don't believe the states will get Windows chopped up the way they have suggested,"" Peter Kastner, chief research officer at the Aberdeen Group, told the E-Commerce Times. ""But I do believe the judge will [do more than] simply reaffirm the agreement the Justice Department and Microsoft reached last November,"" he added. June 2004 Step Up to 64-Bit Computing More affordable 64-bit machines are att",,,,,,,,,,394,ARTICLE_HEAD,R1+R3,high,"Kollar-Kotelly has played her own cards close to the vest, only hinting here and there about how the case might play"
,,,,"Sixty-four-bit architectures can theoretically address millions of terabytes worth of memory, which translates directly",AP,,,"into better performance for complex applications. ""If you're running a relational database and you can do all of your math computations in memory, your performance can be several times faster than if you have to write everything to disk,"" says Peter Kastner, executive vice president and chief research officer with the market research and consulting firm, Aberdeen Group Inc., Boston, Mass. A possible performance advantage isn't the only factor driving 64-bit interest. The ong","Sixty-four-bit architectures can theoretically address millions of terabytes worth of memory, which translates directly into better performance for complex applications. ""If you're running a relational database and you can do all of your math computations in memory, your performance can be several times faster than if you have to write everything to disk,"" says Peter Kastner, executive vice president and chief research officer with the market research and consulting firm, Aberdeen Group Inc., Boston, Mass. A possible performance advantage isn't the only factor driving 64-bit interest. The ong",,,,,,,,,,395,ARTICLE_HEAD,R1,medium,"Sixty-four-bit architectures can theoretically address millions of terabytes worth of memory, which translates directly"
,,,,"The technology can also save money on software licenses, thanks to server consolidation. In some cases, ""a two-",,,,"The technology can also save money on software licenses, thanks to server consolidation. In some cases, ""a two- way Itanium [chip] can do the work of a four-way Xeon computer,"" notes Kastner. ""So if a company is paying a database license on a per-processor basis, that can swing the economic argument rather easily,"" he says. Finally, 64-bit processors are gaining traction among systems vendors. IBM was the first major systems vendor to","The technology can also save money on software licenses, thanks to server consolidation. In some cases, ""a two- way Itanium [chip] can do the work of a four-way Xeon computer,"" notes Kastner. ""So if a company is paying a database license on a per-processor basis, that can swing the economic argument rather easily,"" he says. Finally, 64-bit processors are gaining traction among systems vendors. IBM was the first major systems vendor to support Opteron. Earlier this year, Hewlett-Packard announced a line of Opteron-based ProLiant two- and four- processor servers, as well as blade servers for pr",,,,,,,,,,396,ARTICLE_HEAD,R1,medium,"The technology can also save money on software licenses, thanks to server consolidation. In some cases, ""a two-"
,,,,"In addition to supporting current versions of Microsoft Windows(1), the",,,,"dition 2004, so TV content recorded via the Media Center's Personal Video Recorder (PVR) functionality, as well as any other digital media, can also be streamed to the Wireless Connected DVD at another location in the home. Industry analyst Peter Kastner of the Boston-based research firm Aberdeen Group purchased the premiere version of the Gateway Wireless Connected DVD and commented, ""When it came to upgrading my own media center, I l","In addition to supporting current versions of Microsoft Windows(1), the new Wireless Connected DVD player also supports Microsoft Windows XP Media Center Edition 2004, so TV content recorded via the Media Center's Personal Video Recorder (PVR) functionality, as well as any other digital media, can also be streamed to the Wireless Connected DVD at another location in the home. Industry analyst Peter Kastner of the Boston-based research firm Aberdeen Group purchased the premiere version of the Gateway Wireless Connected DVD and commented, ""When it came to upgrading my own media center, I l",,,,,,,,,,404,ARTICLE_HEAD,R1,medium,"In addition to supporting current versions of Microsoft Windows(1), the"
,,,,"""They've been boxed in by Dell in online sales and by H-P in the big-box retail market,"" Kastner said. ""This",,,,"""They've been boxed in by Dell in online sales and by H-P in the big-box retail market,"" Kastner said. ""This should help them get lots of shelf space with a top-value PC brand."" EMachines plans to sell Gateway-branded consumer and business desktop and notebook PCs, servers and storage products through Gateway's existing direct channels, while","""They've been boxed in by Dell in online sales and by H-P in the big-box retail market,"" Kastner said. ""This should help them get lots of shelf space with a top-value PC brand."" EMachines plans to sell Gateway-branded consumer and business desktop and notebook PCs, servers and storage products through Gateway's existing direct channels, while Gateway will sell eMachines' desktops and notebooks through third-party retail channels in the U.S. and overseas. The deal momentarily took attention away from Gateway's wider quarterly loss. Gateway said Thursday it lost $114 million, or 35 cents a",,,,,,,,,,408,ARTICLE_HEAD,R1,medium,"""They've been boxed in by Dell in online sales and by H-P in the big-box retail market,"" Kastner said. ""This"
,,,,"So far, Gateway has put out 45 new digital devices this year and plans on releases a total of 50 products by the end of",,,,"ee, the moves of the top two PC makers, Dell (DELL) and Hewlett-Packard (HPQ) , which have also stepped out from their traditional product lines into new areas such as digital cameras, printers and storage technologies for business customers. Peter Kastner, an analyst with the Aberdeen Group, said Gateway's moves through the year have been","Gateway has put out 45 new digital devices this year and plans on releases a total of 50 products by the end of the year. ""We're doing what we said we planned to do, and we feel consumers have responded,"" Milne said. Gateway is mirroring, to a degree, the moves of the top two PC makers, Dell (DELL) and Hewlett-Packard (HPQ) , which have also stepped out from their traditional product lines into new areas such as digital cameras, printers and storage technologies for business customers. Peter Kastner, an analyst with the Aberdeen Group, said Gateway's moves through the year have been",,,,,,,,,,409,ARTICLE_HEAD,R1+R3,high,"So far, Gateway has put out 45 new digital devices this year and plans on releases a total of 50 products by the end of"
,,,,"Gateway's chances that last week he started his coverage of Gateway with an ""outperform"" rating, and a 12-month",,,,"Gateway's chances that last week he started his coverage of Gateway with an ""outperform"" rating, and a 12-month price target of $7 on the company's stock. Peter Kastner, a PC analyst with the Aberdeen Group, agreed with Santiago's assessment of how eMachines could provide the spark that gets Gateway back into prominence in the PC market. ""I think eMachines has never been that well understood, but they really have a","Gateway's chances that last week he started his coverage of Gateway with an ""outperform"" rating, and a 12-month price target of $7 on the company's stock. Peter Kastner, a PC analyst with the Aberdeen Group, agreed with Santiago's assessment of how eMachines could provide the spark that gets Gateway back into prominence in the PC market. ""I think eMachines has never been that well understood, but they really have a foundation in the big-box electronics retailer market,"" Kastner said. Gateway shares rose 5 cents Friday to close at $4.45. The stock reached a 52-week high of $6.85 on Sept. 18. G",,,,,,,,,,410,ARTICLE_HEAD,R1,medium,"Gateway's chances that last week he started his coverage of Gateway with an ""outperform"" rating, and a 12-month"
,,,,"Gateway's chances that last week he started his coverage of Gateway with an ""outperform"" rating, and a 12-month",,,,"ago's assessment of how eMachines could provide the spark that gets Gateway back into prominence in the PC market. ""I think eMachines has never been that well understood, but they really have a foundation in the big-box electronics retailer market,"" Kastner said. Gateway shares rose 5 cents Friday to close at $4.45. The stock reached a 52-week high of $6.85 on Sept. 18. G","Gateway's chances that last week he started his coverage of Gateway with an ""outperform"" rating, and a 12-month price target of $7 on the company's stock. Peter Kastner, a PC analyst with the Aberdeen Group, agreed with Santiago's assessment of how eMachines could provide the spark that gets Gateway back into prominence in the PC market. ""I think eMachines has never been that well understood, but they really have a foundation in the big-box electronics retailer market,"" Kastner said. Gateway shares rose 5 cents Friday to close at $4.45. The stock reached a 52-week high of $6.85 on Sept. 18. G",,,,,,,,,,410,ARTICLE_HEAD,R1,medium,"Gateway's chances that last week he started his coverage of Gateway with an ""outperform"" rating, and a 12-month"
,,,,"SanDisk (SNDK 14.89, +0.08, +0.54%) shares climbed 19 cents to $52,80, after the company introduced new",AP,,,"2,80, after the company introduced new memory-stick products. Rival Lexar Media fell 8 cents to $12.39. Here, There, WiFi Anywhere Wireless Web's Spread Is Crossing Our Signals By Mike Musgrove Washington Post Sunday, April 25, 2004; Page F01 Peter Kastner moved from the suburbs to an apartment in Boston last summer while his new home was under construction. As soon as he got set up in the temporary digs, Kastner -- chief technology analyst at the research firm Aberdeen Group -- set up his WiFi home n","SanDisk (SNDK 14.89, +0.08, +0.54%) shares climbed 19 cents to $52,80, after the company introduced new memory-stick products. Rival Lexar Media fell 8 cents to $12.39. Here, There, WiFi Anywhere Wireless Web's Spread Is Crossing Our Signals By Mike Musgrove Washington Post Sunday, April 25, 2004; Page F01 Peter Kastner moved from the suburbs to an apartment in Boston last summer while his new home was under construction. As soon as he got set up in the temporary digs, Kastner -- chief technology analyst at the research firm Aberdeen Group -- set up his WiFi home network to enjoy some wireles",,,,,,,,,,415,ARTICLE_HEAD,R1,medium,"SanDisk (SNDK 14.89, +0.08, +0.54%) shares climbed 19 cents to $52,80, after the company introduced new"
,,,,"SanDisk (SNDK 14.89, +0.08, +0.54%) shares climbed 19 cents to $52,80, after the company introduced new",AP,,,"ssing Our Signals By Mike Musgrove Washington Post Sunday, April 25, 2004; Page F01 Peter Kastner moved from the suburbs to an apartment in Boston last summer while his new home was under construction. As soon as he got set up in the temporary digs, Kastner -- chief technology analyst at the research firm Aberdeen Group -- set up his WiFi home network to enjoy some wireles","SanDisk (SNDK 14.89, +0.08, +0.54%) shares climbed 19 cents to $52,80, after the company introduced new memory-stick products. Rival Lexar Media fell 8 cents to $12.39. Here, There, WiFi Anywhere Wireless Web's Spread Is Crossing Our Signals By Mike Musgrove Washington Post Sunday, April 25, 2004; Page F01 Peter Kastner moved from the suburbs to an apartment in Boston last summer while his new home was under construction. As soon as he got set up in the temporary digs, Kastner -- chief technology analyst at the research firm Aberdeen Group -- set up his WiFi home network to enjoy some wireles",,,,,,,,,,415,ARTICLE_HEAD,R1,medium,"SanDisk (SNDK 14.89, +0.08, +0.54%) shares climbed 19 cents to $52,80, after the company introduced new"
,,,,SARS in Hong Kong,AP,,,"briefly shut their Hong Kong offices. Peter Kastner, an analyst at Aberdeen Group, told Dow Jones Newswires, ""At a minimum, the SARS epidemic will cause schedule slippages and disrupt the aggressive growth plans that global electronics companies have for the affected geographies . . .Worst case, it c","briefly shut their Hong Kong offices. Peter Kastner, an analyst at Aberdeen Group, told Dow Jones Newswires, ""At a minimum, the SARS epidemic will cause schedule slippages and disrupt the aggressive growth plans that global electronics companies have for the affected geographies . . .Worst case, it could result in major supply chain disruptions and another downdraft for an already challenged industry."" But it was not all bad news. Technology stocks really took off midweek on word that U.S.-led forces progressed closer to Baghdad. ""We're generall",,,,,,,,,,418,ARTICLE_CONTINUATION,R1+R3,high,
,,,,"With this announcement, HP has clearly demonstrated a commitment to the IT community that is ─ arguably ─",Computerworld,,,"in on the acquisitive path. If HP has its sights on IBM (and the Mercury deal certainly takes it one large step closer), drawing on the relationship Mercury had with BEA would make for interesting discussions among new and old HP employees. -- Peter Kastner HP cuts prices on some Intel-based servers 11% to 31% By Todd R. Weiss February 13, 2002 12:00 PM ET - Computerworld - Hewlett-","With this announcement, HP has clearly demonstrated a commitment to the IT community that is ─ arguably ─ beyond reproach. While it will take some time to digest this size deal, it’s highly likely that HP will remain on the acquisitive path. If HP has its sights on IBM (and the Mercury deal certainly takes it one large step closer), drawing on the relationship Mercury had with BEA would make for interesting discussions among new and old HP employees. -- Peter Kastner HP cuts prices on some Intel-based servers 11% to 31% By Todd R. Weiss February 13, 2002 12:00 PM ET - Computerworld - Hewlett-",,,,,,,,,,423,ARTICLE_HEAD,R1,medium,"With this announcement, HP has clearly demonstrated a commitment to the IT community that is ─ arguably ─"
,,,,"Peter Kastner, chief research officer of Boston-based Aberdeen Group Inc., said the company faces formidable",Inc.,,,"Peter Kastner, chief research officer of Boston-based Aberdeen Group Inc., said the company faces formidable challenges in sales of printers and ink cartridges. ""They are seeing more competition from third-party toner cartridges,"" Kastner said. ""And in the coming","Peter Kastner, chief research officer of Boston-based Aberdeen Group Inc., said the company faces formidable challenges in sales of printers and ink cartridges. ""They are seeing more competition from third-party toner cartridges,"" Kastner said. ""And in the coming quarter, it's widely rumored that Dell (NSDQ:Dell) (NSDQ:Dell) will be entering the printer business."" The company released its results after the close of markets. Shares of HP closed 43 cents higher, to $18.18, in Tuesday trading on the New York St",,,,,,,,,,430,ARTICLE_HEAD,R1+R3,high,"Peter Kastner, chief research officer of Boston-based Aberdeen Group Inc., said the company faces formidable"
,,,,"Peter Kastner, chief research officer of Boston-based Aberdeen Group Inc., said the company faces formidable",Inc.,,,"Peter Kastner, chief research officer of Boston-based Aberdeen Group Inc., said the company faces formidable challenges in sales of printers and ink cartridges. ""They are seeing more competition from third-party toner cartridges,"" Kastner said. ""And in the coming quarter, it's widely rumored that Dell (NSDQ:Dell) (NSDQ:Dell) will be entering the printer business."" The company released its results after the close of markets. Shares of HP closed 43 cents higher, to $18.18, in Tuesday t","Peter Kastner, chief research officer of Boston-based Aberdeen Group Inc., said the company faces formidable challenges in sales of printers and ink cartridges. ""They are seeing more competition from third-party toner cartridges,"" Kastner said. ""And in the coming quarter, it's widely rumored that Dell (NSDQ:Dell) (NSDQ:Dell) will be entering the printer business."" The company released its results after the close of markets. Shares of HP closed 43 cents higher, to $18.18, in Tuesday trading on the New York Stock Exchange. They lost 80 cents in extended-session trading. HP Turns A Profit On PCs",,,,,,,,,,430,ARTICLE_HEAD,R1+R3,high,"Peter Kastner, chief research officer of Boston-based Aberdeen Group Inc., said the company faces formidable"
,,,,"ISV application support across its Linux-based eServer platforms, the Aberdeen Group says. But there is little, if any,",AP,,,"understand that with the exception of IBM's own middleware products, the company is dependent on its Linux operating system platform partners -- Red Hat, SuSE, The SCO Group, and Turbolinux -- and its ISV partners to improve consistency,"" says Peter Kastner, executive vice president and chief research officer at Aberdeen. ""Because porting IBM middleware and ISV applications to Linux on eServer platforms is based on customer demand and busine","ISV application support across its Linux-based eServer platforms, the Aberdeen Group says. But there is little, if any, consistency today. ""Users need to understand that with the exception of IBM's own middleware products, the company is dependent on its Linux operating system platform partners -- Red Hat, SuSE, The SCO Group, and Turbolinux -- and its ISV partners to improve consistency,"" says Peter Kastner, executive vice president and chief research officer at Aberdeen. ""Because porting IBM middleware and ISV applications to Linux on eServer platforms is based on customer demand and busine",,,,,,,,,,437,ARTICLE_HEAD,R1,medium,"ISV application support across its Linux-based eServer platforms, the Aberdeen Group says. But there is little, if any,"
,,,,"IBM (IBM 107.35, +0.03, +0.03%) shares fell more than 2 percent to $84.55 in after-hours trading. The stock had",,,,"IBM (IBM 107.35, +0.03, +0.03%) shares fell more than 2 percent to $84.55 in after-hours trading. The stock had risen 30 cents to close at $86.74 in regular-session trading on the New York Stock Exchange. ""It was a fairly sober report,"" said Peter Kastner, an analyst with the Aberdeen Group in Boston. ""When you take it back to constant currency, they're growing at the rate of inflation. So there's no joy in Armonk about a recovery in technology or the company's ability to grow faster than the economy","IBM (IBM 107.35, +0.03, +0.03%) shares fell more than 2 percent to $84.55 in after-hours trading. The stock had risen 30 cents to close at $86.74 in regular-session trading on the New York Stock Exchange. ""It was a fairly sober report,"" said Peter Kastner, an analyst with the Aberdeen Group in Boston. ""When you take it back to constant currency, they're growing at the rate of inflation. So there's no joy in Armonk about a recovery in technology or the company's ability to grow faster than the economy."" John Joyce, the company's chief financial officer, told analysts on a conference call that",,,,,,,,,,440,ARTICLE_HEAD,R1+R3,high,"IBM (IBM 107.35, +0.03, +0.03%) shares fell more than 2 percent to $84.55 in after-hours trading. The stock had"
,,,,"Unix) applications, the rest of us waited until Windows XP was launched in October 2000 to end the legacy ties to 16-",AP,,,"ns, the rest of us waited until Windows XP was launched in October 2000 to end the legacy ties to 16- bit software. That’s a long time — fifteen years before the software caught up with the hardware. That won’t happen again to the computer industry. Aberdeen Group expects 64-bit operating support for consumer desktops to arrive over the next year. Early adopters will enjoy some exciting experiences. Hard as it is to imagine, the majority of the consumer market for 64-bit computing will arrive at the end of t","Unix) applications, the rest of us waited until Windows XP was launched in October 2000 to end the legacy ties to 16- bit software. That’s a long time — fifteen years before the software caught up with the hardware. That won’t happen again to the computer industry. Aberdeen Group expects 64-bit operating support for consumer desktops to arrive over the next year. Early adopters will enjoy some exciting experiences. Hard as it is to imagine, the majority of the consumer market for 64-bit computing will arrive at the end of the decade. The key reason is memory. Today’s mainstream 32-bit deskto",,,,,,,,,,445,ARTICLE_HEAD,R2,low,"Unix) applications, the rest of us waited until Windows XP was launched in October 2000 to end the legacy ties to 16-"
,,,,"""You won't see a heck of a lot of difference in Word, but software like [Adobe Systems'] Photoshop or video-",AP,,,"of difference in Word, but software like [Adobe Systems'] Photoshop or video- rendering software will benefit considerably,"" he said. Another benefit of hyperthreading is that it is a proven technology, having been in Xeon processors since February, Kastner said. Intel, based in Santa Clara, California, will likely include hyperthreading in all of its future Pentium 4 processors, he said. Joris Evers of the IDG News Service contributed to this report. Apr 15, 2003, 6:29 p.m. EST Intel shares gain on r","""You won't see a heck of a lot of difference in Word, but software like [Adobe Systems'] Photoshop or video- rendering software will benefit considerably,"" he said. Another benefit of hyperthreading is that it is a proven technology, having been in Xeon processors since February, Kastner said. Intel, based in Santa Clara, California, will likely include hyperthreading in all of its future Pentium 4 processors, he said. Joris Evers of the IDG News Service contributed to this report. Apr 15, 2003, 6:29 p.m. EST Intel shares gain on results, outlook Computer Hardware Intel Corporation Advanced M",,,,,,,,,,456,ARTICLE_HEAD,R1,medium,"""You won't see a heck of a lot of difference in Word, but software like [Adobe Systems'] Photoshop or video-"
,,,,"Five years ago, major service companies told Kastner that the TCO outcomes they saw were in the range of",,,,"Five years ago, major service companies told Kastner that the TCO outcomes they saw were in the range of $700 to $3,000 per PC per year. On the low end, Intel's vPro technology has cut that down ""to under $500 per PC per year, and that's not all that much more than just the device itself,"" Kastner sai","Five years ago, major service companies told Kastner that the TCO outcomes they saw were in the range of $700 to $3,000 per PC per year. On the low end, Intel's vPro technology has cut that down ""to under $500 per PC per year, and that's not all that much more than just the device itself,"" Kastner said. On the high end, the vPro has pushed the cost to less than $2,000, Kastner noted. ""So that the not-quite-so- efficient companies have whacked out $1,000 per employee per year,"" which is a ""huge savings that can go right to the bottom line,"" he ex",,,,,,,,,,458,ARTICLE_HEAD,R1,medium,"Five years ago, major service companies told Kastner that the TCO outcomes they saw were in the range of"
,,,,"Five years ago, major service companies told Kastner that the TCO outcomes they saw were in the range of",,,,"old Kastner that the TCO outcomes they saw were in the range of $700 to $3,000 per PC per year. On the low end, Intel's vPro technology has cut that down ""to under $500 per PC per year, and that's not all that much more than just the device itself,"" Kastner said. On the high end, the vPro has pushed the cost to less than $2,000, Kastner noted. ""So that the not-quite-so- efficient companies have whacked out $1,000 per employee per year,"" which is a ""huge savings that can go right to the bottom line,"" h","Five years ago, major service companies told Kastner that the TCO outcomes they saw were in the range of $700 to $3,000 per PC per year. On the low end, Intel's vPro technology has cut that down ""to under $500 per PC per year, and that's not all that much more than just the device itself,"" Kastner said. On the high end, the vPro has pushed the cost to less than $2,000, Kastner noted. ""So that the not-quite-so- efficient companies have whacked out $1,000 per employee per year,"" which is a ""huge savings that can go right to the bottom line,"" he explained. The technology's new IT Director ""dash",,,,,,,,,,458,ARTICLE_HEAD,R1,medium,"Five years ago, major service companies told Kastner that the TCO outcomes they saw were in the range of"
,,,,"Five years ago, major service companies told Kastner that the TCO outcomes they saw were in the range of",,,,"PC per year. On the low end, Intel's vPro technology has cut that down ""to under $500 per PC per year, and that's not all that much more than just the device itself,"" Kastner said. On the high end, the vPro has pushed the cost to less than $2,000, Kastner noted. ""So that the not-quite-so- efficient companies have whacked out $1,000 per employee per year,"" which is a ""huge savings that can go right to the bottom line,"" he explained. The technology's new IT Director ""dash","Five years ago, major service companies told Kastner that the TCO outcomes they saw were in the range of $700 to $3,000 per PC per year. On the low end, Intel's vPro technology has cut that down ""to under $500 per PC per year, and that's not all that much more than just the device itself,"" Kastner said. On the high end, the vPro has pushed the cost to less than $2,000, Kastner noted. ""So that the not-quite-so- efficient companies have whacked out $1,000 per employee per year,"" which is a ""huge savings that can go right to the bottom line,"" he explained. The technology's new IT Director ""dash",,,,,,,,,,458,ARTICLE_HEAD,R1,medium,"Five years ago, major service companies told Kastner that the TCO outcomes they saw were in the range of"
,,,,"The chip giant has funded a new report from Aberdeen, AMD's Gigahertz Equivalency: Inexperienced Buyers Accept",AP,,,"The chip giant has funded a new report from Aberdeen, AMD's Gigahertz Equivalency: Inexperienced Buyers Accept Bad Science [written by Peter Kastner], which heavily criticises AMD's model-number system as confusing to consumers and as ""not justifiable in the benchmark science"". The report predicts that ""AMD... must soon retreat from the gigahertz equivalency positioning and take another performa","The chip giant has funded a new report from Aberdeen, AMD's Gigahertz Equivalency: Inexperienced Buyers Accept Bad Science [written by Peter Kastner], which heavily criticises AMD's model-number system as confusing to consumers and as ""not justifiable in the benchmark science"". The report predicts that ""AMD... must soon retreat from the gigahertz equivalency positioning and take another performance rating approach."" AMD called the report a ""shady marketing deal"" that distorts the facts. ""They get loads of things wrong in there,"" said an AMD spokesman, citing the Aberdeen report's assertion tha",,,,,,,,,,462,ARTICLE_HEAD,R1,medium,"The chip giant has funded a new report from Aberdeen, AMD's Gigahertz Equivalency: Inexperienced Buyers Accept"
,,,,Peter S Kastner Blogging at oncomputerstips.blogspot.com,AP,,,"Peter S Kastner Blogging at oncomputerstips.blogspot.com Monday, February 07, 2005 Who is Peter S. Kastner? Peter Kastner has over thirty-five years experience in information-technology business and market development, management, and entrepreneurial success. He i","Peter S Kastner Blogging at oncomputerstips.blogspot.com Monday, February 07, 2005 Who is Peter S. Kastner? Peter Kastner has over thirty-five years experience in information-technology business and market development, management, and entrepreneurial success. He is a regular radio show host and blog contributor at the OnComputers web site. He began his career in product development and marketing for applications software products at Wang Laboratories. For about a decade, he was a consultant and program manag",,,,,,,,,,467,ARTICLE_HEAD,R1,medium,Peter S Kastner Blogging at oncomputerstips.blogspot.com
X,,,,Peter S Kastner Blogging at oncomputerstips.blogspot.com,AP,,,"Peter S Kastner Blogging at oncomputerstips.blogspot.com Monday, February 07, 2005 Who is Peter S. Kastner? Peter Kastner has over thirty-five years experience in information-technology business and market development, management, and entrepreneurial success. He is a regular radio show host and blog contributor at the OnComputers web site. He began his","Peter S Kastner Blogging at oncomputerstips.blogspot.com Monday, February 07, 2005 Who is Peter S. Kastner? Peter Kastner has over thirty-five years experience in information-technology business and market development, management, and entrepreneurial success. He is a regular radio show host and blog contributor at the OnComputers web site. He began his career in product development and marketing for applications software products at Wang Laboratories. For about a decade, he was a consultant and program manager with Arthur D. Little, Inc., where he was actively involved in the management and",,,,,,,,,,467,ARTICLE_HEAD,R1,medium,Peter S Kastner Blogging at oncomputerstips.blogspot.com
X,,,,Peter S Kastner Blogging at oncomputerstips.blogspot.com,AP,,,"Peter S Kastner Blogging at oncomputerstips.blogspot.com Monday, February 07, 2005 Who is Peter S. Kastner? Peter Kastner has over thirty-five years experience in information-technology business and market development, management, and entrepreneurial success. He is a regular radio show host and blog contributor at the OnComputers web site. He began his career in produ","Peter S Kastner Blogging at oncomputerstips.blogspot.com Monday, February 07, 2005 Who is Peter S. Kastner? Peter Kastner has over thirty-five years experience in information-technology business and market development, management, and entrepreneurial success. He is a regular radio show host and blog contributor at the OnComputers web site. He began his career in product development and marketing for applications software products at Wang Laboratories. For about a decade, he was a consultant and program manager with Arthur D. Little, Inc., where he was actively involved in the management and",,,,,,,,,,467,ARTICLE_HEAD,R1,medium,Peter S Kastner Blogging at oncomputerstips.blogspot.com
,,,,Sony Playstation,AP,,,"y, actually got their version out first to market. With other launch problems, Sony was a year late out of the gate. So much for partnerships. The Race for a New Game Machine looks like a fascinating winter read for technologists. Posted by Peter S Kastner at 3:59?PM 1 comment: Tuesday, December 30, 2008 Apple unloads iMacs Before January 15th Good deal on a refurb iMac at Apple this week. But why jump now when it's very likely that the iMac and Mac Pro desktops will be refreshed during MacWorld nex","capacity, actually got their version out first to market. With other launch problems, Sony was a year late out of the gate. So much for partnerships. The Race for a New Game Machine looks like a fascinating winter read for technologists. Posted by Peter S Kastner at 3:59?PM 1 comment: Tuesday, December 30, 2008 Apple unloads iMacs Before January 15th Good deal on a refurb iMac at Apple this week. But why jump now when it's very likely that the iMac and Mac Pro desktops will be refreshed during MacWorld next month? My bet is on a quad Core Duo 2 option for the iMac. Posted by Peter S Kastner",,,,,,,,,,476,ARTICLE_CONTINUATION,R1,medium,
,,,,GPS Firmware updates,AP,,,anuary 15th Good deal on a refurb iMac at Apple this week. But why jump now when it's very likely that the iMac and Mac Pro desktops will be refreshed during MacWorld next month? My bet is on a quad Core Duo 2 option for the iMac. Posted by Peter S Kastner,"s a year late out of the gate. So much for partnerships. The Race for a New Game Machine looks like a fascinating winter read for technologists. Posted by Peter S Kastner at 3:59?PM 1 comment: Tuesday, December 30, 2008 Apple unloads iMacs Before January 15th Good deal on a refurb iMac at Apple this week. But why jump now when it's very likely that the iMac and Mac Pro desktops will be refreshed during MacWorld next month? My bet is on a quad Core Duo 2 option for the iMac. Posted by Peter S Kastner",,,,,,,,,,476,ARTICLE_CONTINUATION,R1,medium,
,,,,You must be careful when making any changes or modifications to the firmware of your GPS because there is a risk,,,,"You must be careful when making any changes or modifications to the firmware of your GPS because there is a risk that things can go wrong and render the GPS inoperable. And sorry, I won't go sailing with you and your hacked GPS. Peter S. Kastner Posted by Anonymous at 2:23?AM Monday, June 06, 2005 The Implications of Doubling the Number of the World's Computer Users Intel research suggests that the next wave of computing users will look very different than the first. They will be less affl","You must be careful when making any changes or modifications to the firmware of your GPS because there is a risk that things can go wrong and render the GPS inoperable. And sorry, I won't go sailing with you and your hacked GPS. Peter S. Kastner Posted by Anonymous at 2:23?AM Monday, June 06, 2005 The Implications of Doubling the Number of the World's Computer Users Intel research suggests that the next wave of computing users will look very different than the first. They will be less affluent and more heterogeneous, live in more challenging environments in the developing world, and in many",,,,,,,,,,477,ARTICLE_HEAD,R1,medium,You must be careful when making any changes or modifications to the firmware of your GPS because there is a risk
,,,,Internet Winter?,,,,"-- Peter S. Kastner Posted by Anonymous at 10:13?PM No comments: Email ThisBlogThis!Share to TwitterShare to FacebookShare to Pinterest Friday, July 08, 2005 Are We Headed for an Internet Winter? As I noted this week, a new trojan that mimics a Microsoft security bulle","-- Peter S. Kastner Posted by Anonymous at 10:13?PM No comments: Email ThisBlogThis!Share to TwitterShare to FacebookShare to Pinterest Friday, July 08, 2005 Are We Headed for an Internet Winter? As I noted this week, a new trojan that mimics a Microsoft security bulletin was squelched. This nefarious e-mail disguises itself as a Microsoft security bulletin and contains a link to malicious software that gives attackers complete access to the infected machine, security researchers are reporting. A couple of weeks a",,,,,,,,,,485,ARTICLE_HEAD,R1,medium,-- Peter S. Kastner
,,,,Apple on Intel,,,,"an $5 an hour -- Internet cafes can fill the demand that libraries cannot. It will be interesting to see how Internet access supply and demand curves meet, and at what price. I'm not holding my breath expecting more seats in libraries. -- Peter S. Kastner Posted by Anonymous at 2:36?AM No comments: Email ThisBlogThis!Share to TwitterShare to FacebookShare to Pinterest Wednesday, June 15, 2005 IDC Q1 2005 Server Market Puts Unix and Windows in Dead Heat IDC and Gartner","rest-of-world places like China. For less than $5 an hour -- and there are few legal activities in the U.S. that cost less than $5 an hour -- Internet cafes can fill the demand that libraries cannot. It will be interesting to see how Internet access supply and demand curves meet, and at what price. I'm not holding my breath expecting more seats in libraries. -- Peter S. Kastner Posted by Anonymous at 2:36?AM No comments: Email ThisBlogThis!Share to TwitterShare to FacebookShare to Pinterest Wednesday, June 15, 2005 IDC Q1 2005 Server Market Puts Unix and Windows in Dead Heat IDC and Gartner",,,,,,,,,,487,ARTICLE_CONTINUATION,R1,medium,
,,,,-- Peter S. Kastner,AP,,,"-- Peter S. Kastner Posted by Anonymous at 12:28?AM No comments: Email ThisBlogThis!Share to TwitterShare to FacebookShare to Pinterest Monday, June 06, 2005 Apple on Intel is a 3 Year Old Story With a little web sleuthing, the blogged article tells it all -- in August","-- Peter S. Kastner Posted by Anonymous at 12:28?AM No comments: Email ThisBlogThis!Share to TwitterShare to FacebookShare to Pinterest Monday, June 06, 2005 Apple on Intel is a 3 Year Old Story With a little web sleuthing, the blogged article tells it all -- in August 2002: the problems with IBM, Steve Jobs' willingness to consider other platforms, and the secret ""South Park alien"" development team. Read the article and consider the date. Conclusion: Apple has kept a current port of Mac OS X running in parallel",,,,,,,,,,491,ARTICLE_HEAD,R1,medium,-- Peter S. Kastner
,,,,What is controversial about this site is shooting live game over the Internet. You will be hearing more about this web,,,,"er the Internet. You will be hearing more about this web site as soon as (fill in the blank from a very long list) finds out about it and a Congressman calls a press conference covered on the nightly news. Hey, you heard it here first. -- Peter S. Kastner Posted by Anonymous at 11:18?PM No comments: Email ThisBlogThis!Share to TwitterShare to FacebookShare to Pinterest First Digital Mop Debuts If you have any doubts that twenty years from now our lives will be fundamentally changed by digital consume","What is controversial about this site is shooting live game over the Internet. You will be hearing more about this web site as soon as (fill in the blank from a very long list) finds out about it and a Congressman calls a press conference covered on the nightly news. Hey, you heard it here first. -- Peter S. Kastner Posted by Anonymous at 11:18?PM No comments: Email ThisBlogThis!Share to TwitterShare to FacebookShare to Pinterest First Digital Mop Debuts If you have any doubts that twenty years from now our lives will be fundamentally changed by digital consumer products, read this article.",,,,,,,,,,494,ARTICLE_HEAD,R1,medium,What is controversial about this site is shooting live game over the Internet. You will be hearing more about this web
,,,,"These tests also show that ""normal users"" will see a considerably better user experience with a dual core",AP,,,"These tests also show that ""normal users"" will see a considerably better user experience with a dual core microprocessor. The hour glass may not be a thing of the past, but it will take over your cursor much less often. -- Peter S. Kastner Posted by Anonymous at 11:58?PM No comments: Email ThisBlogThis!Share to TwitterShare to FacebookShare to Pinterest Game Consoles: Place Your Bets First Microsoft then Sony have announced specs for the next generation of game stations, which will be","These tests also show that ""normal users"" will see a considerably better user experience with a dual core microprocessor. The hour glass may not be a thing of the past, but it will take over your cursor much less often. -- Peter S. Kastner Posted by Anonymous at 11:58?PM No comments: Email ThisBlogThis!Share to TwitterShare to FacebookShare to Pinterest Game Consoles: Place Your Bets First Microsoft then Sony have announced specs for the next generation of game stations, which will begin arriving for the holidays this year and spill into 2006. With loads more computing and graphics power tha",,,,,,,,,,498,ARTICLE_HEAD,R1,medium,"These tests also show that ""normal users"" will see a considerably better user experience with a dual core"
,,,,PC Recycling,AP,,,Peter S. Kastner Posted by Anonymous at 3:48?AM No comments: Email ThisBlogThis!Share to TwitterShare to FacebookShare to Pinterest Microsoft Xbox2 to Challenge Sony PS3 Ten days until the announcement of the second generation Xbox during an MTV special. Leaks says,"Peter S. Kastner Posted by Anonymous at 3:48?AM No comments: Email ThisBlogThis!Share to TwitterShare to FacebookShare to Pinterest Microsoft Xbox2 to Challenge Sony PS3 Ten days until the announcement of the second generation Xbox during an MTV special. Leaks says it will be branded the Xbox360. And indications are that the graphics will support 720p HDTV (1280x720) using NEC embedded DRAM (eDRAM), which allows ant-aliasing with minimal frame rate loss in the ATI graphics processing unit. Samsung's HDTVs will",,,,,,,,,,502,ARTICLE_HEAD,R1,medium,Peter S. Kastner
X,,,,Peter S. Kastner,,,,"Peter S. Kastner Posted by Anonymous at 1:02?AM No comments: Email ThisBlogThis!Share to TwitterShare to FacebookShare to Pinterest Sunday, May 01, 2005 Recycle Your PC PCs and monitors are serious hazardous waste. Massachusetts and California ban these e-waste prod","Peter S. Kastner Posted by Anonymous at 1:02?AM No comments: Email ThisBlogThis!Share to TwitterShare to FacebookShare to Pinterest Sunday, May 01, 2005 Recycle Your PC PCs and monitors are serious hazardous waste. Massachusetts and California ban these e-waste products from landfills. IBM, Dell, and HP all have programs where they will deliver boxes and pick up your PC, monitor, printer, server, and just about any other computer product. Surprise, surprise, these environmentally friendlier computer vendors wi",,,,,,,,,,503,ARTICLE_HEAD,R1,medium,Peter S. Kastner
,,,,Expect to see these drives in servers for midline storage and in high-end consumer desktops. Is the end of the SCSI,,,,Expect to see these drives in servers for midline storage and in high-end consumer desktops. Is the end of the SCSI disk drive ara in sight? Peter S. Kastner Posted by Anonymous at 7:32?PM No comments: Email ThisBlogThis!Share to TwitterShare to FacebookShare to Pinterest An Introduction to RAID6 IT professionals will want to read this article to understand the problem that RAID6 solves compared to RAID5,"Expect to see these drives in servers for midline storage and in high-end consumer desktops. Is the end of the SCSI disk drive ara in sight? Peter S. Kastner Posted by Anonymous at 7:32?PM No comments: Email ThisBlogThis!Share to TwitterShare to FacebookShare to Pinterest An Introduction to RAID6 IT professionals will want to read this article to understand the problem that RAID6 solves compared to RAID5. By adding a second, redundant hash disk to a RAID5 array, the RAID6 array is able to sustain multiple failures. Since many RAID5 arrays involve more than a dozen disk drives, the releative",,,,,,,,,,504,ARTICLE_HEAD,R1,medium,Expect to see these drives in servers for midline storage and in high-end consumer desktops. Is the end of the SCSI
,,,,Dell XPS,,,,some short-term revenue -- and with the hope of future China market share -- is making a pact with the devil. A pity that many software firms will ignore my warning. Peter S. Kastner Posted by Anonymous at 8:59?PM No comments: Email ThisBlogThis!Share to TwitterShare to FacebookShare to Pinterest First Reviews: Dell Dual-Core XPS Gen5 Intel's dual-core launch is expected before Memorial Day. The first review of a production-read,"some short-term revenue -- and with the hope of future China market share -- is making a pact with the devil. A pity that many software firms will ignore my warning. Peter S. Kastner Posted by Anonymous at 8:59?PM No comments: Email ThisBlogThis!Share to TwitterShare to FacebookShare to Pinterest First Reviews: Dell Dual-Core XPS Gen5 Intel's dual-core launch is expected before Memorial Day. The first review of a production-ready machine by PC Magazine confirms what we learned last week with the initial press publication of performance benchmarks. For $4,000, buyers of the Dell XPS Gen 5 wil",,,,,,,,,,505,ARTICLE_CONTINUATION,R1,medium,
,,,,Consumer Dual-Core PCs Arrive,AP,,,"versions of dual-cores for consumer and business desktops. Both companies will follow on next year with their respective desktop, server and mobile dual cores. Peter S. Kastner Posted by Anonymous at 7:48?PM No comments: Email ThisBlogThis!Share to TwitterShare to FacebookShare to Pinterest Thursday, April 07, 2005 iPod Sells Mac Mini at Best Buy As we have discussed on the On Computers radio show, Apple is on a renaissanc","versions of dual-cores for consumer and business desktops. Both companies will follow on next year with their respective desktop, server and mobile dual cores. Peter S. Kastner Posted by Anonymous at 7:48?PM No comments: Email ThisBlogThis!Share to TwitterShare to FacebookShare to Pinterest Thursday, April 07, 2005 iPod Sells Mac Mini at Best Buy As we have discussed on the On Computers radio show, Apple is on a renaissance roll, driven by the widespread adoption of the iPod. This week, Best Buy said it would give retail shelf space to Apple's Mac Mini -- the lowest priced model of the Macint",,,,,,,,,,506,ARTICLE_CONTINUATION,R1,medium,
,,,,That makes the introduction of dual core processors for personal computing this spring not just another product,,,,"tory of the information technology industry. Bottom Line: intense computing users who do lots of multi-tasking will ""feel"" better performance in every day work with a dual-core processor, even though some individual tasks may take longer. Peter S. Kastner Posted by Anonymous at 3:14?PM No comments: Email ThisBlogThis!Share to TwitterShare to FacebookShare to Pinterest Your Computer Legal Rights and Responsibilities We talk about digital rights manage","That makes the introduction of dual core processors for personal computing this spring not just another product launch but a landmark in the history of the information technology industry. Bottom Line: intense computing users who do lots of multi-tasking will ""feel"" better performance in every day work with a dual-core processor, even though some individual tasks may take longer. Peter S. Kastner Posted by Anonymous at 3:14?PM No comments: Email ThisBlogThis!Share to TwitterShare to FacebookShare to Pinterest Your Computer Legal Rights and Responsibilities We talk about digital rights manage",,,,,,,,,,508,ARTICLE_HEAD,R1,medium,That makes the introduction of dual core processors for personal computing this spring not just another product
,,,,"The price as low as $722 (qty 1,000) makes the Cranford value chips attractive for a new generation of low-cost 4-",AP,,,"The price as low as $722 (qty 1,000) makes the Cranford value chips attractive for a new generation of low-cost 4- way servers. Dell immediately jumped in with its offering. These will sell by the boxcar for web processing and Tier 1 apps. Peter S. Kastner Posted by Anonymous at 1:33?AM No comments: Email ThisBlogThis!Share to TwitterShare to FacebookShare to Pinterest Open-Source Fans Often Miss Business Basics I love this op ed piece. Could not have said it better myself: If open source really want","The price as low as $722 (qty 1,000) makes the Cranford value chips attractive for a new generation of low-cost 4- way servers. Dell immediately jumped in with its offering. These will sell by the boxcar for web processing and Tier 1 apps. Peter S. Kastner Posted by Anonymous at 1:33?AM No comments: Email ThisBlogThis!Share to TwitterShare to FacebookShare to Pinterest Open-Source Fans Often Miss Business Basics I love this op ed piece. Could not have said it better myself: If open source really wants to gets out of the back room and into the office, open-source supporters need to support op",,,,,,,,,,509,ARTICLE_HEAD,R1,medium,"The price as low as $722 (qty 1,000) makes the Cranford value chips attractive for a new generation of low-cost 4-"
,,,,Dell Latitude X1,,,,"bookShare to Pinterest Dell Launches Sweet Thin-and-Light Notebook As a road warrior, I am drooling over Dell's new 2.5 pound Latitude X1. The Latitude series are for managed enterprise PCs. Dell also has several other new notebooks here. Peter S. Kastner Posted by Anonymous at 1:13?AM No comments: Email ThisBlogThis!Share to TwitterShare to FacebookShare to Pinterest Xrackhosting debuts dedicated Mac Mini hosting You gotta love this. Xrackhosting debuts dedicated Mac Mini hosting. They ought to be a","Posted by Anonymous at 1:16?AM No comments: Email ThisBlogThis!Share to TwitterShare to FacebookShare to Pinterest Dell Launches Sweet Thin-and-Light Notebook As a road warrior, I am drooling over Dell's new 2.5 pound Latitude X1. The Latitude series are for managed enterprise PCs. Dell also has several other new notebooks here. Peter S. Kastner Posted by Anonymous at 1:13?AM No comments: Email ThisBlogThis!Share to TwitterShare to FacebookShare to Pinterest Xrackhosting debuts dedicated Mac Mini hosting You gotta love this. Xrackhosting debuts dedicated Mac Mini hosting. They ought to be ab",,,,,,,,,,510,ARTICLE_HEAD,R1,medium,Posted by Anonymous at 1:16?AM No comments:
,,,,HP Telecomm with T-Mobile,,,,"pull the product until HP fixes the software is not good news for HP's heretofore good reputation in the telecomm industry. As a T-Mobile customer for the 6315, I can see why T-Mobile went to the extraordinary step of pulling the product. Peter S. Kastner P","to spontaneously do a hard ""factory reboot"" while sitting idle, powered on, in the USB dock of my desktop PC. Factory reboot means all the data in the PDA becomes missing in action. Obviously, T-Mobile has had more than a few customer complaints. To pull the product until HP fixes the software is not good news for HP's heretofore good reputation in the telecomm industry. As a T-Mobile customer for the 6315, I can see why T-Mobile went to the extraordinary step of pulling the product. Peter S. Kastner P",,,,,,,,,,512,ARTICLE_CONTINUATION,R1,medium,
,,,,Oracle Outbids SAP for Retek Retail Apps,AP,,,"Apps SAP flinched at $11 and Oracle swooped in for the close. As we said yesterday, this is not the last of the Oracle-SAP vertical market fights. Expect Wall Street to turn its eyes onto Manhattan Associates as SAP's bridesmaid choice. Peter S. Kastner Posted by Anonymous at 1:18?AM No comments: Email ThisBlogThis!Share to TwitterShare to FacebookShare to Pinterest Tuesday, March 22, 2005 Sigh. Computers Make Kids Dumber With a quantitative study of 100,000 children worldwide, UK re","Email ThisBlogThis!Share to TwitterShare to FacebookShare to Pinterest Oracle Outbids SAP for Retek's Retail Apps SAP flinched at $11 and Oracle swooped in for the close. As we said yesterday, this is not the last of the Oracle-SAP vertical market fights. Expect Wall Street to turn its eyes onto Manhattan Associates as SAP's bridesmaid choice. Peter S. Kastner Posted by Anonymous at 1:18?AM No comments: Email ThisBlogThis!Share to TwitterShare to FacebookShare to Pinterest Tuesday, March 22, 2005 Sigh. Computers Make Kids Dumber With a quantitative study of 100,000 children worldwide, UK re",,,,,,,,,,515,ARTICLE_HEAD,R1,medium,Email ThisBlogThis!Share to TwitterShare to FacebookShare to Pinterest
,,,,Mac Picks Up Market Share,,,,"Another indicator that Mac is picking up market share: more hacking attacks on OS X. Peter S. Kastner Posted by Anonymous at 12:11?AM No comments: Email ThisBlogThis!Share to TwitterShare to FacebookShare to Pinterest Monday, March 21, 2005 Corporate Cyber Attacks Increase, Cost $2M Each ""Cyberintruders have stepped up their attacks on corporate com","Another indicator that Mac is picking up market share: more hacking attacks on OS X. Peter S. Kastner Posted by Anonymous at 12:11?AM No comments: Email ThisBlogThis!Share to TwitterShare to FacebookShare to Pinterest Monday, March 21, 2005 Corporate Cyber Attacks Increase, Cost $2M Each ""Cyberintruders have stepped up their attacks on corporate computer networks, according to two surveys released Monday. Symantec (SYMC) , the world's largest supplier of anti-virus software, reports a 332% spike in worms and viruses launched against Windows desktop computers and servers in the last half of 2",,,,,,,,,,516,UNKNOWN,R1,medium,
,,,,"In this case, the electronic bank robber was caught. However, this writer can assure our dear readers that electronic",AP,,,"y, risking jail for the part of half a billion dollars has a better risk-reward than driving off with an ATM. [Update} Phishing also appears to be quite lucrative. The Brazilian police just landed a perp accused of $37M in phishing fraud. Peter S. Kastner Posted by Anonymous at 10:46?PM No comments: Email ThisBlogThis!Share to TwitterShare to FacebookShare to Pinterest Tuesday, March 22, 2005 Psst, Sony Playstations","In this case, the electronic bank robber was caught. However, this writer can assure our dear readers that electronic bank fraud is real, and the scams are geting bigger. Obviously, risking jail for the part of half a billion dollars has a better risk-reward than driving off with an ATM. [Update} Phishing also appears to be quite lucrative. The Brazilian police just landed a perp accused of $37M in phishing fraud. Peter S. Kastner Posted by Anonymous at 10:46?PM No comments: Email ThisBlogThis!Share to TwitterShare to FacebookShare to Pinterest Tuesday, March 22, 2005 Psst, Sony Playstations",,,,,,,,,,517,ARTICLE_HEAD,R1,medium,"In this case, the electronic bank robber was caught. However, this writer can assure our dear readers that electronic"
,,,,Caveat: Be sure to have your user manual so that you can get back to factory settings if you really mess up. You also,,,,"Caveat: Be sure to have your user manual so that you can get back to factory settings if you really mess up. You also ought to have a copy of the latest Linksys firmware available. Peter S. Kastner Posted by Anonymous at 12:12?AM No comments: Email ThisBlogThis!Share to TwitterShare to FacebookShare to Pinterest Sunday, March 20, 2005 SIA, Barrett Renew Call For funds To Preserve U.S. Leadership U.S. leadership in technology is under assault,""","Caveat: Be sure to have your user manual so that you can get back to factory settings if you really mess up. You also ought to have a copy of the latest Linksys firmware available. Peter S. Kastner Posted by Anonymous at 12:12?AM No comments: Email ThisBlogThis!Share to TwitterShare to FacebookShare to Pinterest Sunday, March 20, 2005 SIA, Barrett Renew Call For funds To Preserve U.S. Leadership U.S. leadership in technology is under assault,"" said Intel CEO Barrett, in a statement. ""The challenge we face is global in nature and broader in scope than any we have faced in the past."" ""Federal f",,,,,,,,,,518,ARTICLE_HEAD,R1,medium,Caveat: Be sure to have your user manual so that you can get back to factory settings if you really mess up. You also
,,,,Microsoft Windows XP service pack 2 leaks,,,,"Peter S. Kastner Posted by Anonymous at 11:04?PM No comments: Email ThisBlogThis!Share to TwitterShare to FacebookShare to Pinterest Internet Explorer 7.0 Details Start Leaking ""Internet Explorer 7.0 won't run just on Windows XP Service Pack 2, according to a new po","Peter S. Kastner Posted by Anonymous at 11:04?PM No comments: Email ThisBlogThis!Share to TwitterShare to FacebookShare to Pinterest Internet Explorer 7.0 Details Start Leaking ""Internet Explorer 7.0 won't run just on Windows XP Service Pack 2, according to a new posting on Microsoft's ""IE Blog."" It also will work on follow-ons to SP2, which include Windows XP Professional x64 and Windows Server 2003 Service Pack 1, both of which are due out in the next couple of months. Still no word on whether the updated ver",,,,,,,,,,519,ARTICLE_HEAD,R1,medium,Peter S. Kastner
,,,,"Note the new model numbers AMD has chosen, which identify the feature class and relative speed. Looks like AMD",AP,,,"he new model numbers AMD has chosen, which identify the feature class and relative speed. Looks like AMD is imitating Intel's 2004 switch to the same (applaudable) idea: get rid of gigahertz as the main identifier of processor performance. Peter S. Kastner Posted by Anonymous at 12:51?AM Tuesday, March 15, 2005 SHA-1 Hash Flaw Draws Serious Industry Response Last month, news reports that academic researchers in China had found a flaw in the widely used SHA-1 hashing algorithm raised a few eyebrows bu","Note the new model numbers AMD has chosen, which identify the feature class and relative speed. Looks like AMD is imitating Intel's 2004 switch to the same (applaudable) idea: get rid of gigahertz as the main identifier of processor performance. Peter S. Kastner Posted by Anonymous at 12:51?AM Tuesday, March 15, 2005 SHA-1 Hash Flaw Draws Serious Industry Response Last month, news reports that academic researchers in China had found a flaw in the widely used SHA-1 hashing algorithm raised a few eyebrows but quickly passed from the headlines. Fast forward a month, and today's Wall Street Jou",,,,,,,,,,523,ARTICLE_HEAD,R1,medium,"Note the new model numbers AMD has chosen, which identify the feature class and relative speed. Looks like AMD"
,,,,DDR2 Performance gains,AP,,,emory performance Game PC on DDR benchmark and tests of 3 high-end DDR2 memory products suggests DDR2 is starting to pull away in performance with DDR2-600. And the cost differential between premium DDR memory and DDR2 memory is not large. [Peter S. Kastner] Ways to tell what hardware you have Belarc and Everest Google Converts Your Phone Number Into a Map to Your House from the blog. Ageia Physics Processing Unit Improve Photo Realism of games! Interview with agei,Geekmeet What Memory is Best? DDR on Pentium4 (old) DDR versus DDR2 Anand Tech on DDR2 and X-Bit Labs also on DDR versus DDR2 memory performance Game PC on DDR benchmark and tests of 3 high-end DDR2 memory products suggests DDR2 is starting to pull away in performance with DDR2-600. And the cost differential between premium DDR memory and DDR2 memory is not large. [Peter S. Kastner] Ways to tell what hardware you have Belarc and Everest Google Converts Your Phone Number Into a Map to Your House from the blog. Ageia Physics Processing Unit Improve Photo Realism of games! Interview with agei,,,,,,,,,,527,UNKNOWN,R1,medium,
,,,,DRAM spot prices lower,,,,"Spot prices for DRAM continue to drop, suggesting lower prices by OEMs -- or better deals for memory upgrades. Peter S. Kastner Posted by Anonymous at 11:04?PM No comments: Email ThisBlogThis!Share to TwitterShare to FacebookShare to Pinterest IT Holiday: No Microsoft Patches This Month Microsoft does not plan to release any security bulletins or patches this month. Last mon","Spot prices for DRAM continue to drop, suggesting lower prices by OEMs -- or better deals for memory upgrades. Peter S. Kastner Posted by Anonymous at 11:04?PM No comments: Email ThisBlogThis!Share to TwitterShare to FacebookShare to Pinterest IT Holiday: No Microsoft Patches This Month Microsoft does not plan to release any security bulletins or patches this month. Last month Microsoft issued 13 security bulletins covering 17 security flaws. Looks like IT (and consumers) get a holiday this month. Would that this is the start of a trend where Windows is more secure and fewer bugs need patch",,,,,,,,,,530,UNKNOWN,R1,medium,
,,,,Speed up Windows reboots,AP,,,Peter S. Kastner Posted by Anonymous at 6:31?PM No comments: Email ThisBlogThis!Share to TwitterShare to FacebookShare to Pinterest Tip: Faster Windows Startup Good article on how to systematically speed up your Windows XP re-boots. Peter S. Kastner Posted by Anony,"Peter S. Kastner Posted by Anonymous at 6:31?PM No comments: Email ThisBlogThis!Share to TwitterShare to FacebookShare to Pinterest Tip: Faster Windows Startup Good article on how to systematically speed up your Windows XP re-boots. Peter S. Kastner Posted by Anonymous at 6:26?PM No comments: Email ThisBlogThis!Share to TwitterShare to FacebookShare to Pinterest Tips: iPod Without the iTunes Like 91% of all hard-disk music player owners, I have an iPod. It took a while -- months really -- to begin to appreciat",,,,,,,,,,536,ARTICLE_HEAD,R1,medium,Peter S. Kastner
X,,,,Peter S. Kastner,AP,,,"Peter S. Kastner Posted by Anonymous at 6:31?PM No comments: Email ThisBlogThis!Share to TwitterShare to FacebookShare to Pinterest Tip: Faster Windows Startup Good article on how to systematically speed up your Windows XP re-boots. Peter S. Kastner Posted by Anonymous at 6:26?PM No comments: Email ThisBlogThis!Share to TwitterShare to FacebookShare to Pinterest Tips: iPod Without the iTunes Like 91% of all hard-disk music player owners, I have an iPod. It took a while -- months really -- to be","Peter S. Kastner Posted by Anonymous at 6:31?PM No comments: Email ThisBlogThis!Share to TwitterShare to FacebookShare to Pinterest Tip: Faster Windows Startup Good article on how to systematically speed up your Windows XP re-boots. Peter S. Kastner Posted by Anonymous at 6:26?PM No comments: Email ThisBlogThis!Share to TwitterShare to FacebookShare to Pinterest Tips: iPod Without the iTunes Like 91% of all hard-disk music player owners, I have an iPod. It took a while -- months really -- to begin to appreciate all the things you can do with it...and play music too. However, iTunes is not the",,,,,,,,,,536,ARTICLE_HEAD,R1,medium,Peter S. Kastner
,,,,IBM and Apple talk cells,AP,,,"dnesday, February 23, 2005 Eden Redux: IBM Offers Cell to Apple Interesting speculation on what Apple might be in for with a Cell-based machine running Mac OS X. Short answer: Lots of tuning and maybe not that much bang compared to the G5. Peter S. Kastner Posted by Anonymous at 9:05?PM No comments: Email ThisBlogThis!Share to TwitterShare to FacebookShare to Pinterest Google plans web page links. Good or bad? Google's plans to overlay its own links onto search-result web pages is in beta. Like Micros","Email ThisBlogThis!Share to TwitterShare to FacebookShare to Pinterest Wednesday, February 23, 2005 Eden Redux: IBM Offers Cell to Apple Interesting speculation on what Apple might be in for with a Cell-based machine running Mac OS X. Short answer: Lots of tuning and maybe not that much bang compared to the G5. Peter S. Kastner Posted by Anonymous at 9:05?PM No comments: Email ThisBlogThis!Share to TwitterShare to FacebookShare to Pinterest Google plans web page links. Good or bad? Google's plans to overlay its own links onto search-result web pages is in beta. Like Microsoft's aborted SmartL",,,,,,,,,,538,ARTICLE_HEAD,R1,medium,Email ThisBlogThis!Share to TwitterShare to FacebookShare to Pinterest
,,,,Intel 90mm Prescott CPUs,,,,"Peter S. Kastner Intel's 90 nm Prescott silicon specs. Posted by Anonymous at 4:12?AM No comments: Email ThisBlogThis!Share to TwitterShare to FacebookShare to Pinterest Monday, February 07, 2005 Blade Servers Begin to Catch On With 2004 sales north of $1 billion a","Peter S. Kastner Intel's 90 nm Prescott silicon specs. Posted by Anonymous at 4:12?AM No comments: Email ThisBlogThis!Share to TwitterShare to FacebookShare to Pinterest Monday, February 07, 2005 Blade Servers Begin to Catch On With 2004 sales north of $1 billion and a 5% market share, blade servers are accelerating up the adoption-curve hockey stick. Author of this link, Timothy Prickett Morgan, asks why the adoption rate isn't even faster? The answer is IT inertia. Even the next best thing -- virtualization,",,,,,,,,,,543,ARTICLE_HEAD,R1,medium,Peter S. Kastner
,,,,"All the major microprocessor manufacturers are drooling over the next generation of digital lifestyle electronics,",AP,,,"ilable for servers and desktops. Units will be measured in billion over a decade, so market planners are paying more than the usual attention. While digital toasters are not on the 2005 Christmas list, I think this trend is worth watching. Peter S. Kastner Posted by Anonymous at 6:48?PM No comments: Napster takes rental media to portables Gearing up for a US$30 million anti-Apple iPod mar","All the major microprocessor manufacturers are drooling over the next generation of digital lifestyle electronics, driven by digital CPUs, stored programs, operating systems and all the development tools available for servers and desktops. Units will be measured in billion over a decade, so market planners are paying more than the usual attention. While digital toasters are not on the 2005 Christmas list, I think this trend is worth watching. Peter S. Kastner Posted by Anonymous at 6:48?PM No comments: Napster takes rental media to portables Gearing up for a US$30 million anti-Apple iPod mar",,,,,,,,,,544,ARTICLE_HEAD,R1,medium,"All the major microprocessor manufacturers are drooling over the next generation of digital lifestyle electronics,"