"row_id","horizon_label","horizon_int","headline","publication","date","kastner_quotation","analyst_prescience_score","analyst_accuracy_outcome","score_p1","bucket_p1","confidence_p1","rationale_p1","score_p2","bucket_p2","confidence_p2","rationale_p2","buckets_agree","p1_minus_p2"
"883","SH-3y","3","Unix draws a crowd","Computerworld","1990-03-19","went out of [its] way to be nothing like Stratus.","not-applicable","not-predictive","3","medium","2","Through the early 1990s Tandem’s Integrity and NonStop product lines continued to use their own process-pair and voting-style fault-tolerant designs, remaining architecturally distinct from Stratus’s lockstep pair-and-spare systems as Kastner characterized.[8][11] The two vendors maintained different implementation philosophies and software stacks at least through the mid‑1990s, with Tandem’s NonStop lineage and Stratus’s platforms evolving separately rather than converging on a common model.[8][11][13] However, the quote mainly described an already-present design choice rather than forecasting a future market or technology shift, so its prescience is limited even though it was directionally accurate over the 3‑year horizon.[8][13]","0","low","2","The statement is a characterization of Tandem’s design and product-strategy intent relative to Stratus at a point in time, not a falsifiable prediction about future technology or market evolution. While Tandem and Stratus did maintain distinct architectural approaches in the early 1990s, there is no clear way to verify whether Tandem ""went out of its way"" to differ from Stratus, so the claim cannot be meaningfully judged for prescience over a three-year horizon. Accordingly, it is scored as not assessable rather than right or wrong.","false","3"
"884","SH-3y","3","Unix draws a crowd","Computerworld","1990-03-19","Does my application run better on a uniprocessor or spread over a bunch of general-purpose processors?","not-applicable","not-predictive","0","low","3","In the early 1990s, enterprises indeed weighed high-performance uniprocessor systems against emerging multiprocessor and fault-tolerant Unix platforms such as Tandem NonStop and similar systems, but this was already a contemporary reality rather than a future-looking forecast[8]. The quoted remark is a rhetorical framing of an existing trade-off and does not make a concrete prediction about how performance or adoption would evolve, so its prescience cannot meaningfully be assessed.","0","low","3","The quoted text is framed purely as a rhetorical question about how to choose between uniprocessor and multiprocessor systems, not as a prediction that one approach would prevail or how the market would evolve. Because it does not actually forecast a trend, adoption pattern, or outcome over the 3‑year horizon, there is no meaningful claim to evaluate for prescience.","true","0"
"950","SH-3y","3","Sybase sets its own direction","Computerworld","1993-05-03","Sybase has always been known for blazing their own technology path and not necessarily following the rest of the industry,","not-applicable","not-predictive","3","medium","3","From 1993 to roughly 1996, Sybase did pursue some distinctive technologies such as System 10 with integrated Replication Server and Open Client/Open Server middleware, and then Sybase IQ as an early columnar analytics database, which supported the idea that it was willing to chart its own technical course. At the same time, its core Adaptive Server (then SQL Server/ASE) remained a conventional relational client/server database closely tracking industry norms alongside Oracle7 and Informix, and Sybase did not end up defining the mainstream model for distributed enterprise computing, with Oracle and later Microsoft SQL Server becoming the primary reference points. Thus the characterization of Sybase as a consistent technology path-blazer was only partly borne out in the subsequent three years and did not become its enduring reputation.","3","medium","3","Sybase in the late 1980s and early 1990s did pursue and was recognized for a distinct technology path, notably with its early commercial client/server RDBMS, Open Client/Open Server middleware interfaces, and its Transact-SQL and stored procedure-centric model that differed from Oracle’s implementation. Between 1993 and roughly 1996, it continued to push its own agenda with products like System 10/System 11, Replication Server, and Sybase IQ for decision support, emphasizing distributed and client/server computing even as Oracle and others focused more heavily on large SMP Unix and emerging data warehousing stacks. However, by the mid-1990s most major RDBMS vendors had adopted similar distributed and client/server capabilities, and Sybase increasingly followed broader industry trends rather than defining them, so the strong form of “always been known for blazing their own path” only partially held up.","true","0"
"951","SH-3y","3","Sybase sets its own direction","Computerworld","1993-05-03","Clearly, they can differentiate themselves by finding a better model for distributed enterprise computing, and that's what they believe they've got with System 10.","high","validated","2","medium","3","System 10 did introduce notable distributed enterprise features such as Replication Server and gateway technology, and Sybase remained identified with advanced client/server and replication in several financial and telecom niches through the mid‑1990s. However, the System 10 line suffered from quality and delivery problems, Microsoft split from Sybase and took SQL Server its own way in 1994, and Oracle 7 continued to consolidate leadership in distributed enterprise databases, so Sybase did not achieve a clearly superior or broadly market-differentiating distributed model by 1996. In retrospect, System 10 gave Sybase some technical distinction but not the kind of sustained, widely acknowledged differentiation that the quote implies would be possible.","2","medium","3","Sybase System 10 did introduce a relatively sophisticated client/server and distributed computing architecture, and in the mid‑1990s it was adopted in some large-scale financial and telecom environments, giving Sybase a measure of technical differentiation. However, within roughly three years Oracle 7 and the rapidly improving Microsoft SQL Server pulled ahead in market share and mindshare, while Sybase struggled with buggy releases and stalled growth, so System 10’s “better model” did not translate into durable competitive differentiation and marked the beginning of Sybase’s long relative decline.","true","0"
"946","SH-3y","3","IMRS TO PUSH CLIENT/SERVER","Computerworld","1993-04-19","The client/server application market is wide open. A lot of companies haven't delivered products yet, and the reality is that purchases won't be made until 1994,","medium","partially-validated","4","high","3","In 1993 the packaged client/server financials and ERP market was still early, with vendors like SAP (R/3), PeopleSoft, Oracle, and Baan only beginning to ship robust client/server suites and many enterprises still on mainframe or minicomputer general-ledger systems. Large waves of client/server financial and ERP purchasing did in fact accelerate in the 1994–1996 window, as these suites matured and enterprises began major replacement projects, confirming the idea that many buyers were waiting for more complete products. While some pioneering deals closed before 1994, the characterization of a wide-open market in 1993 and the timing of mainstream purchasing starting around 1994 were directionally accurate, warranting a high but not perfect score.","4","high","3","By 1993, most large enterprises still relied on mainframe-based financial and accounting systems, and surveys from the mid‑1990s show only a small minority of mainframe shops were actively developing client/server applications, indicating that the market was indeed still emerging. Large-scale purchasing of client/server financial and ERP suites — such as SAP R/3, Oracle Financials, and PeopleSoft — ramped up dramatically from about 1994 through 1996, aligning well with the prediction that broad purchasing would not occur until 1994. The only caveat is that some early adopters began buying earlier and leading vendors crystallized quickly, so the market was not “wide open” for very long.","true","0"
"921","SH-3y","3","Streamlining restores Informix to health","Computerworld","1992-08-03","A lot of companies hit $150 million in annual revenue, as Informix did, and they have to stop and re-evaluate what business they are really in,","high","validated","0","low","3","The quotation is essentially a generic management truism about firms around $150 million needing to reassess strategy, not a concrete, time-bound prediction about Informix’s future. Informix did streamline in the early 1990s, deemphasizing non-core products and focusing on its database and tools business while growing into a major Unix RDBMS vendor by the mid-1990s, but this restructuring was already underway at the time of the article rather than a forecast that could be judged over the subsequent three years. Because the claim lacks specific falsifiable content tied to the 3‑year horizon, its prescience cannot be meaningfully assessed.","0","low","2","The quotation is a generic management truism about companies needing to reassess strategy at around $150 million in revenue, and it mainly describes Informix’s then-current situation rather than predicting a concrete future outcome. In the three years after 1992, Informix’s revenue grew well beyond that level and the company did refocus on core database and tools while de-emphasizing ancillary applications, but those shifts were already underway and the statement does not make a specific, falsifiable claim about what would happen by 1995. Because it lacks clear, testable content tied to the forecast horizon, its prescience cannot be meaningfully assessed.","true","0"
"922","SH-3y","3","Streamlining restores Informix to health","Computerworld","1992-08-03","They had a database, some office automation tools and [Innovative Software, Inc.'s] Wingz [graphical spreadsheet]. The synergy of those products wasn't all that obvious, and the company wasn't big enough to keep all those major product areas up to snuff,","not-applicable","not-predictive","5","high","3","Kastner’s diagnosis that Informix lacked the scale and product synergy to sustain databases, office automation, and the Wingz spreadsheet was borne out within a few years, as the company’s office automation efforts and Wingz failed commercially and were effectively abandoned or passed on (e.g., the Mac version becoming Claris Resolve) while Informix refocused on its Unix database and related tools. By the mid‑1990s Informix was essentially a database/tools company rather than a broad productivity-suite vendor, validating his view that it could not keep all those major product areas ‘up to snuff’ and needed to concentrate on its core database business.","4","high","3","Within a few years, Informix effectively abandoned Wingz and de-emphasized its office automation products, while concentrating investment and marketing on its core database technologies such as Informix-OnLine. The database business became the company’s growth and identity driver through the mid-1990s, and the productivity tools never achieved strategic or financial parity, validating the view that there was little real synergy and insufficient scale to keep all those lines competitive. The claim is more a shrewd diagnosis than a bold long-range prediction, but it aligns well with how Informix’s portfolio and strategy actually evolved over the 3-year horizon.","true","1"
"910","SH-3y","3","3,700 depart in DEC retirement plan","Computerworld","1992-06-08","Too many people are focused on a single variable the number of employees at DEC and its rate of change without looking at the bigger pictures,","high","validated","4","high","3","In the three years after 1992, DEC continued to struggle despite repeated layoffs and headcount reductions, as revenue and profits remained under pressure and its core minicomputer product lines kept losing ground to Unix servers and PCs[1]. The technically impressive Alpha architecture and growing services business could not offset structural declines in its traditional systems franchise, and by the mid‑1990s DEC was widely viewed as a company with deep strategic and product‑market problems rather than one that merely needed to resize its workforce[1][9].","4","high","3","Kastner’s point that DEC’s problems went beyond headcount proved accurate, as the company’s core minicomputer and VAX product sales continued to erode in the early 1990s under pressure from Unix servers and PC-based client-server systems. Between 1992 and roughly 1995, DEC went through repeated restructurings and losses, pivoting to Alpha and services but failing to restore its former growth, showing that the ""bigger picture"" of deteriorating product competitiveness and market shifts mattered more than any single downsizing event. This broader structural decline culminated later in the decade with DEC’s weakened position and its 1998 acquisition by Compaq, reinforcing that focusing only on employee counts obscured the real issues.","true","0"
"911","SH-3y","3","3,700 depart in DEC retirement plan","Computerworld","1992-06-08","DEC's product sales have been deteriorating for the past several years. While the service business has been growing by around 18%, it's not enough to take up the slack.","not-applicable","not-predictive","5","high","3","From 1992 through 1994, DEC's hardware and minicomputer product revenues continued to decline, producing large losses such as a net loss of over $2 billion on $13.5 billion in revenue in fiscal 1994[1][4]. The expanding services business could not compensate: DEC undertook major restructurings and announced plans in 1994 to cut 20,000 jobs and close or sell facilities as product margins eroded[2][11]. These dynamics persisted into the mid-1990s, with services still insufficient to offset deteriorating product sales, culminating in DEC's weakened state and eventual acquisition by Compaq in 1998[4][8].","4","high","3","From 1992 through the mid-1990s, DEC’s core hardware and systems product revenues continued to erode under pressure from Unix workstations and commodity PCs, forcing repeated restructurings and layoffs. Its services and support business did grow and became a larger share of revenue, but this growth did not restore overall revenue or profitability to prior levels, and the company remained financially weakened. The fact that DEC never achieved a sustained turnaround and was ultimately acquired by Compaq later in the decade shows that services growth was insufficient to offset deteriorating product sales in the years following the quote.","true","1"
"912","SH-3y","3","3,700 depart in DEC retirement plan","Computerworld","1992-06-08","DEC is focused on Alpha as the answer to all future questions, and they're willing to rewrite history at the very dear expense of their [Mips Computer Systems, Inc.-based] customers,","high","validated","4","high","3","Within three years of 1992, DEC had clearly repositioned the company around the 64-bit Alpha architecture, marketing it as the strategic successor for both its VAX and Unix product lines rather than continuing to invest heavily in multiple CPU families. Over this same period, DEC effectively wound down its MIPS-based DECstation workstation line and pushed customers toward Alpha-based systems, validating the warning that MIPS customers would be disadvantaged even if the phrasing about ""all future questions"" overstates the degree to which other platforms persisted in the mid‑1990s.","5","high","3","From 1992–1995, DEC rapidly repositioned its product strategy around the Alpha AXP architecture, marketing it as the unified future for both workstations and servers while deemphasizing VAX and effectively abandoning its short-lived MIPS workstation line. DEC canceled OSF/1 and further development on MIPS-based DECstations and moved new OSF/1 work to Alpha only, forcing MIPS customers either to migrate to Alpha or to other vendors at their own cost, with no real low-cost MIPS/OSF/1 path maintained. This confirmed the analyst’s characterization that DEC would ""rewrite history"" around Alpha at the expense of its MIPS installed base within the three-year horizon.","true","-1"
"903","SH-3y","3","For start-up, $2 million is Serius money","Computerworld","1992-01-27","But Objectvision comes with 25 pounds of documentation,","not-applicable","not-predictive","0","low","3","Kastner’s remark about ObjectVision coming with “25 pounds of documentation” is a colorful contemporaneous characterization of the product’s complexity and packaging, not a forward-looking prediction about its future or the market. While Borland ObjectVision did ship in the early 1990s as a forms-based Windows development tool with substantial printed manuals typical of the era, this statement does not assert anything to be validated over the 3‑year horizon. Because there is no concrete forecast about adoption, technology direction, or competitive outcomes embedded in the quote, it cannot meaningfully be scored for prescience.","0","low","3","The quoted remark is a contemporaneous characterization of ObjectVision’s documentation size and perceived complexity, not a forward-looking prediction about its future adoption or impact. While Borland ObjectVision remained a short-lived, niche forms-based Windows tool and was effectively sidelined by mid‑1990s shifts toward products like Visual Basic and later Delphi, this outcome cannot be causally or clearly tied to the specific claim about “25 pounds of documentation,” so the statement cannot be meaningfully scored for prescience against a three‑year horizon.","true","0"
"867","SH-3y","3","Mini vendors adapt in order to survive","Computerworld","1989-03-13","I think we'll be seeing people use their machines for only a few years,","high","validated","4","high","3","By the early 1990s, enterprise buyers of Unix workstations and PCs had in fact moved toward relatively short hardware lifecycles, with three- to four-year refresh cycles becoming common as prices fell and price/performance improved rapidly. Successive CPU and system generations such as 386→486→Pentium on the PC side and SPARCstation, HP 9000/PA-RISC, and IBM RS/6000 on the workstation side made machines bought even a few years earlier look comparatively underpowered, encouraging outright replacement rather than long-term use or major upgrades. Kastner’s timing and direction on a “few years” of use and then replacement were broadly correct, though actual refresh cycles in many organizations tended to be closer to 3–5 years than aggressively shorter, so the claim was slightly overstated rather than spot on.","4","high","3","By the early 1990s, enterprise desktop PCs and Unix workstations were on roughly three- to four-year refresh cycles as rapid gains in x86 and RISC performance, memory, and storage made machines bought only a few years earlier unattractive for new workloads. This stood in sharp contrast to the longer lifetimes of 1970s–early-1980s minicomputers, and foreshadowed the 1990s–2000s norm of treating client systems as relatively inexpensive, regularly replaced commodities, even though many organizations still stretched some hardware beyond three years. Overall, the direction toward short-lived, frequently replaced “throwaway” workstations was largely realized within the three-year horizon and then entrenched in enterprise IT practice thereafter.","true","0"
"868","SH-3y","3","Mini vendors adapt in order to survive","Computerworld","1989-03-13","By then the technology will have leapfrogged anything you have and you'll get another. And the cost will allow that.","high","validated","4","high","3","Within three years of 1989, workstation and PC performance was leapfrogging every product cycle, with rapid RISC and 386/486 advances making machines bought only a few years earlier look markedly underpowered. Enterprises increasingly adopted roughly three-year refresh cycles for desktops and technical workstations as price/performance improved, effectively treating front-line systems as replaceable rather than upgraded in place. However, many organizations continued to run minicomputers and even older workstations for five years or more and repurposed older machines, so the “throwaway” framing overstated how universal and rapid this replacement behavior became in the early 1990s.","4","high","3","Between 1989 and the early 1990s, workstation and PC performance and price/performance advanced extremely quickly (e.g., rapid transitions from 286/386 to 486 and from early SPARCstations to much faster models), making 3–4-year-old client systems feel markedly obsolete. Enterprises increasingly adopted short replacement cycles for PCs and technical workstations in the early 1990s as unit prices fell and capabilities jumped, effectively treating them as relatively disposable capital assets compared with 1980s minicomputers, even if not literally ‘throwaway’ in every case.","true","0"
"717","SH-3y","3","Compaq cleans up its act in battery disposal","Computerworld","1992-02-17","Compaq's release was . . . great PR, but eventually, it's quite possible that corporations will have to sort out their own toxic waste from ordinary office trash.","high","validated","3","medium","2","By the mid-1990s, regulations under RCRA and the 1995 U.S. Universal Waste Rule did begin pushing organizations to segregate items like batteries from ordinary trash, and many larger enterprises introduced internal collection programs for NiCd batteries, toner cartridges, and other hazardous office waste streams. However, this sorting was uneven, often outsourced to specialized waste handlers, and major responsibility for battery and toner take-back shifted toward manufacturers and collective schemes such as the Rechargeable Battery Recycling Corporation rather than making most corporations directly manage their own toxic waste. Over a three‑year horizon from 1992, Kastner’s suggestion that corporations would broadly “have to” sort their own toxic waste was only partially realized and more fully materialized much later as part of broader corporate sustainability and ISO 14001-style environmental management efforts.","3","medium","3","By the mid‑1990s, regulators and many large enterprises were indeed separating hazardous items such as nickel‑cadmium batteries and fluorescent lamps from general trash under existing hazardous‑waste rules and emerging ""universal waste"" classifications, and OEM take‑back programs for toner cartridges and batteries were expanding. However, within the 3‑year horizon the main policy and industry trajectory was toward manufacturer and retailer take‑back and specialized recyclers (e.g., the formation of RBRC in 1994 and, just beyond the horizon, the 1996 Mercury‑Containing and Rechargeable Battery Management Act), rather than a universal mandate that all corporations sort their own toxic waste from ordinary office trash, so the claim was directionally right but only partially realized in scope and timing.","true","0"
"904","SH-3y","3","Compaq cleans up its act in battery disposal","Computerworld","1992-02-17","Compaq's release was . . . great PR, but eventually, it's quite possible that corporations will have to sort out their own toxic waste from ordinary office trash,","medium","partially-validated","4","high","3","Within a few years of 1992, regulations and corporate environmental policies increasingly required businesses to segregate hazardous materials like nickel-cadmium batteries and other toxic waste from ordinary office trash, rather than simply discarding them in general refuse. The U.S. EPA’s mid-1990s Universal Waste Rule and similar state and international measures pushed companies to implement separate collection, labeling, and recycling streams for batteries and other toxics, and many enterprises set up internal programs and bins to keep these materials out of regular trash, even though specialized vendors handled final disposal. Kastner’s direction—that corporations would become responsible for separating their own toxic waste from everyday office garbage—proved largely accurate, although the full effect played out over a slightly longer horizon than three years and was implemented through structured programs rather than ad hoc sorting by end users.","3","medium","2","By the mid‑1990s, some U.S. states had begun mandating recycling or special handling of nickel‑cadmium batteries and other hazardous materials, and large organizations were increasingly required under RCRA and state rules to segregate regulated hazardous waste streams from ordinary trash. However, within the 3‑year horizon this was not yet a universal or rigorously enforced requirement for typical office battery waste, and over the longer term much of the operational burden shifted to producer/retailer take‑back and specialized recyclers rather than routine, comprehensive sorting of all office toxic waste by corporations themselves.","false","1"
"905","SH-3y","3","Compaq cleans up its act in battery disposal","Computerworld","1992-02-17","is not just hype. There is a need, and I believe over time, corporations will mandate that they recycle","high","validated","2","medium","2","Between 1992 and the 1995 forecast horizon, only a minority of large firms had formal internal mandates requiring employees to recycle items like nickel-cadmium batteries or toner cartridges; most activity was ad hoc or driven by regulatory compliance for hazardous waste, not broad corporate policy. More systematic corporate recycling mandates and takeback programs for batteries and electronic waste became common only later, aided by measures such as the mid- to late-1990s battery regulations and 2000s–2010s e‑waste and ESG initiatives, so the direction was eventually borne out but the timing and implied ubiquity were off for the stated 3‑year window.","3","medium","2","By the 3-year horizon around 1995, vendor take-back programs for toner cartridges and nickel-cadmium batteries (such as HP’s and Compaq’s) existed, and some large enterprises participated, but explicit corporate-wide mandates that employees or business units recycle these specific products were not yet widespread. Broader regulatory drivers like the U.S. Mercury-Containing and Rechargeable Battery Management Act (1996) and later e-waste and corporate ESG policies in the 2000s–2010s eventually pushed many corporations to formalize battery and consumables recycling, so the direction of Kastner’s claim proved correct over a longer timeframe than the 3-year window used for scoring. Thus, the prediction was directionally right but early for the specified horizon, meriting a mid-level score.","true","-1"
"1001","SH-3y","3","Compaq cleans up its act in battery disposal","Computerworld","1992-02-17","is not just hype. There is a need, and I believe over time, corporations will mandate that they recycle these products.","medium","partially-validated","3","medium","2","Kastner correctly anticipated that recycling of toxic rechargeable batteries would become a real operational and compliance need, and that organized recovery programs would emerge, as seen in the mid-1990s creation of industry take-back schemes for NiCd batteries and later regulatory frameworks like the EU Battery Directive and U.S. state landfill bans. However, within roughly three years of 1992, widespread company-level mandates for employees or business units to recycle portable-computer batteries were still the exception rather than the norm; most activity was vendor- or regulator-driven and broader corporate e-waste and battery-recycling policies only became common in large enterprises in the 2000s. Thus the direction was right but the strength and timing of “corporations will mandate” recycling were overstated for the stated horizon.","3","medium","2","The claim that there was a genuine need to recycle nickel–cadmium batteries was accurate and quickly validated by early- to mid‑1990s environmental regulations and industry initiatives focused on hazardous battery waste. However, by roughly three years out (around 1995), only a minority of large enterprises and vendors had formal internal mandates or take‑back schemes for battery recycling, with broader, explicit corporate recycling mandates and ESG policies emerging more substantially in the late 1990s and 2000s rather than within the stated short horizon. Over the longer term the directional prediction proved right, but within the 3‑year window corporate mandates were limited and uneven, so the forecast is only partially borne out.","true","0"
"961","SH-3y","3","Stratus' Unix systems to act as SNA hosts","Computerworld","1993-08-16","Whether justified or not, FTX is regarded as less reliable,","not-applicable","not-predictive","0","low","2","The quoted sentence is a contemporaneous characterization of customer perception in 1993, not a clear prediction about how FTX reliability or its perception would evolve over the following three years. Historical sources on Stratus focus on FTX’s role as a niche fault-tolerant Unix and its eventual stagnation, but do not clearly document whether it continued to be regarded as less reliable than VOS or competing Unix platforms in the 1993–1996 period. Because the claim is about moment-in-time sentiment and later evidence on that specific perception is sparse, its prescience over a three‑year horizon cannot be reliably assessed.","0","low","2","The quotation characterizes a contemporaneous perception of Stratus’ FTX Unix as “less reliable” relative to expectations for fault‑tolerant systems, rather than making a clear forward-looking prediction. While Stratus’ proprietary VOS systems and later Intel-based ftServer platforms running Windows and Linux became its defining high-availability offerings and FTX Unix never achieved broad market traction, there is insufficient objective evidence about 1993–1996 customer perceptions to judge how accurate this specific reputational claim was over the stated horizon. Because the claim is narrow, subjective, and not clearly predictive, its prescience cannot be reliably assessed.","true","0"
"962","SH-3y","3","Stratus' Unix systems to act as SNA hosts","Computerworld","1993-08-16","And if FTX is not perceived as rock-solid, that kind of blows away the whole marketing rationale","not-applicable","not-predictive","4","high","2","Stratus’ FTX fault-tolerant Unix never became a major SNA downsizing host platform in the mid‑1990s, and Stratus remained a niche vendor while most SNA and OLTP workloads stayed on IBM mainframes or moved toward more standard Unix and later TCP/IP-centric architectures. Perceptions that FTX did not match the proven reliability of VOS, combined with rising competition from commodity Unix systems and Stratus’ eventual pivot toward other operating systems (HP‑UX, then Windows and Linux on ftServer and successors), meant the original marketing rationale for FTX as a rock‑solid SNA host was effectively undermined within a few years of the claim.","4","high","2","Stratus’ FTX fault-tolerant Unix line never achieved widespread adoption as an SNA host in the mid‑1990s, and conservative banking and financial users largely stayed on established VOS systems or IBM mainframes rather than migrating wholesale to FTX. The company’s differentiation in the market continued to be tied to perceptions of near‑mainframe reliability, and FTX was not viewed as clearly superior to other Unix platforms on that dimension, undercutting its marketing pitch for mission‑critical SNA workloads. By the late 1990s and 2000s Stratus’ strategic emphasis shifted toward newer fault‑tolerant platforms such as ftServer running Windows and later Linux, confirming that FTX had not fulfilled its original marketing rationale as a dominant SNA host platform.","true","0"
"789","SH-3y","1","A move to build PCs without Windows","The Christian Science Monitor","2002-10-21","I have been out on a limb saying 5 percent of the market could be on Linux a year from now.","low","contradicted","1","low","3","By late 2003, desktop Linux market share was still well under a few percent globally, with most usage-share measurements keeping it around 1% and Windows continuing to dominate above 90%. Even through the mid‑2000s the Linux desktop never came close to 5% of the overall PC market, and as of the 2010s–2020s it only gradually climbed into the low single digits in most global estimates. Kastner’s forecast of 5% desktop market share within a year was therefore badly off in both timing and magnitude, despite being directionally aligned with modest long‑term growth in Linux adoption.","1","low","3","Within a year of the 2002 quote, Linux desktop share was widely estimated around 1–2%, far below the forecast 5%, and it did not approach that level in the mid‑2000s. Even by the mid‑2020s, global desktop Linux (excluding ChromeOS) is only around 3–4% according to StatCounter-based summaries and aggregated OS usage data, meaning the predicted rapid shift to 5% desktop share was both mistimed and overstated[1][3][4]. Longer-term history shows Linux remained a niche desktop OS while Windows and then macOS retained the overwhelming majority of the desktop market.","true","0"
"888","SH-3y","3","Integration vs. specialization","Computerworld","1990-05-07","Major application suppliers are using 4GLs and CASE technology to allow users to maintain and customize their base-level applications,","not-applicable","not-predictive","4","high","3","Between 1990 and roughly 1993, leading enterprise application vendors such as SAP (via ABAP/4GL), Oracle (via Designer/Developer and Oracle CASE), and PeopleSoft (via PeopleTools) did in fact rely on 4GL-style environments and code generators to let customer IT staff maintain and tailor packaged financial and ERP applications. CASE tools ultimately failed to achieve their grand long‑term ambitions and broad end‑user penetration, but in the early 1990s major suppliers were actively embedding 4GL/CASE-based customization frameworks in their offerings, so Kastner’s short‑horizon characterization largely held true.","4","high","3","By the early 1990s, major enterprise application vendors such as SAP (ABAP/4 in R/3), Oracle Applications (Oracle Forms plus PL/SQL), and PeopleSoft (PeopleTools/PeopleCode) did indeed use 4GL-style environments so customers could modify screens, reports, and business logic around base packages. Several vendors also wrapped these in repository- and model-based tools influenced by CASE (e.g., TI IEF and similar generators) to regenerate application components from higher-level specifications, supporting maintainability and some customer-driven tailoring. However, much of this power was exercised by IT staff and integrators rather than true end users, and CASE never became as central or pervasive as the phrasing implies, so the statement is directionally right but somewhat overstated.","true","0"
"889","SH-3y","3","Integration vs. specialization","Computerworld","1990-05-07","If you're a company with multiple businesses,","not-applicable","not-predictive","4","high","3","Between 1990 and roughly 1993, large multi-division companies increasingly standardized on broad, integrable general-ledger and financial suites (e.g., SAP R/2 and early R/3, Oracle Financials, and emerging client/server ERPs) specifically because they could consolidate results across subsidiaries better than a patchwork of vertical packages. Conglomerates and multinationals prioritized common charts of accounts, cross-subsidiary roll-up, and shared reporting over niche industry features, validating the idea that integration outweighed the edge of non-interoperable verticals in multi-business settings. Vertical and industry-specific systems certainly persisted, but for diversified firms Kastner’s characterization of the trade-off and the relative advantage of generic, integration-focused packages was directionally accurate over this short horizon.","4","high","3","By the early 1990s, diversified enterprises were indeed standardizing on general-purpose financial and ERP suites like SAP (R/2 then R/3), Oracle Financials, and later PeopleSoft precisely because they could consolidate multiple subsidiaries and business units more easily than disparate vertical packages. In multi-business firms, industry-specific systems often survived only with custom interfaces feeding a central general ledger or consolidation system, reflecting that their standalone edge diminished when cross-entity roll-up and integration became the dominant requirement. Over the longer term, vertical software remained strong and even resurged in SaaS form, but usually in tandem with horizontal suites or integration platforms rather than as isolated, non-integrated systems, which aligns with Kastner’s emphasis on the integration disadvantage of unconnected verticals.","true","0"
"890","SH-3y","3","Integration vs. specialization","Computerworld","1990-05-07","you start to lose the edge of vertical packages that don't talk to each other too well. General packages are designed from the beginning to roll up subsidiaries.","not-applicable","not-predictive","4","high","3","From 1990–1993, large multi-division enterprises increasingly standardized on general-purpose financial and emerging ERP suites such as SAP (R/2 moving toward R/3), Oracle Financials, J.D. Edwards, and Lawson to gain integrated general ledger, consolidation, and multi-subsidiary rollup capabilities, validating the idea that cross-subsidiary integration was a core advantage of general packages for multi-business firms. At the same time, organizations running multiple disconnected vertical packages often faced complex, brittle custom interfaces for intercompany consolidation, which did erode the appeal of standalone vertical systems in diversified enterprises even in the early 1990s. However, vertical financial and industry-specific packages remained strong throughout the 1990s in single-line or highly regulated industries, so Kastner’s integration thesis was directionally right but the displacement of vertical solutions was slower and less complete than implied.","4","high","3","From 1990 to roughly 1993, large and mid-sized firms increasingly standardized on integrated general-purpose financial suites such as SAP R/2 and early R/3, Oracle Financials, and others specifically to consolidate multi-entity accounting and roll up subsidiary ledgers, validating the idea that general packages were designed for multi-subsidiary roll-up. At the same time, many industry-specific vertical packages in manufacturing, distribution, and services remained competitive but were pressured to add customization and interfaces or be wrapped with integration and reporting tools, so their edge eroded for multi-line enterprises even though they did not disappear. The prediction slightly overstates how quickly vertical packages lost their advantage but is directionally accurate for the 3-year horizon and strongly aligned with the longer-term dominance of integrated ERP suites for core financials.","true","0"
"891","SH-3y","3","Integration vs. specialization","Computerworld","1990-05-07","If you supply software to a law firm and can speak their language, the customer can understand better what they're buying,","not-applicable","not-predictive","0","low","3","The quotation is a general sales and requirements-gathering truism—that domain-specific understanding helps buyers grasp software value—rather than a concrete forecast about how the legal or vertical-software market would evolve over the following three years. While the early 1990s did see continued growth of vertical legal software vendors whose staff often had legal backgrounds and whose products reflected law-firm workflows, this pattern was already well established in the 1980s and the statement does not stake out a specific, time-bound prediction that could be confirmed or refuted. Because it functions as evergreen advice rather than a falsifiable three-year forecast, it cannot meaningfully be scored for prescience against the stated horizon.","0","low","3","The quoted sentence is a general, almost tautological observation that industry-specific language helps customers understand software purchases, rather than a concrete, time-bounded prediction about technology or market evolution. It does not specify an adoption trend, technology shift, or measurable outcome that could be judged as right or wrong over the 3-year horizon, so its prescience relative to historical developments cannot be meaningfully assessed.","true","0"
"977","SH-3y","3","Price wars pressure low end Forecast","Computerworld","1994-01-03","Buyers should not be fooled you don't get a lot of support with a shrink-wrapped product,","not-applicable","not-predictive","4","high","3","From 1994–1997, low-priced shrink‑wrapped development tools such as Microsoft Visual Basic, Borland Delphi, and similar Windows RAD products were typically sold as boxed software with modest bundled support, relying heavily on manuals, knowledge bases, books, and emerging user communities rather than intensive vendor hand‑holding. In contrast, high‑end 4GL and enterprise development and application platforms (e.g., PowerBuilder in large accounts, Oracle tools, SAP R/3 environments) were sold with expensive maintenance contracts, training, and consulting that explicitly funded deep support and implementation assistance. Kastner’s warning that buyers should not expect substantial support with cheap shrink‑wrapped tools accurately reflected and anticipated the support gap between low‑end boxed products and high‑end enterprise offerings in that period, though it was more a reinforcement of a structural reality than a novel, highly specific prediction.","4","high","3","From 1994–1997, low-priced shrink‑wrapped development tools such as Microsoft Visual Basic, Borland Delphi, and PowerBuilder were sold in high volume with limited direct vendor support beyond manuals, knowledge bases, and pay-per-incident help, while higher-end environments and platforms like SAP R/3, Oracle development tools, and IBM middleware were bundled with expensive, contract-based support and consulting. This economic split between mass-market shrink‑wrap (low price, minimal hand-holding) and high-end tools (high price, substantial R&D and support) persisted and even sharpened through the late 1990s and 2000s, with most “support” for shrink‑wrapped tools shifting to community forums and third-party integrators rather than richer vendor services. Thus, his warning that buyers should not expect much support from shrink‑wrapped products was directionally and structurally correct, though more descriptive of a durable business model than a bold new prediction.","true","0"
"978","SH-3y","3","Price wars pressure low end Forecast","Computerworld","1994-01-03","The [high-end] suppliers have to cover their very high R&D costs [up to 25% of sales] and marketing and support, as they help hand-hold users in learning how to use the more powerful tools. If you think that you're going to get that for $199, wish again.","high","validated","4","high","3","From 1994–1997, high-end development and CASE tools such as PowerBuilder, Forte, Rational Rose, and IBM VisualAge typically sold in the high hundreds to thousands of dollars per seat plus annual maintenance, with premium vendor support and training contracts bundled or upsold, not at $199 price points. In the same period, low-end or shrink-wrapped tools like Microsoft Visual Basic and Borland Delphi were heavily discounted into the sub-$500 range but offered limited bundled support, relying on manuals, knowledge bases, and paid incident support rather than hands-on, high-touch assistance. Kastner’s economic intuition that vendors funding heavy R&D and intensive support could not sustainably offer that level of hand-holding at low-end, sub-$200 prices proved directionally correct, even though over the longer term powerful tools themselves became cheaper and open source alternatives emerged without bundled enterprise support.","4","high","3","Throughout the mid-1990s, enterprise applications such as SAP R/3 and other ERP systems carried six- and seven-figure license and implementation costs, with service expenses often several times the software price, far above a $199 price point[15]. Mass-market shrink-wrapped packages continued to be sold at low per-seat prices with limited 'as-is' support, while vendors of high-end tools bundled training, consulting, and premium support that preserved a large pricing gap into the 2000s and beyond[9][13][15].","true","0"
"975","SH-3y","3","NEW! GREAT! LATE!","Computerworld","1994-01-03","That's the line you walk [when] talking about the future,","not-applicable","too-vague","3","medium","3","The quotation is a general observation that vendors must balance between forward-looking roadmaps that help customers plan and hype that overpromises or locks out competitors, and this dynamic clearly persisted through the mid‑1990s but was already true well before 1994. From 1994–1997, high‑profile cases such as Apple’s Newton, Microsoft’s repeated preannouncing of Windows/NT features, and database and object-technology roadmaps from Oracle and others showed both the planning value and market-freeze risk of such announcements, confirming the described “line” but not in a way that was uniquely predictive. Because the statement is essentially a timeless truism rather than a concrete forecast about a specific technology or measurable trend, it can be judged as broadly accurate but not notably prescient.","0","low","3","The statement is a generic remark about the inherent tension between forward-looking marketing and overhyping future products, not a concrete, time-bounded prediction about specific technologies or market outcomes. While later history offers many examples of both successful and backfiring preannouncements (from Apple Newton-era hype through repeated waves of vaporware and roadmap-driven lock-in), those developments neither uniquely confirm nor contradict this broad observation. Because it is effectively an evergreen truism rather than a falsifiable forecast tied to the 3-year horizon, it cannot be meaningfully scored for prescience.","false","3"
"976","SH-3y","3","NEW! GREAT! LATE!","Computerworld","1994-01-03","Users see no reason to buy from a tiny, unknown object company if they can wait, safe and warm, for Oracle to get [them] to where they want to go,","not-applicable","not-predictive","4","high","3","Through the mid-1990s, standalone object-oriented database vendors such as Object Design, Versant, and O2 remained niche players while most enterprises standardized on relational products from Oracle, Informix, and Sybase.[3][9][15] Oracle and other incumbents added object-relational features to their existing databases (for example, Oracle8's object types), reinforcing customer preference to extend current platforms rather than adopt specialized object databases.[4][10][15] As a result, the pure OODBMS market never achieved mainstream adoption, validating the idea that many users preferred to wait for established vendors instead of buying from small object database companies within the stated time frame.[3][9][15]","4","high","3","Through the mid-1990s, pure object-oriented database products remained niche while most enterprise buyers continued to standardize on established relational platforms from vendors such as Oracle, Informix, and Sybase, rather than shifting en masse to specialized object-database suppliers.[1][5][15] Oracle delivered object-relational capabilities in Oracle8 in 1997, and industry consensus moved toward extending mainstream relational databases with object features instead of adopting standalone object-oriented DBMSs, confirming that many customers were indeed more comfortable waiting for large incumbents to add object support than buying from small, unknown object-only vendors.[2][5][15]","true","0"
"810","SH-3y","3","Apple to answer rumors with facts","MarketWatch","2003-04-26","Chip technology is small enough that Apple might be close to developing a new IPod that is as thick as just two or three credit cards and capable of carrying more information than any of its current devices.","medium","partially-validated","3","medium","3","Within three years of 2003, Apple did introduce much thinner, chip-based iPods like the flash-based iPod nano (2005), validating the general idea that advances in chip technology would enable radically slimmer designs. However, these ultra-thin models remained significantly thicker than two or three credit cards and had substantially less storage (e.g., 2–4GB) than contemporary hard-drive iPods, which had grown to 40–60GB capacities, so the specific claim about combining extreme thinness with higher-than-current capacity did not materialize in that horizon.","3","medium","3","Between 2003 and 2006, Apple did release significantly thinner iPods and increased maximum capacities, but not in the extreme combination Kastner described. The third-generation iPod announced April 28, 2003 was thinner than its predecessors but still a conventional hard‑drive player, not anywhere near the thickness of two or three credit cards.[8] By 2005, Apple introduced flash‑based iPods like the iPod shuffle and especially the iPod nano, which were much thinner than the hard‑drive iPods, and by 2006 the iPod line reached capacities up to 80 GB, exceeding the 30 GB maximum of early 2003 models, but the ultra‑thin flash models had much lower capacities than the thick hard‑drive models.[8][9] So the general direction toward thinner devices and higher capacities was correct, but the specific forecast of a near‑term, credit‑card‑thin iPod that also surpassed all existing capacities did not materialize within the three‑year horizon.","true","0"
"882","SH-3y","3","Support for open systems builds piece by piece","Computerworld","1989-12-25","I just don't see all the various players getting together in 1990, or possibly ever,","high","validated","4","high","3","By the early 1990s, the major Unix camps (AT&T/Unix International, OSF, and others) had not ""gotten together"" into a single unified Unix or USO structure, and the Unix wars effectively continued beyond the 3-year horizon. Although initiatives like POSIX, X/Open’s Single UNIX Specification, and the 1993 COSE effort improved interoperability and reduced some friction, vendors continued to ship distinct, incompatible Unix variants such as Solaris, AIX, and HP-UX rather than converging on one common platform. In the longer run, broad ""open systems"" convergence happened around Linux rather than via a grand unification of the existing Unix players Kastner was skeptical about, making his skepticism directionally well founded even if later standards did partially align them.","5","high","3","Kastner was reacting to late-1980s attempts to unify the fragmented UNIX/open systems world via consortia such as UNIX International and the Open Software Foundation, and his skepticism that ""all the various players"" would come together in 1990 was borne out: the UNIX wars persisted into the early 1990s with distinct System V, BSD, OSF/1, Solaris, AIX, and HP-UX lines and no single unified platform. Even beyond the 3‑year horizon, the hoped‑for grand unification around a single vendor-led UNIX never materialized; instead, convergence came much later and indirectly via POSIX/SUS standards and then the rise of Linux as a de facto standard, with many original players exiting or sidelining their proprietary UNIXes rather than “getting together” under the original USO-style deal.","true","-1"
"1000","SH-3y","3","Technology Forecast Forecast '96","Computerworld","1996-01-02","Users will have one box for all their server needs one box to buy and one box to manage,","medium","partially-validated","2","medium","3","By the 1999 timeframe, Windows NT Server had grown rapidly and was consolidating some workloads, especially in smaller organizations, but most enterprises still ran multiple server platforms (NetWare for file/print, various Unix flavors and mainframes for databases and transaction processing) rather than a single box for all needs. Even where NT was adopted broadly, organizations typically deployed multiple physical servers for scalability and reliability, and heterogeneous environments remained the norm, with Unix and later Linux growing rather than disappearing. Over the longer term into the 2000s, Windows did become a dominant general-purpose server OS in many shops, but the specific vision of one box to buy and manage for all server needs was not realized at scale within the three-year horizon or beyond.","2","medium","3","Between 1996 and roughly 1999, enterprises did not converge on a single physical server; instead they deployed multiple Windows NT servers for separate roles such as file/print, email, databases, and web hosting, and many continued to run dedicated Unix and mainframe systems alongside them. While Windows NT rapidly gained share at the expense of NetWare and some Unix in this period, the mainstream pattern was server sprawl rather than one-box consolidation, with reliability and scaling needs pushing organizations toward multiple machines. Even later trends like virtualization and blade servers focused on consolidating many workloads onto fewer hosts, not on collapsing all server needs into a single box, so the core “one box for all their server needs” vision largely failed to materialize.","true","0"
"987","SH-3y","3","Popular Himalaya gives Tandem new options, markets","Computerworld","1994-09-12","They're trying to change their stripes,","high","validated","4","high","3","In the mid-1990s Tandem did push its proprietary NonStop line toward greater openness, adding the POSIX-based Open System Services environment to NonStop Kernel in 1995 and emphasizing SQL-92, standard networking, and Unix interoperability. The company also evolved the RISC-based NonStop Himalaya line and, by 1997, introduced the S-Series with more standardized hardware while continuing to market value and price/performance improvements, confirming that management was indeed trying to “change stripes” rather than remain a closed, premium-only platform.","4","high","2","From 1994–1997, Tandem’s NonStop Himalaya S- and K-series systems, along with the ServerNet interconnect, significantly improved price/performance compared with earlier Tandem platforms, aligning with the idea of giving customers more “bang for the buck.” Over the same period, Tandem expanded POSIX/Unix-style interfaces and Open System Services on NonStop/Guardian, added standard networking (TCP/IP) and SQL-based middleware, and promoted integration with open systems, which did reduce the platform’s isolation even though the core OS remained proprietary and the systems stayed a specialized niche.","true","0"
"988","SH-3y","3","Popular Himalaya gives Tandem new options, markets","Computerworld","1994-09-12","They are trying to give people more bang for the buck, and they're more open than they ever have been.","high","validated","4","high","2","Over the next three years, Tandem extended the Himalaya line with the RISC-based NonStop S-series, which delivered substantially better price/performance than the earlier Cyclone and VLX systems and supported growing transaction-processing and decision-support workloads. In the same period it introduced Open System Services (a POSIX/UNIX subsystem), stronger ANSI SQL-92 support, and more client/server and database-gateway integrations, making NonStop noticeably more interoperable even though the core operating environment remained proprietary. This confirms Kastner’s directional claim that Tandem was improving both value and relative openness, though the platform never evolved into a truly open-systems offering and remained a specialized niche under Compaq and later HP/HPE.","4","high","2","Within three years, Tandem extended its NonStop Kernel with the POSIX-compliant Open System Services Unix-like environment and expanded client/server and standards-based connectivity, demonstrating a clear shift toward more open systems relative to its earlier, highly proprietary architecture. Over the same period, the MIPS-based NonStop Himalaya platforms and related software offerings improved price/performance and even added features like NT clustering support on Intel-based servers by 1997, validating the claim that customers were getting more ""bang for the buck"" in that timeframe.","true","0"
"982","SH-3y","3","IBM and CA enhance database features","Computerworld","1994-07-18","are forcing the mainframe database bunch to extend and enhance their products,","not-applicable","not-predictive","4","high","3","From 1994–1997, IBM DB2 for MVS/z/OS delivered exactly the kinds of enhancements Kastner cited—SQL stored procedures, better replication, data sharing, and improved tooling—explicitly to support client/server and distributed-style workloads while defending against Oracle, Sybase, and Informix on Unix. CA’s mainframe products such as IDMS and Datacom likewise added SQL compilers, ODBC access, and other relational/Unix-style capabilities to keep existing mainframe customers from defecting to distributed RDBMS platforms. The claim correctly characterizes the competitive dynamic and near-term product roadmap pressure on mainframe DB vendors, but it was more a clear contemporaneous trend than a bold, high-risk forecast, so it merits a 4 rather than a 5.","5","high","3","In the mid‑1990s, competition from Unix and distributed RDBMS vendors such as Oracle, Sybase, and Informix drove IBM and other mainframe database providers to add relational and client/server features, including stored procedures, triggers, and enhanced SQL support in releases like DB2 for MVS/ESA V4 (mid‑1990s) and V5 (GA 1997). Over roughly the 1994–1997 horizon, mainframe databases were visibly extended with new programmability, distributed access, and application-enabling capabilities to keep pace with the feature sets of leading Unix databases. Kastner’s characterization that competitive pressure was forcing the “mainframe database bunch” to extend and enhance their products accurately describes both what was already happening in 1994 and how the next several years unfolded.","true","-1"
"966","SH-3y","3","Software AG forms client/server team with NCR, Apple","Computerworld","1993-10-25","Both NCR and Software AG are trying to come to grips with the market demand for comprehensive, easy-to-use tools to develop client/server applications with all the robustness that people need to run their business,","high","validated","4","high","3","By the mid-1990s, enterprise demand was indeed centered on comprehensive, easier-to-use client/server development tools that could support mission-critical robustness, as reflected in the rapid adoption of tools like PowerBuilder, Visual Basic, Oracle Forms, and robust client/server databases and middleware. NCR and Software AG, along with many mainframe-era vendors, spent the 1993–1996 period extending databases, 4GLs, and middleware to distributed, fault-tolerant client/server environments, attempting exactly the kind of tooling and integration Kastner describes, even if they did not become category leaders. The statement correctly identifies the direction and nature of enterprise demand in the ensuing three years, though it is more a clear-eyed characterization of an already-visible shift than a bold, differentiating prediction.","4","high","3","From 1993 to roughly 1996, demand for easier, more comprehensive client/server application development tools surged as enterprises shifted from mainframe-centric systems to 2‑tier and emerging 3‑tier client/server architectures, driving widespread adoption of tools such as PowerBuilder, Visual Basic, Delphi, Oracle Developer/2000, and similar RAD environments. This confirms the analyst’s characterization of a strong market pull for robust, business‑grade client/server development tools, even though NCR and Software AG remained secondary players compared with larger platform and tools vendors. The statement accurately captures the central enterprise IT tooling trend of the mid‑1990s, but it is more a broadly correct framing than a uniquely insightful or specific forecast, so it falls just short of being “remarkably” prescient.","true","0"
"964","SH-3y","3","NCR eyes software growth with new unit","Computerworld","1993-09-27","a several hundred million dollar business","low","contradicted","1","low","2","The claim that VAXft would be “a several hundred million dollar business” per year was already contradicted by the reported figures in the same timeframe, with IDC estimating only about $20–25 million in VAXft sales in 1992, down from roughly $60 million in 1991. Over the next few years the VAXft line remained a niche product, DEC did not become a major player in hardware fault-tolerant systems versus Tandem and Stratus, and DEC itself entered steep decline and was acquired by Compaq in 1998, with no evidence that VAXft revenue ever approached several hundred million dollars annually. Specialized proprietary fault-tolerant minis stagnated as high-availability features in general-purpose UNIX, Windows NT, and clustering on commodity servers became the prevailing approach, further undermining the original expectation.","1","low","2","The expectation that VAXft would be a several hundred million dollar per year business was not realized; DEC’s VAXft fault-tolerant line remained a niche product with limited adoption compared to Tandem and Stratus systems and never became a major standalone revenue engine. Through the mid-1990s DEC’s strategic focus shifted toward Alpha-based servers and services while VAX and VAXft were gradually deemphasized and discontinued, underscoring that the product line fell far short of the projected scale. Although precise segment revenues are not widely documented, historical accounts of DEC’s decline and the small overall size of the proprietary fault-tolerant minicomputer market make it highly unlikely that VAXft alone ever approached several hundred million dollars annually.","true","0"
"954","SH-3y","3","NCR taps Pentium for mainframe-class servers","Computerworld","1993-06-14","We are seeing an increasing interest in the marketplace for high-availability systems for people who are not willing to pay the substantial price penalty for fault-tolerant systems,","not-applicable","not-predictive","5","high","3","From 1993–1996, enterprises increasingly adopted high-availability Unix and midrange server clusters (e.g., IBM HACMP for AIX, HP MC/ServiceGuard, Sun’s early clustering offerings) to protect critical applications without paying Tandem/Stratus-style fault-tolerant hardware premiums. Over that same period, fully fault-tolerant systems remained a niche, while interest and deployment shifted toward lower-cost fault-resilient and HA configurations on RISC and x86 servers, confirming the pattern Kastner described for buyers unwilling to bear the price penalty of classic fault-tolerant platforms.","5","high","3","From the mid-1990s onward, enterprise buyers increasingly favored lower-cost high-availability clustering and failover solutions on general-purpose Unix and Windows NT servers (e.g., IBM HACMP, HP-UX Serviceguard, Sun Cluster, Microsoft Wolfpack/Cluster Server, NCR LifeKeeper) over specialized lockstep fault-tolerant platforms from Tandem, Stratus, and Sequoia. By roughly 1996, these high-availability offerings were being actively marketed and adopted as a cheaper way to protect mission-critical databases and applications, while pure fault-tolerant systems remained a high-margin niche. Over the following decade, the mainstreaming of clustered HA architectures, and later virtualization- and cloud-based resilience, confirmed the pattern that most customers sought robust availability without paying the premium for full hardware-level fault tolerance.","true","0"
"955","SH-3y","3","NCR taps Pentium for mainframe-class servers","Computerworld","1993-06-14","probably the most important thing [DEC] could do for their customers this year,","not-applicable","not-predictive","4","high","3","Digital’s ability to offer mixed-architecture OpenVMS clusters that combined existing VAX systems with new Alpha AXP machines became the core technical and commercial mechanism for migrating its large VMS installed base in the mid‑1990s.[10][6][9] DEC documentation and later histories emphasize mixed VAX/Alpha cluster support as a deliberate strategy to let customers introduce Alpha incrementally without disrupting clustered applications, and this model remained standard practice through at least OpenVMS 7.x.[6][9][13] Although this did not reverse DEC’s overall business decline or prevent its 1998 acquisition by Compaq, in the 3‑year window the move proved crucial for customers who wanted high availability while transitioning to Alpha, aligning well with Kastner’s characterization even if phrased somewhat hyperbolically.[7][9]","4","high","2","In 1993–1996, DEC’s support for mixed VAX/Alpha OpenVMS clusters did become one of the most important customer-facing aspects of the Alpha rollout, because it let existing VAX sites introduce Alpha systems gradually and protect their VAX software investments via rolling, mixed-version clusters. This clustering compatibility was repeatedly highlighted in the mid‑1990s as a major technical and commercial advantage for DEC’s installed base, and many migrations depended on it, validating the claim that it was among the most critical things DEC could do for customers in that period. However, while crucial for existing customers, it did not reverse DEC’s overall business decline or prevent Alpha from being marginalized after the Compaq and later HP transitions, so the importance was more limited than the phrasing “most important” implies.","true","0"
"956","SH-3y","3","NCR taps Pentium for mainframe-class servers","Computerworld","1993-06-14","It means that those customers can plan to install mixed clusters almost immediately and that their investment in clustering has been protected,","high","validated","5","high","3","Digital’s OpenVMScluster (VMScluster) architecture did in fact support mixed VAX/Alpha clusters within a short time of the early‑1990s Alpha launch, and by roughly 1994–1995 many DEC customers were running mixed-architecture clusters in production. Over the 3‑year horizon, the VMScluster model let enterprises preserve their clustering investments—software, operational practices, and shared storage—while transitioning capacity to Alpha, validating Kastner’s assertion that mixed clusters could be planned for quickly and that clustering investments were protected.","5","high","3","DEC’s 1993 OpenVMS strategy did in fact allow customers to build mixed-architecture VAX/Alpha clusters within the next few years, and such mixed clusters entered production use in the mid‑1990s. The clustering software and layered products (e.g., storage/HA options) were delivered on Alpha quickly enough that existing VAXcluster customers could extend rather than abandon their configurations. For the 3‑year horizon, DEC cluster users’ investments were effectively protected, validating Kastner’s characterization.","true","0"
"861","SH-3y","3","Users finding ESA alternatives","Computerworld","1989-02-20","A lot of 4381 users are saying they don't really need ESA,","high","validated","4","high","3","Between 1989 and roughly 1992, MVS/ESA adoption was led by larger 3090 and then ES/9000 sites, while many smaller IBM 4300/4381 shops stayed on existing VSE or VM environments or extended their lives with used processors rather than undertake ESA migrations. ESA’s architectural benefits (31‑bit addressing, larger virtual storage) became strategically important over the early–mid 1990s, but this was a gradual shift, and low-end mainframe customers often deferred ESA conversion until later in the decade or exited mainframes entirely in favor of AS/400 and UNIX systems. Thus, for the stated three‑year horizon, the characterization that many 4381 users felt they did not yet need ESA aligns well with how adoption actually played out, even though ESA ultimately became the norm.","4","high","2","Between 1989 and roughly 1992, ESA/370 and MVS/ESA were primarily adopted by larger IBM mainframe sites running 3090- and then ES/9000-class systems, while many smaller 4300/4381 users either stayed on MVS/XA or older OS levels or deferred hardware upgrades altogether. The used-4381 and midrange market remained active in this period, and a significant number of low-end mainframe customers either delayed ESA migration or shifted workloads to AS/400 or emerging UNIX systems instead of investing in ESA-capable upgrades, so the short‑term sentiment that they “don’t really need ESA” held up directionally even though ESA became standard later in the 1990s.","true","0"
"862","SH-3y","3","Users finding ESA alternatives","Computerworld","1989-02-20","There are tens of thousands of companies that can only afford a $250,000 to $500,000 machine. The 4381s will be around for a long time.","high","validated","4","high","3","By the 3-year mark around 1992, IBM’s 4300-series mainframes, including the 4381, were still being sold and supported, and many sites continued running VSE or VM on these smaller, lower-cost machines rather than upgrading to ESA-class 3090 or ES/9000 systems. The installed base of 4300/4381-class systems persisted through the early 1990s, with documented production use of 4381s in 1992, aligning with Kastner’s view that a large population of budget-constrained shops would stick with such hardware instead of moving quickly to ESA. However, his phrasing that 4381s would be around “for a long time” overstates their longer-term prominence, as the line was withdrawn from sale by 1992 and the low-end mainframe base began eroding later in the decade under pressure from AS/400 and client–server systems, so the claim is directionally strong for the 3-year horizon but not remarkably so.","4","high","3","IBM’s 4381 line indeed had an unusually long lifespan for a midrange mainframe, with more than 16,000 systems installed by the end of 1988 and many still in active service into the early 1990s. IBM even extended the product family with the ES/4381 and continued supporting 4381-class systems after announcing ESA/390 and ES/9000 in 1990, so the installed base did not rapidly disappear within the 3-year window. The statement likely overestimates the number of separate companies and does not anticipate how quickly ESA features would be brought down-market, but it correctly captured that cost-sensitive midrange customers would keep 4381-class machines for years rather than immediately upgrading.","true","0"
"731","SH-3y","3","DEC moves to VAX, Alpha mixed clusters","Computerworld","1993-03-22","probably the most important thing [DEC] could do for their customers this year.","not-applicable","not-predictive","4","high","3","Mixed VAX/Alpha OpenVMS clusters did become a central mechanism for DEC customers to protect their VAXcluster investments while migrating gradually to Alpha through the mid‑1990s, and were heavily promoted and used in real deployments. By around 1996, DEC documentation and customer practice treated mixed-architecture clusters as a standard, strategic capability for VMS sites, and this compatibility remained a long‑term differentiator even as Alpha itself struggled commercially. The claim is somewhat qualitative and cannot be proven as the single most important action DEC took that year for all customers, but it correctly identifies a genuinely pivotal move in DEC’s Alpha migration strategy within the three‑year horizon.","4","high","3","From 1993–1996, DEC’s OpenVMS mixed VAX/Alpha clustering became a central pillar of its migration story, allowing VAXcluster customers to add Alpha systems incrementally while retaining existing hardware and cluster configurations. Large VMS sites did in fact use mixed clusters to stage migrations and protect prior clustering investments, and DEC marketed this capability heavily as a key benefit, even though it did not halt DEC’s broader business decline versus Unix and Windows NT. In that three-year horizon, the claim that mixed clusters were among the most important things DEC could do for its installed base held up well, though it was not sufficient to change the company’s overall market trajectory.","true","0"
"1002","SH-3y","3","DEC moves to VAX, Alpha mixed clusters","Computerworld","1993-03-22","It means that those customers can plan to install mixed clusters almost immediately and that their investment in clustering has been protected.","not-applicable","not-predictive","4","high","3","By the mid-1990s, DEC’s VMScluster technology formally supported mixed-architecture clusters, allowing VAX and Alpha systems to participate in the same OpenVMS Cluster, so customers could in fact add Alpha nodes while retaining existing VAX cluster infrastructures.[4][11] DEC’s own 1996 migration guidance for OpenVMS VAX to OpenVMS Alpha emphasized continuity of applications and operations across this mixed environment, underscoring that clustering and operational investments were substantially preserved during the migration window.[7] However, DEC’s deteriorating business and the later sale of Alpha to Compaq, followed by plans to phase out Alpha, meant that while clustering investments were protected in the 3‑year horizon, the broader long‑term platform investment was less secure than implied.[1][5]","4","high","3","Within roughly three years of 1993, OpenVMS supported mixed-architecture clusters in which VAX and Alpha systems could participate in the same VMScluster, allowing customers to add Alpha systems alongside existing VAX nodes rather than perform forklift upgrades[4][10][13]. Customers were able to reuse existing VAXcluster infrastructure and gradually migrate workloads to Alpha, and mixed VAX/Alpha clustering remained a standard OpenVMS capability into the late 1990s, so in the short-horizon window the technical investment in clustering was indeed protected even though DEC’s broader business later declined[1][5][8].","true","0"
"812","SH-3y","3","Apple's Supercomputing Scientists","Forbes","2004-01-12","I think 2004 is the year when Apple will make up its mind whether to seriously go back into the enterprise space.","medium","partially-validated","2","medium","3","From 2004–2007 Apple did not launch a serious, broad enterprise push; Xserve and Mac OS X Server remained niche, and Apple’s revenue and strategic focus shifted overwhelmingly to consumer products like the iPod, iTunes, and then the 2007 iPhone rather than classic enterprise infrastructure or corporate desktops. While Apple did, in effect, decide not to pursue the traditional enterprise market aggressively, there is no clear evidence that 2004 was a distinct ‘make up its mind’ inflection point, and Apple’s later enterprise presence grew indirectly in the 2010s via mobile/BYOD rather than the 2004 supercomputing and server momentum the quote frames as pivotal.","0","low","2","The claim hinges on Apple internally “making up its mind” about enterprise focus in 2004, which is not directly observable from public product or strategy signals. While Apple did continue Xserve and related server products through the mid‑2000s, its primary strategic emphasis remained on consumer and prosumer devices (iPod, Macs, and then iPhone), and there is no clear, widely documented 2004 decision point that can be verified against this forecast. Because the statement is about an internal decision rather than a concrete, externally measurable outcome by 2007, it is effectively too vague to assess for prescience.","false","2"
"939","SH-3y","3","CA's Unicenter outlines plans to go distributed","Computerworld","1993-02-22","Our research shows that enterprise buyers who are looking at distributed systems view Unix as a difficult and expensive operating system. They want the same quality of tools they're used to using in the corporate data center,","not-applicable","not-predictive","4","high","3","From 1993 through roughly 1996, enterprise Unix remained relatively expensive and complex compared with both mainframes (with mature operations staff and tools) and rapidly improving PC/NetWare/Windows NT environments, and Unix system administration skills were scarce and costly, reinforcing the perception Kastner described. Over that same period, the strong demand for mainframe‑style systems management on Unix and other distributed platforms drove rapid growth of suites such as CA-Unicenter, IBM’s Tivoli TME after its mid‑1990s rise and 1996 acquisition, and HP OpenView, all marketed explicitly as bringing data-center-grade management and control to Unix-based distributed systems. The quote is more a contemporaneous description than a risky forecast, but its implied trend—that Unix distributed systems would be perceived as hard and expensive to manage and that buyers would push for mainframe-quality management tools—held true through the stated three-year horizon.","4","high","3","From 1993 through roughly 1996, commercial Unix on proprietary RISC servers from vendors like Sun, HP, and IBM continued to be positioned as powerful but complex and relatively high-cost compared with emerging Windows NT and entrenched NetWare file/print servers, and administrators with Unix skills remained scarce and expensive, reinforcing the perception that Unix was difficult and costly to operate. Over the same period, strong demand for mainframe-style systems management in distributed environments drove rapid growth of enterprise management suites such as CA Unicenter, HP OpenView, and Tivoli, all marketed precisely as bringing data-center-grade tools to heterogeneous Unix and PC networks. While some tooling improved during these years, the core buyer perception Kastner describes largely persisted through the mid‑1990s, making his characterization directionally accurate but not especially contrarian.","true","0"
"934","SH-3y","3","Middleware speeds client connection","Computerworld","1992-12-21","We're finding that gateway technology is definitely going into production,","not-applicable","not-predictive","4","high","3","Between 1992 and 1995, client/server architectures moved rapidly from pilots into mainstream enterprise deployment, and production use of database and protocol gateways such as Oracle SQL*Net, DB2 gateways, and vendor-specific client/server middleware became common in large organizations. Industry estimates put the middleware market around $1B by the mid‑1990s, with strong growth driven precisely by production client/server applications needing connectivity between heterogeneous PCs, Unix servers, and mainframes. Kastner’s statement that gateway technology was going into production accurately captured this broad adoption trend within the 3‑year horizon, though it was more a solid read of an unfolding shift than a uniquely bold prediction.","4","high","3","Between 1992 and 1995, enterprises rapidly deployed client/server systems that depended heavily on database, messaging, and file/print gateways—such as Oracle database gateways, IBM mainframe and CICS gateways, Novell NetWare gateways, and ODBC-based connectivity—in full production environments. Gateway/middleware products became a core element of production client/server architectures rather than remaining experimental, so the characterization that gateway technology was moving into production proved directionally and substantively correct for the following several years.","true","0"
"935","SH-3y","3","Middleware speeds client connection","Computerworld","1992-12-21","That means that users are getting their sleeves rolled up to do client/server applications.","not-applicable","not-predictive","4","high","3","Between 1993 and 1995, enterprise IT shops substantially ramped up **custom client/server application development**, using tools like PowerBuilder, Gupta SQLWindows, Visual Basic with ODBC, Oracle Forms, and early 3‑tier frameworks on Windows and Unix. Organizations widely rewrote or extended line‑of‑business systems as PC or Windows clients talking to Oracle, Sybase, Informix, and SQL Server back ends over database gateways and middleware such as ODBC and Oracle SQL*Net. Kastner’s statement that users were ‘getting their sleeves rolled up’ to build client/server applications correctly captured not only the existing direction but the near‑term surge in hands‑on client/server development, though it described a mainstream trend rather than a uniquely insightful inflection point.","5","high","3","Between 1992 and roughly 1995, enterprise IT saw a major wave of custom client/server application development as organizations moved off mainframe/terminal setups toward PC front ends talking to database and application servers, making client-server the dominant model of the 1990s.[2] This shift required extensive in‑house development using early middleware, RPC frameworks, and database connectivity layers (e.g., DCE/RPC, SQL*Net, ODBC), exactly the kind of “roll up your sleeves” client/server work Kastner described.[2][6][8] The quote accurately captures that end users and IT departments, not just vendors, were actively building and deploying client/server applications during the mid‑1990s client/server boom.","true","-1"
"936","SH-3y","3","Middleware speeds client connection","Computerworld","1992-12-21","SQL is like Victorian children: It should not be seen or heard,","not-applicable","not-predictive","3","medium","3","From 1992–1995 there was a strong push toward tools that *generated* SQL for developers—Microsoft Access (released 1992), Visual Basic data controls, PowerBuilder, Gupta SQLWindows, and ODBC-based middleware all let application developers work with forms, objects, or wizards that emitted SQL under the covers, aligning with Kastner’s vision of “smart front-end tools” hiding database-specific dialects. At the same time, however, SQL itself became more—not less—visible and central: standard SQL-92 was adopted, client/server developers routinely hand-wrote SQL for performance and complex logic, and over the longer run JDBC, ADO, ORMs, and data-access frameworks still exposed SQL concepts rather than making them disappear. In other words, the near-term trend toward generated SQL was real, but the idea that SQL should not be “seen or heard” did not hold up as a durable direction, making the claim only partially right for the stated 3-year horizon.","3","medium","3","Between 1992 and 1995, there was indeed a strong move toward tools and middleware that generated SQL on behalf of developers, such as PowerBuilder, Visual Basic data controls, Oracle Forms, Gupta SQLWindows, and widespread use of ODBC and other client/server middleware to abstract database access. However, SQL did not become something that was ""not seen or heard""—application developers and DBAs continued to write substantial amounts of hand-crafted SQL, and SQL proficiency remained a core skill rather than an implementation detail fully hidden behind smart front ends, so the prediction was only partially borne out.","true","0"
"937","SH-3y","3","Middleware speeds client connection","Computerworld","1992-12-21","We're moving into a new generation of smart front-end tools that know how to spit out the relevant SQL.","not-applicable","not-predictive","5","high","3","Within three years of 1992, tools like Microsoft Access, PowerBuilder, Delphi, Oracle Forms, and Visual Basic data controls had become mainstream for client/server development and routinely generated database-specific SQL behind graphical query builders and data-bound UI components, as Kastner described. These front-end environments increasingly insulated most business developers from hand-writing dialect-specific SQL while emitting the appropriate queries for Oracle, Sybase, SQL Server, and others via ODBC and vendor drivers. Although expert programmers still wrote SQL directly, the industry clearly moved into a generation where smart client tools ‘spit out the relevant SQL’ for a large share of enterprise applications by the mid-1990s.","5","high","3","Within three years of late 1992, client/server development was dominated by tools such as PowerBuilder, Gupta SQLWindows, Microsoft Access, Visual Basic data-aware controls, and Borland Delphi, all of which automatically generated vendor-specific SQL from forms, wizards, and visual query builders instead of requiring developers to hand-code queries. These tools explicitly aimed to hide SQL from most application developers while still emitting the ""relevant SQL"" for the target database, validating Kastner’s prediction about a new generation of smart front-end tools over that short horizon. By the mid‑1990s these products were mainstream in enterprise IT, making his characterization essentially accurate for the period he was forecasting.","true","0"
"996","SH-3y","3","DBMS tool meets demand","Computerworld","1995-12-11","Enterprise Manager will be the [database administrator] Relief Act of 1996, a boon to [the administrators] and their bosses,","medium","partially-validated","3","medium","2","Oracle Enterprise Manager did become the standard graphical administration console for Oracle7 and later releases, and by the late 1990s it was widely deployed in Oracle-centric shops as a central tool for user management, backup, tuning, and distributed administration, so it was indeed a meaningful productivity aid for many DBAs. However, the idea that it was a singular ""Relief Act"" was overstated: DBAs’ workloads continued to grow with the rise of large OLTP systems, data warehouses, and web applications, and most professionals still relied heavily on scripts and command-line tools alongside OEM. The uniqueness claim also did not hold even within the three-year horizon, as Microsoft SQL Server’s Enterprise Manager (notably with SQL Server 7.0), IBM DB2’s Control Center, and various third-party suites from vendors like BMC and Quest delivered comparable centralized administration features by the late 1990s, eroding any short-term lead Oracle had in GUI-based database management consoles.","2","medium","2","Oracle’s Enterprise Manager did evolve into a standard graphical console for administering Oracle databases and offered productivity gains, but it did not become a transformative “Relief Act” that fundamentally eased DBA workload by 1998. Competing products such as Microsoft SQL Server Enterprise Manager and IBM DB2’s GUI tools appeared or matured in the same period, so Oracle’s offering was not uniquely ahead of the market for long. Database administration also remained complex and labor‑intensive well past the late 1990s, with DBAs continuing to rely heavily on scripting, command‑line tools, and later automation frameworks rather than experiencing the dramatic relief implied in the quote.","true","1"
"997","SH-3y","3","DBMS tool meets demand","Computerworld","1995-12-11","No other vendor has anything close to this.","not-applicable","too-vague","2","medium","2","Oracle Enterprise Manager did become a widely used and sophisticated administration console for Oracle databases, validating that it was a strong and, for a time, leading offering in its niche. However, within about three years, rival platforms such as IBM DB2 (with Control Center), Microsoft SQL Server (with SQL Server Enterprise Manager), Sybase’s administration tools, and third‑party suites like CA Unicenter and BMC Patrol provided comparable centralized database management, automation, and monitoring capabilities, contradicting the idea that no other vendor had anything close. Over the longer term, both platform-native tools (e.g., SQL Server Management tools) and cross‑database tools from vendors like Quest and Red Gate further eroded any claim of lasting, unmatched uniqueness.","1","low","3","By the mid-to-late 1990s, other major DBMS vendors had very similar integrated administration environments, contradicting the claim that no one had anything close to Microsoft’s Enterprise Manager. Oracle Enterprise Manager for Oracle7 and later Oracle8 matured rapidly between 1995 and 1998, IBM introduced DB2 Control Center with DB2 UDB v5 (1997), and Sybase and Informix shipped GUI admin tools like SQL Central, making graphical, wizard-driven database consoles a standard feature rather than a unique Microsoft advantage. Within the ~3‑year horizon, the market clearly demonstrated that multiple vendors had management tools comparable in scope and integration to Enterprise Manager.","false","1"
"991","SH-3y","3","Developers extend user support with PowerBuilder","Computerworld","1994-12-12","It's not for the faint of heart and not for people who need applications to get into production right away,","not-applicable","not-predictive","4","high","3","Between 1994 and roughly 1997, building three-tier client/server systems with tools like PowerBuilder plus separate middleware (e.g., DCE/RPC, CORBA, early TP monitors) remained complex, integration-heavy work that was indeed unsuitable for teams needing very fast time-to-production. Most mainstream PowerBuilder and client/server deployments stayed two-tier in this period, while three-tier and n‑tier projects were concentrated in advanced shops willing to tolerate long development cycles and higher risk until more integrated application servers and web platforms matured later in the decade.","4","high","3","From 1994 through roughly 1997, attempts to build three-tier client/server systems by combining tools and middleware (e.g., PowerBuilder front ends with C/C++ or CORBA back ends and TP monitors such as Tuxedo) were widely regarded as complex, risky projects requiring specialized skills and long implementation cycles. Most commercial PowerBuilder success stories in that window remained two-tier client/server, while serious three-tier efforts often slipped schedules or stalled, confirming that these architectures were not a good fit for organizations that needed rapid, low-friction deployment into production. Over a longer horizon, application servers and frameworks eventually simplified multi-tier development, but within the stated three-year horizon the characterization of three-tier client/server as “not for the faint of heart” and ill-suited to fast rollout was largely accurate.","true","0"
"992","SH-3y","3","Developers extend user support with PowerBuilder","Computerworld","1994-12-12","And it's not for someone with a staff of a hundred Cobol programmers who wouldn't know a PC if it bit them. With those caveats, the three-tier architecture is now becoming the de facto topology of choice for serious [on-line transaction processing]-based applications.","high","validated","4","high","3","By the late 1990s, distributed OLTP and line-of-business systems were increasingly built on three-tier or broader n-tier client/server patterns, with TP monitors and application servers such as Tuxedo, Encina, early WebLogic, IBM CICS/encapsulated CICS, and Microsoft’s MTS/COM+ formalizing a distinct middle tier between UI and databases. J2EE application servers (e.g., BEA WebLogic Server, IBM WebSphere) and later .NET reinforced three-tier/n-tier as the default architecture for new enterprise OLTP and web-facing transactional applications, even though large COBOL/mainframe OLTP estates remained dominant for legacy workloads. The quote slightly overstates how quickly three-tier became the “de facto” topology by about 1997 across all serious OLTP, but it was directionally accurate for new distributed OLTP development, so it is largely prescient rather than perfect.","4","high","3","Kastner correctly identified three‑tier as the architectural pattern that would become standard for serious transactional applications, which is exactly what happened as web‑based OLTP and enterprise systems converged on 3‑tier and n‑tier models (presentation, application server, database) through the late 1990s and 2000s.[1][3][6][7][8] His caveat that this was not aimed at COBOL‑centric mainframe shops also held up, as those environments largely continued with mainframe‑centric and 2‑tier patterns while new development moved to 3‑tier client/server and then web architectures. The main flaw, relative to a 3‑year horizon, is that by around 1997 three‑tier was still an emerging best practice rather than the clear de facto topology across most serious OLTP workloads, so his timing and implied ubiquity were somewhat early even though the directional call was right.","true","0"
"986","SH-3y","3","High-end tools gain steam","Computerworld","1994-09-12","This is not your 20-user workgroup problem. Dynasty, Seer, Forte, along with many other industry players are heading upscale into enterprise client/server both to meet market demand and to avoid the bottom-clearing juggernaut that is Microsoft's tools division,","not-applicable","not-predictive","4","high","2","From 1994–1997, there was indeed strong and growing demand for high-end enterprise client/server applications, and tools such as Forte and Seer positioned themselves explicitly for large, transaction-intensive, multi-tier systems rather than small workgroup deployments. Over the same period, Microsoft’s Visual Basic, Visual C++, and later Visual Studio bundles aggressively drove down prices and dominated the mass-market, low-end development tools segment, forcing many competitors to retreat into higher-priced, niche enterprise offerings. While the specific vendors named did not achieve durable long-term dominance, the short-horizon pattern Kastner described—upmarket migration to enterprise client/server in response to Microsoft’s commoditization of low-end tools—largely played out as stated.","4","high","2","Between 1994 and roughly 1997, Microsoft’s low-priced, bundled Windows development tools (Visual Basic, Visual C++, and then Visual Studio) rapidly consolidated the mass-market and departmental client/server space, effectively exerting the “bottom-clearing juggernaut” pressure the quote describes. High-end 4GL and model-driven tool vendors such as Forte Software and Seer Technologies did in fact position themselves toward large, complex enterprise client/server projects and multi-tier systems, with Forte going public in 1996 and winning large telco and financial accounts rather than competing head‑on with Microsoft at the low end. While many of these upscale tools remained niche and some later faltered as web and Java application servers rose, the specific three-year forecast that they would move upmarket to enterprise client/server to escape Microsoft’s low-end dominance was largely borne out.","true","0"
"930","SH-3y","3","Microsoft lays out tiered DBMS plan Comdex","Computerworld","1992-11-23","The good news is that it will empower users who are demanding access to corporate data,","high","validated","5","high","3","Within three years of its 1992 launch, Microsoft Access became a widely used desktop database bundled with Office, explicitly designed for non-specialist and ""power"" users to build their own forms, queries, and reports over business data.[1][2][7] Its ability to connect to multiple external data sources via ODBC and to consolidate and report on information from various corporate systems made it a common front end for corporate data and a key tool for end-user reporting and analysis in many organizations, matching Kastner’s prediction that it would empower users demanding access to corporate data.[1][2][8]","5","high","3","Between 1992 and 1995, Microsoft Access rapidly became the dominant Windows desktop database, bundled with Microsoft Office and widely adopted by business power users to create their own forms, queries, and reports.[6][7] Its built-in GUI tools and wizards, along with ODBC connectivity to back-end systems like SQL Server and Oracle, explicitly targeted and enabled non-programmers to work directly with corporate data sets that had previously required IT intermediaries.[6][7] By the mid‑1990s, Access was entrenched as a key departmental and end‑user tool for surfacing and manipulating corporate data, matching the prediction that it would “empower users who are demanding access to corporate data.”[6][7]","true","0"
"931","SH-3y","3","Microsoft lays out tiered DBMS plan Comdex","Computerworld","1992-11-23","The bad news is that Access alone should not be viewed as a tool that can craft all the applications in an enterprise.","high","validated","5","high","3","Between 1992 and 1995, Microsoft Access was widely adopted as a desktop and departmental database tool, but enterprises continued to build most core applications with client/server tools such as Visual Basic, C/C++, PowerBuilder, Oracle, and SQL Server rather than relying on Access as a universal platform. Access’s technical limits in scalability, concurrency, and security, and its typical use as a front end to heavier back-end databases, meant it was never suitable to craft all applications in an enterprise, validating the caution in Kastner’s statement within the 3-year horizon and beyond.","5","high","3","Microsoft Access, introduced in 1992, quickly became a popular **desktop** and workgroup database tool, positioned between spreadsheets and enterprise RDBMSs rather than as a platform for all enterprise applications.[3][9] By the mid-1990s, large organizations continued to build mission-critical systems on SQL Server, Oracle, and DB2 using languages and tools like C/C++, Visual Basic, and PowerBuilder, while Access was typically used for departmental solutions or as a front end to server databases.[3][9] Later industry commentary explicitly characterizes Access as filling a gap below ""real"" scalable databases and notes its limitations in scalability, performance, and multi-user robustness, reinforcing that it never became a universal enterprise application platform.[2][6]","true","0"
"967","SH-3y","3","Start-ups bring heavyweight tools","Computerworld","1993-11-01","These new tools use object technology without the complexity of object-oriented programming languages to let developers create graphical clients with multiple back ends,","high","validated","4","high","3","By 1993–1996, a clear wave of client/server 4GL and RAD environments (Forte, Dynasty, PowerBuilder, Delphi, Visual Basic) did in fact let developers visually build graphical clients while hiding much of the underlying object model and OO-language complexity behind frameworks, wizards, and code generators. These tools commonly exposed higher-level components and business objects and could connect to multiple back-end databases and application servers, matching his description even if the long-term center of gravity later shifted toward web and Java-based architectures. The claim correctly captured the near-term evolution of enterprise tools toward object-based, model-driven development for multi-back-end GUI clients, though it overstated how central these specific approaches and vendors would become over the longer run.","4","high","3","From 1993–1996, tools like Visual Basic, PowerBuilder, and Delphi provided visual, component-based development that concealed most object model complexity while building Windows GUI clients against various relational back-end databases.[7][11][14] Enterprises widely adopted these RAD client/server tools for line-of-business applications before fully object-oriented languages like Java became dominant, so his description of using 'object technology' without full OO language complexity to create graphical clients with multiple back ends was largely accurate over the 3-year horizon.[7][14]","true","0"
"968","SH-3y","3","Start-ups bring heavyweight tools","Computerworld","1993-11-01","And business objects will allow businesses to create units, such as a purchasing function, and then snap together applications from templates.","high","validated","3","medium","2","Between 1993 and roughly 1996, several enterprise development environments (e.g., Forte, Dynasty, PowerBuilder, Visual Basic with COM components) did move toward higher‑level object and component libraries with wizards and templates, letting developers assemble client/server applications more rapidly than pure 3GL coding. However, these environments generally exposed technical UI/data components rather than truly ready‑made business units like a full “purchasing function” that business users could simply snap together from templates; most organizations still wrote significant custom logic or adopted monolithic ERP suites (SAP R/3, PeopleSoft, Oracle Applications) instead of composing applications from granular business objects. Kastner’s direction toward componentized, template‑driven business objects was conceptually aligned with later trends (business component frameworks, IBM SanFrancisco, SAP business object repositories, and eventually SOA), but it materially overshot what was broadly practical or adopted within the three‑year forecast window.","2","medium","3","By roughly 1996, most enterprises were still building monolithic client/server applications or deploying packaged suites like SAP R/3 and PeopleSoft, not assembling purchasing or other business functions by snapping together reusable business-object templates. Component-based technologies such as COM and early OO frameworks did emerge, but business-object–level frameworks (for example IBM’s later San Francisco project) remained niche and immature, and they did not deliver the plug-and-play application assembly envisioned in the quote within that 3‑year window. The broader vision of template-driven, business-object composition only started to see practical realization in the 2000s with platforms like Salesforce, modern Java/.NET frameworks, and later low-code tools, well beyond the stated horizon.","true","1"
"993","SH-3y","3","IBM, Lotus iron out agreement","Computerworld","1995-06-19","execute nearly perfectly because they are so far behind,","medium","partially-validated","4","high","3","Kastner’s claim that IBM was far behind and would need nearly perfect execution to catch up in desktop and groupware markets proved largely accurate: between 1995 and about 1998, Windows 95/98 and Windows NT solidified Microsoft’s dominance on the desktop while OS/2 and PowerPC-based IBM client systems failed to gain significant share. Lotus Notes and Domino did grow into important enterprise groupware platforms, but Lotus SmartSuite never seriously challenged Microsoft Office, and IBM did not come close to ‘wresting control of the desktop’ from the Wintel ecosystem, underscoring that anything less than exceptional execution left IBM unable to close the gap.","4","high","3","Kastner’s point was that IBM, lagging Microsoft in 32-bit enterprise desktops and networked groupware, would need near-flawless execution on its PowerPC- and Lotus-based strategy to close the gap. Over the next three years, IBM’s client and groupware bets (PowerPC desktops, OS/2, and Lotus Notes as a mass-standard) did not execute cleanly and failed to dislodge Windows, Office, and the emerging Exchange/Outlook stack, while IBM instead found success by pivoting toward services and middleware rather than winning the desktop or groupware platform war. This shows his characterization of IBM as significantly behind and under intense execution pressure was directionally right, even though IBM ultimately responded by changing strategy rather than “catching up” in the originally envisioned arena.","true","0"
"994","SH-3y","3","IBM, Lotus iron out agreement","Computerworld","1995-06-19","They will continue to whip their companies [and] continue to innovate so that IBM or anybody else can never catch up,","high","validated","5","high","3","Between 1995 and roughly 1998, Intel and Microsoft aggressively advanced the Wintel platform with products like Windows 95 and Windows 98 on the software side and Pentium Pro/Pentium II on the hardware side, cementing their dominance of the PC desktop and client OS markets.[2][8] In the same period IBM’s attempt to challenge Microsoft on the desktop with OS/2 and the PowerPC-based client strategy never closed the gap; IBM instead pivoted toward servers, middleware, and enterprise software such as DB2 and the newly acquired Lotus portfolio, effectively conceding the desktop to Microsoft.[1][7] By the 3‑year horizon, IBM was clearly not catching up to Wintel on the desktop, and “anybody else” likewise had not materially eroded Intel’s or Microsoft’s lead, so the claim that Grove and Gates would drive continual innovation that others could not catch up to was essentially borne out for that period.","5","high","3","Between 1995 and 1998, Microsoft and Intel extended their dominance in desktop operating systems and CPUs with Windows 95, Windows NT 4.0, and the Pentium Pro/Pentium II lines, while IBM’s OS/2 and PC hardware efforts continued to lose relevance. Over that 3-year horizon, IBM did not come close to catching up in Wintel’s core franchises, and no alternative platform (such as Macintosh, Unix workstations, or NetWare) materially closed the gap in mainstream enterprise desktops, so the prediction that Grove and Gates would keep their companies ahead of IBM and other rivals was essentially borne out for the stated timeframe.","true","0"
"963","SH-3y","3","Windows-to-DOS tools get boost","Computerworld","1993-09-20","There's no doubt that if you have a DOS-to-Windows problem today, Wingate sure looks like it beats rolling your own code. But over the long term, Microsoft's stated direction is to make this [connection] nearly transparent with Chicago,","not-applicable","not-predictive","4","high","3","Within three years, Microsoft shipped Chicago as Windows 95 (1995), which tightly integrated MS-DOS and Windows and allowed most DOS applications to run in windowed or full-screen sessions with shared resources such as printing and, in many cases, clipboard and file access, making DOS/Windows coexistence far smoother than in the Windows 3.1 era. Although the DOS–Windows boundary was not literally invisible—some low-level DOS software and games still had issues and many enterprises lagged on migration—the general direction that Windows 95 would reduce the need for specialized DOS-to-Windows glue tools proved correct, and products like Wingate remained niche and short-lived as organizations moved toward native 32-bit Windows applications.","4","high","3","Within three years, Chicago shipped as Windows 95 (August 1995), explicitly integrating MS‑DOS and Windows into a single consumer operating system and making execution of most DOS applications inside Windows substantially more seamless than under Windows 3.x. This shift sharply reduced the strategic importance of stopgap DOS‑to‑Windows bridging tools as a long‑term solution, validating the idea that products like Wingate were interim aids rather than the future platform. However, porting complex DOS line‑of‑business applications to true 32‑bit Windows GUIs still required significant redevelopment, so the “nearly transparent” phrasing overstated how easy full migration would be.","true","0"
"926","SH-3y","3","Stratus still rock solid as it moves CISC users to RISC","Computerworld","1992-11-02","Stratus right now is in a state of transition; on the product side, the company is moving to a wide range of RISC-based products on both its proprietary VOS and Unix System V, Release 4 operating systems,","high","validated","4","high","2","Within three years of late 1992, Stratus had in fact broadened its RISC-based product line, first on Intel i860 and then with PA-RISC-based Continuum systems, so the description of being in a transition toward a wide range of RISC systems proved accurate. Both its proprietary VOS and its Unix/System V-derived environments (e.g., USF/FTX) were offered on these RISC platforms, even though substantial CISC/VOS legacy systems persisted. The claim was more a characterization of an ongoing and near-term transition than a bold long-range forecast, but it correctly anticipated the product trajectory and OS coverage over the stated horizon.","5","high","3","By the mid-1990s, Stratus had introduced PA-RISC-based Continuum/V Series systems, running its VOS operating system on RISC hardware as anticipated[5][8]. The company also offered fault-tolerant Unix System V Release 4 systems on PA-RISC during this period, so within roughly three years of 1992 its RISC transition spanned both proprietary VOS and Unix product lines as described in the quote[5][8].","true","-1"
"927","SH-3y","3","Stratus still rock solid as it moves CISC users to RISC","Computerworld","1992-11-02","Stratus is coping with increasing competition from the rest of the industry, which is catching up on overall systems availability and pushing Stratus into a smaller and smaller fault-tolerant corner of the market,","medium","partially-validated","4","high","3","Through the mid‑1990s, general‑purpose Unix/RISC servers and emerging NT systems with clustering, RAID, and other high‑availability features rapidly improved uptime, reducing the differentiation of proprietary fault‑tolerant hardware such as Stratus and slowing that segment’s growth from earlier high double‑digit rates to low single‑digits. Stratus’s business in this period plateaued and then came under pressure, and over time it increasingly concentrated on narrow, always‑on niches like telecom switching and financial transaction processing rather than broad enterprise computing, showing it was indeed being pushed into a more specialized corner of the market. The claim slightly over-implies the speed and degree of confinement within the initial three‑year window, but its direction and characterization of a shrinking relative niche were largely borne out.","4","high","2","By the mid-1990s, open systems UNIX/RISC and later commodity x86 servers with clustering and high-availability software had begun to erode the uniqueness of proprietary fault-tolerant systems, constraining the addressable market for vendors like Stratus to segments where continuous availability was mission-critical. Stratus remained profitable in the early 1990s but did not break out into the broader server market, and by the later 1990s it was under enough pressure that it was acquired by Ascend in 1998 and subsequently refocused as Stratus Technologies, a specialist provider of fault-tolerant servers and software. This matches the analyst’s directional call that competition on availability would push Stratus into a narrower fault-tolerant niche and make broad-market growth difficult, even though the full impact unfolded over more than the three-year forecast window.","true","0"
"928","SH-3y","3","Stratus still rock solid as it moves CISC users to RISC","Computerworld","1992-11-02","Where fault tolerance is absolutely required, Stratus is a standout leader, but the company will be experiencing greater difficulty in reaching a wide section of the market.","high","validated","4","high","3","From 1992 to about 1995, Stratus remained one of the premier vendors of fully fault-tolerant servers, especially in financial services and telecommunications, so the assertion that it was a standout where absolute fault tolerance was required held true. Over the same period, however, mainstream enterprises increasingly adopted lower-cost Unix and RISC servers with clustering and RAID for “high availability,” and Stratus’s IBM OEM business (System/88) collapsed from over $100 million in 1989 to under $10 million in the first half of 1993, sharply curtailing its reach into a broad market. As a result, Stratus was pushed into a narrower mission-critical niche with slowing growth rather than broad enterprise adoption, matching Kastner’s prediction that it would face greater difficulty reaching a wide section of the market within a few years.","5","high","2","Stratus remained a recognized leader in specialized fault-tolerant servers for mission-critical workloads such as financial and industrial systems, later exemplified by its VOS and ftServer platforms delivering very high uptime guarantees.[10][13][7] Over the mid‑1990s and beyond, however, high availability for mainstream enterprise workloads increasingly came from commodity RISC and x86 servers combined with clustering, RAID storage, and replication, making high availability broadly accessible without proprietary fault-tolerant hardware and limiting vendors like Stratus to a smaller niche.[3][15][6] By the 2000s and 2010s Stratus’s fault-tolerant server business was growing only at single‑digit rates and was treated as a specialized segment through ownership changes and private‑equity acquisitions, underscoring that it never reached a wide general-server market despite maintaining leadership where absolute fault tolerance was required.[4][13][1]","true","-1"
"985","SH-3y","3","CA slashes Ingres prices","Computerworld","1994-09-12","I think it's a very astute move by CA because it creates [software] bundles that are highly attractive to the Ingres installed base,","not-applicable","too-vague","2","medium","2","Within three years of CA’s 1994 price cuts, Ingres remained a shrinking, second-tier RDBMS, with Oracle, Sybase, Informix, DB2, and increasingly Microsoft SQL Server capturing most new client/server and data warehousing projects. The CA stewardship period did not produce a meaningful resurgence or clear stabilization of Ingres’ market position, indicating that any discounted bundles were not sufficiently attractive to materially energize or retain the installed base beyond short-term price relief. Over the longer run CA’s failure to reinvigorate the product and its eventual divestiture of Ingres underscores that this strategy was not especially ‘astute’ in competitive or customer-impact terms.","2","medium","2","CA’s stewardship of Ingres through the mid‑1990s did not lead to a resurgence of the product, and its market share continued to shrink relative to Oracle, Microsoft SQL Server, and Sybase despite any short‑term appeal of discount bundles to existing customers. Within a decade CA effectively exited by spinning Ingres out, and the database remained a legacy, niche platform rather than a revitalized franchise, suggesting the move was not especially “astute” in hindsight even if some installed‑base customers appreciated lower prices.","true","0"
"984","SH-3y","3","Reaction split on CA's plan for ASK products","Computerworld","1994-08-15","Reading between the lines of CA's white papers, these are not maintenance releases CA has planned. They're planning to integrate ASK technologies into [their] broad product set and into the CA '90s architecture,","not-applicable","not-predictive","4","high","2","Within three years of the 1994 ASK/Ingres acquisition, CA invested in substantial new releases such as CA-OpenIngres and later Ingres II, and delivered CA-OpenRoad on Windows NT and major Unix variants rather than leaving them as frozen maintenance lines. These database and 4GL tools were positioned as strategic components in CA’s broader client/server and systems-management portfolio, with integrations into products like Unicenter for monitoring and administration, reflecting a genuine attempt to fold ASK technologies into a wider CA '90s architecture even though the grand unifying vision never fully materialized or reversed Ingres’s market decline.","4","high","2","Within three years of the 1994 ASK acquisition, CA rebranded and advanced the Ingres technology as CA/OpenIngres and positioned it as the relational database component within its broader CA 90s enterprise architecture, alongside tools like OpenROAD and Unicenter rather than leaving it as a frozen maintenance line. CA also began folding ASK’s application assets into broader suites (later interBiz) and tying Ingres into CA’s systems management, security, and backup offerings, indicating a genuine integration strategy even though CA’s execution was uneven and Ingres steadily lost market share to Oracle, SQL Server, and DB2.","true","0"
"983","SH-3y","3","Unix, NT links to ship in 1995","Computerworld","1994-07-25","The open systems environment is forced with so many different suppliers and so many different products that the costs and complexity have gotten totally out of hand,","high","validated","4","high","3","From 1994 through at least the late 1990s, enterprises were indeed grappling with a highly fragmented 'open systems' landscape, juggling multiple Unix variants (Solaris, HP-UX, AIX, SCO), NetWare, and emerging Windows NT alongside mainframes and minicomputers, which made operations and integration costly and complex. The same period saw the rise and heavy implementation expense of large, framework-style management suites such as Tivoli, HP OpenView, CA-Unicenter, BMC Patrol, and others, whose very purpose was to tame this heterogeneity but whose deployment often underscored how out-of-hand complexity and cost had become. Kastner’s statement slightly over-dramatizes but accurately reflects conditions in the 1994–1997 window, and the problem persisted well beyond that horizon.","4","high","3","By the mid-1990s, enterprises were indeed struggling with a highly fragmented open systems landscape, juggling multiple Unix variants (Solaris, HP-UX, AIX, Digital Unix, SCO) across different RISC platforms and incompatible systems management tools, which drove high integration and operations costs. This complexity created a clear opening for Windows NT, whose rapid server share gains by 1997 were marketed explicitly on lower total cost of ownership and simpler, more homogeneous management relative to multi-vendor Unix estates. Major investments in broad systems management suites such as Tivoli (acquired by IBM in 1996), HP OpenView, and CA Unicenter during this period further confirm that cross-platform open systems management had become complex and costly enough to be a central industry problem.","true","0"
"979","SH-3y","3","IBM adds EISA server to PS/2 family","Computerworld","1994-06-20","IBM is belatedly waking up to the fact that Compaq [Computer Corp.] is walking off the playing field with the server marketplace just when it seems to be taking off,","high","validated","4","high","3","By the mid-1990s Compaq had become the leading vendor of industry-standard Intel-based servers, frequently topping market-share rankings while IBM lagged in this segment despite its strength in proprietary mainframe and midrange systems.[3][9] By 1997–1998 Compaq held on the order of one-third of the server market versus roughly mid-teens share for IBM, validating the view that Compaq was ""walking off the playing field"" just as volume server demand accelerated.[5][9] IBM did move to revamp its server offerings around more industry-standard architectures later in the 1990s, but within the three-year horizon this did not materially disrupt Compaq’s leadership, so Kastner’s characterization of IBM as waking up belatedly was largely borne out.[3][9]","4","high","3","Between 1994 and 1997, Compaq’s ProLiant line became the leading vendor in the fast‑growing Intel/PC server segment by both shipments and revenue, while IBM’s PS/2–based and PC server offerings lagged and required a substantial refresh to stay competitive. Over this period, IBM remained strong in proprietary platforms like AS/400 and RS/6000, so Compaq did not take the entire server market, but in the specific volume server segment that was “taking off,” Compaq was effectively outpacing IBM and forcing it into a catch‑up posture. The quote is directionally accurate about Compaq walking away with the emerging PC server opportunity and IBM waking up late, though it overstates the breadth of IBM’s overall server decline, hence a 4 rather than 5.","true","0"
"980","SH-3y","3","IBM adds EISA server to PS/2 family","Computerworld","1994-06-20","IBM really needed to jump-start its server business.","not-applicable","not-predictive","4","high","3","By 1994 IBM had clearly lost momentum in Intel-based servers and PC hardware to Compaq and other clone vendors, so characterizing its server business as needing a jump-start accurately reflected its weakened competitive position. Over the next three years IBM undertook a major revamp of its server portfolio, including the Netfinity x86 line alongside strong AS/400 and RS/6000 offerings, confirming that management treated the server franchise as something that needed revitalization rather than incremental tuning. IBM did not quickly retake PC server leadership from Compaq in this period, but the diagnosis that the server business required an aggressive restart rather than business as usual held up well through the mid‑ to late‑1990s.","0","low","3","The quotation is a normative, present‑tense assessment (“IBM really needed to jump‑start its server business”), not a falsifiable prediction about how IBM’s server business would perform or change over the following three years. While IBM did subsequently emphasize servers across S/390, AS/400, and newer AS/400e lines in the mid‑ to late‑1990s, indicating strategic focus on servers[3][8], this does not retroactively make the statement a time‑bounded forecast. Because the claim is essentially an opinion about what IBM should do, rather than a concrete prediction whose correctness can be judged circa 1997, it falls into the rubric’s “too vague to assess” category.","false","4"
"981","SH-3y","3","PC servers join pricing free fall","Computerworld","1994-06-20","One-third of the price of servers is in the CPU and memory,","high","validated","4","high","2","In the mid-1990s and through at least the late 1990s, x86 PC servers rapidly commoditized, with overall system prices closely tracking declines in Intel CPU and DRAM component costs, indicating that silicon remained a dominant share of hardware value[2][11]. Even in later generations, analyses of commodity servers show that CPUs and memory together account for a large fraction of hardware cost, supporting Kastner's implication that cheaper processors and RAM would directly lower system prices, even if the exact one-third ratio varied over time[4][11].","4","high","2","In the mid-1990s, industry bill-of-materials analyses for x86 PC servers show that the CPU and DRAM together accounted for a large but not overwhelming share of system cost, typically on the order of a few tens of percent rather than a minor line item, so describing them as roughly one‑third of the price is directionally accurate. Between 1994 and 1997, rapid price cuts on Intel 486/Pentium and early Pentium Pro processors, along with substantial DRAM cost declines after the 1995–96 DRAM price spike, materially reduced per‑unit server prices and especially price-per-performance for commodity PC servers from vendors like Compaq and Dell. The statement is somewhat banal and the exact fraction would vary by configuration, but the characterization that CPU and memory formed a major cost block whose price declines translated into lower system costs held up well over the stated horizon.","true","0"
"969","SH-3y","3","Software vendors converge on database market","Computerworld","1993-11-29","As a result, IS is starting to put more controls on in order to limit the number of products they have to support,","high","validated","4","high","3","From 1993–1996, many corporate IT organizations did in fact move to rein in the early-1990s ‘best-of-breed’ tool sprawl by creating approved product lists and standardizing on a small number of relational databases and query/reporting tools (e.g., Oracle or DB2 on the back end with a chosen vendor such as Business Objects, Cognos, or a desktop standard like Microsoft Access/Excel as the front end). This period also saw formal desktop standardization around Windows and Microsoft Office, with IT groups increasingly restricting unsupported or departmental tools to reduce support burden and integration complexity. While tool proliferation continued at the departmental level, the directional claim that IS was asserting more control to limit the number of supported products largely played out as described over the following few years.","4","high","3","The forecast that IS would start imposing controls to limit the number of end‑user query and related tools they had to support aligns with how enterprises reacted to early‑1990s client/server and desktop tool sprawl. By the mid‑1990s, many organizations had moved to formal 'standard desktop' builds, approved software lists, and consolidation on a small set of databases (e.g., Oracle, SQL Server, DB2) and query/BI tools (e.g., Business Objects, Cognos, Crystal Reports) to reduce support and integration complexity. The statement slightly overstates the novelty—standardization was a long‑standing IT behavior—but as applied to proliferating client/server query tools over the 3‑year horizon, it was directionally and operationally accurate.","true","0"
"970","SH-3y","3","Software vendors converge on database market","Computerworld","1993-11-29","The database vendor focus for these tools has a lot of merit because IS needs to keep control of the implementation, as opposed to letting individual departments go out and buy all their own query tools,","high","validated","2","medium","3","From 1993–1996, end-user query and reporting markets were dominated by independent and desktop tools such as Business Objects, Cognos PowerPlay, Brio, Crystal Reports, and pervasive use of Microsoft Excel and Access as de facto departmental front ends to relational databases, rather than by database-vendor-native query tools. While central IT organizations often aspired to standardize and limit the number of supported tools, in practice “spreadmarts” and shadow IT proliferated through the mid‑ and late‑1990s and beyond, and database vendors’ own end-user query tools (e.g., Oracle Discoverer, Sybase InfoMaker) remained secondary players to specialist BI vendors. Kastner was directionally right about IS’s desire for control, but wrong about the relative merit translating into broad dominance of database-vendor-focused tools over departmental purchases in the ensuing three-year period.","2","medium","3","From 1993–1996, departmental and end‑user query/BI tools such as Business Objects, Cognos Impromptu/PowerPlay, Brio, Crystal Reports, Microsoft Access, and Excel ODBC add‑ins spread rapidly, often purchased and deployed directly by business units with limited central IS control. At the same time, database vendors’ own tool suites (Oracle CDE, Sybase tools, IBM’s offerings) existed but did not prevent the rise of distributed “shadow IT” analytics and reporting environments, which became a defining characteristic of mid‑90s decision-support deployments. Kastner’s argument that a database‑vendor focus would keep IS in control thus ran counter to the dominant practice that actually emerged in the ensuing few years, even though the governance concern he voiced remained valid long term.","true","0"
"957","SH-3y","3","USL makes microkernel move","Computerworld","1993-06-14","It is quite likely that the engineers at Novell and USL are struggling to merge two highly different operating system cores,","high","validated","4","high","3","Within three years, Novell’s attempt to integrate NetWare with UnixWare on a Chorus-based microkernel (the SuperNOS project) was widely reported as technically difficult and repeatedly delayed, with Novell officials later conceding that full, seamless integration of the two environments on the microkernel might not be achievable at all. Contemporary accounts in 1994–1995 describe the SuperNOS effort as complex and troubled, and by the mid‑1990s Novell had effectively backed away from the grand UnixWare/NetWare convergence, confirming that engineers had indeed struggled to merge the two very different OS cores. However, the statement is more a contemporaneous inference than a forward-looking, detailed prediction, so it is best scored as largely rather than remarkably prescient.","4","high","3","Novell’s 1993 acquisition of USL brought together the NetWare network operating system and the UnixWare/System V Unix line, which were architecturally and culturally quite different, and the integration was widely reported as difficult and ultimately unsuccessful. Within roughly two years, Novell gave up on fully merging the technologies, selling its Unix business to SCO in 1995, and the hoped-for unified platform never materialized, reinforcing the view that engineers had indeed struggled to reconcile the two cores. The comment was directionally accurate about the integration challenge, though this was a relatively obvious risk rather than a uniquely farsighted prediction.","true","0"
"958","SH-3y","3","USL makes microkernel move","Computerworld","1993-06-14","A microkernel approach may in fact allow a lot of differences to be papered over.","high","validated","3","medium","2","Novell and USL’s specific attempt to use a Chorus-based microkernel and related SuperNOS/UnixWare initiatives did not successfully merge the NetWare and Unix cores in the market; the integration was never widely deployed and Novell sold its Unix business to SCO by 1995, so the practical differences were not meaningfully ‘papered over’ in this context. However, in the same timeframe, systems like Windows NT and Mach-based OSs showed that microkernel-style architectures can technically host multiple ‘personalities’ (Win32, POSIX, OS/2, and others) over a common core, demonstrating the general architectural idea Kastner described even if the particular Novell/USL use case faltered. Overall, the claim was directionally right about what microkernels can do, but not borne out in the concrete Novell/USL integration effort within the three-year horizon.","2","medium","2","Novell’s attempt to unify NetWare and UnixWare after acquiring USL did not succeed via a microkernel; by 1995 Novell had effectively abandoned its Unix strategy and sold UnixWare to SCO rather than delivering a robust merged microkernel-based platform. Over the 1993–1996 horizon, mainstream enterprise operating systems such as Solaris, HP-UX, AIX, and Windows NT continued with monolithic or hybrid kernels, and widely publicized microkernel efforts like Mach- and Chorus-based systems failed to become a general mechanism for ‘papering over’ major OS core differences. While microkernels later found niche success in real-time and embedded systems, that did not validate the specific near-term integration hope implied for USL/Novell in this timeframe.","true","1"
"947","SH-3y","3","Microsoft, D&B sign on NT applications","Computerworld","1993-05-03","Microsoft gains an insight into a leading-edge client/server product development effort and into what is required for operating systems and tools functionality,","high","validated","0","low","2","Between 1993 and 1996, Windows NT evolved rapidly (3.1, 3.5, 3.51, 4.0) and Microsoft built out its BackOffice and client/server tooling largely through broad engagement with many ISVs and enterprise customers, not any single partnership. Although D&B’s SmartStream did run on NT and later tied more closely into the BackOffice suite, there is little historical evidence that this specific alliance uniquely shaped NT’s operating system or tools direction versus Microsoft’s wider enterprise ecosystem. Because the claim hinges on an unmeasurable internal benefit (“gains an insight”) that is not documented in the historical record, its accuracy cannot be meaningfully assessed.","0","low","3","The quoted sentence is essentially a descriptive statement that Microsoft will gain insight from working with D&B, which is an immediate and almost tautological benefit of any development partnership rather than a concrete, time-bound prediction. While Microsoft did rapidly enhance Windows NT and its client/server development tools between 1993 and 1996, there is no specific, falsifiable forecast here (e.g., about NT’s market position, product capabilities, or business outcomes) that can be checked against subsequent history. Because the claim lacks measurable content and does not clearly project a future state by the three-year horizon, it cannot be meaningfully assessed for prescience.","true","0"
"948","SH-3y","3","Microsoft, D&B sign on NT applications","Computerworld","1993-05-03","Working with Microsoft will yield a superior product for D&B, who is behind some of their competitors but ahead of their customers in that they are just now grasping the opportunities for enterprise downsized [decision support systems].","high","validated","2","medium","2","Within three years, D&B Software’s SmartStream products running on Windows NT did not become clearly superior to leading rivals such as PeopleSoft, SAP R/3, and Oracle’s client/server financials, and D&B Software’s position weakened enough that the business was sold to Geac in the mid‑1990s rather than emerging as a top-tier enterprise applications vendor. The broader notion that enterprises would increasingly adopt downsized, client/server decision support systems on platforms like NT was directionally correct, but this trend benefited a wide field of DSS, BI, and ERP providers rather than giving D&B a distinct advantage, so the firm-specific prediction largely failed even though the general market shift occurred.","2","medium","2","Within about three years, D&B Software did not emerge with a clearly superior, competitively winning Windows NT-based decision-support offering; instead it continued to lose ground in enterprise applications to vendors such as SAP, Oracle, and PeopleSoft and was effectively absorbed into other firms by the mid‑1990s. The characterization that D&B was behind leading competitors yet somewhat ahead of many conservative, mainframe‑oriented customers in embracing downsized, client/server decision-support architectures was directionally reasonable, but the claim that collaboration with Microsoft would yield a superior product outcome did not hold up.","true","0"
"949","SH-3y","3","Microsoft, D&B sign on NT applications","Computerworld","1993-05-03","marching to its own drummer.","not-applicable","not-predictive","0","low","2","The quoted phrase is a metaphorical characterization of D&B Software’s strategy rather than a concrete, time-bound prediction about market share, technology success, or product adoption. While D&B did pursue a somewhat distinct client/server and decision-support strategy with SmartStream in the mid-1990s and was acquired by Geac in 1996, that history neither clearly confirms nor clearly contradicts the vague notion of “marching to its own drummer.” Because the claim lacks specific, falsifiable content relative to the three-year horizon, it cannot be meaningfully scored for prescience.","0","low","3","The quoted phrase is a vague metaphorical characterization of D&B Software’s strategy rather than a concrete, time-bounded prediction. It does not specify measurable outcomes such as market position, product success, or technology adoption that could be checked circa 1996. Because the statement is not falsifiable in a clear way, its prescience relative to the subsequent history of client/server decision support and transaction processing systems cannot be meaningfully assessed.","true","0"
"914","SH-3y","3","Alpha-ready VAX line expected in July","Computerworld","1992-06-15","They've basically taken their customers into the DECworld candy shop and said, `Here's all the Alpha goodies, but you can't have them for one to two years,' which makes it exceedingly difficult to justify why you should go out and purchase a MicroVAX today, which is what DEC desperately needs,","not-applicable","not-predictive","5","high","3","Kastner warned that loudly promoting Alpha while delaying broad availability would make it hard for customers to justify new MicroVAX purchases, undermining the VAX line DEC still needed to sell. Within a year of the Alpha rollout, DEC reported hardware sales drops of more than 20% and industry coverage explicitly noted that VAX sales had plunged as customers waited for Alpha systems, a classic ""Osborne effect"" that accelerated the decline of MicroVAX and the broader VAX family by the mid‑1990s. This pattern of pre-announcing Alpha effectively cannibalizing existing VAX demand over the 1992–1995 period matches his concern with remarkable accuracy.","4","high","3","Within three years of the 1992 Alpha launch, DEC’s VAX and MicroVAX product lines entered a pronounced decline as the company positioned Alpha as the strategic future while still needing near-term VAX revenue, a pattern historians describe as creating Osborne-effect-like hesitation among customers considering new VAX purchases. Alpha-based systems and 64‑bit RISC competitors gained prominence in the early–mid 1990s, while DEC’s financial performance deteriorated with losses and restructurings in 1992–1994, indicating that the transition messaging and delayed broad availability of fully mature Alpha offerings undercut demand for legacy MicroVAX systems much as Kastner warned.","true","1"
"945","SH-3y","3","DEC closes in on profitability","Computerworld","1993-04-19","This is much better than we thought they might do,","not-applicable","not-predictive","0","low","3","The quotation is a backward-looking remark that Digital Equipment’s quarterly loss was smaller than analysts had expected, without making any explicit forward-looking claim about the company’s future trajectory over the next three years. Over 1993–1996 DEC did briefly return to profitability but then continued to struggle with restructurings and competitive pressure, culminating in its eventual acquisition path later in the decade, outcomes that this quote neither anticipates nor contradicts. Because it merely compares actual results to prior expectations for that specific quarter and does not state a forecast about the medium-term future, it cannot be meaningfully scored for prescience on a 3‑year horizon.","0","low","3","The quoted remark is a backward-looking comparison of that specific quarter’s results to prior analyst expectations, not a forward-looking prediction about DEC’s future performance or market position. It does not state any falsifiable claim about how DEC will fare over the ensuing three years, so its prescience relative to a multi‑year horizon cannot be meaningfully assessed. While DEC did briefly improve its financial results in the mid‑1990s before being acquired by Compaq, this outcome is not implied or forecast by the quoted sentence itself.","true","0"
"943","SH-3y","3","CA gets on Microsoft bandwagon","Computerworld","1993-04-19","financial suicide. If CA has Unicenter on a mainframe for $150,000 to $250,000, why in God's name would they shrink-wrap it on NT for a fraction of the cost?","not-applicable","not-predictive","1","low","3","Within three years of the 1993 quote, Computer Associates had successfully expanded Unicenter onto distributed platforms, including Windows NT, and Unicenter became its flagship enterprise management product rather than a financial disaster. CA’s revenues and profitability grew through the mid‑1990s and it continued to command high prices for mainframe-centric Unicenter while selling lower-priced distributed versions, so offering Unicenter on NT at a fraction of mainframe prices did not amount to the “financial suicide” Kastner predicted. Longer term, CA remained a major systems management vendor and later evolved Unicenter into Unicenter TNG and related offerings, indicating that the NT move and associated pricing strategy were sustainable rather than ruinous.","1","low","3","CA did in fact bring Unicenter to Windows NT and other distributed platforms in the mid‑1990s, and this move became part of its core enterprise management strategy rather than causing serious financial harm. By the late 1990s Unicenter (including Unicenter TNG on Unix and Windows) was a flagship CA product and the company remained profitable and acquisitive, competing with HP OpenView, IBM/Tivoli, and BMC rather than being crippled by lower-priced NT offerings. More broadly, the shift from mainframe‑only tools to client/server and NT‑based systems management was a standard and ultimately necessary industry move, not “financial suicide” for vendors that executed it well.","true","0"
"944","SH-3y","3","CA gets on Microsoft bandwagon","Computerworld","1993-04-19","would at least want to kick the tires of Unicenter on NT,","not-applicable","not-predictive","3","medium","2","Between 1993 and 1996, Windows NT matured through versions 3.5, 3.51 and 4.0 and saw growing evaluation and pilot deployment in large enterprises, including mainframe-centric sites investigating client/server downsizing. CA promoted Unicenter as a cross-platform manager for Unix and NT and many mainframe customers experimented with NT-based infrastructure, but there is no clear evidence that a majority of Unicenter mainframe clients specifically trialed Unicenter on NT within that three-year window, so the forecast appears directionally right but likely overstated in magnitude.","0","low","2","Between 1993 and 1996, Windows NT matured rapidly in the enterprise and Computer Associates pushed Unicenter and then Unicenter TNG for distributed environments including NT, amid a broader wave of mainframe downsizing experiments. However, there is no reliable historical data on what fraction of CA’s roughly 1,000 Unicenter mainframe customers evaluated or even “kicked the tires” of an NT version, so the specific claim that more than 50% would do so cannot be verified. As a result, the prescience of this precise quantitative, intent-focused forecast cannot be assessed from available industry history.","false","3"
"942","SH-3y","3","PowerBuilder may add Intersolv tools","Computerworld","1993-04-12","If users want to enter into enterprisewide development projects, version control is mandatory,","high","validated","5","high","3","By the mid-1990s, serious client/server and other enterprisewide development projects almost universally adopted source-code control tools such as PVCS, IBM/Rational ClearCase, and Microsoft Visual SourceSafe as standard practice, effectively making version control a de facto requirement for large-scale efforts. Over the following decade and beyond, the rise of Subversion, then Git and other modern VCS platforms, plus process models like CMM/CMMI and ISO 9001 that explicitly mandated configuration management, further cemented the idea that enterprise software projects could not proceed responsibly without formal version control.","4","high","3","By the mid-1990s, serious enterprise-wide client/server development efforts almost universally adopted source-code control tools such as Intersolv PVCS, IBM’s CMVC, Atria ClearCase, and later Microsoft Visual SourceSafe to coordinate multi-developer work and manage releases. While some smaller or less mature organizations still operated without formal version control, industry practice and tooling for large-scale application development had clearly converged on version control as a de facto requirement within roughly three years of the 1993 statement and even more so thereafter.","true","1"
"940","SH-3y","3","Software AG extends Unix tools strategy","Computerworld","1993-03-15","Bringing these products over to Unix means not only a port but also opening them up to work in the interoperable world of open systems,","not-applicable","not-predictive","4","high","3","From 1993–1996, Unix “open systems” efforts such as X/Open and the Single UNIX Specification (UNIX 95 in 1995) focused heavily on cross-vendor interoperability rather than simple code ports, so moving mainframe-centric products to Unix did in practice require integration with standard interfaces, protocols, and heterogeneous environments rather than just recompilation. In that same period, enterprise deployments increasingly combined AIX, HP-UX, Solaris, and NetWare/Windows with TCP/IP networking, SQL/ODBC access, and middleware like DCE and messaging, validating the idea that Unix offerings had to participate in an interoperable ecosystem instead of being isolated point ports. The statement is somewhat generic but directionally accurate about what successful Unix transitions required in the mid‑1990s, so it holds up well over the three‑year horizon.","4","high","3","From 1993–1996, porting mainframe products to Unix in enterprise IT consistently required more than a simple recompile, as vendors such as Software AG, IBM, and CA had to redesign for POSIX compliance, TCP/IP networking, and standard interfaces like SQL and ODBC to interoperate in heterogeneous environments. This work often took several years and multiple releases before Unix versions behaved as true peers in open client–server and multi-vendor networks rather than isolated, proprietary ports, matching Kastner’s emphasis that ‘opening them up’ to interoperable open systems goes well beyond a basic port and takes time. While the statement is somewhat general, it accurately characterizes the real engineering and timeline involved in mainframe-to-Unix transitions in that three‑year window.","true","0"
"941","SH-3y","3","Software AG extends Unix tools strategy","Computerworld","1993-03-15","That takes time. Software AG is going about it very methodically.","not-applicable","not-predictive","3","medium","2","Over the mid-1990s, Software AG did in fact migrate Adabas and Natural from mainframes to multiple Unix platforms in a gradual, incremental fashion, extending existing products rather than rapidly reinventing them for open systems. The company remained slower-moving and more conservative than Unix-native database and tools vendors such as Oracle and Informix, but it steadily broadened support for Unix variants and client/server deployment, which aligns with the characterization that the transition would take time and be pursued methodically. The statement is, however, quite generic and does not stake out a strong, falsifiable forecast, so its prescience is limited rather than remarkable.","0","low","2","The statement that porting Software AG’s products to Unix and open systems would 'take time' and be done 'methodically' is essentially a generic characterization of any multi-platform porting effort rather than a concrete, risky prediction. Historically, Software AG did continue to roll out Unix and client-server versions of Adabas and Natural incrementally through the mid-1990s, without a sudden, disruptive shift in strategy or pace that would clearly contradict or uniquely validate this comment. Because almost any large system port to multiple Unix variants in that era proceeded gradually, the claim is too vague to assess for prescience in a meaningful way.","false","3"
"938","SH-3y","3","Apple exec jumps to Microsoft","Computerworld","1993-01-11","Microsoft is admitting that their database strategy is not nearly as far along as they had hoped and that they needed a world-class software manager with vision to come in and shake things up,","not-applicable","not-predictive","3","medium","3","In 1993 Microsoft’s database product line was indeed fragmented and relatively immature compared to Oracle, Sybase, and Borland, with just-launched Microsoft Access on the desktop and SQL Server still evolving out of its Sybase partnership. Over the 1993–1996 window, Microsoft reorganized around a more coherent database and tools strategy (Access + Visual Basic + decoupled SQL Server), and Roger Heinen did take a senior role overseeing database and development tools, but this was more a correct contemporaneous diagnosis of a weak strategy than a distinctive prediction about how things would change. Within three years Microsoft had materially strengthened its database position (e.g., SQL Server 6.0 in 1995), yet Kastner’s quote does not anticipate that trajectory, only that Microsoft was behind and seeking stronger leadership, which proved broadly true but not notably farsighted.","3","medium","2","In 1993 Microsoft’s database business was indeed behind enterprise leaders like Oracle, Sybase, and IBM, with SQL Server still closely tied to the former Sybase code base and only just emerging on Windows NT 3.1. Over the next three years, Microsoft substantially reworked its database line, releasing SQL Server 6.0 in 1995 and 6.5 in 1996 and positioning it more credibly on NT, which validates the idea that the earlier strategy was not as far along as desired and required significant internal reorientation. However, the quote implies a specific inflection driven by the arrival of one star manager, whereas the subsequent progress appears to have come from a broader, multi-year engineering and product investment rather than a single dramatic shake-up, so the predictive content is only partly borne out.","true","0"
"932","SH-3y","3","Page exits Software AG News","Computerworld","1992-11-30","It's never transparent or insignificant when the founder of a long-term and successful company leaves,","high","validated","2","medium","2","Within three years of Page’s 1992 resignation, Software AG remained profitable and continued to develop and market its Adabas and Natural product lines without any widely documented crisis or visible strategic whiplash tied directly to his departure. The company’s later struggles in the late 1990s and 2000s are generally attributed to broader competitive and technology shifts (relational databases, application servers, integration platforms) rather than to a clear, non‑transparent “ripple” from this specific leadership change. Because the quotation is a broad, almost axiomatic claim about founders and the short‑term evidence at Software AG does not show a clear material impact, its prescience for the stated three‑year horizon appears limited.","3","medium","1","Kastner’s claim is a general principle that a founder’s departure is never insignificant, applied here to Peter Pagé leaving Software AG, but the statement is broad and not tied to a concrete, falsifiable operational or financial outcome within the 3‑year window. Contemporary and retrospective accounts note that Pagé was a key figure (original developer of Natural and later CEO) and that Peter Schnell took control in 1992 ""in order to protect Software AG,"" implying that the transition was indeed a meaningful governance event rather than a non‑event, but detailed public evidence connecting his departure to specific product, revenue, or market‑share shifts between 1992 and 1995 is sparse.[1][7] Because the quotation is more of a generic caution that founder exits matter, and because the documented history does not clearly show a precise, measurable impact over the stated horizon, the claim is only partially testable and thus only partially validated rather than clearly prescient or clearly wrong.","true","-1"
"933","SH-3y","3","Page exits Software AG News","Computerworld","1992-11-30","To say there will be no ripple in the water is specious.","high","validated","0","low","2","The statement only asserts that there would be ‘some ripple’ from Peter Page’s departure without specifying what kind of strategic, financial, product, or organizational impact would occur or over what timeframe. Public histories of Software AG in the early-to-mid 1990s mainly document its continued focus on Adabas and Natural and its gradual, contested adaptation to open systems, but do not clearly tie any particular inflection point or measurable disruption directly to Page’s 1992 exit. Because the claim is extremely general and there is no well-documented, attributable effect within the three-year horizon, it is not possible to rigorously assess its prescience against later outcomes.","0","low","2","The claim only asserts that there would be “some ripple” from the departure of a key founder/architect, without specifying operational, financial, product, or market-share consequences that can be checked against outcomes. Public histories of Software AG focus on its long-term role as a major German enterprise software vendor, the continued prominence of Adabas & Natural, and later strategic shifts (e.g., integration, BPM, and acquisitions) rather than any clearly documented short‑term disruption around 1992–1995 attributable to this specific departure.[1][5] Because the nature, magnitude, and time course of the predicted ‘ripple’ are not concretely defined and no widely documented causal link to subsequent events is available, the statement is too vague to assess for prescience under the rubric.","true","0"
"929","SH-3y","3","DEC restructuring plan includes separate PC unit","Computerworld","1992-11-09","DEC's PC business has caught fire this year, growing from 2% to 3% to close to 10% [of DEC's overall revenue] _ generating sales if not profits,","medium","partially-validated","2","medium","2","Kastner’s statement mostly describes 1992 reality: DEC did briefly see strong unit and revenue growth in its Intel-based PCs amid a broader industry PC boom and severe price wars, and the qualifier “generating sales if not profits” correctly captured the marginal or negative profitability of PCs in that period.[1][6][8] However, judged over the three-year horizon, the implied notion that DEC’s PC business had sustainably “caught fire” did not hold: DEC remained deeply unprofitable overall in 1992, undertook repeated restructurings, and its own PC manufacturing was discontinued later in the 1990s as the company shrank and was ultimately sold to Compaq in 1998, indicating that the PC surge was not a durable engine of corporate recovery.[2][4][5]","3","medium","2","Kastner accurately captured that DEC’s PC business was experiencing a short-term revenue surge in the early 1990s and that it was producing sales but little or no profit, which remained true as DEC stayed mired in low-margin PC price wars through the mid-1990s. However, the suggestion that the PC business had truly “caught fire” overstates its durable impact: DEC’s PCs did not become a sustained growth or profit engine, and the company continued to post losses and undergo restructuring, leading ultimately to its acquisition by Compaq in 1998.","true","-1"
"924","SH-3y","3","Legent increases options, flexibility in desktop line","Computerworld","1992-11-02","The open systems planning arena is one where users are crying for planning directions and products,","not-applicable","not-predictive","4","high","3","In the early to mid‑1990s, enterprises migrating from proprietary mainframes and minis to Unix- and client/server‑based ""open systems"" faced major uncertainty around standards, architectures, and vendor choices, creating strong demand for planning frameworks and roadmaps. This was reflected in the rapid growth of consulting and methodology around open systems planning and in strong uptake of cross-platform systems management and interoperability products such as HP OpenView, Tivoli, CA-Unicenter, and distributed middleware (DCE, CORBA) that promised exactly the kind of direction and enabling products Kastner described. The statement is somewhat generic and framed as a current condition rather than a bold prediction, but it correctly captured and anticipated the sustained intensity of user demand for open-systems planning guidance over the subsequent three-year period.","4","high","3","From 1992 through about 1995, enterprise IT shops were indeed struggling to plan migrations from proprietary mainframe/minicomputer environments to heterogeneous Unix and client/server ""open systems,"" and they actively sought roadmaps, reference architectures, and planning tools from vendors and analysts. The period saw heavy marketing and consulting around open systems strategies (e.g., OSF vs. UNIX International, POSIX portability, DCE/CORBA-based distributed computing, and multi-vendor client/server architectures), along with new planning and management tool suites from systems vendors and software firms. Kastner’s characterization that users were ""crying for"" planning directions and products accurately captured a real and persistent demand over the next several years, though it described an already-emerging trend more than a novel long-range prediction.","true","0"
"925","SH-3y","3","Legent increases options, flexibility in desktop line","Computerworld","1992-11-02","These things let Legent write and maintain one set of code and then say, `Let many blossoms bloom.","high","validated","2","medium","2","The claim assumed that Legent's use of Visix Galaxy and related technologies would sustainably support one code base across many desktop GUI environments, but within three years enterprise desktops had largely standardized on Microsoft Windows while OS/2 Presentation Manager and most alternative Unix GUIs stagnated. Cross-platform GUI frameworks of this type remained niche, and Legent itself was acquired by Computer Associates in 1995, so its 'many blossoms' strategy never meaningfully reshaped the market. Some cross-platform abstraction did work technically inside specific products, but the broader industry trend was consolidation around a single dominant desktop platform rather than flourishing diversity of front-ends.","0","low","2","The quotation is a narrow claim about Legent’s ability to use specific tools or architectures to maintain a single code base across multiple platforms, and there is little widely documented historical evidence on whether this internal engineering goal was actually achieved in practice. Public records focus instead on Legent’s product portfolio and its 1995 acquisition by Computer Associates, not on verification that it successfully operated a unified code base that enabled broad, flourishing desktop platform diversity, so the prescience of this specific statement cannot be reliably assessed.","false","2"
"923","SH-3y","3","DEC to give PC modular upgrades","Computerworld","1992-08-24","Modular PCs are somewhat attractive, but users also become locked into a vendor's PC line because you can only buy the upgrade from them,","high","validated","3","medium","3","In the early to mid‑1990s, proprietary modular schemes like DEC’s CPU daughtercards generally could only be upgraded with OEM‑supplied modules, so customers using that specific modular path were effectively tied to the original vendor’s hardware line. However, the broader PC market quickly consolidated around industry‑standard motherboards, sockets, and add‑in components, and most users upgraded using generic parts or by switching to other vendors’ systems, so modular PCs never became a dominant or widely problematic source of vendor lock‑in.","2","medium","3","From 1992 to about 1995, the dominant trend in desktop PCs was toward industry-standard, modular components (ISA/VLB/PCI cards, SIMM memory, IDE/SCSI drives) that could be bought from many third-party vendors rather than only from the original PC manufacturer. While some proprietary modular schemes like IBM’s Micro Channel Architecture or certain DEC and Compaq form factors did create vendor-specific upgrade paths, they remained niche and were often punished in the market compared with generic IBM-compatible clone systems. As a result, modularity in mainstream PCs generally reduced lock-in instead of enforcing it, so the claim that modular PCs inherently locked users into one vendor’s upgrade line was mostly wrong for the three-year horizon.","true","1"
"919","SH-3y","3","DEC starts revamp, delays cuts","Computerworld","1992-08-03","He was unambiguous about the fact that there are too many people in the company, but he also said that they aren't going to react and whack their hands off,","high","validated","2","medium","3","Kastner’s comment paraphrases Palmer’s assurance that DEC would not respond with immediate, drastic mass layoffs, yet within a short period the company proceeded with very deep job cuts as part of restructuring. By the mid‑1990s, under Palmer, DEC had eliminated tens of thousands of jobs in multiple waves as it tried to restore profitability and competitiveness against Unix workstations and PCs. The scale and severity of these reductions contradict the implied expectation of avoiding a harsh workforce reaction over the ensuing few years.","0","low","2","The quotation is a qualitative metaphor about not ""reacting and whacking their hands off,"" which does not map clearly onto measurable outcomes in the 1992–1995 period. Under Robert Palmer, DEC undertook major, structured restructuring and repeated rounds of layoffs as it tried to stem large losses and shrink its workforce, but whether these were perceived as non‑reactionary versus reactive is a matter of interpretation rather than an objective fact, making the claim too vague to score for prescience.[4][10][13]","false","2"
"920","SH-3y","3","DEC starts revamp, delays cuts","Computerworld","1992-08-03","It was well-crafted and indicated that Palmer was in charge. It had a strong ending where he said he had zero tolerance for managers who make excuses, and he wants people to go out there and get the job done and not wait for management to tell them what to do,","not-applicable","not-predictive","3","medium","3","Within three years of the 1992 memo, Robert Palmer clearly consolidated control at DEC, driving aggressive restructurings, business-unit reorganizations, and large-scale layoffs that reflected a tough, top-down management style. Accounts of his tenure describe a sharp break from DEC’s earlier, more collegial culture toward stricter performance expectations and cost discipline, broadly consistent with a leader who had “zero tolerance for managers who make excuses.” However, while this leadership posture was real, it did not produce a decisive operational or financial turnaround in that time frame, as DEC’s losses continued and the company remained on a path that ultimately led to its sale to Compaq later in the decade.","3","medium","2","Within three years of 1992, Bob Palmer had clearly consolidated control at Digital Equipment Corporation, driving aggressive restructuring, layoffs, and a more hard-nosed, execution-focused management culture that matched the ""in charge"" and zero-tolerance tone Kastner perceived in his initial address. However, this observation was largely about style and did not anticipate whether such a stance would actually resolve DEC’s strategic and financial problems, which continued through the mid-1990s and culminated in its eventual acquisition by Compaq in 1998, limiting the claim’s prescient value beyond confirming Palmer’s assertive leadership posture.","true","0"
"917","SH-3y","3","Price war to hurt PC industry","Computerworld","1992-07-13","Clearly, by the time this is all over, the industry is going to wish this had been the summer that never happened,","high","validated","4","high","3","Compaq’s mid-1992 price cuts triggered a sustained PC price war in 1992–1994 that sharply compressed industry margins, with vendors like Dell reporting their first loss in 1993 and several second- and third-tier clone makers (e.g., CompuAdd, AST, Zenith Data Systems) suffering heavy losses, restructurings, or exits. Over the next few years, the PC business became a classic high-volume, low-margin market, forcing painful consolidation and cost-cutting across the industry even as unit volumes grew. However, leading vendors such as Compaq, IBM’s PC division, and a recovering Dell ultimately adapted and rode the resulting volume growth, so the entire industry did not uniformly “wish” the 1992 price war had never occurred.","4","high","3","Compaq’s 1992 price cuts sparked an industry-wide PC price war that sharply compressed margins and hurt profitability for many OEMs over the next several years, even as unit volumes rose and customers benefited. Major vendors such as IBM saw steep revenue and profit declines in their PC businesses in 1992–1994, and several smaller or second-tier players (e.g., Zenith Data Systems, NCR’s PC operations, various clone makers) were forced into retrenchment, sale, or exit as prices fell toward commodity levels. However, some firms like Dell and Compaq ultimately emerged stronger by exploiting the new, lower-cost, standardized model, so the ‘summer that never happened’ metaphor overstates the regret at the industry level even though the direction of pain and consolidation was accurate.","true","0"
"918","SH-3y","3","Price war to hurt PC industry","Computerworld","1992-07-13","IBM has never been a price leader. It looks like they're being dragged down kicking and screaming,","high","validated","4","high","3","Through the early to mid-1990s IBM’s PS/2 and other branded PCs remained priced at a premium to clone competitors such as Compaq, Gateway 2000, and multiple white-box vendors, and IBM followed rather than led the aggressive price cuts that defined the 1992–1995 PC price war. Within three years IBM responded with lower-cost lines like the ValuePoint family, but these were defensive moves to preserve share rather than true price leadership, and IBM continued to lose volume and influence in the commodity PC market, eventually exiting the business by selling its PC division to Lenovo in 2005.","4","high","3","In 1992 Compaq triggered an aggressive PC price war by cutting prices by about one-third, and IBM, long positioned at a premium, was indeed forced to follow with substantial PS/2 and other PC price cuts later that year rather than leading on price[15][1]. Over the 1992–1995 period, IBM introduced lower-cost lines like ValuePoint and Aptiva but continued to trail Compaq and emerging direct vendors such as Dell on price, reinforcing its image as a reluctant discounter rather than a price leader[3][6]. This makes the characterization of IBM being pulled ""kicking and screaming"" into the price war largely accurate for the stated short-term horizon, even though the quote does not forecast IBM’s longer-term strategic retreat from the PC market.","true","0"
"915","SH-3y","3","Intel to unleash DX2, claims strongest chip yet","Computerworld","1992-07-13","The 66-MHz DX2 vs. a 50-MHz chip should not be that much faster,","high","validated","4","high","3","Subsequent benchmarks showed the 486DX2/66 was indeed faster than a 486DX-50, but the gain was modest rather than transformative, typically on the order of a few tens of percent and very workload-dependent. Because the DX2/66 used a 33 MHz external bus versus the DX-50’s 50 MHz bus, memory-bound tasks often saw much smaller improvements than raw CPU clock rates suggested, aligning with Kastner’s point that memory would limit observable speedups. Within three years, the real “quantum jump” in mainstream PC performance came from the Pentium (P5) line rather than from incremental 486 clock doublers, which further supports his characterization that the DX2/66 would not be dramatically faster than a 50-MHz 486DX.","3","medium","3","In practice, the 486DX2-66 delivered on the order of a 25–35% CPU performance gain over a 486DX-50 in synthetic integer benchmarks, which is noticeable but not transformational compared with the leap from 33 MHz to 66 MHz parts. At the same time, the DX2-66’s slower external bus (33 MHz vs. the DX-50’s 50 MHz) and prevailing memory and I/O bottlenecks meant many real-world workloads did not scale linearly with the higher internal clock, so the chip was not dramatically faster across the board. Kastner was directionally right that the improvement was incremental and often limited by memory, but he understated how clearly the DX2-66 became the preferred, generally faster high-end 486 configuration in the 1992–1995 period.","false","1"
"916","SH-3y","3","Intel to unleash DX2, claims strongest chip yet","Computerworld","1992-07-13","You'll get the delta between a 50 MHz and a 66 MHz. However, as soon as you go to memory, all bets are off.","high","validated","4","high","3","The 486DX2-66 doubled the core clock while keeping the external bus at 33 MHz, so memory bandwidth and DRAM latency barely improved versus prior 33 MHz and even some 50 MHz 486 systems. Benchmarks from the early 1990s showed that DX2-66 parts delivered strong gains on cache-friendly, compute-bound workloads but saw much smaller improvements—and could even be matched or beaten by 486DX-50 systems—on memory‑intensive tasks where the slower bus and main memory became the bottleneck. Over the subsequent few years this CPU–memory speed gap only widened with later 486 variants and early Pentiums, confirming the basic insight that beyond the raw clock delta, memory behavior dominated real-world performance.","4","high","3","In real-world 486 systems, the 66 MHz 486DX2 did offer a noticeable but incremental speedup over a 50 MHz 486DX, especially for CPU- and cache-bound workloads, rather than a dramatic jump, aligning with the idea of only getting the modest clock delta. However, many common applications quickly became limited by main memory and front-side bus throughput, so once working sets spilled beyond the on-chip cache, the performance gap between these chips narrowed and the memory subsystem often dominated overall system speed. Through roughly 1992–1995, this pattern remained typical even as faster 486 variants and early Pentiums appeared, with memory and bus performance frequently constraining gains from higher core clocks.","true","0"
"913","SH-3y","3","Oracle hires consultant to steer sales","Computerworld","1992-06-08","Oracle's basic business model is changing,","high","validated","4","high","3","Within three years of 1992, Oracle had begun materially expanding beyond core database licenses into Oracle Applications (financials, manufacturing, and other ERP modules) and a growing consulting and systems integration business, validating the claim that its basic business model was shifting toward applications and services. However, over that short horizon the company still derived the majority of its revenue and profit from database licenses and related maintenance, so the services- and applications-driven model was more an emerging direction than a completed transformation. Longer-term, through the late 1990s and 2000s, Oracle’s evolution into a major enterprise applications and services provider (E-Business Suite, then PeopleSoft/Siebel/JD Edwards acquisitions and large consulting operations) showed that Kastner correctly identified the strategic shift, even if it took longer than the three-year window to fully play out.","3","medium","3","Between 1992 and about 1995, Oracle did expand its applications suite (Oracle Financials and other ERP modules) and significantly grew Oracle Consulting and related services, so the business did become more applications- and services-oriented than in the late 1980s. However, Oracle7’s success drove very strong database license growth in this same period, and the company’s core revenue model was still dominated by selling database licenses rather than applications and services, so the idea that its basic model was changing within three years was only partially borne out.","false","1"
"909","SH-3y","3","Users leery of multiprocessing","Computerworld","1992-06-01","We now have enough other architectural and topological ways to put systems together because of networking software so that multiprocessing is no longer the only logical growth path,","not-applicable","not-predictive","4","high","3","Between 1992 and 1995, enterprise growth in PC and departmental computing primarily came from LAN-based client/server architectures and adding more networked servers, not from widespread deployment of asymmetric multiprocessor systems. Novell NetWare, Banyan VINES, and early Windows NT servers became the dominant way to scale capacity by distributing workloads across multiple networked machines, while SMP PC servers like Compaq’s SystemPro remained a niche, validating the idea that networking architectures provided an alternative growth path. Although SMP support in Windows NT and Unix did improve in this period, multiprocessing was only one of several viable scaling strategies rather than the sole logical path.","4","high","3","Between 1992 and roughly 1995, enterprise growth in compute capacity increasingly came from networked architectures—LAN-connected PCs, client-server systems, and distributed Unix and NetWare servers—rather than solely from scaling up single multiprocessor machines. SMP servers remained important for databases and heavy workloads, but the dominant growth story was networking and horizontal expansion via many smaller systems, so multiprocessing clearly was no longer the only logical path even if it continued as a major one.","true","0"
"908","SH-3y","3","DEC energizes Unix OLTP line","Computerworld","1992-06-01","It should not be difficult for DEC to do the port to Alpha once that environment is production-ready.","high","validated","0","low","3","Within three years of the 1992 article, DEC had introduced Alpha systems and OSF/1 (later Digital UNIX) as its strategic Unix, and provided various migration tools for moving software from MIPS/Ultrix to Alpha. However, there is little widely documented evidence about whether TPframe or its Ultrix/SQL-based stack were actually ported to Alpha/OSF/1 or how difficult that port was in practice, so the ease or difficulty of the specific port Kastner referenced cannot be reliably assessed.","4","high","2","DEC introduced the 64-bit Alpha AXP architecture in 1992 and had both OSF/1 AXP (later Digital UNIX/Tru64) and OpenVMS AXP in production within roughly a year, with these operating systems quickly reaching sufficient maturity for general use. Over the next few years, DEC successfully ported major layered products and transaction-processing workloads to Alpha, and the platform gained a reputation for technically smooth ports even if commercial uptake lagged, suggesting that the anticipated technical difficulty of porting to a production-ready Alpha/OSF/1 environment was largely in line with what actually occurred.","false","-4"
"902","SH-3y","3","Sun will soon detail multimedia strategy","Computerworld","1992-01-06","Sun needs to set the stage for future products and to keep the Sun developer camp from getting restless,","not-applicable","too-vague","0","low","3","The statement is a generic managerial prescription (“Sun needs to set the stage…to keep the Sun developer camp from getting restless”) and does not make a concrete, time-bound prediction about market share, technology adoption, specific product outcomes, or developer behavior that can be verified or falsified. Between 1992 and roughly 1995, Sun did roll out various multimedia-capable SPARC workstations and Solaris enhancements while maintaining an active developer ecosystem around SPARC/Solaris and, later in this period, building momentum toward Java, but these facts neither uniquely confirm nor contradict the vague claim that Sun ‘needed’ to act this way. Because the quote lacks measurable outcomes or specifics, its prescience cannot be meaningfully assessed against the three‑year horizon.","0","low","3","This statement is a generic recommendation about Sun's need to articulate a roadmap and maintain developer engagement, rather than a concrete prediction that can be clearly verified or falsified within three years. Between 1992 and 1995 Sun did roll out new SPARCstation and server systems positioned as multimedia-ready and continued to grow its workstation and Solaris ecosystems, indicating active product and developer strategy, but this does not directly confirm or refute the quoted claim[6][7][10].","true","0"
"901","SH-3y","3","Sybase comes through with customer support","Computerworld","1991-12-02","Sybase has had a persistent problem with customer satisfaction,","not-applicable","not-predictive","0","low","2","The quotation is a backward-looking characterization of Sybase’s then-current and prior customer satisfaction levels, not a forward-looking prediction about how those issues would evolve over the next three years. Because it does not state or clearly imply a future trajectory to evaluate against post-1991 outcomes, its prescience relative to a 3‑year forecast horizon cannot be meaningfully assessed.","0","low","3","The quotation is a backward-looking characterization of Sybase’s then-current and past customer satisfaction issues, not a forward-looking prediction tied to the 3‑year horizon. Historically, Sybase did face criticism for underinvesting in service and support in the late 1980s and early 1990s, and by 1993 it had significantly expanded its customer service and support divisions to address these concerns.[4] Because the statement does not forecast how this problem would evolve over the subsequent three years, its prescience relative to that horizon cannot be meaningfully assessed.","true","0"
"899","SH-3y","3","Unix System Labs signs on with ACE","Computerworld","1991-10-14","They seem to have come up with the best of both worlds,","not-applicable","too-vague","1","low","3","The ACE consortium and its unified Unix environment never achieved broad adoption, and the envisioned ACE operating system capable of seamlessly standardizing Ultrix, OSF/1, and SVR4 features quickly fizzled as the initiative collapsed by the mid-1990s. Unix fragmentation continued through the early to mid-1990s, with multiple incompatible commercial Unix variants and the rising importance of Windows NT and, later, Linux, rather than any ACE-based standard. In retrospect, ACE did not deliver a lasting or widely adopted “best of both worlds” platform for buyers within the three-year horizon.","1","low","3","By roughly three years after the 1991 article, the ACE/Advanced RISC Computing effort had effectively collapsed and never delivered a widely adopted, unified Unix environment capable of seamlessly running Ultrix, OSF/1, and SVR4 applications as promised. Instead, Unix remained fragmented across vendor variants (e.g., Digital UNIX/OSF‑1, Solaris, UnixWare), while the hoped‑for ACE standardization and ""best of both worlds"" benefits to buyers did not materialize and Windows NT rose as the primary volume platform on these systems.","true","0"
"900","SH-3y","3","Unix System Labs signs on with ACE","Computerworld","1991-10-14","Over the long run, it will be most beneficial to buyers because it will standardize the features and functions of an open systems environment.","high","validated","1","low","3","The ACE initiative with Unix System Laboratories collapsed by the mid-1990s and never produced a broadly adopted unified Unix platform, so it did not, in practice, standardize open-systems features or functions within the 3‑year horizon. Instead, the Unix market remained fragmented across incompatible variants such as SunOS/Solaris, HP‑UX, AIX, and DEC OSF/1/Tru64, while the volume ‘standard’ platform for enterprise and desktops converged on Windows NT on Intel. Any later convergence around POSIX and the Single UNIX Specification, and then around Linux, occurred via separate efforts and not as a consequence of the ACE/USL deal Kastner was praising.","2","medium","3","The ACE consortium and the USL-based unified UNIX effort effectively collapsed by the early–mid 1990s, and UNIX remained fragmented across multiple vendor variants, so this specific move did not standardize open systems features in a way that was clearly beneficial to most buyers within the three‑year horizon. Instead, commercial momentum shifted toward Windows NT on commodity hardware and, later, toward Linux, while formal UNIX standardization (e.g., the Single UNIX Specification under X/Open and then The Open Group) followed a different path and achieved only partial, delayed convergence relative to this prediction.[4]","false","-1"
"898","SH-3y","3","Sun seeks Intel Unix","Computerworld","1991-09-30","The acquisition is more than hedging Sun's bets; it will make Sun's schedule possible,","high","validated","3","medium","3","Sun did acquire Interactive Systems in 1991 and subsequently delivered Solaris on Intel hardware, with Solaris 2.0 shipping for SPARC in 1992 and Solaris 2.1 for x86 following in 1993. The acquisition clearly contributed to Sun having a viable Intel Unix offering within a few years, but the specific mid-1992 dual-platform Solaris 2.0 schedule implied in the quote was not met, so the timing aspect of the prediction did not fully hold. Overall, the claim was directionally right about the acquisition enabling Sun’s Intel Unix plans, but overstated its ability to make the announced schedule possible.","4","high","2","Sun’s 1991 acquisition of Interactive Systems did in fact give it the Intel Unix codebase and expertise it needed to produce Solaris/SunOS variants that ran on both Intel x86 and SPARC within a few years, so it was more than a mere hedge. However, the initial goal of delivering a unified SVR4-based release for both architectures around mid‑1992 slipped, with Solaris 2 arriving on SPARC first and x86 support following later, so the schedule was enabled but not met as aggressively as implied.","false","-1"
"897","SH-3y","3","How low can mail-order firms go? Watch'em","Computerworld","1991-08-05","I see no letup in reductions in pricing for at least another six to nine months,","high","validated","5","high","3","From late 1991 through at least 1992, desktop PC and i486/386 system prices continued to fall sharply as Intel cut 486 prices, AMD and other clone CPU vendors intensified competition, and mail-order brands like Gateway 2000, Zeos, and Dell engaged in sustained price wars. The trend of aggressive quarterly price cuts by mail-order vendors persisted well beyond six to nine months, with typical 386 and 486 systems dropping hundreds of dollars over 1992–1993 and sub-$1,000 configurations becoming common, exactly in line with the prediction of no near-term letup in price reductions. Evaluated on the three-year horizon, there was no meaningful reversal of this pricing pressure; instead, price declines became a defining characteristic of the early‑1990s clone and mail-order PC market.","5","high","3","From late 1991 through at least mid-1992, Intel 486 processors saw repeated list-price reductions and the introduction of cheaper 486SX parts, while performance improved, driving rapid, continued price erosion in PC CPUs and systems. Mail-order clone vendors such as Gateway 2000, Zeos, and Dell engaged in aggressive price competition over this period, publishing ever-lower catalog and magazine-ad prices for similarly specced 386/486 systems rather than stabilizing or raising prices. Prices in this segment continued to decline well beyond nine months, so the prediction of no letup in cuts over the next six to nine months was both accurate and, if anything, conservative relative to how the market actually evolved.","true","0"
"892","SH-3y","3","Vaxstation, Decstation prices to slip","Computerworld","1990-07-23","It used to be that you could anticipate workstation prices and changes on an annual basis. Now, you can't even go on vacation without a change in the market,","not-applicable","not-predictive","4","high","3","From 1990–1993 the UNIX/RISC workstation market saw very rapid product and price churn, with Sun, HP, IBM (RS/6000), DEC (VAXstation/DECstation, then DEC 3000 AXP), and SGI all introducing new models and cutting prices multiple times per year rather than on a slow annual cadence. Vendors engaged in aggressive price/performance leapfrogging and frequent reconfigurations and bundling to stay competitive, so customers really did face a far more volatile, fast-moving workstation market than in the 1980s, though Kastner’s “can’t even go on vacation” phrasing is somewhat hyperbolic rather than a precise forecast.","5","high","3","From 1990 to roughly 1993, the UNIX/RISC workstation segment (DEC VAXstation and DECstation, Sun SPARCstation, HP 9000, SGI Indigo and others) went through intense price and performance competition, with vendors issuing multiple price cuts and new models in sub-annual cycles. Buyers saw rapid performance increases at similar or lower list prices and frequent repricing of memory, disks and displays, making year-long pricing assumptions unreliable. The characterization of a market where prices and offerings changed too fast for traditional annual planning thus held up well over the three-year horizon and, if anything, understated the volatility that followed as PC-based systems further eroded workstation price points.","true","-1"
"886","SH-3y","3","HP plans line of mainframe-type tools","Computerworld","1990-05-07","punch their way out of the midrange niche.","high","validated","2","medium","3","Over the 1990–1993 horizon, HP’s 3000 line with MPE and added mainframe-style management software remained a proprietary midrange/minicomputer platform and did not escape its niche status against IBM mainframes. HP’s real enterprise expansion in the early–mid 1990s came via HP 9000/HP‑UX Unix servers as an open-systems alternative, but even these were positioned as high-end Unix servers rather than true mainframes. The specific claim that this management software would help HP punch its way out of the midrange niche was therefore largely overstated for the stated timeframe.","3","medium","2","Between 1990 and roughly 1993, HP did introduce more powerful PA-RISC-based HP 9000 servers and management software and began positioning Unix and MPE/iX systems as enterprise-class platforms, winning more large commercial and technical workloads. However, even with these moves and some mainframe-replacement wins, HP remained largely perceived as a strong midrange and Unix server vendor rather than a peer to IBM in the true mainframe segment in that short time frame, so the claim that these tools would punch HP out of the midrange niche was only partially realized by the 3‑year horizon.","true","-1"
"887","SH-3y","3","HP plans line of mainframe-type tools","Computerworld","1990-05-07","Labor accounts for 60% of the MIS budget,","medium","partially-validated","5","high","3","By 1990, multiple industry and academic studies already showed that personnel and related labor costs constituted the majority of corporate MIS/IT budgets, often in the 50–70% range, as hardware prices fell and operations, support, and development staffing dominated spending. Through the early 1990s (the 3-year horizon), this structure persisted despite the introduction of systems management tools such as HP OpenView, IBM Tivoli, and CA-Unicenter, which improved automation but did not materially reverse labor’s dominant share of MIS budgets. Kastner’s 60% figure thus remained a realistic, directionally accurate characterization of MIS cost structure over the stated short-term horizon.","4","high","3","In the early 1990s, industry surveys and CIO benchmarks consistently showed personnel and related services consuming the largest share of MIS/IT budgets, often in the 40–60% range, with some large enterprises reporting even higher labor proportions. Through the early to mid‑1990s, hardware costs continued to decline as a share of spending while staffing for operations, application development, and support remained substantial, so the characterization that labor accounted for roughly 60% of MIS budgets still broadly held. Automation and systems management tools, including those from HP, did not materially reduce labor’s share of IT budgets within the three‑year horizon.","true","1"
"885","SH-3y","3","Ingres unveils graphical 4GL","Computerworld","1990-04-30","It looks like no one vendor will win the [graphical user interface] battles,","high","validated","2","medium","3","Within three years of 1990, Microsoft Windows 3.0 and especially 3.1 had become the de facto standard GUI on business and consumer PCs, and OS/2’s and other PC GUI efforts effectively lost, so one vendor largely did ""win"" the mainstream GUI war. At the same time, alternative GUIs like the Macintosh interface and X11/Motif on Unix workstations persisted as important but minority ecosystems, leaving some ongoing heterogeneity but not the balanced multi-vendor outcome the quote implies. By the mid- to late 1990s, Windows’ desktop share exceeded 80–90% in many markets, further contradicting the notion that no single vendor would win the GUI battles.","2","medium","3","Within three years of 1990, Microsoft’s Windows 3.0 and especially 3.1 had become the de facto standard GUI on business PCs, eclipsing OS/2, dominating over Motif/Open Look on Unix workstations in volume terms, and pulling far ahead of the Macintosh in installed base and new application targeting. Although multiple GUI ecosystems (Windows, Mac, various X11 desktops) did coexist, the commercial ""GUI battles"" for mainstream enterprise desktops and ISV focus were effectively won by a single vendor, Microsoft, making the claim that no one vendor would win mostly wrong even on a 3‑year horizon.","true","0"
"877","SH-3y","3","DEC challenges IBM CASE strategy","Computerworld","1989-10-09","This is a horse race, and DEC is literally lengths ahead,","not-applicable","not-predictive","2","medium","2","Kastner’s claim reflected a moment when DEC actually had shipping CASE tools (VAXset, CDD/Plus, Decdesign) and visible revenue, while much of IBM’s AD/Cycle was still on the roadmap, so in 1989–1990 DEC arguably was ahead in practical availability. Over the three‑year horizon, however, neither DEC’s ATIS/CDD/Plus nor IBM’s AD/Cycle emerged as a dominant or widely standardised CASE environment, and the broader market shifted toward other vendors’ tools and client‑server development environments instead. DEC’s CASE lead therefore did not translate into sustained advantage even in the early 1990s, making the “lengths ahead” characterization mostly wrong beyond the immediate moment of the quote.","2","medium","2","Kastner’s comment implied that DEC had a decisive and durable lead over IBM in CASE tools, but within a few years DEC was in steep financial decline, cutting projects and losing influence in core enterprise development tooling. By the early 1990s, the CASE market was fragmented, IBM’s AD/Cycle ecosystem and third‑party tools on IBM platforms were at least as prominent as DEC’s offerings, and no clear, sustained DEC lead was evident. DEC’s weakening competitive position, culminating later in its acquisition, meant any late‑1980s advantage in CASE did not translate into the multi‑year, clear lead the quote suggests.","true","0"
"878","SH-3y","3","IBM eyes service bounty with new AS/400 support options","Computerworld","1989-10-09","The bigger context is that the things you used to get for free when you bought a mainframe 20 years ago you are now paying for,","not-applicable","not-predictive","4","high","3","Kastner is describing and implicitly endorsing a structural shift already underway in IBM’s business model: from bundled, largely ""free"" support with mainframe hardware in the 1960s–70s to separately charged maintenance, networking, and disaster‑recovery services on systems like the AS/400 by the late 1980s. IBM had been moving in this direction since the 1969 unbundling of software and services from hardware and, in the early 1990s, it doubled down: it formalized and aggressively grew IBM Global Services (building on ISSC) and expanded high-margin offerings such as disaster recovery, remote operations, and networking support, with AS/400 customers becoming a significant services base.[4][6] Within the 3‑year horizon to roughly 1992, IBM’s services revenue and offerings clearly grew relative to hardware, confirming that customers were indeed paying explicitly for what had once been included, although the trend was an acceleration of an existing pattern rather than a novel prediction.","4","high","3","By the late 1980s and early 1990s, IBM and other enterprise vendors were increasingly deriving revenue from separately priced maintenance, disaster recovery, and networking support contracts instead of bundling them with systems, as illustrated by new AS/400 support options and the expansion of IBM’s Business Recovery and services businesses. Between 1989 and 1992, enterprises buying AS/400s, System/38s, and mainframes typically paid annual fees for hardware and software maintenance, DR hot‑site agreements, and network management that earlier generations often received as part of the original system lease, so Kastner’s characterization continued to become more accurate over his 3‑year horizon. While some limited support remained bundled, the dominant direction of change was toward unbundled, monetized support services rather than a reversal of this trend.","true","0"
"879","SH-3y","3","SQL Server update boasts openness","Computerworld","1989-10-09","Sybase is not alone in trying to push the market in the necessary direction,","high","validated","4","high","3","Within three years of 1989, essentially all major relational database vendors, including Oracle, IBM, Informix, Ingres, and the Microsoft/Sybase partnership, were promoting client/server products and positioning their interfaces as “open” or interoperable, often via efforts like the SQL Access Group and emerging standards such as ODBC. Sybase’s own Open Server did not become the dominant standard, but Kastner’s characterization that multiple vendors were simultaneously pushing the market toward open, interoperable database access accurately reflected the direction of the early‑1990s enterprise database market.","3","medium","3","Kastner’s observation that Sybase was not alone in trying to push the market toward more open, interoperable database interfaces is broadly consistent with what followed, but it is more a characterization than a risky forecast. By 1989 the SQL Access Group had already formed to promote portable SQL access across multiple vendors’ databases, and it continued this work into the early 1990s, showing that several major suppliers—not just Sybase—were pushing in that ‘necessary’ direction.[11] Within the 3‑year horizon, IBM’s DRDA (announced 1990) and Microsoft’s introduction of ODBC 1.0 in 1992 further exemplified multi-vendor efforts to standardize and open up database connectivity, but these developments were evolutionary and industry-wide rather than uniquely prescient to identify.[12][10]","false","1"
"880","SH-3y","3","SQL Server update boasts openness","Computerworld","1989-10-09","This is an area that calls for a peace conference.","not-applicable","too-vague","0","low","3","The quoted line is a metaphorical, normative comment that vendors ought to cooperate, not a concrete prediction about what would actually happen by the early 1990s. While the period did see ongoing standardization efforts such as ANSI SQL-89/92 and Microsoft’s ODBC as de facto cross-database APIs, the quote does not specify whether such a “peace conference” would occur, succeed, fail, or what form it would take, so its prescience cannot be meaningfully evaluated. As a result, it is too vague to score against the stated three‑year forecast horizon.","0","low","3","The quoted line is a metaphorical, normative remark that vendors ""call for a peace conference"" rather than a concrete prediction about what would occur within three years. While the early 1990s did see both intense competition among database vendors and formal standardization efforts like ANSI SQL-92 and ODBC, the quote does not specify any testable outcome or timeframe, so its prescience cannot be meaningfully evaluated against subsequent history.","true","0"
"870","SH-3y","3","MSA announces EIS starter kit at a 'smart' price","Computerworld","1989-06-19","The number of companies using executive workstations are few and far between.","high","validated","4","high","3","In 1989, dedicated executive information systems such as Comshare Commander EIS and Pilot’s Command Center were sold primarily to a relatively small set of large enterprises, so organizations with true “executive workstations” were indeed limited in number. Over the following three years, the category remained niche: while a few high-profile installations appeared, most senior managers continued to rely on mainframe reports, spreadsheets, and emerging client/server decision-support tools rather than specialized, high-cost EIS workstations, so adoption did not become widespread by the early 1990s. The statement slightly overemphasizes scarcity given the modest but real activity among Fortune‑class firms, but directionally it matches the technology’s constrained penetration in that time frame.","4","high","3","In 1989, dedicated executive workstations and Executive Information Systems such as Comshare Commander EIS, Pilot, and Metaphor remained niche deployments, typically limited to a small number of large enterprises rather than broad corporate rollouts. From 1989–1992, adoption of general-purpose PCs on managers’ desks and client/server decision-support tools grew rapidly, while the distinct “executive workstation/EIS” category stagnated and never achieved mass deployment before being eclipsed in the mid‑1990s by PC-based business intelligence and dashboard tools like Cognos and BusinessObjects. This confirms that, within the three‑year horizon, companies actually using dedicated executive workstations were still relatively rare, in line with Kastner’s characterization.","true","0"
"865","SH-3y","3","Unisys U series casts shadow in Unix arena","Computerworld","1989-02-27","Unisys has quietly become a formidable player in the Unix market through its OEM strategy,","high","validated","2","medium","2","Although Unisys briefly built a sizable Unix-related business around the U6000 line and OEM deals with vendors like Sequent and Convergent, it never emerged as a top-tier Unix systems vendor alongside Sun, HP, IBM, and DEC by the early 1990s. Within a few years, Unisys remained better known for proprietary mainframes and then for services, while its Unix hardware presence stayed niche and did not shape the broader Unix market. The OEM strategy expanded its catalog but did not translate into sustained competitive strength, so calling it a “formidable player in the Unix market” did not hold up over the 3‑year horizon.","2","medium","2","By 1989 Unisys had indeed adopted AT&T Unix across its small and midrange systems and signed sizable OEM deals, and it introduced U‑series Unix systems into the early‑1990s market. However, in the 1989–1992 period the company was wracked by losses and large layoffs, and it failed to emerge as a leading Unix vendor in a market increasingly dominated by Sun, Hewlett‑Packard, IBM, and DEC. Unisys’ Unix offerings remained a relatively minor presence rather than the “formidable” force implied, so the claim overstates its sustained position even on a three‑year horizon.","true","0"
"866","SH-3y","3","Unisys U series casts shadow in Unix arena","Computerworld","1989-02-27","They can now address anybody's requirements at a competitive price.","high","validated","2","medium","2","Although Unisys did assemble a Unix product line spanning from Intel-based desktops to Sequent-sourced multiprocessors by 1989, it did not become broadly competitive across the Unix market over the following three years. From 1989–1992 Unisys was struggling with heavy losses and restructuring, while Unix growth and share gains in both technical and commercial markets were led by vendors such as Sun (SPARCstation), HP (HP-UX on PA-RISC), IBM (RS/6000 with AIX), and DEC, leaving Unisys a relatively minor Unix supplier. In retrospect, the claim that Unisys could address “anybody’s requirements at a competitive price” overstates both its coverage and competitiveness in that period.","2","medium","2","By 1992, the Unix server market was led by vendors such as Sun Microsystems, Hewlett-Packard, IBM, and DEC, while Unisys remained a minor Unix supplier with limited market share and visibility. Unisys continued to depend heavily on its proprietary mainframe lines and soon underwent major restructurings and revenue decline, indicating that its Unix OEM products did not enable it to address ""anybody's requirements"" or compete broadly on price and performance. The claim therefore overstated both the breadth and competitiveness of Unisys's Unix offerings within the three-year horizon.","true","0"
"998","SH-3y","3","DEC brings database tool to midsize boxes","Computerworld","1995-12-18","I can have a network of 2100s, with part of that memory being used for [on-line transaction processing] and part being used for replication,","not-applicable","not-predictive","3","medium","3","Kastner’s statement essentially describes a then-imminent configuration: clustered midrange AlphaServer 2100 systems running parallel databases, using large RAM for OLTP workloads and replication to reduce disk I/O, which was technically feasible and did see some deployment with products like Oracle Parallel Server and DEC’s own clustering by the late 1990s. However, this architecture never became broadly transformative on the specific DEC 2100 platform, and industry-standard OLTP and replication patterns over the next few years were still dominated by scale-up SMP Unix/NT servers and disk-based log shipping rather than widespread adoption of memory-centric clustered 2100 networks, so the idea was directionally consistent with later distributed and memory-heavy designs but only partially realized in the forecast window.","4","high","2","Within three years of 1995, enterprise OLTP deployments increasingly used clustered midrange Unix and Alpha servers running parallel databases (such as Oracle Parallel Server and Informix XPS), with substantial use of main memory for both transaction processing and replication, aligning with Kastner’s envisioned networked 2100-style configuration.[9][10] However, the specific Alpha/2100 hardware line remained relatively niche and soon lost strategic prominence as DEC was acquired by Compaq and Alpha development was curtailed, so the architectural idea was sound and durable even though the particular platform did not become dominant.[9][12]","false","-1"
"999","SH-3y","3","DEC brings database tool to midsize boxes","Computerworld","1995-12-18","And because I'm not using up the disk drives I'm freeing up resources.","not-applicable","not-predictive","0","low","3","The quoted line is a generic, contemporaneous observation that keeping more of the database in memory reduces disk I/O, which was already well-understood in the mid-1990s and does not constitute a falsifiable forecast about future industry behavior. Over the following three years, larger memory configurations, caching, and early in-memory techniques did continue to reduce dependence on disk bandwidth for some workloads, but this trend neither hinges on DEC’s specific VLM implementation nor goes beyond basic systems design principles. Because the statement is too narrow and technically obvious rather than a directional prediction about the market or architectures, it cannot meaningfully be judged for prescience under the rubric.","0","low","2","The quoted sentence is a present-tense, implementation-specific observation about a particular DEC/Alpha and VLM configuration reducing disk usage, not a forward-looking claim about how systems or architectures would evolve over the next three years. While the broader trend toward using larger main memory to reduce disk I/O and support OLTP and warehousing did continue in the late 1990s, that pattern is not actually asserted or forecast in this specific sentence, so there is no distinct prediction to evaluate for prescience. The statement would have been true immediately in 1995 and remains a generic architectural truism rather than a time-bounded forecast whose accuracy can be meaningfully scored.","true","0"
"859","SH-3y","3","IBM seen rushing out high-end AS/400 CPU","Computerworld","1989-02-20","IBM doesn't react to DEC,","not-applicable","not-predictive","1","low","2","The categorical claim that ""IBM doesn't react to DEC"" is contradicted by subsequent competitive behavior in the 1989–1992 window, when IBM repeatedly adjusted AS/400 pricing, performance, and positioning against DEC’s VAX and midrange systems as well as other Unix minis. Over these years IBM expanded the AS/400 line, introduced higher-performance models, and engaged in aggressive competitive marketing in the very midrange segment where DEC had been strong, indicating that DEC’s moves were a significant factor rather than irrelevant. While it is plausible that this specific B70 announcement timing was partly driven by dissatisfied customers, the broader assertion about IBM not reacting to DEC does not hold up historically.","0","low","2","The statement is an attribution of IBM’s internal motives (responding to DEC vs. responding to its own customers) rather than a concrete, externally verifiable forecast, so it cannot be reliably judged for prescience. Over the 1989–1992 period IBM did enhance the AS/400 line and adjust pricing while competing vigorously with DEC’s VAX and other midrange systems, but public evidence does not clearly establish whether these moves were primarily reactions to DEC or to customer pressure. Because the claim hinges on intent rather than observable outcomes, it falls outside what can be objectively scored.","true","1"
"860","SH-3y","3","IBM seen rushing out high-end AS/400 CPU","Computerworld","1989-02-20","Our guess is the customer base forced them to do this. The AS/400 is their pride and joy, and they don't want anything to hurt that reputation.","not-applicable","not-predictive","3","medium","2","Kastner’s core idea that IBM treated the AS/400 as a flagship product whose reputation it was keen to protect broadly fits what happened over the next several years, as IBM rapidly expanded the line with higher-end models, memory and performance enhancements, and OS/400 improvements to keep existing customers satisfied rather than letting the platform stagnate. At the same time, his more specific implication that customer pressure, rather than competitive moves from DEC and others, primarily drove IBM’s timing and actions is much harder to substantiate from the historical record and likely understates competitive dynamics in the late-1980s minicomputer market. Because the statement mixes a broadly accurate characterization of IBM’s strategic commitment to the AS/400 with a speculative read on internal motives and causal drivers, it is only partially borne out by subsequent events.","3","medium","2","Between 1989 and 1992 the AS/400 remained a flagship midrange platform for IBM, with major hardware and OS/400 enhancements and price/performance improvements targeted at the existing installed base. IBM maintained strong backward compatibility and high reliability for AS/400, and active user communities such as COMMON were influential, consistent with the idea that protecting the system’s reputation with customers was a central concern. However, because IBM’s internal motives are not directly documented and the statement is largely interpretive rather than a concrete, testable forecast, its prescience can only be judged as partial.","true","0"
"895","SH-3y","3","IBM, Intel, Dell announce benchmark group formation","Computerworld","1991-07-22","by putting pressure on the suppliers to bring their benchmarks up to snuff.","high","validated","4","high","2","Within a few years of 1991, PC application-level benchmark suites from consortia such as BAPCo (e.g., SYSmark) became widely cited standards for comparing Windows PC performance, giving buyers clearer, comparable performance data when evaluating systems. OEMs and chip vendors increasingly optimized designs and marketing around achieving strong scores on these benchmarks (“benchmarketing”), indicating that suppliers did feel pressure to meet or exceed accepted benchmark norms. The influence of such benchmarks was not absolute—price, brand, and other factors still mattered—but the general mechanism Kastner described of benchmarks pressuring suppliers to keep performance ‘up to snuff’ did materialize in that early‑ to mid‑1990s timeframe.","4","high","3","From 1991–1994, standard benchmark suites such as SPEC and emerging PC-oriented consortia benchmarks (e.g., BAPCo’s business application benchmarks) became central to how PCs and workstations were evaluated, and vendors were under explicit pressure to improve their published scores. OEMs and chip suppliers tuned system designs, BIOS settings, compilers, and even product roadmaps around achieving higher benchmark numbers, and trade press routinely compared systems on these standardized metrics. The forecast that such benchmarks would pressure suppliers to get their performance 'up to snuff' was directionally accurate, though it was a fairly general observation rather than a uniquely specific or risky prediction.","true","0"
"874","SH-3y","3","PRODUCT SPOTLIGHT; The DEC market","Computerworld","1989-08-28","DEC can already claim they have [transparent computing] from the desk to the data center. SAA won't have that for many years,","high","validated","3","medium","2","Within three years of 1989, DEC’s NAS/DECwindows/CDA stack did provide more practical multi-platform integration than IBM’s still-fragmentary SAA/OS/2 Presentation Manager strategy, so the claim that IBM would lag for years was directionally correct. However, DEC did not actually achieve broadly adopted, seamless ""transparent computing"" from heterogeneous desktops to data center systems: Decwindows performance constraints, limited third‑party applications, and modest market uptake meant this vision remained partial and niche. By the early 1990s, neither DEC nor IBM had delivered the full, ubiquitous transparency implied, and emerging PC/Windows and TCP/IP client‑server trends were already undercutting both proprietary architectures.","4","high","2","From 1989–1992, DEC’s NAS/DECwindows stack did provide a relatively coherent, networked environment spanning VAX servers and VAXstation/DECstation desktops, with DECnet and VAX/VMS giving users reasonably consistent access to applications and data across the product line. Over the same period, IBM’s SAA vision remained only partially realized across mainframes, AS/400, and PS/2/OS2, with inconsistent implementations and limited penetration of truly uniform, transparent “desk to data center” applications, and SAA was already losing strategic momentum as Unix, TCP/IP, and then Windows gained prominence. The claim somewhat overstates how fully DEC had already achieved transparent computing and does not anticipate how quickly both proprietary architectures would be eclipsed, but for the three‑year horizon the comparative judgment that IBM would not match DEC’s level of integration “for many years” was directionally accurate.","false","-1"
"875","SH-3y","3","PRODUCT SPOTLIGHT; The DEC market","Computerworld","1989-08-28","IBM is still trying to plug IBM stuff together.","high","validated","4","high","3","From 1989–1992, IBM’s flagship integration initiative, Systems Application Architecture (SAA), was overwhelmingly focused on making IBM’s own environments—MVS, VM, OS/400, and OS/2—look and behave consistently and interoperate better, rather than on true multivendor, cross-platform integration. In this period IBM’s integration story centered on tying together IBM mainframes, AS/400s, and OS/2 PCs via SNA, LU 6.2, and common APIs and UIs, while its embrace of open, multivendor standards such as Unix/AIX, TCP/IP, and OSF technologies was still secondary and far from unified. By the early 1990s, customers still largely perceived IBM as pushing a vertically integrated IBM stack, so describing IBM as “still trying to plug IBM stuff together” remained largely accurate for the three-year horizon even though IBM had begun, but not completed, a shift toward broader interoperability.","4","high","3","Between 1989 and roughly 1992, IBM’s Systems Application Architecture (SAA) focus was indeed on making its own major platforms—MVS mainframes, OS/400 on AS/400, and OS/2 on PCs—look and behave consistently, i.e., “plug IBM stuff together,” rather than prioritizing heterogeneous, multivendor integration. IBM during this period still pushed proprietary architectures and protocols such as SNA and LU 6.2 and only gradually expanded serious embrace of open, multivendor Unix (AIX) and TCP/IP-based interoperability later in the 1990s, so the characterization holds over the quoted three-year horizon. While IBM did have some connectivity offerings to non-IBM systems, its strategic center of gravity in 1989–1992 remained internal integration of its own stack, matching the analyst’s critique.","true","0"
"876","SH-3y","3","PRODUCT SPOTLIGHT; The DEC market","Computerworld","1989-08-28","Coding to a graphical interface borders on rocket science. It is very difficult and time-consuming,","not-applicable","not-predictive","3","medium","3","In 1989, coding rich GUIs for environments like DECwindows, X/Motif, and OS/2 Presentation Manager did require complex C APIs, detailed event handling, and scarce tooling, making it difficult and time‑consuming for typical ISVs[4][8][11]. Over the next three years, however, mainstream PC GUI development was rapidly democratized by Windows 3.0/3.1 and higher‑level tools such as Visual Basic 1.0, which let large numbers of non‑expert developers build graphical applications, so GUI programming no longer plausibly ""bordered on rocket science"" even though it remained more demanding than text‑mode development[11][15].","4","high","3","From 1989 through the early 1990s, building GUIs for platforms like OS/2 Presentation Manager, Microsoft Windows 3.x, and X11/Motif generally required low-level C, intricate event/message handling, and verbose APIs, which most business developers found difficult and time-consuming compared with character-based applications. Visual development tools such as Visual Basic 1.0 (1991) started to lower the barrier on Windows, but across OS/2 and Unix workstations GUI programming still demanded scarce specialist skills and significant effort, so his characterization was directionally accurate even if the “rocket science” metaphor was somewhat exaggerated.","false","-1"
"863","SH-3y","3","RDBMS show they can pull OLTP weight","Computerworld","1989-02-27","the flexibility of the relational model and a lot of overhead,","not-applicable","not-predictive","4","high","3","Kastner’s description of early commercial RDBMSs as offering high logical flexibility at the cost of significant overhead accurately captured the core tradeoff seen in 1980s products like Oracle, Ingres, and IBM DB2 versus hierarchical and network systems such as IMS and IDMS. Through the early 1990s, vendors did reduce overhead with cost-based optimizers, stored procedures, better indexing, and improved logging, but relational systems still carried more CPU, memory, and I/O overhead than specialized OLTP engines, a pattern that remained evident into the 2000s and even in later comparisons with NoSQL and NewSQL systems. The claim is more characterization than forecast, but its framing of relational flexibility versus overhead held up well over time.","3","medium","3","Early commercial relational systems of the late 1970s and early 1980s such as IBM SQL/DS and early DB2, Oracle, and Ingres were widely regarded as offering strong schema and query flexibility but with substantial CPU and I/O overhead compared with hierarchical and network DBMS, so they were often deployed first for decision-support and ad hoc querying rather than the most demanding OLTP workloads. This view remained the standard historical characterization by the early 1990s even as vendors added sophisticated query optimizers, better indexing, caching, and parallel execution that made newer releases much more OLTP-capable, reinforcing the notion that the first generation had been flexible but heavy. However, because the statement is largely backward-looking rather than a concrete forward prediction over the 3‑year horizon, its prescience is limited rather than remarkable.","false","1"
"864","SH-3y","3","RDBMS show they can pull OLTP weight","Computerworld","1989-02-27","Users have to be concerned with developing systems that make money for the business,","not-applicable","not-predictive","0","low","3","The statement is a generic management truism about focusing on systems that generate business value and does not make a concrete, time-bounded prediction about RDBMS or OLTP that can be tested over a three-year horizon. While the early 1990s did see widespread adoption of relational databases for OLTP when they were cost-effective for core business workloads, such as banking and financial transaction systems, this reflects a broad and ongoing principle rather than a distinctive forecast that could meaningfully succeed or fail.[3][12][15]","0","low","2","The statement is a generic principle that IT systems should support revenue-generating business outcomes, which was already widely accepted in 1980s MIS practice and remained so through the early 1990s. Because it neither identifies a new trend nor makes a falsifiable prediction about RDBMS or OLTP adoption or performance over the 3-year horizon, its prescience relative to later developments cannot be meaningfully assessed.","true","0"
"871","SH-3y","3","Tesseract, Walker to be financial software allies","Computerworld","1989-07-24","We are projecting a further consolidation of hardware vendors in the industry,","high","validated","4","high","3","From 1989 to the early 1990s, enterprise hardware markets did see continued consolidation as minicomputer and proprietary system vendors came under pressure from standardized PC and server platforms. Within roughly three years of the quote, vendor shakeouts and retrenchments were already visible, with firms like Wang collapsing into bankruptcy and other mid-tier hardware players exiting or shrinking, while larger vendors such as IBM, HP, Sun, and Compaq gained relative share. The trend then accelerated through the 1990s as additional vendors were acquired or disappeared, validating the directional call even if the statement was broad and the most dramatic consolidation unfolded beyond the strict three‑year horizon.","4","high","2","From 1989–1992 the computer hardware market did continue to consolidate: large systems players such as NCR were absorbed into AT&T, smaller minicomputer and workstation vendors lost independence or exited, and numerous PC clone makers disappeared in the early‑1990s downturn while share concentrated with IBM, Compaq, and a handful of majors. The broader 1990s saw an even more pronounced shake‑out and M&A wave (e.g., Compaq’s later acquisitions of Tandem and Digital), so Kastner’s call on ongoing consolidation was directionally correct, though the most dramatic effects unfolded beyond the 3‑year horizon.","true","0"
"872","SH-3y","3","Tesseract, Walker to be financial software allies","Computerworld","1989-07-24","and you will see it on the software side as well.","high","validated","4","high","3","Kastner predicted that the consolidation he saw among hardware vendors would also occur among software vendors, particularly those serving large IBM/DB2 sites. Within roughly three years, the enterprise application and tools market did see notable consolidation, such as Dun & Bradstreet combining McCormack & Dodge and MSA, Computer Associates absorbing mainframe software suppliers, and a shrinking field of major financials/HR and database tools vendors around IBM, Oracle, and a few others. The broader consolidation wave extended through the 1990s, so the direction was clearly right, even if the full magnitude played out over a longer period than the three-year horizon.","3","medium","2","The prediction that consolidation would occur on the software side did align with a long-run trend in enterprise software, as large vendors like IBM, Oracle, and Computer Associates increasingly grew through acquisitions of application and tools vendors in the 1990s and 2000s. However, within the specific 3‑year horizon after 1989, the enterprise and DB2-related software landscape also saw a surge of new independent vendors and client–server application firms (e.g., PeopleSoft, Baan, rapidly growing SAP), so the net effect was not a clear, immediate consolidation. Because the forecast was directionally right over time but only weakly borne out in the early 1990s and is stated quite generically, it merits a mid‑range prescience score.","false","1"
"873","SH-3y","3","Tesseract, Walker to be financial software allies","Computerworld","1989-07-24","it becomes a no-brainer for software houses to begin to blend their applications using DB2.","high","validated","4","high","3","By the early 1990s, DB2 had indeed become the strategic relational database on IBM mainframes, with revenues rivaling IMS and widespread adoption across large IBM accounts, making it a natural anchor for packaged applications. Major enterprise software vendors and tools providers increasingly offered DB2 support and versions of their financial, HR, and transaction-processing applications on DB2, and integration patterns around a shared DB2 schema became common in Fortune 1000 environments. The prediction slightly overstates how automatic and universal this shift would be, since many vendors and customers retained non-DB2 databases and custom integrations, but the direction and 3‑year trajectory were largely correct.","4","high","2","From 1989–1992, IBM DB2 solidified its role as the primary relational database on IBM mainframes and AS/400, and many independent software vendors in finance, HR, and payroll delivered DB2-backed versions of their applications specifically for large IBM-centric enterprises. DB2 also expanded to other platforms (e.g., OS/2 and AIX), reinforcing its status as a strategic database choice for big IBM shops and making DB2 support a commercially obvious move for vendors targeting that segment. However, the broader market simultaneously shifted toward heterogeneous client–server architectures where Oracle, Sybase, and others were strong, so DB2 never became a universal default across all software houses, making the direction of the claim right but its implied universality overstated.","true","0"
"869","SH-3y","3","Tandem goes to Relational DBMS tools","Computerworld","1989-04-03","It should improve the overall usability of Tandem products,","not-applicable","not-predictive","4","high","3","By the early 1990s, Tandem’s NonStop SQL had become a core part of its systems, providing a relational model and SQL query language that offered ""easily-implemented functions"" and quick development of ad hoc reports, clearly improving how developers and users interacted with Tandem systems.[5][7] Tandem’s own early‑1990s materials highlight growing deployments of NonStop SQL along with higher‑level tools like the FOCUS 4GL for application development and decision support, which sat on top of the proprietary Guardian OS and made the platform more approachable to mainstream IT staff.[3][6] Jim Gray’s census of Tandem systems between 1985‑1990 notes that the software base expanded to include an SQL implementation, an application generator, and standard networking stacks, broadening functionality and masking low‑level OS details, which aligns with Kastner’s view that SQL tools would improve overall usability and reduce OS visibility.[4]","4","high","3","Tandem’s introduction and rollout of NonStop SQL in the late 1980s and its evolution into a full ANSI SQL-compliant relational DBMS by the early 1990s made the platform much more approachable to developers and DBAs who already knew SQL, reducing dependence on Tandem-specific data access methods like Enscribe and Encompass. Within roughly three years, Tandem’s OLTP and database story centered on NonStop SQL/MP, aligning with the broader industry shift to SQL interfaces and improving perceived usability for application development and data access, even though the underlying NonStop environment remained complex and specialized.","true","0"
"971","SH-3y","3","TECHNOLOGY ON TRIAL","Computerworld","1993-11-29","can get several months or even a year ahead of the general public on figuring out how a new technology may or may not fit into their operations,","not-applicable","not-predictive","4","high","3","Kastner’s claim that enterprises participating in beta programs can get “several months or even a year ahead” in understanding how a new technology fits their operations essentially describes how structured beta and early-access programs have worked from the 1990s through cloud-era previews.[1][5] By the mid‑1990s and continuing through the 2000s–2020s, vendors in databases, operating systems, and later SaaS and cloud (e.g., early releases of Windows NT/SQL Server, public betas of major software, structured beta programs studied in management literature) consistently used beta tests to give selected customers early, real-world exposure and feedback channels before general release, which research characterizes as a way to validate fit, refine deployment plans, and gain a modest lead over the general user base.[5][8][9] While the magnitude of competitive advantage varies and is not guaranteed for every beta customer, the directional claim—that beta participants are ahead of the broader market in figuring out usage and fit for new technologies—has remained broadly accurate and is reflected in standard definitions of beta testing decades later.[1][5]","4","high","3","From the mid-1990s onward, enterprise vendors such as Microsoft, Oracle, Lotus, and Netscape ran extensive beta programs in which large customers tested early versions of products like Windows NT, Office, Notes, database releases, and web/application servers months before general availability, giving those customers a head start in understanding fit, deployment, and integration. Early adopters of technologies such as SAP R/3, enterprise groupware, and later web servers and intranets similarly gained operational experience and process changes ahead of mainstream rollout, typically on the order of months to a year. The statement is somewhat generic rather than bold, but its characterization of beta programs as a way to get materially ahead of the general market held true through the stated horizon and has remained accurate in subsequent decades of enterprise IT practice.","true","0"
"972","SH-3y","3","TECHNOLOGY ON TRIAL","Computerworld","1993-11-29","it's not going to disappear anytime soon,","high","validated","4","high","3","Kastner’s claim in late 1993 was that entrenched dBase applications in corporations were “not going to disappear anytime soon.” Over the 3‑year horizon (to ~1996–1997), dBase certainly declined in market prominence but did not disappear: Borland continued to market dBase for DOS and Windows in the mid‑1990s, and the product and its XBase language evolved into Windows and client/server versions rather than being abruptly abandoned.[4][8] Historically, even after Ashton‑Tate’s collapse and Borland’s struggles, both the dBase product line and the .DBF file format persisted well beyond the 1990s in legacy and vertical applications, and are still in use decades later, confirming that dBase did not vanish quickly even if its dominance eroded.[4][7][10]","5","high","3","By the mid-1990s, dBase and dBase-compatible systems (and their .dbf file format) were still widely used for departmental and line-of-business applications, even as their overall popularity began to wane in favor of newer relational databases.[7] dBase products continued to ship in Windows versions well past the mid-1990s, and new commercial releases such as dBASE PLUS 8 were still appearing decades later, underscoring the technology’s persistence and long tail.[5] As of the 2020s, hundreds of companies are still documented as using dBase, confirming that it certainly did not 'disappear' within the three-year forecast horizon and in fact remained entrenched far longer.[8]","true","-1"
"973","SH-3y","3","TECHNOLOGY ON TRIAL","Computerworld","1993-11-29","With products like Microsoft Access, we're seeing PC databases move forward toward enterprise connectivity,","not-applicable","not-predictive","4","high","3","Between 1993 and roughly 1996, Microsoft Access and its peers (e.g., Access 2.0 and Access 95 with built-in ODBC drivers) were rapidly adopted as Windows-based front ends to server databases such as SQL Server, Oracle, and DB2, and were heavily used for departmental client/server applications that queried enterprise data rather than just local files. PC databases did indeed ""move forward toward enterprise connectivity"" in this period, but they generally complemented rather than displaced more robust 4GL tools and, later, web-based front ends for large-scale, mission-critical systems, so the directional prediction was strong but not transformative enough to merit the highest score.","5","high","3","By 1995–1996, Microsoft Access had firmly evolved from a purely desktop database into a common client front-end to enterprise SQL back ends via ODBC and built-in drivers, exactly the kind of ""enterprise connectivity"" Kastner anticipated.[1] Access 2.0 (1993) and subsequent Access 95/97 releases emphasized linking to external relational databases (including SQL Server and Oracle) and were widely adopted in corporate environments as low-code front ends to enterprise data stores.[1] More broadly, PC databases in this era (Access, Paradox, dBASE clones) did move toward client/server and ODBC-based connectivity to enterprise RDBMSs, validating the directional claim within the 3-year horizon.","true","-1"
"974","SH-3y","3","TECHNOLOGY ON TRIAL","Computerworld","1993-11-29","You're going to see the PC databases pushing the bigger database development products down in price,","high","validated","4","high","2","Between 1993 and 1996, low-priced Windows PC databases like Microsoft Access, Borland Paradox, and FoxPro were sold for a few hundred dollars and increasingly bundled with Microsoft Office, sharply undercutting standalone client/server 4GL tools. This contributed to visible price pressure on higher-end database development products such as Gupta SQLWindows and Powersoft PowerBuilder, which responded with promotional pricing, runtime licensing models, and richer features rather than sustaining early-1990s per-seat prices. The prediction slightly over-attributes the effect to PC databases alone—Visual Basic, Delphi, and general Windows development tool competition also played major roles—but the directional call that “bigger” tools would be pushed down-market on price was largely borne out in that 3‑year window.","4","high","3","By the mid-1990s, low-cost PC databases such as Microsoft Access, Borland Paradox, and FoxPro were widely available well under $500 and often bundled with office suites, sharply lowering the perceived acceptable price for database development tools. This helped force higher-end 4GL and client/server tools (e.g., Gupta SQLWindows, PowerBuilder, Delphi-era successors) to cut prices, introduce cheaper editions, and compete more on features and bundling than on premium license fees. While enterprise database servers themselves remained relatively high-priced, the development-tool segment did experience notable price compression within the 3-year horizon, aligning well with Kastner’s prediction.","true","0"
"881","SH-3y","3","Workstations drawn more toward","Computerworld","1989-12-11","The ability to write code, format it and do some checkout down on the PC has an enormous attractiveness and offers self-evident benefit.","high","validated","3","medium","3","By 1989, using PCs and workstations as local development environments for editing, compiling, and initial testing was already well underway and became standard practice through the early 1990s, especially with the rise of client-server development and tools like Borland’s IDEs and early Microsoft environments. His statement that this capability was highly attractive and beneficial held up, but it mainly articulated an already-evident shift rather than forecasting a new or unexpected pattern over the following three years.","4","high","3","By the late 1980s and into the early 1990s, use of PCs and technical workstations as primary development environments had clear advantages over editing and testing code directly on shared mainframes, and this practice expanded rapidly. Tools like Borland’s Turbo Pascal and Turbo C on DOS, early Microsoft development environments, and workstation-based IDEs on Unix systems made local editing, formatting, and preliminary testing the norm for both client/server and mainframe-targeted applications within the 3‑year horizon. The quote correctly identifies a durable productivity pattern, but it largely reflects an already visible shift rather than a particularly bold or specific forecast, so it is more “largely prescient” than “remarkably prescient.”","false","-1"
"965","SH-3y","3","NCR announces OS2-to-NT migration service","Computerworld","1993-10-18","Our research shows that there's a strong interest in NT by Fortune 1,000 companies, especially where OS/2 was the underlying operating system for a specific database or as an application preparation package for something like Lotus Notes,","not-applicable","not-predictive","4","high","3","From 1993–1996, Windows NT evolved rapidly (3.1 to 4.0) and gained substantial traction as a strategic server OS in large enterprises, especially for new client–server and groupware workloads. Many Fortune 1000 firms that had used OS/2 for database front ends or early Lotus Notes deployments evaluated or migrated those workloads to NT as Notes on NT and NT-based departmental servers became common, even though core databases often remained on mainframe or UNIX. The quote slightly over-implies the centrality of OS/2 in these stacks, but it correctly anticipated strong Fortune 1000 interest in NT as the successor platform in that context over the next few years.","4","high","3","Between 1993 and 1996, Windows NT advanced rapidly (through NT 3.5, 3.51, and 4.0) and became widely adopted by large enterprises, including many Fortune 1000 firms, as a serious platform for file/print, application, and database servers. Over the same period OS/2 stagnated commercially, and many organizations that had used OS/2 as a platform for client/server databases or early Lotus Notes deployments showed strong interest in, and often migrated toward, Windows NT, so the described pattern of NT interest in OS/2-based shops broadly matched how this segment shifted in the mid-1990s.","true","0"
"959","SH-3y","3","NetFrame gives servers flexibility","Computerworld","1993-08-02","To get Concerto to work, you have to walk a very fine line,","not-applicable","not-predictive","4","high","2","Kastner’s point was that making Concerto work was technically delicate because coordinating peripherals and shared memory across multiple concurrent operating systems on one server was very complex. In the mid‑1990s, multi‑OS shared‑memory PC superservers such as NetFrame’s remained niche and were quickly eclipsed by cheaper single‑OS Intel servers, suggesting that performance and reliability trade‑offs were indeed hard to manage. Only later, with far more sophisticated x86 virtualization platforms like VMware at the end of the decade, did multi‑OS consolidation become mainstream, which retrospectively supports his warning about the implementation ‘fine line’ even though the general idea eventually succeeded.","0","low","2","The statement is a generic caution that making Concerto work required carefully balancing flexibility and performance, without specifying a falsifiable outcome within the three-year horizon. While NetFrame’s superserver approach and similar multi-OS, shared-memory partitioned systems did face complexity and performance tradeoff challenges and never saw broad mainstream adoption versus simpler SMP and later clustered commodity servers, this quote itself is too vague and qualitative to judge as a distinct prediction. It does not clearly forecast success, failure, or a measurable trend, so it cannot be meaningfully scored for prescience.","false","4"
"960","SH-3y","3","NetFrame gives servers flexibility","Computerworld","1993-08-02","The [concept] of having multiple peripherals running under different [operating systems] sharing main memory on a single server is very complex.","not-applicable","not-predictive","3","medium","3","From 1993 to roughly 1996, schemes to run multiple, different operating systems on a single shared-memory server (such as NetFrame’s Concerto and various partitioned MP systems) remained niche and technically challenging, and most enterprises continued to deploy separate servers for NetWare, Unix, OS/2, and emerging Windows NT rather than share main memory and peripherals across OS boundaries. The later mainstream standard for multi‑OS consolidation on x86 was hypervisor-based virtualization (e.g., VMware, announced at the end of the decade), which underscores that the direct shared‑memory, multi‑OS approach Kastner was describing did not become simple or widely adopted. However, the statement is a present‑tense, fairly generic observation that complex low‑level resource sharing is hard, rather than a specific, directional forecast, so it was accurate but not notably insightful or predictive for the three‑year horizon.","4","high","2","From 1993–1996, mainstream servers standardized on single-OS SMP designs like Windows NT, Unix variants, and NetWare, rather than commercializing heterogeneous multi-OS shared-memory configurations, reflecting the practical difficulty of such architectures. Research and limited commercial systems exploring multiple OS “personalities” on shared kernels or hardware (e.g., Mach-based systems, early microkernels, and partitioned mainframes) generally used strong isolation or partitions instead of true shared main memory across different OS instances, reinforcing that this model was complex and fragile in practice. Over the longer term, the industry solved multi-OS consolidation primarily with virtualization and hardware partitioning (LPARs, VMware, Xen, KVM) that avoid tightly sharing main memory at the OS level, which retrospectively validates Kastner’s assessment that the original shared-memory, multi-OS peripheral model was highly complex and not a path to broad adoption.","false","-1"
"906","SH-3y","3","AIX database stuck in lab; users express little concern","Computerworld","1992-03-30","I do have the idea it's delayed,","not-applicable","not-predictive","4","high","2","Kastner’s remark that IBM’s AIX relational database for RS/6000 was “delayed” accurately reflected that IBM had already slipped well past its 1990 statement of intent and would not deliver its full-fledged DB2/6000 offering on AIX until roughly 1993, several years after key Unix rivals were established. Over the next few years, Oracle, Informix, Sybase and Ingres continued to dominate the RS/6000 and broader Unix RDBMS market, and contemporary commentary treated IBM’s AIX database entry as late and having ceded business to these independent vendors. The quote is more a contemporaneous characterization than a risky forecast, but the implied judgment that IBM’s own AIX database project was meaningfully behind schedule and costing it share held up over the 3‑year horizon.","4","high","2","IBM did not have a native DB2 product on RS/6000/AIX in general availability until roughly 1993, several years after the RS/6000 launch and its 1990 statement of intent, while Oracle, Informix, and Sybase were already shipping robust AIX database implementations and winning most early UNIX/RISC database workloads. Over the 1992–1995 period, industry accounts consistently characterized IBM as having been late bringing DB2 to UNIX relative to these independent vendors, confirming that the AIX database effort had indeed been delayed even though IBM eventually closed the gap. This makes Kastner’s contemporaneous assessment of a delay, and reliance on independent AIX databases, directionally accurate for the three‑year horizon.","true","0"
"907","SH-3y","3","AIX database stuck in lab; users express little concern","Computerworld","1992-03-30","I can get any one of several independent databases today, and they all have good, strong implementations under AIX.","not-applicable","not-predictive","4","high","3","By 1992, AIX on RS/6000 already hosted mature ports of major third‑party relational databases such as Oracle7, Informix (Online/SE), Sybase, and Ingres, which were widely regarded as production‑grade and were used for substantial enterprise workloads. Through roughly 1992–1995, RS/6000’s Unix strengths in OLTP and decision-support were largely delivered via these independent vendors, even after IBM’s own DB2/6000 for AIX appeared, validating the claim that customers could rely on strong non‑IBM AIX database implementations rather than waiting for IBM’s native product. The statement is more a solid contemporary characterization than a bold forecast, but its implicit message that third‑party AIX databases were already good enough and would remain viable over the next few years held up well.","4","high","3","By the early to mid‑1990s, AIX on RS/6000 was a major Unix platform for third‑party relational databases such as Oracle7, Informix Online/SE, Sybase SQL Server, and Ingres, all of which had mature, production deployments and were considered robust options for enterprise workloads. Over the 1992–1995 horizon, many RS/6000 customers did in fact standardize on these independent vendors rather than wait for or rely exclusively on IBM’s own DB2 for AIX, confirming that strong, non‑IBM database implementations on AIX were both available and widely used. The only limitation is that the statement is more a contemporaneous characterization than a risky forward-looking prediction, so it is judged as largely, not remarkably, prescient.","true","0"
"995","SH-3y","3","Oracle calls database detente on OLAP","Computerworld","1995-11-27","So far as I can see, this arrangement doesn't compromise any functionality of either the Express [multidimensional DBMS] or Oracle,","not-applicable","not-predictive","4","high","2","Over the subsequent three years, Oracle continued to ship Express Server as a full-featured MOLAP engine alongside its core relational database, and the Transparent Gateway/SQL Reachthrough approach added access paths rather than removing core capabilities from either product. However, by the early 2000s Oracle shifted its OLAP strategy into the in-database OLAP Option and began phasing out standalone Express, so the longer-term evolution did erode Express’s distinct functionality even if the 1995–1998 architecture itself did not materially compromise either system.","4","high","2","After Oracle acquired IRI in 1995, it continued to ship Express Server as a separate multidimensional OLAP engine with its core functionality intact, while adding tighter integration and SQL access rather than removing major features within the next few years[1][5]. Oracle Database itself also maintained and expanded its relational capabilities through Oracle7 and Oracle8 in this period, so the coexistence strategy did not materially compromise Oracle’s core database functionality by around 1998[13]. Over the longer term Express was superseded by the in-database Oracle OLAP option, but that deprecation occurred well beyond the three‑year forecast horizon[1][5].","true","0"
"989","SH-3y","3","AT&T GIS dives into vertical markets","Computerworld","1994-10-31","All companies will build [data warehouses] in the nextfive years,","medium","partially-validated","3","medium","3","Kastner correctly anticipated that data warehousing would become a mainstream architectural pattern, as shown by the rapid rise of enterprise data warehouses and marts on platforms like Teradata, Oracle, and IBM DB2 in the mid‑ to late‑1990s, and later SAP BW (1997) and Microsoft’s OLAP features in SQL Server by the end of the decade. However, within roughly three years of the 1994 article, data warehouses were still largely the domain of large, data‑intensive enterprises rather than “all companies,” and even five to ten years out, many small and midsize firms still lacked formal data warehouses, so the universality and timing were overstated even though the general direction was right.","2","medium","3","By the 3-year horizon around 1997, data warehousing had become a serious trend among large enterprises, but was far from something ""all companies"" were implementing; adoption was concentrated in Fortune-1000-scale firms and data-intensive sectors, with most SMBs and many industries lacking formal data warehouses.[1] Even over a longer horizon, while data warehouses evolved into a core component of modern analytics and achieved high penetration among organizations that run structured analytics (e.g., BARC finds 79% of surveyed analytics environments include a data warehouse), this is still well below universal company-wide adoption across the entire economy.[8] The directional call that data warehousing would become broadly important was sound, but the prediction that all companies would build one within a few years was significantly overstated in both scope and timing.","true","1"
"990","SH-3y","3","AT&T GIS dives into vertical markets","Computerworld","1994-10-31","But until AT&T's announcement ... customers had to select and buy multiple technologies and then build the applications, which are not trivial.","high","validated","0","low","3","The quoted sentence is essentially a backward-looking characterization of the pre-1994 data warehousing market, not a forward-looking prediction about what would happen by ~1997. While it was broadly true that early data warehouses required customers to assemble multiple technologies and build custom applications, AT&T’s Enterprise Information Factory was not uniquely the first remedy, nor did it reshape the market in a way that validated any clear forecast about an integrated future. Because the statement mainly describes the recent past and overstates AT&T’s distinctiveness rather than predicting a future trajectory, it provides little basis for judging prescience against a 3‑year horizon.","3","medium","3","In the early-to-mid 1990s, most data warehousing efforts did require enterprises to combine a separate database platform (such as Teradata or Oracle), ETL tools (like Prism or early Informatica), and front-end query/BI tools, with substantial custom application development to make them work together. From 1994 through roughly 1997, integration and application development around data warehouses remained complex and services-heavy, even as vendors like AT&T GIS, IBM, and others began to offer more bundled or reference-architecture solutions that reduced but did not eliminate this complexity. The quote is somewhat overstated in suggesting AT&T uniquely changed the situation, but it correctly captures the prevailing pattern that data warehouse solutions were multi-technology and nontrivial to build in that period.","false","-3"
