"row_id","article_seq","date","headline","publication","author","content_type","kastner_quotation","immediate_context","is_predictive","prescience_score","prescience_rationale","forecast_horizon_years","theme","decade","accuracy_outcome","verdict_rationale","verdict_sources","pipeline_route_reason"
"1","1","1987-01-01","Fault-tolerant market to hit $2 billion in '87","Financial Times","","press-article","We are predicting the fault-tolerant market will reach $2 billion in 1987 and grow 40% to 50% each year until 1990","Pete Kastner, manager of marketing development at Stratus Computer, predicted rapid growth in the fault-tolerant computing market, then dominated by Stratus and Tandem.","yes","high","Kastner predicted the fault-tolerant market would reach $2B in 1987 and grow 40–50% annually through 1990. Stratus Computer's market did hit roughly those figures, and fault-tolerant systems grew strongly through the late 1980s before consolidating.","3","fault-tolerant-and-high-availability","1980s","","","","not_in_pdf"
"2","2","1988-06-17","Digital Challenges Tests by IBM of Firms' Midrange Computers","Wall Street Journal","Wall Street Journal staff","press-article","It was one of the cheapest tricks IBM could have pulled. A benchmark should be something that is widely circulated and can be duplicated and verified","John Logan, an Aberdeen Group consultant, criticized IBM's proprietary Ramp-C benchmark for midrange computers, calling it unfair because IBM refused to release the software for independent verification.","no","not-applicable","Observational — current-state analysis.","0","enterprise-servers-and-architecture","1980s","","","","not_in_pdf"
"3","3","1988-08-01","Benchmark Body Gains Stature With DEC Backing","Computerworld","Irwin Greenstein","press-article","I am going to call some of my colleagues personally in the industry to ask them to join","DEC joined the benchmark standards body (DCC, later TPC) immediately upon notification. Kastner, then at DEC, pledged to personally recruit other industry members.","no","not-applicable","Observational — current-state analysis.","0","databases-and-middleware","1980s","","","","not_in_pdf"
"4","3","1988-08-01","Benchmark Body Gains Stature With DEC Backing","Computerworld","Irwin Greenstein","press-article","For MIS users, this is one of the significant events of the 1980s. For the first time, MIS users can make apple-to-apple, vendor-to-vendor comparisons.","Peter Kastner, DEC's manager of competitive marketing programs, hailed the founding of the benchmark standards body as a breakthrough for enterprise computing buyers.","yes","medium","Kastner claimed vendor-neutral benchmarks would enable true apples-to-apples comparisons for MIS users. Standardized benchmarks (TPC, SPEC) did become important, but vendors found many ways to game benchmarks, so truly neutral comparisons remained elusive.","5","databases-and-middleware","1980s","","","","not_in_pdf"
"5","4","1989-01-09","Honeywell Bull To Trim 15% Of U.S. Staff","Wall Street Journal","Christopher J. Chipello","press-article","The computer industry now is much like the railroad business was 30 years ago. You either have to be very big, with a comprehensive product line, or you have to be very specialized. Right now, it's unclear that Honeywell Bull will be a long-term player.","Peter Kastner of Aberdeen Group commented on Honeywell Bull's 15% workforce reduction, comparing the computer industry's consolidation to the railroad industry.","yes","high","Kastner predicted Honeywell Bull would not be a long-term player without being very large or very specialized. Honeywell Bull struggled throughout the 1990s, was eventually renamed Groupe Bull, shrank dramatically, and never became a major global computing force.","10","vendor-strategy-and-ma","1980s","","","","not_in_pdf"
"6","4","1989-01-09","Honeywell Bull To Trim 15% Of U.S. Staff","Wall Street Journal","Christopher J. Chipello","press-article","Honeywell Bull had to bite the bullet","Kastner said he believes Pampel, who was president of Apollo Computer before joining Honeywell Bull, was brought in 'to clean up.'","no","not-applicable","Observational — current-state analysis.","0","vendor-strategy-and-ma","1980s","","","","not_in_pdf"
"13","9","1989-02-27","Deep down in their hearts everyone hates Unix","InformationWeek","","press-article","Deep down in their hearts everyone hates Unix. It's terrible for commercial processing.","Peter S. Kastner, a VP and consultant at Aberdeen Group, made this widely quoted assessment of Unix's suitability for commercial computing in 1989.","no","not-applicable","Observational — current-state analysis.","0","os-and-platforms","1980s","","","","not_in_pdf"
"22","14","1989-08-28","Can DEC find an opening on the desktop? PRODUCT SPOTLIGHT; The DEC market","Computerworld","Radding, Alan","press-article","DEC can already claim they have [transparent computing] from the desk to the data center. SAA won't have that for many years,","nes. ""DEC sees holes in IBM's strategy. IBM is forcing users to upgrade to OS/2, and it's excluding Mac, Unix and DEC,"" Schay points out. The NAS/Decwindows strategy clearly leapfrogs anything IBM has done with SAA or Presentation Manager, according to Peter Kastner, vice-president of the Boston-based Aberdeen Group. ""DEC can already claim they have [transparent computing] from the desk to the data center. SAA won't have that for many years,"" Kastner explains. Instead of viewing NAS/Decwindows a","yes","low","Kastner claimed DEC's NAS/DECwindows leapfrogged IBM's SAA and that SAA wouldn't achieve transparent computing for many years. DEC collapsed in the early 1990s and was acquired by Compaq in 1998 before achieving this vision, while Windows dominated desktop computing instead.","3","storage","1980s","","","","pdf_format_mismatch"
"49","31","1992-01-01","Wang Labs turning a profit — Just 2 cents a share, it's 1st since '88","Boston Globe","Jeffrey Krasner","press-article","They made real money. Wang should be applauded for coming back from its position in the grave a year ago and reporting some real honest-to-goodness taxable income","Peter Kastner of The Aberdeen Group praised Wang Laboratories' first profitable quarter since 1988, after Wang earned $2.6 million (2 cents/share).","no","not-applicable","Observational — current-state analysis.","0","vendor-strategy-and-ma","1990s","","","","not_in_pdf"
"169","91","1995-09-01","ODBC: The Unsung Hero of 1995","Software Magazine","Janet Butler","press-article","The fewer databases you have, the better. Tying together different databases is a necessary evil. ODBC is the unsung hero of 1995.","Kastner discussed the growing importance of database connectivity standards. ODBC 2.0 performance was within 5 percent of native database connection, addressing earlier performance complaints.","yes","medium","Kastner called ODBC the unsung hero of 1995, implying its importance would be recognized. ODBC did become a widely used standard through the late 1990s, though it was eventually superseded by JDBC, OLE DB, and later APIs; the observation was accurate for its era.","5","databases-and-middleware","1990s","","","","not_in_pdf"
"174","96","1999-04-23","CA Division Eyes Business-Process Management","VARBusiness","Timothy Long","press-article","This is totally new and different. No one else is working in this space.","Computer Associates created a new InterBiz Solutions division to deliver turnkey e-commerce solutions. Kastner commented on CA's move into business-process management technology.","yes","low","Kastner claimed no one else was working in the business-process management space in 1999. In reality the BPM software market was already forming with multiple vendors (Pegasystems, Staffware, FileNet, etc.); this assessment proved incorrect.","3","e-commerce-and-internet","1990s","","","","pdf_format_mismatch"
"175","97","2001-09-17","Hi-Tech Execs: Fed Rate Cut Was a Necessary Move","VARBusiness","Joy D. Russell","press-article","It will take the world markets some days to adjust to last Tuesday's tragedies, and any other military events yet to occur, but the economic underpinning for a classic fiscal turnaround is now in place.","Kastner was among hi-tech industry executives commenting on the Fed rate cut. He noted the missing ingredient would be consumer confidence.","yes","medium","Kastner predicted the economic underpinning for a fiscal turnaround was in place within days of 9/11. The US did enter recovery in late 2001/early 2002 after a brief recession, though military actions (Afghanistan, then Iraq) created ongoing uncertainty; the basic direction was correct.","1","vendor-strategy-and-ma","2000s","","","","pdf_format_mismatch"
"176","98","2001-09-19","Biz Travel Flies at Net Speed","Wired.com","","press-article","Since you can't guarantee that you can catch the red-eye and be in California tomorrow, you need a backup plan.","Aberdeen planned to hold more teleconferences and organize more internet-based meetings as a result of post-September 11 travel uncertainty. Companies were turning to remote communications technologies.","no","not-applicable","Observational — current-state analysis.","0","storage","2000s","","","","pdf_format_mismatch"
"177","99","2001-11-19","E-Commerce Getting Ready for a Lean, Mean 2002","E-Commerce Times","Lou Hirsh","online-article","It's going to stay tight for the short term, and companies need to brace for continued weakness in the market for at least the first two quarters of 2002,","spending priorities to security and customer retention programs. Brace Yourself ""It's going to stay tight for the short term, and companies need to brace for continued weakness in the market for at least the first two quarters of 2002,"" said Peter Kastner, chief research officer for Aberdeen Group. Now more than ever, said Kastner, basic business principles are coming into play for e-commerce, and companies can no longer build their futures on spending-fueled buzz and marketing hy","yes","medium","Kastner predicted tech spending would stay tight through at least the first two quarters of 2002; the IT recession did persist through most of 2002 though recovery signs appeared in late 2002 to early 2003 making this roughly accurate but slightly pessimistic.","1","security","2000s","","","","pdf_format_mismatch"
"178","99","2001-11-19","E-Commerce Getting Ready for a Lean, Mean 2002","E-Commerce Times","Lou Hirsh","online-article","The Internet gold rush is over,","up. Now more than ever, said Kastner, basic business principles are coming into play for e-commerce, and companies can no longer build their futures on spending-fueled buzz and marketing hype. ""The Internet gold rush is over,"" said Kastner. ""Businesses are putting their dreams more in line with reality. They're using a much sharper pencil when making their plans and decisions."" Preparing for 2002, companies need more stringent, focused planning than they might have settled for in","yes","high","Kastner declared the Internet gold rush was over; this was an accurate assessment — the dot-com boom had definitively ended and the era of speculative internet investment did not return in the same form.","2","e-commerce-and-internet","2000s","","","","pdf_format_mismatch"
"179","99","2001-11-19","E-Commerce Getting Ready for a Lean, Mean 2002","E-Commerce Times","Lou Hirsh","online-article","Businesses are putting IT and other elements of their organizations on a much shorter leash,","ing shorter timetables and smaller budgets to get results from projects, and looking to get more value out of the dollars they have already committed. ""Businesses are putting IT and other elements of their organizations on a much shorter leash,"" Kastner said. As a result, Kastner projects only high-single-digit growth in information technology purchases by e-commerce companies in the coming year -- perhaps 7 to 9 percent -- marking a sharp drop from previous yearly increases. In the current atmo","yes","medium","Kastner observed businesses putting IT on a shorter leash; this was directionally correct as IT budget scrutiny increased post-dot-com and companies focused on ROI-driven spending throughout 2002-2004.","3","e-commerce-and-internet","2000s","","","","pdf_format_mismatch"
"180","99","2001-11-19","E-Commerce Getting Ready for a Lean, Mean 2002","E-Commerce Times","Lou Hirsh","online-article","Aberdeen Group chief research officer Peter Kastner noted that other improvements, which are likely to play out for the rest of the decade, will transform e-commerce in even more ways.","will be able to handle transactions faster, but also could save significant dollars by avoiding merchandise returns that might have resulted from incorrect assembly or use of products. Aberdeen Group chief research officer Peter Kastner noted that other improvements, which are likely to play out for the rest of the decade, will transform e-commerce in even more ways. As wireless devices become more Web-compatible, and as server size continues to shrink, e-businesses will be able to pro","yes","medium","Kastner noted that improvements would transform e-commerce for the rest of the decade; e-commerce did transform significantly through 2010 though the specific improvements he cited (not fully captured in this fragment) make precise scoring difficult.","8","mobile-and-wireless","2000s","","","","pdf_format_mismatch"
"181","100","2002-02-20","States Claim Microsoft Abusing Settlement Terms","NewsFactor Network","Lisa Gill","press-article","So let me get this straight. IBM, Dell, HP and Compaq aren't big enough, and they need the states' attorneys general to back them up?","The nine non-settling states claimed Microsoft had abused terms of its proposed settlement. Kastner argued PC makers were taking the path of least resistance by fighting through state attorneys general.","no","not-applicable","Observational — current-state analysis.","0","pcs-and-clients","2000s","","","","not_in_pdf"
"182","100","2002-02-20","States Claim Microsoft Abusing Settlement Terms","NewsFactor Network","Lisa Gill","press-article","And it seems they chose the least attractive alternative, which is to go fight their battles through third-party surrogates in the court. It may be legal, but it's not very efficient.","Kastner said PC makers had several options including avoiding Microsoft products or raising prices but chose to fight through the states instead.","no","not-applicable","Observational — current-state analysis.","0","pcs-and-clients","2000s","","","","not_in_pdf"
"183","100","2002-02-20","States Claim Microsoft Abusing Settlement Terms","NewsFactor Network","Lisa Gill","press-article","The basic issues haven't changed in five years.","Kastner commented on Be Inc. filing suit against Microsoft, saying Microsoft was expecting the big guys like Sun Microsystems to file suit. He also said he expected Microsoft would try to settle the Be case.","no","not-applicable","Observational — current-state analysis.","0","vendor-strategy-and-ma","2000s","","","","not_in_pdf"
"184","101","2002-03-05","Ballmer: Future of Windows at Stake in Settlement","NewsFactor Network","Robyn Weisman","press-article","Obviously, they know nothing about how software is designed, written, tested and profitably marketed. This is not some clean-sheet academic exercise in microeconomics but real-world messing with the business and leisure lives of a hundred million citizens.","Kastner warned that meddling by state attorneys general could cause immeasurable damage to consumers if Microsoft were forced to dismember Windows. Ballmer had released a 143-page deposition arguing the proposed remedies would doom Windows.","no","not-applicable","Observational — current-state analysis.","0","os-and-platforms","2000s","","","","not_in_pdf"
"185","101","2002-03-05","Ballmer: Future of Windows at Stake in Settlement","NewsFactor Network","Robyn Weisman","press-article","The courts rule that because automobile dealers bundle too much together, you are henceforth only allowed to buy the chassis from the car dealer. You'll have to choose, buy and install seats, motor, wheels and tires from other sources.","Kastner offered an analogy explaining why requiring modular Windows would be impractical and harmful to consumers. He agreed with Ballmer's argument about the unworkability of the proposed remedies.","no","not-applicable","Observational — current-state analysis.","0","os-and-platforms","2000s","","","","not_in_pdf"
"186","102","2002-03-20","HP-Compaq Merger Likely to Benefit Business Customers","Kiplinger Washington Editors","Matthew Turosz","press-article","[Computer and electronics outlets] will likely turn to their own private-label machines to plug the gaps on their shelves from the merged firm's product lines.","Kastner predicted that best Buy, Circuit City, and other retailers would offer built-to-order machines following the Dell model to fill shelf space left by the HP-Compaq merger.","yes","high","Kastner predicted retailers would turn to private-label machines to fill gaps left by the HP/Compaq merger's product line rationalization. This proved directionally correct — private-label and white-box PC sales grew at retail, and retailers did use the merger disruption as an opportunity to diversify.","3","pcs-and-clients","2000s","","","","not_in_pdf"
"187","102","2002-03-20","HP-Compaq Merger Likely to Benefit Business Customers","Kiplinger Washington Editors","Matthew Turosz","press-article","Firms can benefit from the changeover, renegotiating more-favorable terms with the temporarily malleable account representatives of the new company.","Kastner advised businesses to review their current contracts with Compaq, which would be subject to new HP contract terms. Companies could use the merger transition to negotiate better deals.","yes","medium","Kastner predicted business customers could benefit by renegotiating favorable terms during the HP/Compaq merger transition. This was a reasonable and broadly correct prediction — account representatives from the newly merged entity were under pressure and many customers did negotiate better terms during the integration period.","2","pcs-and-clients","2000s","","","","not_in_pdf"
"188","103","2002-05-03","Retailers Market Own-Label PCs as Brand Names Begin to Dwindle","Wall Street Journal","Gary McWilliams","press-article","Retailers won't let H-P keep all that valuable shelf space if it completes the purchase of Compaq.","The article covered retailers including Best Buy and RadioShack Canada launching house-brand PCs. Kastner said second- and third-time PC buyers knew enough to accept house brands, especially if built from well-known components like Intel chips.","yes","high","Kastner predicted retailers would not let HP keep all valuable shelf space after the Compaq acquisition and would shift to private-label machines. This proved correct — retailers did reduce HP/Compaq shelf presence, expand private-label and alternative brands, and the merged company lost retail prominence over the following years.","3","pcs-and-clients","2000s","","","","not_in_pdf"
"189","104","2002-05-06","HP Shares Rise After Merger, But Challenges Loom","E-Commerce Times","Teri Robinson","online-article","are largely exclusive","cture in the months to come. In addition, Aberdeen Group chief research officer Peter Kastner told the E-Commerce Times that he expects a ""major upheaval in the company's sales force"" will put a different team of people in front of customers. Kastner noted that the two companies' top accounts ""are largely exclusive"" and that some accounts that once were ranked as Tier 1 ""will be dropped down to Tier 2."" Such a move could anger affected customers. The merger also will open the door for Compaq cus","no","not-applicable","Fragment — too incomplete to evaluate as a standalone quote.","0","e-commerce-and-internet","2000s","","","","pdf_format_mismatch"
"190","104","2002-05-06","HP Shares Rise After Merger, But Challenges Loom","E-Commerce Times","Teri Robinson","online-article","Such a move could anger affected customers. The merger also will open the door for Compaq customers, if they are big enough, to renegotiate the legal terms of their relationships. Customers will get","wn to Tier 2."" Such a move could anger affected customers. The merger also will open the door for Compaq customers, if they are big enough, to renegotiate the legal terms of their relationships. Customers will get ""new master contracts from HP,"" according to Kastner. Clouds on Horizon Moreover, HP executives are likely to be plagued by a cloud of legal and regulatory review following the public beating they took over the merger vote. ""Enough stuff came out in court to certainly color [HP's actio","yes","medium","Kastner predicted the HP-Compaq merger would give Compaq customers the ability to renegotiate contract terms; this was a reasonable near-term prediction and did occur for some large customers though the scale of customer disruption was broadly mixed.","2","pcs-and-clients","2000s","","","","pdf_format_mismatch"
"191","104","2002-05-06","HP Shares Rise After Merger, But Challenges Loom","E-Commerce Times","Teri Robinson","online-article","potentially the most troubling","the SEC said late last week that it is dropping its investigation. Enderle noted that the federal prosecutors will have more time than Walter Hewlett did to investigate how HP executives might have used their influence in the voting process. And Kastner pointed out that the U.S. attorney's investigation is ""potentially the most troubling"" because it is ""potentially criminal."". ""Anything that distracts management will take away from the end result,"" he said. The newly merged company must find its","no","not-applicable","Fragment — too incomplete to evaluate.","0","vendor-strategy-and-ma","2000s","","","","pdf_format_mismatch"
"192","600","2002-05-16","Microsoft Judge Stakes Out Scope of Settlement","E-Commerce Times","Staff Writer","online-article","Who benefits and why is a reasonable question for the judge to answer,","s' argument before rendering a final decision. The judge would want all the ammunition the states have to offer in order to determine the impact such a remedy would have on the market and on consumers, whom the states are in effect representing, Kastner said. ""Who benefits and why is a reasonable question for the judge to answer,"" he noted. Company Pressure Kastner added that the pressure to impose the modular version of Windows is coming mostly from Microsoft's competitors, not from the consu","no","not-applicable","Observational — a rhetorical question about the HP-Compaq merger legal proceedings rather than a forward-looking prediction.","0","os-and-platforms","2000s","","","","pdf_format_mismatch"
"193","600","2002-05-16","Microsoft Judge Stakes Out Scope of Settlement","E-Commerce Times","Staff Writer","online-article","It's not like there are thousands of consumers picketing, 'We want justice!'","n of Windows is coming mostly from Microsoft's competitors, not from the consumers that the states' attorneys supposedly are representing. ""It's not like there are thousands of consumers picketing, 'We want justice!'"" he said. Kastner pointed out that the elected position of state attorney general is often a stepping-stone to higher political office, and that the Microsoft case offers high visibility to the attorneys general involved. ""Draw your own conclusions,"" Kastner said. Microso","no","not-applicable","Observational — a sarcastic comment about the lack of consumer opposition to the HP-Compaq merger.","0","os-and-platforms","2000s","","","","pdf_format_mismatch"
"194","600","2002-05-16","Microsoft Judge Stakes Out Scope of Settlement","E-Commerce Times","Staff Writer","online-article","Draw your own conclusions,","7--- Kastner pointed out that the elected position of state attorney general is often a stepping-stone to higher political office, and that the Microsoft case offers high visibility to the attorneys general involved. ""Draw your own conclusions,"" Kastner said. Microsoft Patches IE Security Flaws By Helen Gallagher, E-Commerce Times 02/03/04 7:28 AM PT Users, especially home workers, small businesses and individuals, could lower their risk of attack immediately by using the Mozilla or Netscape bro","no","not-applicable","Observational — a rhetorical prompt to the reader rather than a prediction.","0","security","2000s","","","","pdf_format_mismatch"
"195","184","2004-02-03","Microsoft Patches IE Security Flaws","E-Commerce Times","Helen Gallagher","online-article","The depressing aspect of all this is exactly a year after Microsoft shut down the company to root out security problems, they continue to crop up with enough frequency to concern both individual and enterprise users, according to our research.","ith too many updates and not getting critical patches out to the people who need them in time to meet the next 'BIG' one. ""By sending this latest IE patch, Microsoft is tacitly admitting they've found problems that need to be fixed right away,"" Kastner said. ""The depressing aspect of all this is exactly a year after Microsoft shut down the company to root out security problems, they continue to crop up with enough frequency to concern both individual and enterprise users, according to our resear","no","not-applicable","Observational — current-state observation about Microsoft's continued security vulnerabilities one year after a major security initiative.","0","security","2000s","","","","pdf_format_mismatch"
"196","601","2002-05-03","New Broadband Legislation Revives Old Debate","E-Commerce Times","Jennifer LeClaire","online-article","It looks like we're heading towards putting Humpty Dumpty back together again, but instead of one big AT&T, we'll end up with four or five regional companies that will end up going national,","ch officer Peter Kastner told the E-Commerce Times. ""It looks like we're heading towards putting Humpty Dumpty back together again, but instead of one big AT&T, we'll end up with four or five regional companies that will end up going national,"" said Kastner. ""And those companies need to be regulated very carefully."" Kastner said Congress should consider the original intentions of the 1996 Telecommunications Act, which was supposed to make DSL ""quite unregulated."" Instead, he said, the RBOCs (reg","yes","medium","Kastner predicted telecom consolidation would result in four or five regional companies going national; partial consolidation did occur (AT&T reconstituted through SBC/Cingular mergers) but the outcome was fewer dominant players than predicted and the structure differed from a simple regional-to-national pattern.","7","e-commerce-and-internet","2000s","","","","pdf_format_mismatch"
"197","601","2002-05-03","New Broadband Legislation Revives Old Debate","E-Commerce Times","Jennifer LeClaire","online-article","And those companies need to be regulated very carefully.","Kastner predicted the post-1996 broadband market would consolidate into ""four or five regional companies that will end up going national,"" warning that robust regulation of the resulting entities would be essential.","yes","high","The RBOCs did consolidate into a handful of national carriers (Verizon, AT&T, CenturyLink) by the late 2000s — matching Kastner's ""four or five regional companies ending up national"" prediction almost exactly.","8","networking-and-comms","2000s","","","","pdf_format_mismatch"
"198","601","2002-05-03","New Broadband Legislation Revives Old Debate","E-Commerce Times","Jennifer LeClaire","online-article","Legislation is the only answer. It lets the political cooks into the kitchen, but I believe it is going to take a political approach to even out the competitive situation.","egulated."" Instead, he said, the RBOCs (regional Bell operating companies) tromped all over DSL companies and effectively raised barriers to their economic success. ""The 1996 Telecommunications Act set the rules for the catastrophe we have now,"" Kastner said. ""Legislation is the only answer. It lets the political cooks into the kitchen, but I believe it is going to take a political approach to even out the competitive situation."" Revised Dell Q2 Outlook Boosts Market By Jennifer LeClaire E-Comme","yes","low","Kastner predicted legislation was the only answer to competitive imbalance in the telecom/tech market; major legislative remedies did not materialize — instead market forces and regulatory enforcement rather than new legislation shaped the competitive landscape.","5","networking-and-comms","2000s","","","","pdf_format_mismatch"
"200","105","2002-07-12","Revised Dell Q2 Outlook Boosts Market","E-Commerce Times","Jennifer LeClaire","online-article","Kastner agreed that Dell has been increasing its market share in the consumer segment at the expense of Hewlett-Packard (NYSE: HPQ Price War Coming?","ket share from competitors in a climate of weak overall demand. Kastner agreed that Dell has been increasing its market share in the consumer segment at the expense of Hewlett-Packard (NYSE: HPQ Price War Coming? Despite Dell's good news, Kastner noted that the PC market is ripe for a new wave of price wars spurred by increasing inventories and the critical back-to-school buying season. With a slow season leaving many machines in the warehouse, and with an even faster Intel (Nasdaq: INTC) More","no","not-applicable","Observational — current-state observation that Dell was gaining market share at HP's expense in consumer PCs.","0","pcs-and-clients","2000s","","","","pdf_format_mismatch"
"201","105","2002-07-12","Revised Dell Q2 Outlook Boosts Market","E-Commerce Times","Jennifer LeClaire","online-article","We are tracking pricing, and so far there are no major indications of a massive breakdown in established pricing normalcy,","entium processor rumored to be waiting in the wings, PC players are champing at the bit to unload existing inventories. ""We are tracking pricing, and so far there are no major indications of a massive breakdown in established pricing normalcy,"" Kastner said. ""But it could happen at any minute."" Continued Struggles Meanwhile, the PC market continues to suffer from the ""I don't need it now"" syndrome, according to analysts. Corporate upgrade cycles continue to drag, and rapid change in the laptop a","no","not-applicable","Observational — current-state monitoring report noting no major pricing breakdown at the time of the quote.","0","pcs-and-clients","2000s","","","","pdf_format_mismatch"
"202","106","2002-10-03","The Future Microchip Marketplace","E-Commerce Times","Teri Robinson","online-article","""The imminent arrival of 64-bit computing has been wildly exaggerated,"" Peter Kastner, executive vice president at Aberdeen Group, told the E-Commerce Times.","as been wildly exaggerated,"" Peter Kastner, executive vice president at Aberdeen Group, told the E-Commerce Times. Not Even Close Delays, technological snags and lack of demand have kept what was once viewed as a promising technology at bay. Kastner noted that in 2000, Hewlett-Packard (NYSE: HPQ) forecast that sales of 64-bit Itanium processors would surpass unit sales of 32-bit chips by the end of 2002. Obviously, that has not come to pass. And a long time will probably elapse before 64-bit bec","yes","high","Kastner warned that the imminent arrival of 64-bit computing had been wildly exaggerated; this proved correct — mainstream 64-bit desktop adoption took until 2005-2007 with Windows Vista/XP x64 and Intel's adoption of AMD64 architecture.","5","e-commerce-and-internet","2000s","","","","pdf_format_mismatch"
"203","106","2002-10-03","The Future Microchip Marketplace","E-Commerce Times","Teri Robinson","online-article","Could a 64-bit microprocessor compatible with 32-bit become [a success] and lead AMD to new riches?","s -- a particularly vital feature for the consumer market. The chip uses the same x86 specification as currently available PC microprocessors. ""Could a 64-bit microprocessor compatible with 32-bit become [a success] and lead AMD to new riches?"" Kastner asked. ""That's what Wall Street is salivating over."" Personally, Kastner said he takes a more conservative view, noting that ""for those of us in the business world trenches, it won't do us a bit of good. We have a more sober forecast for 64-bit go","yes","medium","Kastner raised a skeptical question about whether AMD's 64-bit microprocessor could achieve success; AMD64 did eventually succeed and was adopted by Intel as x86-64 but AMD's financial gains were temporary and it never achieved the lasting dominant riches the question implied.","5","pcs-and-clients","2000s","","","","pdf_format_mismatch"
"204","106","2002-10-03","The Future Microchip Marketplace","E-Commerce Times","Teri Robinson","online-article","That's what Wall Street is salivating over.","e same x86 specification as currently available PC microprocessors. ""Could a 64-bit microprocessor compatible with 32-bit become [a success] and lead AMD to new riches?"" Kastner asked. ""That's what Wall Street is salivating over."" Personally, Kastner said he takes a more conservative view, noting that ""for those of us in the business world trenches, it won't do us a bit of good. We have a more sober forecast for 64-bit going forward."" Getting a Leg Up? Still, offering a microprocessor that is","no","not-applicable","Observational — a characterization of investor sentiment toward AMD's 64-bit prospects rather than Kastner's own prediction.","0","pcs-and-clients","2000s","","","","pdf_format_mismatch"
"205","106","2002-10-03","The Future Microchip Marketplace","E-Commerce Times","Teri Robinson","online-article","Those that crunch huge numbers or need a lot of memory","Commerce Times. ""They're forcing developers to rewrite all their code. We don't believe they have a technology that addresses the market's needs."" Where Are the Apps? But although AMD and Intel seem to be preparing for battle, Kastner noted that very few applications currently could benefit from the power of 64-bit computing. ""Those that crunch huge numbers or need a lot of memory"" could use the technology, he said. ""Some middleware, particularly databases, can take advantage of the","no","not-applicable","Fragment — too incomplete to evaluate; appears to describe a segment of 64-bit computing users.","0","databases-and-middleware","2000s","","","","pdf_format_mismatch"
"206","106","2002-10-03","The Future Microchip Marketplace","E-Commerce Times","Teri Robinson","online-article","rapidly junk Unix units that work and are already paid for.","re simply not likely to ""rapidly junk Unix units that work and are already paid for."" Fly in the Ointment Another fly in the ointment for 64-bit microprocessors is Linux. The marketplace in part depends on how rapidly Linux will be accepted, said Kastner. AMD is positioning itself to exploit the Linux market. The company recently demonstrated a four-way server built around its Opteron chips and used a 64-bit version of the Linux operating system to demonstrate Opteron's ability to work in mid-r","no","not-applicable","Observational — a characterization of the irrationality of rapidly discarding paid-for Unix equipment.","0","os-and-platforms","2000s","","","","pdf_format_mismatch"
"207","608","2003-04-09","What To Expect When You're Expanding - Again","E-Commerce Times","Keith Regan","online-article","Until it's clear there's definitely a recovery under way, the impulse among vendors will be to grab business as a hedge of sorts,","s in other ways too. Analysts say there will be deals aplenty on the way up -- even more so than during the dip. ""Until it's clear there's definitely a recovery under way, the impulse among vendors will be to grab business as a hedge of sorts,"" Kastner said. That may leave room for deal-making, particularly if a company is willing to sign a relatively long-term deal with a vendor, which may lower prices in exchange for the comfort of a multiyear contract. There also may be a pinch in some areas,","yes","medium","Observational — Kastner's commentary on vendor behavior during the early-2000s recovery, captured in Expanding Again feature.","1","vendor-strategy-and-ma","2000s","","","","pdf_format_mismatch"
"208","609","2002-06-25","Whatever Happened to Interactive TV?","E-Commerce Times","Lou Hirsh","online-article","For example, Aberdeen Group chief research officer Peter Kastner told the E-Commerce Times that consumers' time and dollars have become invested in technologies like high-speed broadband Internet, which makes TV unnecessary for services like interactive shopping.","f research officer Peter Kastner told the E-Commerce Times that consumers' time and dollars have become invested in technologies like high-speed broadband Internet, which makes TV unnecessary for services like interactive shopping. In addition, Kastner said, companies like Microsoft (Nasdaq: MSFT) More about Microsoft and Sony (NYSE: SNE) More about Sony are rolling out interactive gaming technologies that will not require a TV set. Early Blunders Overhyped possibilities are not the only obs","yes","high","Highly prescient — Kastner correctly identified that consumer investment in broadband internet would displace TV as the interactive-commerce channel. By 2010s streaming and second-screen behavior on PCs/phones proved this out.","5-10","e-commerce-and-internet","2000s","","","","pdf_format_mismatch"
"209","106","2002-10-03","The Future Microchip Marketplace","E-Commerce Times (via Yahoo News)","Teri Robinson","press-article","For those of us in the business world trenches, it won't do us a bit of good. We have a more sober forecast for 64-bit going forward.","Kastner tempered the Wall Street enthusiasm for 64-bit processors by noting limited near-term business application.","yes","high","Kastner's sober forecast for 64-bit computing in enterprise proved correct — widespread 64-bit adoption in mainstream business computing was slow through the mid-2000s, with meaningful enterprise penetration only arriving around 2007–2010 as Windows Vista/7 and server workloads drove it.","7","os-and-platforms","2000s","","","","pdf_format_mismatch"
"210","106","2002-10-03","The Future Microchip Marketplace","E-Commerce Times (via Yahoo News)","Teri Robinson","press-article","Those that crunch huge numbers or need a lot of memory could use the technology. Some middleware, particularly databases, can take advantage of the [memory offered by] 64-bit, and so can some scientific and knowledge management applications.","Kastner identified specific enterprise workloads that would benefit from 64-bit processors in the near term.","yes","high","Databases, scientific computing, and knowledge-management applications did lead 64-bit adoption, exactly as predicted. Oracle, SQL Server, and HPC workloads were the primary early adopters of 64-bit computing.","5","databases-and-middleware","2000s","","","","pdf_format_mismatch"
"211","107","2002-11-04","Proposed Settlement in Microsoft Antitrust Wins Judge's Key Nod","Investor's Business Daily","Patrick Seitz and Nick Turner","press-article","It's a home run for Microsoft. It's going to allow Microsoft to focus internally on its businesses again and not all the antitrust issues.","A federal judge largely approved the proposed antitrust settlement between Microsoft and the Justice Department. Kastner noted Microsoft still faced private lawsuits and an EU antitrust probe.","yes","medium","Kastner called the Microsoft antitrust settlement a home run allowing Microsoft to focus on its business. Microsoft did emerge from the antitrust case in a strong position, continuing to dominate its markets, though regulatory scrutiny continued for several more years.","3","vendor-strategy-and-ma","2000s","","","","not_in_pdf"
"212","108","2002-11-11","Dell as Brand Name","E-Commerce Times","Bob Woods","online-article","It is very easy now for a company to come up with a reference design, shop it around Asia, place an order and get it cranked out,","rch officer Peter Kastner told the E-Commerce Times that other PC makers will follow Dell's self-branding strategy. ""It is very easy now for a company to come up with a reference design, shop it around Asia, place an order and get it cranked out,"" Kastner said. He noted that monitor maker Viewsonic and digital-media concern SONICblue are using similar strategies in their attempts to expand market share. But HP faces a tough battle in competing with Dell, Kastner said, because it cannot focus all","no","not-applicable","Observational — current-state observation about the ease of Asian contract manufacturing for reference designs.","0","e-commerce-and-internet","2000s","","","","pdf_format_mismatch"
"213","108","2002-11-11","Dell as Brand Name","E-Commerce Times","Bob Woods","online-article","h a reference design, shop it around Asia, place an order and get it cranked out,"" Kastner said.","an order and get it cranked out,"" Kastner said. He noted that monitor maker Viewsonic and digital-media concern SONICblue are using similar strategies in their attempts to expand market share. But HP faces a tough battle in competing with Dell, Kastner said, because it cannot focus all its attentions on the rivalry or on imitating Dell's tactics. With the merger complete, it must sort out its various product lines, market strategies and sales issues. Ultimately, Dell's move to brand its own prin","no","not-applicable","Observational — duplicate/fragment of ID 189; same current-state observation about Asian manufacturing.","0","pcs-and-clients","2000s","","","","pdf_format_mismatch"
"214","609","2002-06-25","Whatever Happened to Interactive TV?","E-Commerce Times","Lou Hirsh","online-article","The Aberdeen Group's Kastner added that ITV capabilities will have to be included with future television sets, since many consumers will be unwilling to spend extra dollars on new hardware for existing sets.","said that process could take five to 10 years. ... The Aberdeen Group's Kastner added that ITV capabilities will have to be included with future television sets, since many consumers will be unwilling to spend extra dollars on new hardware for existing sets. ""Right now, people are not going to [alter] their TVs to fit them for interactive TV functions,"" Kastner said.","yes","high","Highly prescient — Kastner predicted ITV functionality would need to ship bundled into new TVs rather than as aftermarket add-ons. Smart TVs (2010s) validated this: interactive features ship built-in rather than as separate boxes.","5-10","it-spend-and-market-outlook","2000s","","","","pdf_format_mismatch"
"215","609","2002-06-25","Whatever Happened to Interactive TV?","E-Commerce Times","Lou Hirsh","online-article","Right now, people are not going to [alter] their TVs to fit them for interactive TV functions,","ll have to be included with future television sets, since many consumers will be unwilling to spend extra dollars on new hardware for existing sets. ""Right now, people are not going to [alter] their TVs to fit them for interactive TV functions,"" Kastner said. Who Pays for Tech Innovation? Print Version E-Mail Article Reprints By Lisa Gill E-Commerce Times 10/07/02 4:00 AM PT IDC research director Mark Hall likened a business without R&D spending to a lake stocked with fish. ""","no","not-applicable","Observational — Kastner's read on consumer unwillingness to retrofit existing TV sets for ITV. Complements the predictive paraphrase in row 214.","0","e-commerce-and-internet","2000s","","","","pdf_format_mismatch"
"216","610","2002-10-07","Who Pays for Tech Innovation?","E-Commerce Times","Lisa Gill","online-article","They've had negative ROI at this point, but they look at it and say, 'This is a 64-bit, next-generation chip. This is a 10- year program.' And not too many companies anymore have a 10-year vision,","2002, and Hewlett-Packard (NYSE: HPQ) More about Hewlett-Packard spent $2.92 billion during the first three quarters of the year. Intel (Nasdaq: INTC) More about Intel has spent an estimated $1 billion and 10 years developing its Itanium chip, according to Peter Kastner, chief research officer at Aberdeen Group. ""They've had negative ROI at this point, but they look at it and say, 'This is a 64-bit, next-generation chip. This is a 10- year program.' And not too many companies anymore have a 10-y","yes","high","Highly prescient — Kastner's characterization of Itanium as a 10-year negative-ROI program with long-term strategic payoff was broadly correct in direction but overstated the eventual payoff. Itanium did persist another decade but never achieved mainstream x86 replacement status; HP discontinued Itanium Integrity in 2021. The meta-observation — that few companies have 10-year technology visions — remains highly relevant.","0-10","pcs-and-clients","2000s","","","","pdf_format_mismatch"
"217","611","2004-06-21","IBM Dominates Supercomputer List","E-Commerce Times","Keith Regan","online-article","There are applications in the military, in medical research, in all fields of science. This is an example of how the less expensive computing power can really become important.","striving to build ever-faster systems has important implications for research, Aberdeen Group analyst Peter Kastner told the E-Commerce Times. ""There are applications in the military, in medical research, in all fields of science,"" Kastner said. ""This is an example of how the less expensive computing power can really become important.""","no","medium","Partially prescient — correctly framed commodity-HPC clusters (x86/Linux) as the future of scientific computing. By the 2010s this was overwhelmingly confirmed: TOP500 became dominated by Linux-on-x86/GPU clusters, and national labs adopted the model for genomics, climate modeling, and AI.","5-10","e-commerce-and-internet","2000s","","","","pdf_format_mismatch"
"218","612","2004-06-01","Processor Market Evolving","CDW","CDW Editorial Staff","online-article","If you're running a relational database and you can do all of your math computations in memory, your performance can be several times faster than if you have to write everything to disk,","irectly into better performance for complex applications. ""If you're running a relational database and you can do all of your math computations in memory, your performance can be several times faster than if you have to write everything to disk,"" says Peter Kastner, executive vice president and chief research officer with the market research and consulting firm, Aberdeen Group Inc., Boston, Mass. A possible performance advantage isn't the only factor driving 64-bit interest. The ongoing competit","no","medium","Partially prescient — correctly identified in-memory database performance as the killer app for 64-bit/large-memory systems. SAP HANA (2010) and in-memory OLAP/OLTP validated this view.","5-10","storage","2000s","","","","pdf_format_mismatch"
"219","612","2004-06-01","Processor Market Evolving","CDW","CDW Editorial Staff","online-article","Sixty-four-bit systems for general purpose applications are clearly the future, a future that will be hastened by related technical developments in memory technology, Kastner believes.","x86-compatible Solaris to complement its higher-priced UltraSPARC IV systems. Sixty-four-bit systems for general purpose applications are clearly the future, a future that will be hastened by related technical developments in memory technology, Kastner believes. “We’ll see a new generation of faster memory that uses less electricity come out this year,” he says. Combined with 64-bit systems that are able to handle more memory than their 32-bit counterparts, the benefit of this pairing is clear.","yes","high","Highly prescient — Kastner's call that 64-bit would be the default for general-purpose computing was correct. Within 5 years (2009) 64-bit Windows/Linux became mainstream on servers and desktops; by mid-2010s 32-bit was legacy-only. The associated memory-technology prediction also held (DDR3→DDR4→DDR5, lower voltage per generation).","5-10","os-and-platforms","2000s","","","","pdf_format_mismatch"
"220","613","2003-07-01","Faster And Faster Go the Workstations","Automotive Design & Production","Larry Gould","magazine-article","For a fixed number of dollars you can support more engineers with new, faster equipment.","uting * High-end 32-bit computing * Intel 64-bit Itanium architecture. Mobile computing hasn't hit automotive engineering and design, despite the appeal of taking CAD/CAM and simulations on the road. The second trend is noteworthy because, says Kastner, ""For a fixed number of dollars you can support more engineers with new, faster equipment."" Today, high-performance 32-bit Intel chips (Xeon and the Pentium 4) hold their own against RISC/Unix workstations. That became even more true in April, whe","no","medium","Partially prescient — the price-performance argument for upgrading engineering workstations held through the 2000s-2010s as CAD/CAM/CAE workloads expanded. Cloud bursting for simulation (2015+) further validated the 'more engineers per dollar' framing.","3-5","mobile-and-wireless","2000s","","","","not_in_pdf"
"221","613","2003-07-01","Faster And Faster Go the Workstations","Automotive Design & Production","Larry Gould","magazine-article","all the good things you might like in a top-end workstation","new dual-channel 400-MHz DDR memory interface, ""hyper-threading technology"" (this lets the processor do more work during each processor clock cycle), plus some other performance tweaks–""all the good things you might like in a top-end workstation,"" says Kastner–and the result is cinemagraphic 3D and spectacular 2D.","no","medium","Partially prescient — identified hyper-threading and memory-bandwidth improvements as the key workstation performance levers. By mid-2000s these were standard (Intel Core 2, DDR2/DDR3), though GPU acceleration ultimately became the dominant workstation performance driver for 3D/media work.","3-5","networking-and-comms","2000s","","","","not_in_pdf"
"222","615","2004-04-12","Flat-screen TV Unleashed","U.S. News & World Report","David LaGesse","magazine-article","Cables and bulky tubes have meant we couldn't just pick up and move a TV,","ore likely, just to plop a TV into a different room to watch the latest episode of The Sopranos without having to run new coaxial cables. The Aquos is a taste of what's to come as wireless video combines with flat-screen TVs to offer new freedom, says Peter Kastner, an analyst with the market research firm Aberdeen Group. ""Cables and bulky tubes have meant we couldn't just pick up and move a TV,"" he says. And there's nothing bulky about the 12-pound Aquos, except perhaps its price--$1,800. Cable","no","not-applicable","Observational — current-state assessment of TV/cable physical constraints in 2004, prior to widespread wireless-HDMI and smart-TV adoption.","0","mobile-and-wireless","2000s","","","","pdf_format_mismatch"
"223","616","2004-02-23","Wi-Fi Where You Want It","Fortune","Christine Y. Chen","magazine-article","the odds that WiMax gets off the ground are much, much higher than a few months ago.","is used for distances up to 300 feet, WiMax can cover up to 30 miles. Intel execs believe this could be a solution to the ""last mile"" problem of delivering high-speed services into the home, which has plagued telcos for years. Intel's investment, according to Peter Kastner, an analyst at Aberdeen Group, means that ""the odds that WiMax gets off the ground are much, much higher than a few months ago."" Get ready for access everywhere. --Christine Y. Chen Posted On: 1/8/2007. Hospitality Technology","yes","high","Highly prescient — Kastner correctly flagged Intel's WiMax investment as a major credibility-boost. WiMax did achieve IEEE 802.16 standardization and commercial deployments (Clearwire, Sprint 4G, 2005-2010). Though LTE eventually won the cellular 4G battle, WiMax's 2004-2008 momentum directly validated Kastner's read.","3-5","mobile-and-wireless","2000s","","","","pdf_format_mismatch"
"224","617","2004-03-01","Fresh Ideas for POS","Hospitality Technology","Hospitality Technology Editorial Staff","magazine-article","According to Peter Kastner, executive VP of the Aberdeen Group research firm, Linux continues to make steady progress, growing from 6 to 9 percent of the retail point-of-sale market (including restaurants and lodging).","that it has a lower cost structure. Still the fever has yet to fully envelope the hospitality industry in the same manner it has other industries. Still, Linux continues to grow both inside and outside of the hospitality industry. According to Peter Kastner, executive VP of the Aberdeen Group research firm, Linux continues to make steady progress, growing from 6 to 9 percent of the retail point-of-sale market (including restaurants and lodging). Because the license fees for Linux software tends","no","medium","Partially prescient — the 6→9 percent Linux POS share growth was directionally correct. Linux did continue to penetrate retail/POS through the 2000s-2010s, ultimately dominating embedded POS stacks via Linux-based distros and Android-POS terminals. Legacy Microsoft POS (RMS, Dynamics POS) lost share to Linux/Android POS over two decades.","5-10","os-and-platforms","2000s","","","","pdf_format_mismatch"
"225","618","2004-01-30","Gateway buys rival for $235m","Financial Times","Scott Morrison","newspaper-article","Getting all that eMachines shelf space with the two brands will give a big boost to the company,","own for its cow-pattern branding, to take advantage of eMachines' low-cost distribution model and sell PCs in large retail outlets such as BestBuy. ""Getting all that eMachines shelf space with the two brands will give a big boost to the company,"" said Peter Kastner, analyst at Aberdeen Group. ""In order to remain a major player and retain the value of the Gateway brand, they have to increase sales."" The company expected that increased scale would enable it to cut costs and reduce prices, which wo","yes","medium","Partially prescient — Kastner correctly framed the merger rationale as shelf-space expansion and brand-value preservation. The deal did initially expand Gateway's retail presence, but Gateway continued to lose share to Dell/HP and was sold to Acer in 2007. The short-term 'big boost' materialized; the long-term 'major player' ambition did not.","2-3","pcs-and-clients","2000s","","","","pdf_format_mismatch"
"226","619","2004-01-30","Gateway gains 15% on $235 million eMachines deal","CBS MarketWatch","Rex Crum","online-article","They've been boxed in by Dell in online sales and by H-P in the big-box retail market,","p, said the deal should prove positive for Gateway because it gives the company a semblance of stability going up against its larger rivals. ""They've been boxed in by Dell in online sales and by H-P in the big-box retail market,"" Kastner said. ""This should help them get lots of shelf space with a top-value PC brand."" EMachines plans to sell Gateway-branded consumer and business desktop and notebook PCs, servers and storage products through Gateway's existing direct channels, while G","no","not-applicable","Observational — current-state competitive analysis of Gateway's 2004 position (squeezed in both Dell's direct channel and HP's retail channel).","0","storage","2000s","","","","not_in_pdf"
"227","623","2003-08-28","Gateway gets in the digital camera picture","CBS MarketWatch","Rex Crum","online-article","They've seen that the industry has changed and they aren't going to re-create their PC miracle of the 1990s,",", because the company realized that it wasn't going to return to profitability, or remain relevant by sticking to personal computers. ""They've seen that the industry has changed and they aren't going to re-create their PC miracle of the 1990s,"" Kastner said. ""I think their management team is now focused in all the right areas."" Gateway's shares rose 22 cents to $5.71, their highest level since May 2002. Jun 28, 2004, 12:01 a.m. EST Gateway refines target with new PCs Releases low-cost eMachines","yes","high","Highly prescient — Gateway never recaptured its 1990s PC success. The company continued losing money, sold its retail stores, and was acquired by Acer in October 2007 for $1.9 billion. Kastner correctly identified the industry shift (Dell's direct model + HP's retail model boxing out mid-tier brands) as permanent.","3-4","pcs-and-clients","2000s","","","","not_in_pdf"
"228","624","2004-06-28","Gateway refines target with new PCs","CBS MarketWatch","Rex Crum","online-article","I think eMachines has never been that well understood, but they really have a foundation in the big-box electronics retailer market,","'s assessment of how eMachines could provide the spark that gets Gateway back into prominence in the PC market. ""I think eMachines has never been that well understood, but they really have a foundation in the big-box electronics retailer market,"" Kastner said. Gateway shares rose 5 cents Friday to close at $4.45. The stock reached a 52-week high of $6.85 on Sept. 18. GATEWAYS ENDS THE WLAN FLIM-FLAM; NEW GATEWAY WIRELESS ACCESS POINTS ADD HIGH SECURITY, REMOVE HIGH PRICE Submitted by admin on 4/","yes","medium","Partially prescient — Kastner correctly identified eMachines' big-box retail strength as Gateway's strategic opportunity. The combined Gateway+eMachines brand did expand shelf presence in 2004-2006, but the consolidated company couldn't match Dell/HP margins and was sold to Acer in 2007. The retail foundation insight was correct; the rescue strategy was not.","2-3","mobile-and-wireless","2000s","","","","pdf_format_mismatch"
"229","625","2004-04-06","Gateway Ends the WLAN Flim-Flam; New Gateway Wireless Access Points Add High Security, Remove High Price","FreshNews.com","Gateway Inc.","press-release","In both their price and functionality, Gateway is taking a disruptive approach with these two new wireless Aps,","), Advanced Encryption Standard (AES), 64/128-bit WEP encryption, PEAP, MSCHAP v2, inhibit SSID broadcast and MAC address filtering. ""In both their price and functionality, Gateway is taking a disruptive approach with these two new wireless Aps,"" said Peter Kastner, executive vice president and chief research officer, Aberdeen Group. ""Many wireless vendors are ignoring the pleas of small- and medium-sized businesses, who desire enterprise security and much more simplicity in set-up. SMBs clearly","no","not-applicable","Endorsement quote in a vendor press release — Kastner praising Gateway's SMB-targeted wireless access point pricing and security feature bundle. Not a market forecast.","0","mobile-and-wireless","2000s","","","","not_in_pdf"
"230","626","2003-02-26","H-P plunges on Q1 revenue miss","CBS MarketWatch","Rex Crum","online-article","They're making progress, but they've still got a long way to go,","a share. During the same period last year, H-P reported pro forma income of $625 million, or 25 cents a share, as a stand-alone company prior to completing the Compaq acquisition. ""They're making progress, but they've still got a long way to go,"" said Peter Kastner, computer hardware analyst with the Aberdeen Group. Kastner said that, in particular, H-P's printing and imaging business, its most profitable business area, is likely to face new challenges that could affect the company's bottom line","no","medium","Partially prescient — Kastner correctly flagged that the Compaq integration was incomplete and printing-business headwinds (third-party toner, Dell entry) loomed. Over 2003-2011 HP did gain operating momentum under Hurd but Fiorina was ousted in 2005, the PC business was spun/restructured multiple times, and by 2015 HP split in two (HPE/HP Inc.). The 'long way to go' framing proved accurate for Compaq-integration benefits.","2-5","pcs-and-clients","2000s","","","","not_in_pdf"
"231","627","2003-02-25","H-P profit rises 49 percent on cost cuts","CBS MarketWatch","Rex Crum","online-article","They're making progress, but they've still got a long ways to go,","of Compaq Computer. But the revenue of $17.9 billion fell short of analyst estimates, causing H-P shares to fall as much as 4.4 percent in after-hours trading to a low of $17.34. ""They're making progress, but they've still got a long ways to go,"" said Peter Kastner, computer hardware analyst with the Aberdeen Group. Kastner said that, in particular, H-P's printing and imaging business, its most- profitable business area, is likely to face new challenges that could affect the company's bottom lin","no","medium","Partially prescient — Kastner flagged printing-business vulnerability (third-party toner + impending Dell printer entry) as the key post-Compaq-merger risk. HP Printing remained the most profitable division but did face margin compression from third-party cartridges, and Dell entered printers in 2003. The structural threat was correct in direction.","2-5","pcs-and-clients","2000s","","","","not_in_pdf"
"232","628","2003-08-15","Hardware stocks eke out gain after Dell report","CBS MarketWatch","Rex Crum","online-article","Profits continue to outpace revenue growth, (and) in spite of anemic economic conditions and relentless deflation in prices, Dell is leading the industry in performance on a percentage basis.","t of sales. After the earnings report, A.G. Edwards analysts raised their rating on Dell shares (DELL 12.77, -0.10, -0.78%) to ""buy"" from ""hold"", helping the stock gain 95 cents to close at $32.34. ""This is a very good quarter, again, for Dell,"" said Peter Kastner, analyst with Aberdeen Group. ""Profits continue to outpace revenue growth, (and) in spite of anemic economic conditions and relentless deflation in prices, Dell is leading the industry in performance on a percentage basis."" Management","no","high","Highly prescient — Kastner's characterization of Dell's execution as best-in-class through deflation held through 2004-2005. Dell peaked in 2005 at ~19 percent global PC share. The subsequent decline (quality issues 2006-07, HP overtake 2007, LBO by Michael Dell 2013) did not invalidate the 2003 margin-discipline observation.","2-4","pcs-and-clients","2000s","","","","not_in_pdf"
"233","629","2001-09-17","Hi-Tech Execs: Fed Rate Cut Was a Necessary Move","CRN","CRN Editorial Staff","online-article","Between the Fed's aggressive rate cutting and the broken piggy bank of the social security surplus, there will be huge fiscal stimulus to the economy, which should result in the next six months in a pick up in demand for both capital and consumer and products,","d's aggressive rate cutting and the broken piggy bank of the social security surplus, there will be huge fiscal stimulus to the economy, which should result in the next six months in a pick up in demand for both capital and consumer and products,"" says Peter Kastner, chief research officer at Aberdeen Group, Boston. ""It will take the world markets some days to adjust to last Tuesday's tragedies, and any other military events yet to occur, but the economic underpinning for a classic fiscal turnar","yes","medium","Partially prescient — Kastner correctly identified the 2001 Fed-plus-fiscal stimulus combination as foundation for recovery. The 2002-2005 economic rebound (capital spending + housing + consumer) did materialize, supported by rate cuts to 1 percent and Bush tax cuts. However, the 'social security surplus' fiscal framing became obsolete as sustained deficits replaced the 2000-era surpluses, and the 2008 crisis undid much of the 2003-2007 recovery.","0-5","security","2000s","","","","pdf_format_mismatch"
"234","629","2001-09-17","Hi-Tech Execs: Fed Rate Cut Was a Necessary Move","CRN","CRN Editorial Staff","online-article","It will take the world markets some days to adjust to last Tuesday's tragedies, and any other military events yet to occur, but the economic underpinning for a classic fiscal turnaround is now in place.","""It will take the world markets some days to adjust to last Tuesday's tragedies, and any other military events yet to occur, but the economic underpinning for a classic fiscal turnaround is now in place,"" says Kastner. The missing ingredient, he says, will be consumer confidence.","yes","high","Highly prescient — six days after 9/11, Kastner correctly forecast a classic Fed-driven fiscal recovery with consumer confidence as the swing variable. The 2002-2003 recovery proved Keynesian textbook: rate cuts + tax cuts + deficit spending pulled the economy out of the dot-com collapse, and consumer confidence rebounded by mid-2002 and sustained the expansion through 2007.","0-3","e-commerce-and-internet","2000s","","","","pdf_format_mismatch"
"235","629","2001-09-17","Hi-Tech Execs: Fed Rate Cut Was a Necessary Move","CRN","CRN Editorial Staff","online-article","Maybe, says Kastner.","Will the rate cut help the tech sector, and in particular, the telecom industry? ""Maybe,"" says Kastner. One of the political problems that will surface very quickly is the need to deliver last-mile broadband to many more businesses and homes than the seven to 10 million that have this capability today, he says.","yes","medium","Partially prescient — Kastner's skepticism that Fed easing alone would help telecom proved correct. The 2001-2003 telecom capex collapse continued despite rate cuts; industry recovery required carrier consolidation (SBC/AT&T 2005, Verizon/MCI 2005), broadband stimulus, and the iPhone/smartphone era to restore growth. The rate-cut lever was necessary but not sufficient.","2-5","mobile-and-wireless","2000s","","","","pdf_format_mismatch"
"236","629","2001-09-17","Hi-Tech Execs: Fed Rate Cut Was a Necessary Move","CRN","CRN Editorial Staff","online-article","Without broadband available to a wide segment of the economy, we do not foresee a huge up-tick in communications demand,","t-mile broadband to many more businesses and homes than the seven to 10 million that have this capability today, he says. ""Without broadband available to a wide segment of the economy, we do not foresee a huge up-tick in communications demand,"" says Kastner. IBM's Hanny says he isn't deeply concerned about the effects on the market, although he will be monitoring it as the weeks and months pass. ""I wasn't even dwelling on how the market opened up today,"" says Hanny. ""I agree with the way Warren","yes","high","Highly prescient — Kastner's 2001 diagnosis that broadband penetration was the binding constraint on communications demand proved exactly right. The 2003-2010 broadband rollout (cable modem + DSL, then FTTH and LTE) unlocked online video (YouTube 2005, Netflix streaming 2007), VoIP, cloud computing, and mobile broadband — each validating the 'broadband-first' demand-creation thesis. FCC's ~2010 National Broadband Plan formally adopted this framework.","5-15","mobile-and-wireless","2000s","","","","pdf_format_mismatch"
"237","630","2002-11-01","HON Industries Furnished With Linux","eWeek","Larry Barrett","online-article","For cut-and-dried applications, businesses are finding Linux is comparatively inexpensive next to the fancy features that you get with a Windows NT or Unix server. For run-of-the-mill manufacturing processes, Linux provides a perfect environment. The money you're saving by not buying proprietary software and hardware can be used for other projects.","Case-study article on HON Industries (Muscatine, Iowa office-furniture maker) replacing Windows NT with Linux workstations on its manufacturing floor; Kastner positions Linux as a viable low-cost alternative for cut-and-dried manufacturing applications.","yes","high","Kastner correctly identified the embedded/industrial-control niche as the segment where Linux would first displace Windows NT and Unix — a pattern validated through the 2000s as Linux came to dominate manufacturing floor controls, POS systems, and embedded devices while Windows retreated to knowledge-worker desktops.","5","os-and-platforms","2000s","","","","pdf_format_mismatch"
"238","631","2002-02-13","HP cuts prices on some Intel-based servers 11% to 31%","Computerworld","Todd R. Weiss","online-article","I'd be surprised if their top sellers are being cut by 31%. An 11% price drop is believable. Thirty-one percent either shows they were dramatically overpriced or they're trying to get a lot of supply out before the end of the quarter.","Reacting to HP's 11-31% price cuts on LP1000r/LP2000r 1U/2U Intel-based rack servers and appliances (announced Feb 12, 2002); Kastner reads the deeper 31% cuts as a pre-quarter-end clearance signal rather than genuine cost-pass-through, and notes the impending HP-Compaq merger as another possible factor.","no","not-applicable","Tactical channel-read of HP pricing behavior ahead of the Compaq merger close; no multi-year forecast.","","pcs-and-clients","2000s","","","","pdf_format_mismatch"
"240","633","2003-02-26","HP Shares Sink On Revenue Shortfall, Cautious Outlook","CRN","Matthew Fordahl","online-article","They are seeing more competition from third-party toner cartridges. And in the coming quarter, it's widely rumored that Dell will be entering the printer business.","HP Q1 FY2003 earnings reaction (stock down 15%+); Kastner flags two structural threats to HP's printer/ink-cartridge profit engine: generic third-party toner and Dell's imminent entry into printers (Dell-branded printers launched March 21, 2003).","yes","high","Both predictions validated: Dell entered the printer business the following month (March 2003 launch); third-party toner competition expanded through the 2000s and became a significant drag on HP's Imaging & Printing Group margins. The ""third-party toner"" concern in particular was a durable structural thesis — HP's printer profitability erosion through 2010s is its practical confirmation.","1","pcs-and-clients","2000s","","","","pdf_format_mismatch"
"241","110","2002-11-22","Resilient HP Rebounds from Capellas Exit","Financial Times","Simon London","press-article","Clearly, the printing business continues to be a blockbuster.","HP reported surprisingly resilient quarterly earnings and its shares had rebounded 29 percent from a recent low. HP's imaging and printing division showed 12 percent revenue growth compared to only 5 percent for Lexmark.","no","not-applicable","Observational — current-state analysis.","0","it-spend-and-market-outlook","2000s","","","","not_in_pdf"
"242","111","2002-11-29","Retailers Lure Shoppers with Black Friday Bargains","Dow Jones Newswires","James Covert and Christine Nuzumi","press-article","It's difficult to make a year on $79 DVD players or $200 digital cameras.","Kastner noted that tireless bargain-hunting by shoppers had forced down prices for key consumer electronics items, sapping profits from retailers. He noted this despite a relative wealth of new products in the consumer-electronics area.","no","not-applicable","Observational — current-state analysis.","0","vendor-strategy-and-ma","2000s","","","","not_in_pdf"
"243","112","2002-12-16","PC Makers Flood Market with Low-Cost Computers","Reuters","Caroline Humer","press-article","I think at the end of the day, HP is picking up some market share.","Hewlett-Packard was aggressively cutting prices during the holiday season. HP had made headlines with a PC, flat-panel monitor and printer package for under $700 at Wal-Mart.","yes","medium","Kastner predicted HP was picking up some market share in the PC market. HP did gain share through the Compaq merger integration period in 2002–2004 before eventually becoming the world's largest PC maker.","2","pcs-and-clients","2000s","","","","not_in_pdf"
"244","112","2002-12-16","PC Makers Flood Market with Low-Cost Computers","Reuters","Caroline Humer","press-article","HP has the better value but consumers seem to be reacting at the very low end, with eMachines being the most pound of machine per dollar.","Kastner noted HP was cutting prices by using less expensive processors and getting new processors into machines more quickly. Dell was focusing on more expensive machines, potentially gaining better margins.","no","not-applicable","Observational — current-state analysis.","0","pcs-and-clients","2000s","","","","not_in_pdf"
"245","113","2003-01-01","IT/Automation Cost Reduction in Intel's Manufacturing Environment (MIT Working Paper)","E-Commerce Times / MIT Sloan Working Paper","Brian Subirana","press-article","Overall, 2 percent month-over-month is good, and the book-to-bill ratio for November was looking better than it has been in a bit. It's still a single data point, and Aberdeen's view is that there is no sign of a global semiconductor turnaround yet.","Aberdeen Group chief research officer Peter Kastner assessed semiconductor industry recovery prospects, cited in an MIT Sloan working paper on Intel manufacturing.","yes","medium","Kastner assessed there was no sign of a global semiconductor turnaround yet in early 2003. The semiconductor industry did begin recovering later in 2003, so his 'no turnaround yet' view was correct at the moment but the cycle turned within months.","1","pcs-and-clients","2000s","","","","not_in_pdf"
"246","114","2003-01-01","A Whirlwind of Financing Options","CDW.ca / Solutions Library","","press-article","It's like buying a car. Do you want to pay for it all at once or over three or four or five years?","Kastner commented on the growing trend of IT vendor financing, driven by the soft economy. He noted vendors like IBM, Microsoft, HP, Sun Microsystems and others were offering financing options to ease the upfront costs of technology upgrades.","no","not-applicable","Observational — current-state analysis.","0","vendor-strategy-and-ma","2000s","","","","not_in_pdf"
"247","115","2003-01-03","Aberdeen Predicts Modest IT Rebound In 2003","TechWeb","Gregg Keizer","press-article","More and more IT organizations are telling us that their executives have concluded that [technology] operations are not their core competency.","Aberdeen Group released its IT spending forecast for 2003, noting growing interest in outsourcing.","no","not-applicable","Observational — current-state observation about IT executives re-evaluating core competencies","0","it-spend-and-market-outlook","2000s","","","","not_in_pdf"
"248","115","2003-01-03","Aberdeen Predicts Modest IT Rebound In 2003","TechWeb","Gregg Keizer","press-article","That's a horse of a completely different color, and a potential economic threat to the livelihood of a lot of Americans.","Kastner distinguished between domestic outsourcing and offshore outsourcing, noting the latter was a new and more consequential trend.","no","not-applicable","Observational — commentary on offshoring as an economic threat (context-dependent quote fragment)","0","vendor-strategy-and-ma","2000s","","","","not_in_pdf"
"249","115","2003-01-03","Aberdeen Predicts Modest IT Rebound In 2003","TechWeb","Gregg Keizer","press-article","That's inflation, plus or minus.","Kastner characterized Aberdeen's forecast of 2-3% IT spending growth for 2003 as essentially tracking inflation with no real expansion.","no","not-applicable","Observational — characterization of a projected IT spending growth rate as matching inflation","0","it-spend-and-market-outlook","2000s","","","","not_in_pdf"
"250","115","2003-01-03","Aberdeen Predicts Modest IT Rebound In 2003","TechWeb","Gregg Keizer","press-article","Ultimately, psychology and not technology will determine the growth rate for IT spending this year.","Kastner argued that executive confidence and sentiment — not specific product cycles — would be the swing factor in 2003 IT budgets.","yes","medium","Psychological factors (confidence, budget release) did play a major role in 2003 IT spending decisions alongside Y2K hangover and economic uncertainty. The IT rebound in 2003–2004 was indeed driven partly by pent-up demand psychology, though technology refresh cycles also mattered.","1","it-spend-and-market-outlook","2000s","","","","not_in_pdf"
"251","116","2003-01-06","Restructure Plans Weigh on Gateway","CBS MarketWatch","Rex Crum","press-article","It looks to us as if Gateway's whole business model is on the boardroom table.","Gateway shares fell after CEO Ted Waitt said the company would reshuffle management and unveil a new business strategy following weak holiday sales. Gateway had suffered channel inventory problems during the holiday season.","no","not-applicable","Observational — current-state analysis.","0","pcs-and-clients","2000s","","","","not_in_pdf"
"252","116","2003-01-06","Restructure Plans Weigh on Gateway","CBS MarketWatch","Rex Crum","press-article","I think they made a huge impression on the market by adding new products, but they showed they really need a supply chain that can keep up with the market.","Gateway had begun carrying more than 100 new digital products including a 42-inch plasma TV, but reportedly suffered channel inventory problems during the holiday season.","no","not-applicable","Observational — current-state analysis.","0","pcs-and-clients","2000s","","","","not_in_pdf"
"253","117","2003-01-13","Tax Break Could Ease IT Purchasing Pain","Computerworld","Patrick Thibodeau","press-article","[Aberdeen Group Inc. said it expects U.S. IT spending to increase 3.6 percent in 2003.]","The article covered debate over expanding the 30% depreciation bonus for IT purchases. Aberdeen Group was one of several research firms cited for their 2003 IT spending forecasts, though no direct Kastner quote appeared.","yes","medium","Aberdeen predicted US IT spending would increase 3.6% in 2003. IT spending growth in 2003 was modest and close to flat/slightly positive — the direction was right but 3.6% was optimistic for a year when many firms held back spending.","1","it-spend-and-market-outlook","2000s","","","","not_in_pdf"
"254","118","2003-02-25","Hewlett-Packard Posts Q1 Profits, But Misses Sales Views","Dow Jones Newswires","Donna Fuscaldo","press-article","H-P is stuck in a financial traffic jam. For its revenue to improve, it needs for the economy to wake up from its slumber. It can cut costs only so long.","HP reported first-quarter net income increase but sales failed to meet analysts' expectations. HP shares were down in after-hours trading after the mixed results.","no","not-applicable","Observational — current-state analysis.","0","it-spend-and-market-outlook","2000s","","","","not_in_pdf"
"255","119","2003-02-26","H-P Posts Profit but Its Outlook Still Cloudy","USA Today","Jon Swartz","press-article","It's hard to grow when corporate spending is stingy and some printers cost $99.","HP reported better-than-expected quarterly profit including the first profitable quarter for its PC division since late 2000. However HP's printer revenue was flat and investors were concerned about murky outlook.","no","not-applicable","Observational — current-state analysis.","0","pcs-and-clients","2000s","","","","not_in_pdf"
"256","120","2003-03-05","Defragmenting: the Prescription for Computers Behaving Badly","Dow Jones / Asian Wall Street Journal / Far Eastern Economic Review","","press-article","Picture a child's box of alphabet blocks, all lined up A-Z. That's what the files on a new, or well-maintained, hard drive should look like. Now, take out blocks to spell a word. The box has holes in it, just as a disk drive does as files are deleted or moved. Now, put the blocks used to create the word back in the box — the first letter of the word going into the first slot, the second letter into the second slot, etc. When completed, the alphabet box is no longer in alphabetical sequence. This mixed-up condition is a fragmented hard drive.","A technology column on the importance of defragmenting hard drives cited Kastner as someone who takes his defragmentation seriously. He explained the concept of fragmentation using the alphabet blocks analogy.","no","not-applicable","Observational — current-state analysis.","0","storage","2000s","","","","not_in_pdf"
"257","120","2003-03-05","Defragmenting: the Prescription for Computers Behaving Badly","Dow Jones / Asian Wall Street Journal / Far Eastern Economic Review","","press-article","Any PC user who does not regularly defragment their hard drive must enjoy looking at the screen waiting for something to happen. Many think they need a new PC when all they need is to undo a year or two worth of fragmentation.","Kastner explained that when the disk is arranged neatly, things can move at least a third faster. He noted that getting data files, especially programs, grouped in the order they will be called on is key.","no","not-applicable","Observational — current-state analysis.","0","storage","2000s","","","","not_in_pdf"
"258","121","2003-03-24","Don't Panic! Intel's New Centrino Notebook Chipset Means Wi-Fi Is Coming Whether You're Ready for It or Not","InternetWeek","Peter Kastner","press-article","Aberdeen Group research indicates that a campus-bound meeting-attendee can be productive an extra 30 minutes a day.","Kastner wrote an analysis of Intel's Centrino launch for InternetWeek, arguing that Centrino notebooks and wireless networking should become standard IT infrastructure building blocks.","no","not-applicable","Observational — current-state analysis.","0","mobile-and-wireless","2000s","","","","pdf_format_mismatch"
"259","122","2003-04-02","Businesses Affected by Mystery Cold","San Francisco Examiner / Houston Chronicle","Paul Elias, Associated Press","press-article","Nobody knows what's going to happen, and we should all be concerned.","Kastner warned that trillions of dollars in global commerce could be at stake. The article described U.S. companies altering business plans due to SARS spreading through Asia.","no","not-applicable","Observational — current-state analysis.","0","vendor-strategy-and-ma","2000s","","","","not_in_pdf"
"260","122","2003-04-02","Businesses Affected by Mystery Cold","San Francisco Examiner / Houston Chronicle","Paul Elias, Associated Press","press-article","These just aren't sales calls that are being canceled. These are engineering and quality-control trips.","Kastner elaborated on the kinds of business trips being canceled due to SARS. He noted apparel manufacturers were also particularly vulnerable.","no","not-applicable","Observational — current-state analysis.","0","vendor-strategy-and-ma","2000s","","","","not_in_pdf"
"261","123","2003-04-02","Mystery Illness Threatens Health of Business Plans","Fresno Bee","Paul Elias, Associated Press","press-article","Nobody knows what's going to happen, and we should all be concerned. The trend so far has been negative.","Kastner warned that trillions of dollars in global commerce were at stake. The article described U.S. companies big and small altering their business plans due to SARS.","no","not-applicable","Observational — current-state analysis.","0","vendor-strategy-and-ma","2000s","","","","not_in_pdf"
"262","124","2003-04-02","SARS Puts an End to Business as Usual in Asia","InfoWorld.com / NetworkWorld Fusion / Computerworld.com","Sumner Lemon, IDG News Service","press-article","The PRC has not been forthcoming about the situation, and until recently claimed that the outbreak had been contained. The deceit of the PRC government in hiding what has become a serious global health threat will not be quickly forgotten. A new level of suspicion by investors of the government's ability to protect investments will take years to dispel. After all, low-cost manufacturing and disrupted supply are oil and water in a just-in-time world.","Craig and Kastner commented on China's slow response to the outbreak and its implications for investment confidence. The article noted WHO had been delayed in visiting Guangdong province.","yes","medium","Kastner predicted China's government deception over SARS would create lasting investor suspicion taking years to dispel. Investor concerns about China's transparency did persist, though foreign investment in China's electronics sector recovered and accelerated after 2003 rather than being suppressed for years.","3","vendor-strategy-and-ma","2000s","","","","not_in_pdf"
"263","125","2003-04-02","SARS Could Impact IT Supply Chain","Bank Systems & Technology Online","Gregg Keizer","press-article","It's difficult to gauge how pervasive the SARS epidemic will become in the Asia/Pacific region. At a minimum, the SARS epidemic will cause schedule slippages and disrupt the aggressive growth plans that global electronics companies have for the affected geographies. Worst case, it could result in major supply-chain disruptions and another downdraft for an already challenged industry.","The article reported on Kastner's new Aberdeen Group report warning that SARS could break the IT manufacturing supply chain. Kastner pointed to China's dependence as a source for most of the world's AC-to-DC power supplies.","yes","medium","Kastner forecast at minimum schedule slippages and at worst major supply chain disruptions from SARS. The minimum scenario (delays, disruption to growth plans) materialized, while the worst case did not, as SARS was contained by mid-2003.","1","it-spend-and-market-outlook","2000s","","","","not_in_pdf"
"264","125","2003-04-02","SARS Could Impact IT Supply Chain","Bank Systems & Technology Online","Gregg Keizer","press-article","The dependable supply of key component building blocks is threatened by SARS, not just the assembly plants in China.","Kastner explained that the problem stemmed from electronics manufacturers' dependence on suppliers across the region, not just assembly plants.","yes","medium","Kastner predicted SARS threatened dependable component supply beyond just assembly plants. This proved partially correct — component supply was stressed but not severely broken, and recovery was relatively swift.","1","vendor-strategy-and-ma","2000s","","","","not_in_pdf"
"265","126","2003-04-02","Disease Delays High-Tech Travelers","Austin American-Statesman","Kirk Ladendorf and Mary Ann Roser","press-article","It is a trillion-dollar industry. If the supply chain gets disrupted in a just-in-time industry, then all hell breaks loose.","Kastner warned that the tech industry was vulnerable to the spread of SARS because Chinese cities including Hong Kong form critical links in the high-tech food chain. Aberdeen noted Taiwan's Compal Communications had barred employees from traveling to China.","yes","medium","Kastner warned supply chain disruption in a just-in-time industry would cause major cascading failures. This was directionally correct as a risk framing, but SARS was contained before triggering the catastrophic scenario he described.","1","vendor-strategy-and-ma","2000s","","","","not_in_pdf"
"266","127","2003-04-02","Businesses Delay Asia Trips Because of SARS","Cox News Service / Foster's Online","Kirk Ladendorf and Mary Ann Roser","press-article","It is a billion-dollar industry. If the supply chain gets disrupted in a just-in-time industry, then all hell breaks loose.","Kastner warned that the tech industry was vulnerable to SARS because China and Hong Kong form critical links in the high-tech food chain. The Aberdeen Group said Compal Communications had barred employees from traveling.","yes","medium","Kastner warned that supply chain disruption in a just-in-time industry would cause cascading failures. The warning was directionally sound but SARS was contained before the worst outcomes materialized.","1","vendor-strategy-and-ma","2000s","","","","not_in_pdf"
"267","128","2003-04-03","NBC Nightly News at 6:50 PM","NBC Nightly News","Anne Thompson","broadcast-transcript","SARS could well be the tipping point that takes the world into its second recession in three years.","The NBC Nightly News segment covered SARS disrupting the global economy. Kastner appeared as a guest commenting on economic impacts of the outbreak.","yes","low","Kastner predicted SARS could tip the world into a second recession. SARS was contained by mid-2003 and did not cause a global recession; the world economy and tech sector recovered through 2003–2004.","1","vendor-strategy-and-ma","2000s","","","","not_in_pdf"
"268","129","2003-04-03","CNBC Morning Call at 11:29 AM","CNBC Morning Call","","broadcast-transcript","Well, importantly, the electronic industry looks for low cost, of course, but they look for dependable supply. In the last few years, China, the People's Republic, has given them high quality, low costs, but now with the SARS outbreak, the concern is that if there is some sort of quarantine, hypothetically, that would lead to a massive disruption of the supply chain.","Host Ted asked how the SARS outbreak might break the rules of electronics supply. Kastner was the featured guest explaining the dependence of the electronics industry on China.","yes","medium","Kastner warned that SARS could cause massive supply chain disruption if quarantines were imposed. SARS disruptions to China manufacturing were real but limited; supply chains bent but did not break in 2003, making this partially correct.","1","vendor-strategy-and-ma","2000s","","","","not_in_pdf"
"269","129","2003-04-03","CNBC Morning Call at 11:29 AM","CNBC Morning Call","","broadcast-transcript","There are 115 million PCs alone that are assembled in Asia. Many are in China. It is a critical building block manufacturing place in the global supply chain.","Host Ted asked about China's market share in electronics. Kastner explained the scale of Asian PC assembly.","no","not-applicable","Observational — current-state analysis.","0","pcs-and-clients","2000s","","","","not_in_pdf"
"270","129","2003-04-03","CNBC Morning Call at 11:29 AM","CNBC Morning Call","","broadcast-transcript","Yeah, so far, we have seen people canceling trips and postponing their developer forum, for instance. I think what happened last week since I began looking at this is that, number one, the governments of the world are more concerned, number two, we'll see what amounts to voluntary quarantine, that should reduce the spread of the disease, but as the head of the CDC said yesterday, it is too early to tell actually what will happen.","Host Ted asked whether management was changing the way it does things. Kastner described the early corporate responses to the SARS outbreak.","no","not-applicable","Observational — current-state analysis.","0","vendor-strategy-and-ma","2000s","","","","not_in_pdf"
"271","129","2003-04-03","CNBC Morning Call at 11:29 AM","CNBC Morning Call","","broadcast-transcript","That is unknown. I can tell you the executives I have talked to are certainly concerned with the fact that the Chinese government for too long sat on this.","Host Ted asked how much commercial damage China had done to itself. Kastner commented on executive concern about the Chinese government's handling of SARS.","no","not-applicable","Observational — current-state analysis.","0","vendor-strategy-and-ma","2000s","","","","not_in_pdf"
"272","130","2003-04-03","Spread of SARS in Asia Prompts Fears for High-Tech Industry","Wall Street Journal Online","William Foreman, Associated Press","press-article","At a minimum, the SARS epidemic will cause schedule slippages and disrupt the aggressive growth plans that global electronics companies have for the affected geographies. Worst case, it could result in major supply chain disruptions and another downdraft for an already challenged industry.","Craig and Kastner co-authored an Aberdeen Group report warning about SARS risks to the global tech industry. The article reported on Intel canceling road shows in China and Taiwan.","yes","medium","Kastner predicted at minimum schedule slippages and disruption to growth plans, worst case major supply chain disruptions. The minimum scenario largely played out — some delays and disruptions occurred — but the worst case did not materialize as SARS was contained quickly.","1","pcs-and-clients","2000s","","","","not_in_pdf"
"273","131","2003-04-03","SARS Fears Afflict Oregon Industries","The Oregonian","Ted Sickinger and Boaz Herzog","press-article","This could potentially be very serious.","Aberdeen Group's Russ Craig warned about the potential impact of SARS on the electronics industry. The article covered how Oregon's high-tech and shoe industries were being disrupted by the outbreak.","yes","low","Craig said SARS could potentially be very serious for industry and supply chains. While SARS caused concern, it was contained by mid-2003 with limited lasting economic damage to the electronics industry.","1","vendor-strategy-and-ma","2000s","","","","not_in_pdf"
"274","131","2003-04-03","SARS Fears Afflict Oregon Industries","The Oregonian","Ted Sickinger and Boaz Herzog","press-article","In this case, the kingdom could be lost for the lack of a nail — or a capacitor.","Craig discussed how SARS could lead to component shortages, given how much of the electronics supply chain depended on Asian manufacturing. He noted that language barriers and technical support meant at minimum product schedules would slip.","no","not-applicable","Observational — current-state analysis.","0","vendor-strategy-and-ma","2000s","","","","not_in_pdf"
"275","132","2003-04-03","The Industry Is Saying to Itself, 'Hey, Wait a Minute. How Is This Going to Work?' (Orlando Sentinel — SARS Scare Puts Travel Plans on Hold for Many)","Orlando Sentinel","Robert Johnson","press-article","The industry is saying to itself, 'Hey, wait a minute. How is this going to work?'","The article covered leisure and business travelers reconsidering trips to Asia. Russell Craig of Aberdeen Group commented on supply chain concerns.","no","not-applicable","Observational — current-state analysis.","0","vendor-strategy-and-ma","2000s","","","","not_in_pdf"
"276","133","2003-04-03","Denver Post — Businesses Banning Asia Travel","Denver Post","Marsha Austin","press-article","[No direct quote from Kastner — article attributes data to Aberdeen analysts Russ Craig and Peter Kastner regarding Motorola closing its Singapore plant.]","The article cited Aberdeen Group analysts Russ Craig and Peter Kastner regarding Motorola temporarily closing a cellphone manufacturing facility in Singapore after 305 workers were quarantined due to SARS exposure.","no","not-applicable","Observational — current-state analysis.","0","mobile-and-wireless","2000s","","","","not_in_pdf"
"277","134","2003-04-03","From Tourism to High Finance, Mysterious Illness Spreads Havoc","The New York Times","Keith Bradsher","press-article","One of the imponderables here is how this will affect perceptions of China. Until this happened it was the absolute hot spot in terms of the electronics industry.","Craig commented on what the SARS outbreak might mean for China's status as the dominant electronics manufacturing destination. The article covered the broad economic disruption across Asia.","yes","medium","Craig predicted SARS would damage perceptions of China as the hot spot for electronics investment. This proved only partially correct; China's electronics investment recovered strongly after SARS and China became even more dominant in electronics manufacturing through the 2000s.","3","vendor-strategy-and-ma","2000s","","","","not_in_pdf"
"278","135","2003-04-04","Asian High-Tech Manufacturers Scrambling to Ward Off SARS","Investor's Business Daily","James Detar","press-article","As of Thursday, there are no indications the sky is falling. The world is pulling together around this. It's acting in a reasonable manner to deal with it.","Kastner expressed cautious optimism after China decided to report SARS cases and allow WHO personnel into affected regions. He said the bad news was that if health officials couldn't contain the disease quickly, the high-tech industry would take another hit.","yes","medium","Kastner assessed the sky was not falling and the world was acting reasonably to address SARS. This proved broadly correct — SARS was contained, the sky did not fall — though recovery was uneven.","1","vendor-strategy-and-ma","2000s","","","","not_in_pdf"
"279","136","2003-04-09","SARS Begins to Hurt Tech Industry","The Morning Call (mcall.com)","William Foreman, AP and Jeanne Bonner","press-article","China is a major source of AC-to-DC power supplies, those little black cubes that clutter your power strip. You can assemble a laptop elsewhere, but you cannot sell it without a power supply.","Craig discussed the electronics industry's heavy reliance on China for semiconductors and basic components. The article covered Intel's canceled developer forums and Agere Systems restricting travel.","no","not-applicable","Observational — current-state analysis.","0","pcs-and-clients","2000s","","","","not_in_pdf"
"280","137","2003-04-10","What Windows Server 2003 Will Mean for IT","E-Commerce Times","Tiernan Ray","online-article","Windows has gone through a brash youth and is entering its young adult phase. The performance and the stability and the security features of Windows Server 2003 are far more important than any of the particular new features included.","Kastner assessed the imminent Windows Server 2003 release, arguing that Microsoft's delay of the release to improve stability and security mattered more than any of the headline new features; he cited TPCC benchmark results as evidence the platform was enterprise-ready.","no","not-applicable","Assessment of product maturity at launch; not a forward-looking prediction.","","security","2000s","","","","pdf_format_mismatch"
"281","138","2003-04-14","U.S. Tech Industry Feels Side Effects of Virus","USA Today","Michelle Kessler","press-article","It's an issue of dependability.","Kastner said criticism of China's handling of SARS could cause some companies to reconsider putting all their eggs in the Chinese basket. The article described multiple ways SARS was impacting the U.S. tech industry.","no","not-applicable","Observational — current-state analysis.","0","security","2000s","","","","not_in_pdf"
"282","139","2003-04-21","SD Memory Card Overtakes Memory Stick in January/February 2003 Retail Sales","SD Card Association Press Release","","press-article","The rapid consumer adoption of MP3 players, digital cameras, and other portable devices will make the miniSD a critical technology enabler in next-generation cell phones.","Kastner commented on the SD card format's market growth and its emerging role in mobile devices. The SD Memory Card had achieved 400+ percent growth in 2002 and had overtaken Memory Stick in retail sales.","yes","high","The miniSD and SD form factors did become critical enablers in mobile phones; SD/microSD became the dominant removable storage for smartphones and cameras throughout the 2000s–2010s. The prediction was accurate about the role of portable media devices driving adoption.","5","mobile-and-wireless","2000s","","","","not_in_pdf"
"283","139","2003-04-21","SD Memory Card Overtakes Memory Stick in January/February 2003 Retail Sales","SD Card Association Press Release","","press-article","We are moving toward the goal of physical and logical interchangeability among consumer digital electronics.","Kastner was quoted in the SD Card Association press release regarding the importance of memory card standardization across consumer devices including cell phones, MP3 players, and digital cameras.","yes","medium","The trend toward interchangeability among consumer digital electronics partially materialized — USB and Bluetooth became near-universal, but full logical/physical interoperability across all consumer devices never fully arrived; proprietary connectors persisted (Lightning, etc.).","5","mobile-and-wireless","2000s","","","","not_in_pdf"
"284","140","2003-04-24","Will SARS Infect High-Tech?","Earthweb / CIOupdate.com","Dan Orzech","press-article","SARS is a very real problem, but at the moment, it seems unlikely to untrack either the global electronics industry or the broader economy.","Kastner had been following the SARS outbreak closely and said new public health measures were apparently slowing the virus's spread. He noted the likelihood of a transportation breakdown had been reduced.","yes","medium","Kastner assessed SARS was unlikely to untrack the global electronics industry or broader economy. This proved broadly correct — the electronics industry and global economy recovered in 2003–2004 — though SARS did cause real disruptions.","1","security","2000s","","","","not_in_pdf"
"285","140","2003-04-24","Will SARS Infect High-Tech?","Earthweb / CIOupdate.com","Dan Orzech","press-article","The high-tech industry is definitely concerned that the world's fastest growing large technology market may be falling off a cliff in a major recession.","Kastner said the People's Republic of China was almost certainly headed for a recession because of the SARS epidemic. China was the world's second largest consumer of PCs.","yes","low","Kastner warned that China's fastest-growing tech market could fall off a cliff into a major recession. China's tech market did not enter a major recession; it recovered strongly after SARS and sustained robust growth through the mid-2000s.","2","it-spend-and-market-outlook","2000s","","","","not_in_pdf"
"286","140","2003-04-24","Will SARS Infect High-Tech?","Earthweb / CIOupdate.com","Dan Orzech","press-article","Projects for which the presence of nonresident personnel are required — whether they are sales representatives, product applications engineers, or semiconductor capital equipment specialists — will slip schedules, and equipment or process failures that require similar human resources to fix will go unrepaired until the epidemic is past. This will degrade production and impede quality.","Kastner explained that high-tech firms were canceling routine trips to Asia, which would lead to delays in specific projects. He said point events should be expected even if a broad meltdown was unlikely.","yes","high","Kastner predicted SARS would cause schedule slippages and production degradation wherever personnel travel was restricted. This was correct — projects were delayed, equipment maintenance was deferred, and quality issues emerged in SARS-affected regions during the outbreak.","1","vendor-strategy-and-ma","2000s","","","","not_in_pdf"
"287","140","2003-04-24","Will SARS Infect High-Tech?","Earthweb / CIOupdate.com","Dan Orzech","press-article","China has taken in $50 billion a year in foreign investment, which is a real stimulus to the Chinese economy. That money could go away overnight, if the government were shown to be untrustworthy. So kicking and screaming it looks like the PRC government is being dragged into the 21st century global economy, and that's much better for China in the long term.","Kastner discussed the possibility that the SARS epidemic might have an unintended positive effect by opening up the PRC's government to global society. China had begun releasing more accurate SARS data after weeks of minimizing the outbreak.","yes","medium","Kastner predicted that transparency pressure would drag China into the 21st century global economy and that this would be better for China long-term. China did open somewhat more to global scrutiny after SARS, though its fundamental governance opacity persisted; the prediction is partially right.","5","vendor-strategy-and-ma","2000s","","","","not_in_pdf"
"288","141","2003-04-25","SARS Taking a Toll on the World Economy","CBS Evening News","Anthony Mason / Dan Rather","broadcast-transcript","SARS is a slow-motion version of September 11th, 2001, which saw the economy freeze in its feet.","Kastner commented on the impact of SARS on the global economy for a CBS Evening News segment. Kodak's stock had plummeted 7 percent due to SARS hurting its sales in Asia.","no","not-applicable","Observational — current-state analysis.","0","vendor-strategy-and-ma","2000s","","","","not_in_pdf"
"289","141","2003-04-25","SARS Taking a Toll on the World Economy","CBS Evening News","Anthony Mason / Dan Rather","broadcast-transcript","And all of a sudden SARS comes along, and no one knows exactly what's going to happen, but it won't be good.","Kastner noted that Asia had been the hottest market in the world until recently. The segment covered how the U.S. economy had not yet been seriously hurt but faced risks from the Asian outbreak.","no","not-applicable","Observational — current-state analysis.","0","it-spend-and-market-outlook","2000s","","","","not_in_pdf"
"291","143","2003-05-05","Bacon's Market Research Firms (Conflict of Interest article)","Bacon's (publication name partially illegible)","Tom Witkowski","press-article","Clearly, I believe a problem the market-research industry is facing today is the perception of a conflict of interest. Aberdeen certainly recognized that perception is reality, so the industry needs to deal with that in a forthright fashion.","The article addressed conflicts of interest in the market-research industry. Kastner noted Aberdeen analysts sign conflict-of-interest contracts and are barred from owning stock in companies they cover.","no","not-applicable","Observational — current-state analysis.","0","it-spend-and-market-outlook","2000s","","","","not_in_pdf"
"292","144","2003-06-06","Windows Updates: Enough Already!","E-Commerce Times","Elizabeth Millard","online-article","Whenever a security flaw is found, they fix it as quickly as possible and push it out to the subscriber through a free update service,","ke IT departments groan, he said, but it sure beats the alternative: buggy applications and security holes. ""Whenever a security flaw is found, they fix it as quickly as possible and push it out to the subscriber through a free update service,"" Kastner noted. ""Would it be easier if they made bug-free code? Sure. And someday the sun will explode."" Until the sun bursts, those in IT will simply have to start planning, look on the bright side and decide which updates to install. Microsoft Unhurt by","no","not-applicable","Observational — current-state description of a software vendor's security update practice.","0","security","2000s","","","","pdf_format_mismatch"
"293","145","2003-06-13","The Fine Print of IT Rebates","E-Commerce Times","Elizabeth Millard","online-article","It's like saying, 'I'll steal your money, but if you catch me, I'll give you your money back.' That's not a way to do business.","me, I'll give you your money back.' That's not a way to do business."" Betting on the Lazy Indeed, the most important reason why manufacturers like rebates is simple: Many people never attempt to collect what they are owed. Kastner estimated that 40 percent of consumers do not follow through on rebate offers. When IT rebates are separated from the pack, the proportion of unclaimed checks can be even more startling. Hsia said the typical redemption rate for his company's products hov","no","not-applicable","Observational — ethical critique of a business practice (rebate/refund policy)","0","vendor-strategy-and-ma","2000s","","","","pdf_format_mismatch"
"294","145","2003-06-13","The Fine Print of IT Rebates","E-Commerce Times","Elizabeth Millard","online-article","If they want the original, send in the original. If you do the wrong thing, they'll throw your request away.","coupons. Why? Lazy."" Fine Print Reading Even motivated buyers may find that following the instructions for garnering a rebate check are akin to filling out a small business IRS form. ""You have to do precisely what you're requested to do,"" Kastner said. ""If they want the original, send in the original. If you do the wrong thing, they'll throw your request away."" He estimated that 20 percent of all consumer rebate submissions contain a problem, ranging from incorrect paperwork to missing UPC c","no","not-applicable","Observational — procedural description of a rebate submission process.","0","vendor-strategy-and-ma","2000s","","","","pdf_format_mismatch"
"295","145","2003-06-13","The Fine Print of IT Rebates","E-Commerce Times","Elizabeth Millard","online-article","On day 32, you notice the rebate form in a corner and suddenly think, 'Oh yeah, I forgot about that.'","Karravala said, ""When you're asking for something beyond the standards, that confuses customers a lot -- especially if you're dealing with serial numbers."" Many rebates also go unclaimed because they need to be postmarked within 30 days and, as Kastner noted, ""On day 32, you notice the rebate form in a corner and suddenly think, 'Oh yeah, I forgot about that.'"" In the end, rebates can be a direct route to phenomenal savings for conscientious consumers, and companies stand to profit financially f","no","not-applicable","Observational — descriptive anecdote about consumer rebate behavior.","0","vendor-strategy-and-ma","2000s","","","","pdf_format_mismatch"
"296","146","2003-07-03","Rebate offers create fans, critics","Dallas Morning News","Doug Bedell","press-article","About 40 percent of consumers never follow up in redeeming rebates. An additional 20 percent are denied rebate checks.","The article explored consumer electronics rebate practices, with Kastner citing Aberdeen Group research on redemption failure rates.","no","not-applicable","Observational — current-state statistics on rebate non-redemption rates","0","vendor-strategy-and-ma","2000s","","","","not_in_pdf"
"297","146","2003-07-03","Rebate offers create fans, critics","Dallas Morning News","Doug Bedell","press-article","Consumers are looking for one throat to choke.","Kastner explained why consumers prefer straightforward pricing over complex rebate systems that spread accountability across retailers and manufacturers.","no","not-applicable","Observational — colorful phrase describing consumer frustration with multi-vendor support","0","vendor-strategy-and-ma","2000s","","","","not_in_pdf"
"298","146","2003-07-03","Rebate offers create fans, critics","Dallas Morning News","Doug Bedell","press-article","It might be better to just wait for a real sale where they take hard dollars off the price, right there at the cash register.","Kastner advised consumers on dealing with the rebate system, suggesting outright price cuts are more reliable than mail-in rebates.","no","not-applicable","Observational — consumer advice about preferring immediate discounts over mail-in rebates","0","vendor-strategy-and-ma","2000s","","","","not_in_pdf"
"299","147","2003-07-16","IBM's 2nd-Qtr Profit and Revenue Rise on Acquisitions","Bloomberg","Jonathan Berr","press-article","The unhappiness will appear tomorrow when people look at the revenue side of the numbers.","IBM reported Q2 earnings ahead of market close; analysts noted profits were strong but revenue growth was muted.","yes","high","IBM's Q2 2003 revenue was indeed disappointing relative to profit — analysts and investors did focus negatively on revenue the following day, validating this very near-term prediction.","0","it-spend-and-market-outlook","2000s","","","","not_in_pdf"
"300","148","2003-07-16","IBM reports earnings and sales boost","CBS MarketWatch","Mike Tarsala","press-article","It was a fairly sober report. When you take it back to constant currency, they're growing at the rate of inflation. So there's no joy in Armonk about a recovery in technology or the company's ability to grow faster than the economy.","IBM released Q2 results showing earnings and sales gains. Analysts scrutinized the constant-currency revenue picture.","no","not-applicable","Observational — current-state analysis of IBM's Q2 2003 constant-currency growth being near inflation with no recovery signal.","0","it-spend-and-market-outlook","2000s","","","","pdf_format_mismatch"
"301","149","2003-07-17","IBM reports gain; Apple net falls 41%","Chicago Tribune","Tribune news services","press-article","Clearly, services is the champagne-popping part of the announcement. The rest of the party was pretty glam, with revenues at the rate of inflation.","IBM reported improved Q2 profits driven largely by its services division while overall revenue growth remained tepid.","no","not-applicable","Observational — current-state analysis of IBM's Q2 2003 earnings split between services strength and flat overall revenues.","0","pcs-and-clients","2000s","","","","not_in_pdf"
"302","150","2003-07-17","Profits rise at IBM, but its outlook has only muted optimism","AP","Brian Bergstein","press-article","IBM has yet to see, really, a return on that investment.","Kastner commented on IBM's former PricewaterhouseCoopers consulting arm, which had delivered disappointing performance since the acquisition.","no","not-applicable","Observational — current-state analysis noting IBM had not yet seen return on investment at that point in time.","0","vendor-strategy-and-ma","2000s","","","","not_in_pdf"
"303","151","2003-07-17","IBM earnings don't confirm tech recovery","USA Today","Kevin Marley","press-article","This was not the turnaround quarter. The good news is we're no longer hemorrhaging in the technology industry.","IBM's Q2 results were released; analysts debated whether the numbers signaled a broader tech sector recovery.","no","not-applicable","Observational — current-state characterization of Q2 2003 as not a recovery quarter","0","vendor-strategy-and-ma","2000s","","","","not_in_pdf"
"304","152","2003-07-22","Sun Micro's Q4 Profits Fall 80 Percent","CBS MarketWatch","Rex Crum","press-article","We're seeing the second quarter of the year was not a turnaround quarter for Sun. But anyone who gives up on Sun would be making a big mistake, as they have a huge, loyal base of customers.","Sun Microsystems reported a 2003 fourth-quarter profit that fell 80 percent from the year-ago period. Kastner said investors were likely to interpret Sun's results as being on the edge of respectability.","yes","medium","Kastner warned against giving up on Sun given its loyal customer base. Sun did survive and eventually became part of Oracle (2010), but its financial performance continued to deteriorate; the 'don't give up' view was overly optimistic about Sun's independent trajectory.","5","databases-and-middleware","2000s","","","","not_in_pdf"
"305","153","2003-07-22","Sun Micro CFO McGowan Says 4Q Bookings Were $3B","Dow Jones Newswires","Mark Boslet","press-article","Neither Sun nor the industry turned around in the quarter. It's going to take a turnaround in macro-economic conditions to help Sun.","Several analysts said finding a brighter horizon would be a significant challenge for Sun Microsystems after reporting its fourth-quarter results.","yes","medium","Correct that Sun did not turn around that quarter, and macro-economic conditions did need to improve — Sun eventually recovered modestly in 2004–2005 with the broader IT recovery, but Sun never truly rebounded and was acquired by Oracle in 2010.","3","databases-and-middleware","2000s","","","","not_in_pdf"
"306","154","2003-08-12","HP says more is not enough; Company launches 158-product blitz","Houston Chronicle (Reuters)","Darrin Schlegel","press-article","They're really coming together with a sense of cohesion for the first time on the consumer front. HP has always had really good consumer products, but they never really put it all together.","HP announced a sweeping 158-product consumer lineup under the 'Enjoy More' campaign. Analysts weighed in on the significance of the launch.","yes","medium","HP's consumer product cohesion under Carly Fiorina and later Mark Hurd did improve with the Compaq integration, but HP's consumer lineup remained fragmented and the company eventually spun off its PC business. Partially correct on cohesion, wrong on sustained success.","3","pcs-and-clients","2000s","","","","not_in_pdf"
"307","154","2003-08-12","HP says more is not enough; Company launches 158-product blitz","Houston Chronicle (Reuters)","Darrin Schlegel","press-article","I think the new see-through scanner will have lots of uses for people who want to line up ad hoc projects or just copy pages in books, like students.","HP announced a new transparent vertical scanner as part of its consumer product lineup.","yes","low","Kastner predicted the see-through scanner would have broad uses for students and ad hoc projects, but flatbed scanners were rapidly displaced by smartphone camera apps and cloud-based document scanning within a few years; the scanner category declined sharply.","5","mobile-and-wireless","2000s","","","","not_in_pdf"
"308","155","2003-08-15","Should Windows XP Be Free?","E-Commerce Times","Elizabeth Millard","online-article","Although we give considerable credit to Microsoft for bulletproofing the actual upgrade, our experiences in preparing for the upgrade were considerably more arduous than expected.","and offsetting revenue losses on the Windows side. The need to bolster users' confidence about upgrading from Windows 2000, or even older versions like Windows 98, is palpable. In a report on his upgrade experience, Aberdeen Group analyst Peter Kastner wrote, ""Although we give considerable credit to Microsoft for bulletproofing the actual upgrade, our experiences in preparing for the upgrade were considerably more arduous than expected."" Making the upgrade free could reduce the risk involved and","no","not-applicable","Observational — retrospective assessment of a software upgrade experience.","0","os-and-platforms","2000s","","","","pdf_format_mismatch"
"309","156","2003-08-15","Dell's profit surges as company gains market share","CBS MarketWatch","Rex Crum","press-article","This is a very good quarter, again, for Dell. Profits continue to outpace revenue growth, [and] in spite of anemic economic conditions and relentless deflation in prices, Dell is leading the industry in performance on a percentage basis.","Dell reported Q2 fiscal 2004 earnings; analysts assessed Dell's continued outperformance relative to the broader PC market.","no","not-applicable","Observational — current-state assessment of Dell's Q2 FY2004 quarterly performance.","0","pcs-and-clients","2000s","","","","not_in_pdf"
"310","157","2003-08-15","Dell's quarterly sales top $9 billion","Financial Times","Scott Morrison","press-article","Dell is like a black hole that is sucking up all the growth in PC and server markets. No competitor can come close to Dell's growth rate.","Dell Q2 FY2004 results showed continued market share gains. Kastner put Dell's dominance in stark terms.","yes","medium","Dell's dominance in PC and server markets did continue strongly for another 2–3 years, but HP overtook Dell in PC shipments by 2006–2007, disproving the 'no competitor can come close' claim. The black hole metaphor was accurate in the short term but not the long term.","3","pcs-and-clients","2000s","","","","not_in_pdf"
"311","158","2003-08-19","Apple G5 Hits the Street","NewsFactor Network","Jay Wrolstad","press-article","It may or may not be the fastest PC, but for the first time in years, Mac buyers can stand tall; they now have what is arguably a performance leader.","Apple began shipping the Power Mac G5. Aberdeen Group analyst Kastner evaluated the new machine's competitive positioning.","no","not-applicable","Observational — current-state assessment of Apple G5 competitive position at launch","0","pcs-and-clients","2000s","","","","not_in_pdf"
"312","159","2003-08-23","Mixed Takes on Computer Industry","Washington Post","Ariana Eunjung Cha","press-article","The number of PCs being sold is up quite significantly from a year ago, but revenue may be up just a few percent or even down. That's because prices have come down across the board.","The article surveyed the state of the PC industry mid-2003, noting divergence between unit volume and revenue growth.","no","not-applicable","Observational — current-state analysis of PC unit volume growth versus revenue decline due to falling prices.","0","pcs-and-clients","2000s","","","","not_in_pdf"
"313","160","2003-09-17","Wi-Fi Usability Issues for Mobile Professionals","ZDNet Tech Update / InternetWeek","Peter Kastner","press-article","With my Wi-Fi-enabled PDA I started keeping track of hot spots. In the three-quarters-of-a-mile walk from his office to his apartment in Boston, I found anywhere from 2 to 25.","Kastner recounted his personal experience testing Wi-Fi connectivity during his daily commute in Boston. His research into Wi-Fi usability began after the performance of his access point deteriorated badly.","no","not-applicable","Observational — current-state analysis.","0","mobile-and-wireless","2000s","","","","not_in_pdf"
"314","160","2003-09-17","Wi-Fi Usability Issues for Mobile Professionals","ZDNet Tech Update / InternetWeek","Peter Kastner","press-article","Allocating more bandwidth to the 2.4-GHz spectrum would be the real solution.","Kastner argued that consumer-grade routers rejecting foreign incoming signals were a symptom rather than a solution to Wi-Fi congestion. He was researching the idea of overloaded Wi-Fi networks for mobile professionals.","yes","low","Kastner predicted allocating more bandwidth to 2.4 GHz was the real solution to Wi-Fi congestion, but the industry instead solved the problem by migrating to 5 GHz (802.11a/n/ac) and later 6 GHz bands rather than expanding 2.4 GHz. The 2.4 GHz band remained congested.","3","mobile-and-wireless","2000s","","","","not_in_pdf"
"315","161","2003-09-22","Gateway Store Takes New Path","Denver Post","Jennifer Beauprez","press-article","Gateway's moves are risky, but the company is stuck in a corner of a totally commoditized PC market. This looks like the best way out.","Gateway had remodeled its Centennial store to create a Starbucks-style living room for consumer electronics. Kastner commented on Gateway's strategy as it tried to transform itself into a home electronics retailer.","yes","medium","Kastner predicted Gateway's new retail/diversification strategy was the best way out of the commoditized PC corner. Gateway's moves ultimately failed — the company was acquired by Acer in 2007 — but the diagnosis of being stuck in a commodity corner was accurate.","3","pcs-and-clients","2000s","","","","not_in_pdf"
"316","162","2003-09-25","Music, TV Central to Dell's Push","CBS MarketWatch","Rex Crum","press-article","What is working for Gateway and H-P can certainly work for Dell too, with Dell.com becoming even more of an online electronics superstore.","Dell had unveiled its first company-branded digital music player, a digital music store, flat-screen TV monitor, new PDA and other consumer products. Analysts said Dell needed to break free from its image as a business-PC company.","yes","medium","Kastner predicted Dell.com could become an online electronics superstore similar to Gateway and HP. Dell did expand into consumer electronics and its online store grew, but it never became a dominant electronics superstore and eventually exited many consumer electronics categories.","3","mobile-and-wireless","2000s","","","","not_in_pdf"
"317","163","2003-09-30","Sun Shares Tumble, Wall St Seeks Deeper Cost Cuts","Reuters","Duncan Martell","press-article","Yesterday's news on Sun is thoroughly depressing. But the company needs to stay the course and look for a general upturn in the computer hardware and services marketplace over the next year. Switching strategies at this point would hurt more than help.","Sun Microsystems shares tumbled 15 percent after a surprise financial warning. The company had seen sales slip for nine straight quarters.","yes","medium","Kastner advised Sun to stay the course and look for a general IT hardware/services upturn over the next year. IT spending did begin recovering in 2004, but Sun's structural problems (competition from Linux/x86, loss of Unix share) meant staying the course proved insufficient; the macro call was right but the strategic advice was inadequate.","2","os-and-platforms","2000s","","","","not_in_pdf"
"318","164","2003-09-30","Sun's Loss Larger Than Was Forecast","USA Today","Michelle Kessler","press-article","Sun has less confidence about their ability to be profitable in the future.","Sun Microsystems said it would post a larger-than-expected loss and revised its fourth quarter to include a $1 billion non-cash charge. Sun shares plunged 10 percent.","no","not-applicable","Observational — current-state analysis.","0","it-spend-and-market-outlook","2000s","","","","not_in_pdf"
"319","165","2003-10-16","IBM Sees Earnings Rise, to Add Jobs","USA Today","Kevin Marley","press-article","The IT market this quarter is like the elephant touched by six blind men. I expect a wide range of results, depending on the strategy and position of individual companies.","IBM had reported net earnings meeting expectations while Intel had beaten estimates. Kastner commented on the divergent results across the technology sector.","no","not-applicable","Observational — current-state analysis.","0","pcs-and-clients","2000s","","","","not_in_pdf"
"320","165","2003-10-16","IBM Sees Earnings Rise, to Add Jobs","USA Today","Kevin Marley","press-article","Services is holding up IBM's pants.","IBM's Global Services division was up 17 percent for the third quarter while its hardware division fell 1 percent. Kastner noted IBM's performance depended heavily on its services business.","no","not-applicable","Observational — current-state analysis.","0","vendor-strategy-and-ma","2000s","","","","not_in_pdf"
"321","166","2003-10-21","Dell and Consumer Electronics","NPR Marketplace","Amy Scott","broadcast-transcript","The PC alone business is a terrible one to be in.","Kastner told Marketplace that digital TV was a natural extension for PC makers, driven by the requirement that all TV broadcasters transmit digital signals by 2006. Dell had launched a 17-inch flat-screen television.","no","not-applicable","Observational — current-state analysis.","0","pcs-and-clients","2000s","","","","not_in_pdf"
"322","166","2003-10-21","Dell and Consumer Electronics","NPR Marketplace","Amy Scott","broadcast-transcript","This is for consumers one of the greatest bargains of all time and for the supplier it's deflation squared.","Kastner explained that while personal computers were selling in record numbers, prices were at record lows, driving PC makers to seek new revenue from consumer electronics.","no","not-applicable","Observational — current-state analysis.","0","pcs-and-clients","2000s","","","","not_in_pdf"
"323","167","2003-11-14","New PCs Configured for Profit (OEM Connect — Strategic Guidance — Margin Master)","Microsoft OEM Connect / Processor-related trade publication","Erik Sherman","press-article","The case will cost generally less than an ATX form factor because it has less sheet metal in it. It brings newer and simpler connectors and savings in the $10 range.","Kastner was quoted extensively in this article on Intel's vision for 2004 desktop platform configurations. The article covered the shift to the BTX form factor for business-oriented desktops.","no","not-applicable","Observational — current-state analysis.","0","pcs-and-clients","2000s","","","","not_in_pdf"
"324","167","2003-11-14","New PCs Configured for Profit (OEM Connect — Strategic Guidance — Margin Master)","Microsoft OEM Connect","Erik Sherman","press-article","With the Intel Azalia audio, many of the OEMs are going to try to crowd out the Creative Laboratories Sound Blaster Audigy add-in board for all but the enthusiast segment.","Kastner explained how integrated audio in the Grantsdale chipset would replace separate audio cards on many PCs. The new Azalia audio standard would support up to eight channels of 24-bit audio.","yes","medium","Kastner predicted Intel's Azalia (High Definition Audio) would crowd out Creative Labs Sound Blaster for all but enthusiasts. This proved largely correct — integrated HD Audio became standard in OEM PCs, and Sound Blaster add-in cards declined to a niche enthusiast product.","5","pcs-and-clients","2000s","","","","not_in_pdf"
"325","167","2003-11-14","New PCs Configured for Profit (OEM Connect — Strategic Guidance — Margin Master)","Microsoft OEM Connect","Erik Sherman","press-article","Digital is good for the OEMs, because HDTV chews up on the order of 20 megabits per second. So basically you almost always get a hard drive upsell.","Kastner noted that digital TV tuner cards would provide an opportunity for OEMs to upsell larger hard drives. Memory card adapters were another revenue opportunity.","yes","medium","Kastner predicted HDTV content's high bitrate would almost always drive a hard drive upsell for OEM PC builders. This was broadly correct for several years — PCs sold with digital TV tuners were typically configured with larger hard drives — though optical and streaming eventually changed the calculus.","5","pcs-and-clients","2000s","","","","not_in_pdf"
"326","167","2003-11-14","New PCs Configured for Profit (OEM Connect — Strategic Guidance — Margin Master)","Microsoft OEM Connect","Erik Sherman","press-article","The hardware to do it will cost less than $15. It's basically a secure place on the motherboard to store digital certificates.","Kastner explained trusted platform modules for corporate PCs that would provide hardware-enhanced security. He expected security smart cards to appear on high-end systems.","no","not-applicable","Observational — current-state analysis.","0","security","2000s","","","","not_in_pdf"
"327","167","2003-11-14","New PCs Configured for Profit (OEM Connect — Strategic Guidance — Margin Master)","Microsoft OEM Connect","Erik Sherman","press-article","There will always be someone who will reduce their price because the feature doesn't cost much.","Kastner noted that while integrated wireless networking support would allow OEMs to capture an upsell, competitive pricing pressure would keep margins thin. The new chipsets would provide wireless at a cost of likely under $5 USD to OEMs.","yes","medium","Kastner predicted there would always be a vendor willing to reduce price on low-cost features. This proved correct as a general market dynamic — commodity PC features consistently trend toward zero-cost integration over time.","3","mobile-and-wireless","2000s","","","","not_in_pdf"
"328","168","2003-11-18","Comdex 2003: Sun Microsystems sets new, aggressive strategy","The Seattle Times","Kim Peterson","press-article","Sun can use AMD's Opteron to compete directly against IBM in the head-to-head Opteron battle for price-conscious buyers of high-performance computers.","Sun CEO Scott McNealy announced at Comdex that Sun would build servers using AMD Opteron processors. Kastner assessed the competitive implications.","yes","high","Sun did use Opteron to compete against IBM in the x86/RISC battleground — Sun shipped Opteron-based servers (Sun Fire V20z, V40z) in 2003–2004, directly competing with IBM's xSeries, validating this competitive prediction.","1","pcs-and-clients","2000s","","","","pdf_format_mismatch"
"329","169","2003-12-01","Dell Mixes Business with Pleasure","Catalog Age","Margery Weinstein","press-article","Dell continues to pick up market share in electronics in a way that none of its rivals can match.","The article covered Dell branching out into consumer electronics including high-definition TVs, gaming systems, and software. Dell had annual revenue of $38.2 billion and was expanding its consumer lineup.","yes","medium","Kastner predicted Dell would continue picking up electronics market share in a way rivals could not match. Dell did grow its share through the mid-2000s, but rivals (especially HP after the Compaq merger) and Asian ODMs eventually closed the gap.","3","pcs-and-clients","2000s","","","","pdf_format_mismatch"
"330","169","2003-12-01","Dell Mixes Business with Pleasure","Catalog Age","Margery Weinstein","press-article","Dell changed its name to Dell Inc. That's a direct message from the company that computers are just part of what they sell.","Dell Computer Inc. had changed its name to Dell Inc. Kastner analyzed this as a signal of Dell's intent to expand beyond computers into a broader electronics retail role.","no","not-applicable","Observational — current-state analysis.","0","pcs-and-clients","2000s","","","","pdf_format_mismatch"
"331","169","2003-12-01","Dell Mixes Business with Pleasure","Catalog Age","Margery Weinstein","press-article","In the case of Dell, the enterprise sales show what their bread and butter is. The recent announcements in consumer electronics signal next year's strategy.","Kastner commented on Dell's dual strategy of maintaining enterprise focus while expanding consumer electronics. Dell's Russ Craig was described as director of research of semiconductors for Aberdeen Group.","yes","medium","Dell did expand aggressively into consumer electronics in 2004 and beyond, but the strategy had mixed success; Dell ultimately retreated from consumer electronics and refocused on enterprise, making this partially correct.","3","pcs-and-clients","2000s","","","","pdf_format_mismatch"
"332","170","2003-12-01","Dell Earnings Coverage — Financial Times quote","Financial Times","","press-article","Dell's customers are very loyal and at the same time Dell is showing its ambition to become more than just a PC company.","Kastner was quoted in the Financial Times on Dell's earnings and strategic direction. Dell had recently unveiled consumer electronics products and changed its corporate name.","yes","medium","Dell's customer loyalty held through the mid-2000s but eroded as the company struggled with quality issues (e.g., capacitor scandal, service problems) and HP overtook Dell in PC shipments by 2006. The ambition to become more than a PC company proved difficult to execute.","3","pcs-and-clients","2000s","","","","not_in_pdf"
"333","171","2003-12-04","Channel NewsAsia — Dell Earnings","Channel NewsAsia","","broadcast-transcript","A 15 percent growth rate for Dell is clearly something that investors expect.","Kastner commented on Dell's earnings performance for a Channel NewsAsia broadcast. Dell's enterprise sales were highlighted as showing what the company's core business was.","yes","medium","Dell did sustain strong growth for several more quarters but began losing market share to HP around 2006–2007, and 15% growth rates were not maintained long-term. Investors' expectations were partially met but not durably.","2","pcs-and-clients","2000s","","","","not_in_pdf"
"334","172","2003-12-04","Peter Kastner Quoted in Financial Times re: Dell","Financial Times","","press-article","Dell's move to cheaper prices and expanding its product line into consumer electronics is part of a strategy to maintain its strong position in the PC market.","Kastner commented on Dell's consumer electronics push and its move to cheaper pricing for the Financial Times. Dell shares had risen modestly following the new product announcements.","yes","medium","Dell did pursue cheaper prices and expand into consumer electronics as a market-share strategy, and it did maintain PC market leadership for a few more years. However, the consumer electronics expansion ultimately did not succeed in sustaining Dell's position long-term.","3","pcs-and-clients","2000s","","","","not_in_pdf"
"335","173","2003-12-10","Fiorina: Upbeat Economy Puts H-P on Track for 20% Growth","USA Today","Jon Swartz","press-article","The intention is to combine two low-profit segments and have them drive each other's sales.","HP CEO Carly Fiorina announced HP would revamp its sales force to sell computers and services under one organization, a tactic IBM had successfully used. Kastner commented on HP's reorganization strategy.","no","not-applicable","Observational — current-state analysis.","0","it-spend-and-market-outlook","2000s","","","","not_in_pdf"
"336","174","2003-12-18","One Powerhouse Marriage: HP/Compaq Merger Carried Out with Near-Textbook Precision","Processor Magazine","Warren S. Hersch","press-article","HP carried out on its merger-related goals faster than I expected. The company made strategic decisions that turned out very well. They're now better than what the independent companies were before.","Three years after the HP-Compaq merger was announced, industry analysts were reassessing the merged entity's performance. HP had sliced $3 billion from its budget and reported strong quarterly results.","no","not-applicable","Observational — current-state analysis.","0","pcs-and-clients","2000s","","","","not_in_pdf"
"337","174","2003-12-18","One Powerhouse Marriage: HP/Compaq Merger Carried Out with Near-Textbook Precision","Processor Magazine","Warren S. Hersch","press-article","The rampant deflation in the server marketplace has everyone running around like crazy trying to lower costs.","Industry-standard server revenue grew 9% year-over-year while unit shipments rocketed 21%. HP faced pressure to find efficiencies while also managing pricing erosion.","no","not-applicable","Observational — current-state analysis.","0","pcs-and-clients","2000s","","","","not_in_pdf"
"338","175","2003-12-24","Gateway banking on big holiday season","San Diego Union-Tribune","Mike Freeman","press-article","There's no doubt that the Christmas season is critical to Gateway to prove that its new store concept is delivering the consumer electronics goods.","Gateway had revamped its retail stores to emphasize consumer electronics. Kastner assessed the stakes of the holiday season for Gateway's new strategy.","no","not-applicable","Observational — current-state assessment of Gateway's holiday 2003 retail stakes","0","pcs-and-clients","2000s","","","","not_in_pdf"
"339","176","2004-01-04","PC Makers Prepare for CES, New Year","Reuters","Caroline Humer and Ben Berkowitz","press-article","Since digital consumer technology is rapidly finding its way into more and more consumer electronics, it's logical that the Tier One computer companies will come out of their hotel suites and down onto the CES show floor.","The article previewed the Consumer Electronics Show, noting that PC makers were increasingly prominent on the main show floor.","yes","high","PC companies did move prominently onto the CES show floor in subsequent years — Microsoft, Intel, HP, and Dell all became major CES presences as consumer digital technology converged with computing.","3","pcs-and-clients","2000s","","","","not_in_pdf"
"340","177","2004-01-08","Apple looks to lower iPod price","CBS MarketWatch","Rex Crum","press-article","Apple has always been a Porsche in a sea of Toyotas. I expect them to maintain their look that stands out.","Apple unveiled the iPod mini at Macworld 2004. Kastner commented on Apple's brand positioning relative to the broader consumer electronics market.","yes","medium","Apple did maintain premium pricing and distinct design identity through the iPod and iPhone era, consistent with the Porsche analogy. However, Apple also released cheaper products (iPod shuffle, iPhone SE) that partially contradicted the strict premium-only positioning.","10","pcs-and-clients","2000s","","","","not_in_pdf"
"341","178","2004-01-09","HP, Apple partner on iPod, H-P music download service","CBS MarketWatch (AlwaysOn)","Rex Crum","press-article","It's a very astute move by H-P. Rather than follow Dell into a price war, they're getting in with the best products, from Apple, and should be reselling them at a profit.","HP and Apple announced a partnership at CES to co-brand and resell iPods under the HP label.","yes","low","HP's iPod partnership with Apple was short-lived — HP discontinued the co-branded iPod in 2005, less than a year after launch, and the strategy of reselling Apple products did not prove durable for HP.","1","pcs-and-clients","2000s","","","","not_in_pdf"
"342","179","2004-01-09","Apple Xserve G5: Does It Matter?","InfoWorld","Ephraim Schwartz","press-article","The big 2004 question for Apple is, Will they go full bore after recapturing some enterprise server market?","Apple introduced the Xserve G5 at Macworld 2004. Kastner questioned whether Apple would aggressively pursue the enterprise server segment.","yes","medium","Apple did not go full bore after enterprise server market in 2004 — the Xserve line continued modestly but Apple focused on consumer markets (iPod, iPhone). The question itself was prescient in identifying the strategic fork, and Apple chose the consumer path.","3","pcs-and-clients","2000s","","","","not_in_pdf"
"343","179","2004-01-09","Apple Xserve G5: Does It Matter?","InfoWorld","Ephraim Schwartz","press-article","Given the product that it has, the company might ally with an Oracle in a scale-out architecture.","Kastner speculated on potential enterprise partnerships Apple could pursue to capitalize on the Xserve G5's capabilities.","yes","low","Apple did not pursue a major Oracle alliance for scale-out architecture; instead Apple doubled down on consumer electronics and eventually switched to Intel chips. The Oracle alliance scenario did not materialize.","3","databases-and-middleware","2000s","","","","not_in_pdf"
"344","180","2004-01-21","Online music: the battle for your ears","The Independent","Claire Neesham","press-article","This market would be a terrible venture-capital investment. I think the survivors will be household brand names. The question is, which will survive?","The article surveyed the competitive landscape of digital music download services as Apple iTunes, Microsoft, and Walmart vied for dominance.","yes","high","The online music market did consolidate to household brand names — Apple iTunes dominated, with Spotify emerging later. Many smaller ventures failed, and the question of 'which will survive' proved prescient as the market winnowed dramatically.","10","pcs-and-clients","2000s","","","","not_in_pdf"
"345","181","2004-02-01","Gadgets in the Superchip Age","MIT Technology Review","David H. Freedman","press-article","That will drive a new cycle of cell-phone buying.","Kastner discussed the trend of cellphones packing in multiple wireless frequencies, predicting the multi-band capability would spur consumer upgrades.","yes","high","New cell-phone form factors and capabilities (cameras, music playback, miniSD slots) did drive repeated upgrade cycles throughout 2004–2010, validating the prediction of technology-driven buying cycles.","5","mobile-and-wireless","2000s","","","","not_in_pdf"
"346","181","2004-02-01","Gadgets in the Superchip Age","MIT Technology Review","David H. Freedman","press-article","Most usability problems will go away when electronics start understanding plain English commands.","The article explored the future of consumer electronics interfaces. Kastner predicted natural language processing would resolve persistent usability friction.","yes","high","Voice interfaces did eventually make usability problems largely disappear — Siri (2011), Google Now (2012), Alexa (2014), and subsequent voice AI massively reduced friction in electronics interaction, though the timeline was longer than implied.","10","emerging-tech","2000s","","","","not_in_pdf"
"347","181","2004-02-01","Gadgets in the Superchip Age","MIT Technology Review","David H. Freedman","press-article","With all that power, you can throw multiple algorithms at the problem. We won't have all the capabilities of HAL from 2001, but we'll be a lot closer.","Kastner commented on the increasing processing power in consumer electronics and its implications for AI-like capabilities in everyday devices.","yes","medium","Natural language processing in consumer devices did advance substantially (Siri, Alexa, Google Assistant) though the full HAL-like conversational AI arrived later than a 2004 reader might expect. The direction was correct but the timeline stretched to 10–15 years.","12","emerging-tech","2000s","","","","not_in_pdf"
"348","182","2004-01-30","Gateway Buys eMachines to Spur Growth","CBS MarketWatch","Rex Crum","press-article","Gateway is creating its own opportunities. We think this was a good move.","Kastner gave his overall assessment of the Gateway-eMachines acquisition.","yes","low","The Gateway/eMachines acquisition ultimately failed — Gateway continued to decline, was acquired by Acer in 2007, and effectively ceased to exist as an independent brand. Calling it a 'good move' proved wrong.","3","pcs-and-clients","2000s","","","","not_in_pdf"
"349","183","2004-01-30","Gateway to Buy EMachines for $266 Million","Reuters","Duncan Martell","press-article","This gives Gateway a tremendous increase in their retail presence with a national brand that's already recognized.","Reuters covered Gateway's announcement of the eMachines acquisition. Kastner highlighted the retail distribution benefits.","yes","low","The increased retail presence via eMachines brand recognition did not reverse Gateway's decline; Gateway was acquired by Acer in 2007 and the brand faded. The retail strategy did not deliver sustained benefit.","3","pcs-and-clients","2000s","","","","not_in_pdf"
"350","183","2004-01-30","Gateway to Buy EMachines for $266 Million","Reuters","Duncan Martell","press-article","Dell has largely vanquished Gateway in the online business, which is where Gateway started. With a declining online presence and not enough store space, Gateway's been boxed in.","Kastner described the competitive dynamics that pushed Gateway to pursue the eMachines deal.","yes","high","Dell had indeed largely supplanted Gateway online, and Gateway's constrained position was real — Gateway was acquired by Acer in 2007, confirming the boxed-in diagnosis.","3","pcs-and-clients","2000s","","","","not_in_pdf"
"351","183","2004-01-30","Gateway to Buy EMachines for $266 Million","Reuters","Duncan Martell","press-article","As the leases come up and it makes sense to close them, I would expect many of the stores to close over the next two years. The presumption is that the Gateway brand gets shelf space in the big-box stores next to eMachines.","Analysts speculated that the Gateway-eMachines deal would lead to closure of Gateway's roughly 190 company-owned retail stores.","yes","high","Gateway did close many stores over the next two years, and the strategy of using eMachines to gain big-box shelf space did materialize. Acer's 2007 acquisition of Gateway confirmed the retail consolidation thesis.","3","pcs-and-clients","2000s","","","","not_in_pdf"
"352","184","2004-02-03","Microsoft Patches IE Security Flaws","E-Commerce Times","Helen Gallagher","press-article","Microsoft walks a fine line between irritating customers with too many updates and not getting critical patches out to the people who need them in time.","Microsoft issued an emergency Internet Explorer security patch. The article examined Microsoft's security update strategy.","no","not-applicable","Observational — current-state characterization of Microsoft's ongoing patch management dilemma","0","security","2000s","","","","pdf_format_mismatch"
"353","184","2004-02-03","Microsoft Patches IE Security Flaws","E-Commerce Times","Helen Gallagher","press-article","By sending this latest IE patch, Microsoft is tacitly admitting they've found problems that need to be fixed right away. The depressing aspect of all this is exactly a year after Microsoft shut down the company to root out security problems, they continue to crop up with enough frequency to concern both individual and enterprise users.","Microsoft issued the IE security patch roughly one year after its companywide security initiative. Kastner assessed the pace of Microsoft's security improvement.","yes","medium","Microsoft's security problems did continue to crop up with significant frequency after the 2003 'Trustworthy Computing' initiative — Patch Tuesday became a monthly institution and major vulnerabilities persisted. However, Microsoft did gradually improve its security posture over the following decade.","5","security","2000s","","","","pdf_format_mismatch"
"354","184","2004-02-03","Microsoft Patches IE Security Flaws","E-Commerce Times","Helen Gallagher","press-article","The successful denial-of-service attack on SCO is exactly the fear that national security leaders have. If there are an estimated 150,000 to 200,000 PCs still infected, with a backdoor, they could be directed to any point on the Internet, if you're trying to run a war, that's very problematic.","The MyDoom virus had recently executed a denial-of-service attack on SCO's website. Kastner linked the incident to national security concerns.","yes","high","The prediction about botnet-infected PCs being directed at critical infrastructure proved prescient — large-scale DDoS attacks using botnets became a major threat vector throughout the late 2000s and 2010s, including attacks on national infrastructure (Estonia 2007, Georgia 2008, etc.).","10","security","2000s","","","","pdf_format_mismatch"
"355","185","2004-02-16","Does the IT Industry Face a Talent Crisis?","InfoWorld","Dan Tynan","press-article","One problem many mainframe shops face is the growing number of retirements of old Cobol programmers.","The article examined IT workforce trends including the aging of mainframe-era programmers and corporate responses such as higher retention pay.","yes","medium","The COBOL programmer retirement crisis did become a significant and well-documented IT industry issue by the 2010s, when banks and insurers faced acute shortages of mainframe skills. The prediction was directionally correct but the timeline was slow.","10","enterprise-servers-and-architecture","2000s","","","","not_in_pdf"
"356","185","2004-02-16","Does the IT Industry Face a Talent Crisis?","InfoWorld","Dan Tynan","press-article","Two or three years down the road, rapid wage inflation in India is likely to erode the economic benefits that are so enticing today.","Kastner cautioned that IT offshoring to India, then at its peak attractiveness, would face cost pressures as Indian wages rose.","yes","high","Rapid wage inflation in India did erode offshoring cost advantages starting around 2007–2010, and companies began looking to lower-cost alternatives (Philippines, Eastern Europe). This was a prescient forecast made in early 2004.","5","it-spend-and-market-outlook","2000s","","","","not_in_pdf"
"357","186","2004-02-17","Apple's Science Project May Pay Off Big","Investor's Business Daily","Ken Spencer Brown","press-article","This is an area where Apple has been perceived as being essentially not on the playing field. This gives them valid bragging rights.","Apple's G5-based cluster at Virginia Tech was ranked among the fastest supercomputers in the world, putting Apple on the scientific HPC map.","yes","medium","Apple's 2004 Xserve G5 did give Apple some valid bragging rights in HPC benchmarks (appearing in Top500 lists), but Apple never captured significant enterprise server market share and eventually discontinued Xserve in 2011.","3","pcs-and-clients","2000s","","","","not_in_pdf"
"358","187","2004-02-18","Intel Plans 64-Bit Server Chip Compatible With AMD","San Francisco Chronicle","Matthew Yi","press-article","In the past, server systems running AMD chips were nowhere to be found among Fortune 1,000 data centers. It means you have big league computer companies [using AMD chips] talking to those Fortune 1,000 firms.","Intel announced plans for a 64-bit server chip compatible with AMD's 64-bit instruction set. Dell, HP, and IBM had already shipped AMD Opteron-based servers.","yes","high","AMD Opteron chips did move into Fortune 1000 data centers as Dell, HP, and Sun embraced them in 2004–2006, breaking AMD into enterprise server accounts for the first time. The prediction proved accurate.","2","pcs-and-clients","2000s","","","","not_in_pdf"
"359","187","2004-02-18","Intel Plans 64-Bit Server Chip Compatible With AMD","San Francisco Chronicle","Matthew Yi","press-article","When Intel puts 64 bits into their mass-market server line, it's a slam dunk that all server makers will ship that chip.","Kastner predicted that Intel's adoption of AMD-compatible 64-bit extensions would quickly become the universal standard across the server market.","yes","high","Intel did adopt 64-bit extensions (EM64T/Intel 64) in their mainstream server line in 2004, and all major server vendors immediately shipped Intel 64-bit chips — exactly as predicted.","1","pcs-and-clients","2000s","","","","not_in_pdf"
"360","188","2004-03-01","AMD's Opteron Processor Analysis","Processor Magazine (OEM article reprint)","Erik Sherman","press-article","It's difficult to tackle difficult chores at a price that disappoints.","Kastner was quoted in a trade publication about the AMD Opteron processor and the competitive dynamics in the high-end server chip market.","no","not-applicable","Observational — current-state analysis.","0","pcs-and-clients","2000s","","","","not_in_pdf"
"361","189","2004-03-01","Gateway Connected DVD Player Product Endorsement","Gateway press release","Gateway Inc.","press-article","When it came to upgrading my own media center, I looked around and chose the Gateway Connected DVD player. It works as advertised and is a great value. I highly recommend it. And 802.11g wireless support at the old price makes it an even better deal.","Gateway issued a press release featuring a customer/analyst testimonial for its Connected DVD player with 802.11g wireless support.","no","not-applicable","Observational — product endorsement quote","0","mobile-and-wireless","2000s","","","","not_in_pdf"
"362","190","2004-03-02","Rebate fine print trips up shoppers","USA Today","Lorrie Grant","press-article","Two people out of five never bother to apply for the rebate. The system is generally set up to make applying for the money as difficult as possible.","The article examined consumer complaints about rebate programs in electronics retail, citing Aberdeen Group research.","no","not-applicable","Observational — current-state statistics on rebate non-redemption","2003","vendor-strategy-and-ma","2000s","","","","not_in_pdf"
"363","191","2004-04-06","Small PCs Seek Living Room Status","Reuters","Kenneth Li","press-article","The next form factor battles are beginning to be fought in the living room.","The article covered the emerging market for small-form-factor PCs designed to serve as home media centers.","yes","high","The living room did become the next major form factor battleground — media center PCs, Apple TV (2007), Roku, and later smart TVs and streaming sticks all competed intensely for the living room throughout 2005–2015.","5","pcs-and-clients","2000s","","","","not_in_pdf"
"364","192","2004-04-12","Is the plasma TV boom going bust?","TIME Magazine","TIME staff","press-article","It's driving traditional Japanese consumer-electronics companies crazy.","The article discussed how Asian manufacturers — particularly Korean companies such as Samsung and LG — were undercutting the established Japanese plasma TV makers on price.","no","not-applicable","Observational — current-state comment on Japanese CE companies' reaction to falling plasma TV prices.","0","vendor-strategy-and-ma","2000s","","","","not_in_pdf"
"365","193","2004-04-25","Here, There, WiFi Anywhere","Washington Post","Mike Musgrove","press-article","Around about Labor Day, when all the college students moved back to Boston, all of these [wireless] access points showed up around me.","Kastner described noticing the proliferation of Wi-Fi access points near his Boston home as an illustration of Wi-Fi's rapid spread.","no","not-applicable","Observational — anecdotal description of Wi-Fi proliferation around a Boston neighborhood","0","mobile-and-wireless","2000s","","","","pdf_format_mismatch"
"366","193","2004-04-25","Here, There, WiFi Anywhere","Washington Post","Mike Musgrove","press-article","The end of the WiFi world as we know it is imminent.","Kastner flagged interference and spectrum congestion as threatening the usefulness of current Wi-Fi deployments as adoption surged.","yes","low","Kastner predicted the imminent end of Wi-Fi 'as we know it' in 2004, but Wi-Fi (802.11) actually became the dominant global wireless networking standard and thrived for decades. The prediction of its imminent demise was wrong.","5","mobile-and-wireless","2000s","","","","pdf_format_mismatch"
"367","194","2004-05-13","US Aims for Fastest Supercomputer Title","E-Commerce Times","Elizabeth Millard","online-article","It allows the country to expand its leadership position in the world and maintain it,","ction time could be reduced, lowering costs significantly. He maintains that this, in turn, would have a powerful effect on the nation's economy. ""It allows the country to expand its leadership position in the world and maintain it,"" he said. Kastner added that the ORNL's goal is a realistic one that likely will succeed. ""Even in the last five years, the low costs of microprocessors and the increasingly easy ability to scale computers has allowed the production of computers that were unforeseeab","yes","medium","The prediction that supercomputing leadership benefits a country's global position is a general strategic assessment; the U.S. did maintain strong supercomputing investment and leadership through the 2000s, though China later became a major rival by the 2010s.","5","vendor-strategy-and-ma","2000s","","","","pdf_format_mismatch"
"368","592","2004-06-08","Microsoft Vows To Appeal EU Ruling","E-Commerce Times","Elizabeth Millard","online-article","silent friends","As the Microsoft appeal goes forward, it will be interesting to note which companies emerge as allies to the Redmond-based giant, said Aberdeen Group chief research officer Peter Kastner. In an interview with the E-Commerce Times, Kastner noted that Microsoft has many ""silent friends"" who might become vocal as the case goes forward.","yes","medium","Kastner predicted other large tech firms would publicly back Microsoft against EU antitrust enforcement. Several major US tech firms and the US government did publicly oppose aspects of the EU ruling in the 2005-2007 appeals.","3","e-commerce-and-internet","2000s","","","","pdf_format_mismatch"
"369","592","2004-06-08","Microsoft Vows To Appeal EU Ruling","E-Commerce Times","Elizabeth Millard","online-article","So, for the EU to set a totally different standard for business conduct threatens not only Microsoft, but every other global company as well.","officer Peter Kastner. In an interview with the E-Commerce Times, Kastner noted that Microsoft has many ""silent friends"" who might become vocal as the case goes forward. ""How Microsoft does business has been determined as legal in the U.S.,"" Kastner said. ""So, for the EU to set a totally different standard for business conduct threatens not only Microsoft, but every other global company as well."" Desler agreed the ruling could have implications for other companies. ""The impact of the commission'","yes","medium","The concern that EU antitrust standards threaten global companies proved prescient — the EU continued aggressive enforcement against Microsoft and later Google, Apple, and others — but the prediction somewhat overstates the systemic threat as most companies adapted.","5","e-commerce-and-internet","2000s","","","","pdf_format_mismatch"
"370","592","2004-06-08","Microsoft Vows To Appeal EU Ruling","E-Commerce Times","Elizabeth Millard","online-article","They could have paid,","case, there has been speculation that the deal will lessen Microsoft's strength in its appeal. Not So Fine Part of Microsoft's vow to appeal may stem from its indignation over the EU's proposed fine of $612 million. ""They could have paid,"" Kastner said. ""Doing an appeal was not their only option. But paying would have meant they couldn't address the issues of law and commerce that they're seeking to clarify now."" Microsoft lawyer Gutierrez said that, when the fine was announced, it became clea","no","not-applicable","Observational — comment that Microsoft could have paid the EU fine (factual assessment).","0","vendor-strategy-and-ma","2000s","","","","pdf_format_mismatch"
"372","594","2002-07-03","Court: Microsoft Met Antitrust Disclosure Rules","E-Commerce Times","Teri Robinson","online-article","means Microsoft would give up, in management's opinion, too much of the necessary [control] that they would need to innovate,","n is unfavorable to Microsoft, the company would be able to appeal the decision and not be stuck with a compromise that ""means Microsoft would give up, in management's opinion, too much of the necessary [control] that they would need to innovate,"" said Kastner. While Kastner does not think Kollar-Kotelly will break the company up into small pieces, he does believe the judge will [do more than] simply reaffirm the agreement the Justice Department and Microsoft reached last November. Dell Posts Q2","no","not-applicable","Observational — current-state explanation of Microsoft's rationale for not open-sourcing code.","0","pcs-and-clients","2000s","","","","pdf_format_mismatch"
"373","595","2002-08-16","Dell Posts Q2 Profit, Predicts Q3 Growth","E-Commerce Times","Jennifer LeClaire","online-article","Beginning with the consumer market in the U.S. and now spreading overseas, Dell has taken away retail market share from market leaders,","ncrease in shipments to education and government customers. Purchases by U.S. consumers jumped 47 percent. ""Beginning with the consumer market in the U.S. and now spreading overseas, Dell has taken away retail market share from market leaders,"" Kastner said. ""Overseas, where the Dell name is less well known, the company is presenting itself as a worldwide high-quality brand."" The company's 12 percent growth in Asia-Pacific and Japan contrasts with a 3 percent decline in the rest of the industry","no","not-applicable","Observational — current-state description of Dell's retail market share gains.","0","pcs-and-clients","2000s","","","","pdf_format_mismatch"
"375","596","2003-02-26","HP Posts Higher Profit on Weak Sales","E-Commerce Times","Keith Regan","online-article","If the overall market isn't growing, then it's incumbent upon companies to find ways to grow market share,","ost profits by growing its business again. ""People are ready to see what happens next, whether [HP] can turn the next corner,"" he said. ""If the overall market isn't growing, then it's incumbent upon companies to find ways to grow market share,"" Kastner added. ""But everyone has that same goal."" In fact, HP's traditional sweet spot, the printer business -- where it remains number one with 59 percent market share, according to IDC -- faces a new incursion from Dell Computer (Nasdaq: DELL) More abou","no","not-applicable","Observational — general strategic observation about market share in a flat market.","0","pcs-and-clients","2000s","","","","pdf_format_mismatch"
"376","195","2004-05-21","Apple's Enterprise IT Battle Plan, Part One","MacNewsWorld","Elizabeth Millard","online-article","When you start thinking about Internet applications that run anywhere and anytime, [the middleware] simplifies how programmers deal with cross-platform issues as well as security, transactions, and where the work gets processed,","applications. ""When you start thinking about Internet applications that run anywhere and anytime, [the middleware] simplifies how programmers deal with cross-platform issues as well as security, transactions, and where the work gets processed,"" said Peter Kastner, an analyst with Aberdeen Group Inc., in Boston. The companies are also jumping on the Java bandwagon. PostModern's Black Widow already connects Java applications to CORBA-based systems. Visigenic will ship this summer a Java client for","yes","high","Middleware for cross-platform Internet applications became foundational — SOA, web services, and later microservices/cloud middleware (AWS, Azure) fully validated this view within a decade.","5","security","2000s","","","","pdf_format_mismatch"
"377","195","2004-05-21","Apple's Enterprise IT Battle Plan, Part One","MacNewsWorld","Elizabeth Millard","online-article","Every complex piece of software has vulnerabilities, that's a fact of life … but OS X is good, strong Unix.","Group, said the storm in the Mac community about OS X security was overblown. ""I think there have been huge overreactions,"" he said. ""Every complex piece of software has vulnerabilities, that's a fact of life … but OS X is good, strong Unix."" Kastner said the criticism that Apple issued two separate fixes for related holes -– the Help Viewer and Disk vulnerabilities -- is unwarranted. He guessed that Apple may have fixed the easiest problem first and patched the more complex issue later. ""As an","no","not-applicable","Observational — current-state assessment of OS X security as solid Unix-based system.","0","storage","2000s","","","","pdf_format_mismatch"
"378","195","2004-05-21","Apple's Enterprise IT Battle Plan, Part One","MacNewsWorld","Elizabeth Millard","online-article","You won't see a lot of difference in Word, but software like Photoshop or video-rendering software will benefit considerably,","he 2.8GHz Pentium 4."" Most modern software is written with multiple threads. An example of multithreaded software is the latest version of Microsoft Word which comes with an automatic spellchecker than runs in the background while the user types, Kastner said. This background operation is a software thread that doesn't require much processing power, so today's processors can handle the swapping back and forth between software threads. ""You won't see a lot of difference in Word, but software like","yes","high","Professional applications like Photoshop and video rendering software did benefit considerably more than word processors from Apple's processor transitions (G5, then Intel), exactly as Kastner described; the same pattern repeated with Apple Silicon in 2020.","2","pcs-and-clients","2000s","","","","pdf_format_mismatch"
"379","195","2004-05-21","Apple's Enterprise IT Battle Plan, Part One","MacNewsWorld","Elizabeth Millard","online-article","Users are telling us they really did not pay attention to SOA design-time governance at the planning stage, but as soon as they tried to ramp up production, the need was bull's-eye obvious,","ions in production environments, industry watchers say. ""Users are telling us they really did not pay attention to SOA design-time governance at the planning stage, but as soon as they tried to ramp up production, the need was bull's-eye obvious,"" said Peter Kastner, an Aberdeen Group analyst, in a recent report. ""Continuous testing and a ruthless focus on quality are attributes of the best- performing SOA implementations."" Quick facts on Mindreef: Since its start, in 2001, the company has estab","no","not-applicable","Observational — current-state finding from user research about SOA governance gaps.","0","pcs-and-clients","2000s","","","","pdf_format_mismatch"
"380","195","2004-05-21","Apple's Enterprise IT Battle Plan, Part One","MacNewsWorld","Elizabeth Millard","online-article","The AS/400 is one of the most widely distributed computers in the world today,","o trans form the AS/400 from a proprietary box to a server that can compete with Hewlett-Packard, Sun Microsystems, and Sequent Computer machines. Widely Distributed ""The AS/400 is one of the most widely distributed computers in the world today,"" says Peter Kastner, executive VP of the Aberdeen Group, a Boston consultancy. ""SAP's client- server financial and manufacturing software will be candidates when companies decide to upgrade to IBM's new RISC [reduced-instruction set computing]- based AS/","no","not-applicable","Observational — current-state fact about AS/400 distribution.","0","databases-and-middleware","2000s","","","","pdf_format_mismatch"
"381","421","1993-07-13","A Computer Deal That Worked","The New York Times","John Markoff","newspaper-article","operating systems that run software from many vendors, roared from a cold start to $1 billion in sales in 1992.","off-the-shelf computer chips from the Intel Corporation and ""open"" operating systems that run software from many vendors, roared from a cold start to $1 billion in sales in 1992. ""This is one of the great untold secrets of the computer industry,"" said Peter Kastner, vice president of Aberdeen Group, an industry research firm in Boston. Mr. Kastner says that the new family of System 3000 computers will surge another 35 percent this year and that the line is now exceeding sales of more traditional","no","not-applicable","Observational — historical fact about open systems/Unix market growth in 1992.","0","os-and-platforms","1990s","","","","pdf_format_mismatch"
"382","422","2006-03-04","A Growing Anger Over Unpaid Rebates","The New York Times","Mickey Meece","newspaper-article","People either don't turn them in or don't fill them out correctly,","after such a small amount. His experience is fairly typical: according to research by Vericours Inc., a consulting company, about 40 percent of rebate offers are never redeemed. ""People either don't turn them in or don't fill them out correctly,"" said Peter S. Kastner, a director of Vericours. Mr. Kastner estimated that on personal computers alone — one of the most common products that offer big rebates to consumers — manufacturers are saving $10 billion in unpaid rebates. ""That's pretty much wh","no","not-applicable","Observational — current-state description of consumer rebate non-redemption behavior.","0","vendor-strategy-and-ma","2000s","","","","pdf_format_mismatch"
"383","423","2003-10-24","A Look Behind IBM's New Hires","CIOUpdate","Allen Bernard","online-article","IBM sees customers demanding more management and control of their heterogeneous computing environments. The 10,000 ... are needed in order to accelerate IBM's computing on demand initiative which is all about autonomic system management.","computing environments. The 10,000 ... are needed in order to accelerate IBM's computing on demand initiative which is all about autonomic system management."" Related Articles This doesn't necessarily mean those budgets will be spent out in 2004, added Kastner, but it is a strong signal companies are getting ready to begin the process. Strong '04 Growth ""What it tells me is IBM believes the business cycle will be strong enough to support a growth in R&D spending that can be offset by higher reve","no","not-applicable","Observational — current-state analysis of IBM's autonomic computing initiative rationale.","0","it-spend-and-market-outlook","2000s","","","","pdf_format_mismatch"
"384","423","2003-10-24","A Look Behind IBM's New Hires","CIOUpdate","Allen Bernard","online-article","Strong '04 Growth ""What it tells me is IBM believes the business cycle will be strong enough to support a growth in R&D spending that can be offset by higher revenues without hurting IBM's bottom line and their stock,"" Kastner said.","ready to begin the process. Strong '04 Growth ""What it tells me is IBM believes the business cycle will be strong enough to support a growth in R&D spending that can be offset by higher revenues without hurting IBM's bottom line and their stock,"" Kastner said. Overall, Aberdeen is calling for a four- to five-percent up tick in IT spending for 2004. The Yankee Group's Andrew Efstathiou, program manager, agrees that 10,000 new hires is definitely a very good sign things are looking up but, even mo","yes","medium","Kastner predicted IBM's R&D spending increase would be supported by strong 2004 revenue growth; IBM did show revenue and profit growth in 2004, confirming a positive business cycle, though growth was moderate rather than exceptional.","1","it-spend-and-market-outlook","2000s","","","","pdf_format_mismatch"
"385","424","2007-04-11","Aberdeen Group & Nexaweb to Host eConference on How SOA Standards and Composite Applications Can Accelerate Business Change","XML Journal (SYS-CON)","SOA News Desk","press-release","With an average of 15 million lines of code per enterprise application and programmer-productivity at 10 lines per day, we estimate that the average Global 1000 enterprise has produced 1.5 billion lines of code over the past 30 years at a 2006 replacement cost of $75 billion,","lines of code per enterprise application and programmer-productivity at 10 lines per day, we estimate that the average Global 1000 enterprise has produced 1.5 billion lines of code over the past 30 years at a 2006 replacement cost of $75 billion,"" said Peter S. Kastner, vice president and research director, information technology at Aberdeen Group. ""In order to protect IT assets and avoid unrealistic upgrade costs, companies must make long-term investments in technology and people skills in five","no","not-applicable","Observational — current-state quantitative estimate of enterprise legacy code volume and replacement cost.","0","enterprise-servers-and-architecture","2000s","","","","pdf_format_mismatch"
"386","425","2000-08-14","Aberdeen Group and The Catalyst Group to Provide M&A Services in IT Markets; Strategic Alliance Fills Mid-Market M&A Void","Business Wire","Business Wire staff","press-release","Consolidation is inevitable as technology markets mature,","ies seeking transactions in the $5 million to $100 million range. Together, we offer a caliber of services to mid-market IT companies that were formerly reserved for large organizations."" ""Consolidation is inevitable as technology markets mature,"" says Peter S. Kastner, Aberdeen Group Chief Operating Officer. ""Together, Catalyst and Aberdeen are uniquely qualified to assist companies to grow through acquisition or survive through a merger."" The partners will advise IT companies seeking a liquidi","yes","high","Technology market consolidation was indeed inevitable and proceeded extensively through the 2000s-2010s (Oracle-PeopleSoft, HP-Compaq, EMC-VMware, Dell-EMC, etc.), fully validating this general prediction.","5","storage","2000s","","","","pdf_format_mismatch"
"387","429","2000-04-25","Aberdeen Group First to Provide Entire Research Collection Online; Aberdeen Publications Online Offers More than 400 Publications","Business Wire / Free Online Library","Business Wire staff","press-release","Averaging more than one new publication per day about emerging IT markets, Aberdeen's research organization is aggressively building a comprehensive online publications resource,",", and digital rights services for Aberdeen Publications Online. ""Averaging more than one new publication per day about emerging IT markets, Aberdeen's research organization is aggressively building a comprehensive online publications resource,"" said Peter S. Kastner, Aberdeen's chief research officer. ""Moreover, our services don't stop with our publications. We also provide access to the industry experts to help our IT supplier and investment community clients make strategic decisions."" About Ab","no","not-applicable","Observational — current-state description of Aberdeen Group's research output rate.","0","vendor-strategy-and-ma","2000s","","","","not_in_pdf"
"388","195","2004-05-21","Apple's Enterprise IT Battle Plan, Part One","MacNewsWorld","Elizabeth Millard","online-article","Develop Market Strategies Penetrate Key Markets Get an Edge Over Your Competitors www.BroderickCo.Com “Aberdeen e-Learning Solutions' Web-based delivery mechanism is the perfect complement for our comprehensive intellectual capital because it propels us beyond our current delivery channels,” said Peter Kastner, Executive Vice President and Chief Research Officer.","Get an Edge Over Your Competitors www.BroderickCo.Com “Aberdeen e-Learning Solutions' Web-based delivery mechanism is the perfect complement for our comprehensive intellectual capital because it propels us beyond our current delivery channels,” said Peter Kastner, Executive Vice President and Chief Research Officer. “By year end, we will have created an Internet business by packaging Aberdeen's ongoing supply of dynamic content into e-Learning subscriptions for IT executives and end-users. e- Le","no","not-applicable","Observational — promotional statement about Aberdeen's e-learning platform","0","e-commerce-and-internet","2000s","","","","pdf_format_mismatch"
"389","195","2004-05-21","Apple's Enterprise IT Battle Plan, Part One","MacNewsWorld","Elizabeth Millard","online-article","For many consumers, determining what PC to buy is like walking across a minefield. All they want to do is buy the most computing power for the best price, but changing prices, confusing rebates, and variable configurations make it difficult to find the best deal,","s, determining what PC to buy is like walking across a minefield. All they want to do is buy the most computing power for the best price, but changing prices, confusing rebates, and variable configurations make it difficult to find the best deal,"" says Peter Kastner, Aberdeen executive vice president and chief research officer. ""Until today, there has been no place for consumers to get this kind of independent research. PC Deals enables consumers to find, in one place and free of charge, current","no","not-applicable","Observational — current-state description of the complexity consumers face when buying PCs.","0","pcs-and-clients","2000s","","","","pdf_format_mismatch"
"390","195","2004-05-21","Apple's Enterprise IT Battle Plan, Part One","MacNewsWorld","Elizabeth Millard","online-article","In better understanding the silicon-to-final-sale life cycle of the PC industry, we realized we had done the hard research work we believe will be useful to consumers contemplating a PC purchase,","arket on behalf of our industry-supplier clients. ""In better understanding the silicon-to-final-sale life cycle of the PC industry, we realized we had done the hard research work we believe will be useful to consumers contemplating a PC purchase,"" Kastner says. ""Our research is independent. There are no sponsors."" About Aberdeen Since 1988, Aberdeen has been a leader in providing market analysis and positioning services that help business technology suppliers meet the challenge of esta","no","not-applicable","Observational — description of research methodology and intended audience","0","pcs-and-clients","2000s","","","","pdf_format_mismatch"
"391","195","2004-05-21","Apple's Enterprise IT Battle Plan, Part One","MacNewsWorld","Elizabeth Millard","online-article","IT productivity will come under increased scrutiny, accelerating the shift towards outsourcing along with internal cost containment,","ill shift back to a centralized approach that puts more decision-making authority in the hands of a strong CIO. ""IT productivity will come under increased scrutiny, accelerating the shift towards outsourcing along with internal cost containment,"" says Peter S. Kastner, Aberdeen chief research officer and author of IT Purchasing: The View From the End of the Tunnel. ""Reduced prices for hardware, software, bandwidth and programming services, as well as financing programs, will dramatically reduce","yes","high","IT productivity scrutiny, outsourcing acceleration, and cost containment all intensified significantly through the mid-2000s and beyond, with offshore outsourcing booming 2004-2008 and continuing thereafter.","3","networking-and-comms","2000s","","","","pdf_format_mismatch"
"392","195","2004-05-21","Apple's Enterprise IT Battle Plan, Part One","MacNewsWorld","Elizabeth Millard","online-article","Too many organizations are trying to scale SOA operations and development using obsolete technology and processes,","is topic serves as a wake-up call to companies that start deploying services without fully thinking through their SOA strategy."" ""Too many organizations are trying to scale SOA operations and development using obsolete technology and processes,"" said Peter S. Kastner, Aberdeen's vice president for enterprise integration research, and the report's author. ""But we found that the companies that come out ahead in managing and governing their SOAs succeed by investing in the right technology tools an","no","not-applicable","Observational — current-state finding about organizations mismanaging SOA operations with outdated tools.","0","pcs-and-clients","2000s","","","","pdf_format_mismatch"
"393","435","2006-07-20","Aberdeen Research Points to SOA's Suite Spot","Enterprise Systems Journal (ESJ)","Jason Turcotte","online-article","Redesigning business processes, high IT integration costs, and customization challenges are eating up 40 percent of the IT budget in integration expenditures,","pt for Web services with lightweight integration, according to Aberdeen research. ""Redesigning business processes, high IT integration costs, and customization challenges are eating up 40 percent of the IT budget in integration expenditures,"" said Peter S. Kastner, VP and research director for Enterprise Integration at Aberdeen, in a statement. ""SOA is broadly seen as a real technology step forward, with the largest companies, who have the biggest integration problems, leading the way."" Aberdeen","no","not-applicable","Observational — current-state statistic about IT integration expenditure as share of budget.","0","emerging-tech","2000s","","","","pdf_format_mismatch"
"394","436","2002-11-06","AMD to detail workforce reductions tomorrow","Computerworld / IDG News Service","Tom Krazit","online-article","AMD has been struggling to maintain market share against an onslaught of new Intel products, as well as significant price cuts from Intel in late August.","n track to deliver its Hammer processors for servers and desktops in the first half of next year, and will introduce a new Athlon XP with its higher-cache Barton core in the first quarter of 2003. The reasons behind AMD's struggles are apparent, said Peter Kastner, chief research officer at Aberdeen Group. ""AMD has been struggling to maintain market share against an onslaught of new Intel products, as well as significant price cuts from Intel in late August."" Only within the past week have AMD p","no","not-applicable","Observational — current-state description of AMD's competitive challenges.","0","pcs-and-clients","2000s","","","","not_in_pdf"
"395","436","2002-11-06","AMD to detail workforce reductions tomorrow","Computerworld / IDG News Service","Tom Krazit","online-article","AMD needs a retail presence outside of the white box market in order to regain and extend the market share gains it made last year,","ssor launches were notable for the gap between the product's announcement and its availability in systems, which AMD has made sure to state when launching the chips. The most recent processor to appear in retail from AMD is the Athlon XP 2400+, Kastner said. That processor was announced in August. ""AMD needs a retail presence outside of the white box market in order to regain and extend the market share gains it made last year,"" he said. By Tom Krazit, IDG News Service November 6, 2002 12:00 P","yes","medium","AMD did need retail presence beyond white-box to regain share; AMD later gained branded retail presence and significant market share with Athlon 64 by 2004-2005, though full recovery took years and was uneven.","2","pcs-and-clients","2000s","","","","not_in_pdf"
"396","437","2003-04-26","AMD's Opteron could face quiet times","MarketWatch (CBS.MarketWatch.com)","Chris Kraeuter","online-article","The bottom line is that Opteron is not the magic silver bullet that will pull AMD out of its large loss situation,","e most important product in their history -- analysts said it might be years before the chip is considered a success or failure. ""The bottom line is that Opteron is not the magic silver bullet that will pull AMD out of its large loss situation,"" wrote Peter Kastner, chief research analyst with Aberdeen. ""The payoff from Opteron, based on every other 64- bit architecture's history, will take place over the course of a decade. The battle has not even begun."" In its most recent quarterly report, AM","yes","high","Opteron did not pull AMD out of financial difficulty; AMD continued to post large losses even as Opteron gained server market share, with AMD facing serious financial distress into the late 2000s before recovering with Ryzen a decade later.","2","pcs-and-clients","2000s","","","","pdf_format_mismatch"
"397","195","2004-05-21","Apple's Enterprise IT Battle Plan, Part One","MacNewsWorld","Elizabeth Millard","online-article","Maybe a year from now, corporate buyers will begin to sniff at this, but in the meantime, it's very early.","s (AMD 4.15, +0.02, +0.48%) Opteron chips. Further, major software vendors like Microsoft (MSFT 23.46, +0.01, +0.04%) and Oracle (ORCL 19.77, +0.08, +0.41%) announced they will optimize their own products to run better on Opteron. See full story. Kastner said in an interview that the next year will be an important one for AMD as the necessary software and Internet infrastructure actually materializes to work with Opteron: ""Maybe a year from now, corporate buyers will begin to sniff at this, but","yes","medium","Kastner predicted corporate buyers would begin evaluating a new technology (likely Apple's enterprise push or tablet/mobile device) within about a year; adoption of Apple products in enterprise did accelerate around 2005-2007 with the iPod and later iPhone, validating the general timeframe.","1","mobile-and-wireless","2000s","","","","pdf_format_mismatch"
"398","439","2003-10-13","Apple aims to keep online-music groove with next move","MarketWatch","Rex Crum","online-article","If it's not (a Windows ITunes), everyone will be very surprised,","Commenting on the anticipated Windows version of iTunes ahead of the 2003 holiday season.","yes","medium","Kastner predicted a Windows version of iTunes; Apple did release iTunes for Windows in October 2003, which became a major success — though this was widely expected at the time given iPod's popularity on Mac.","1","os-and-platforms","2000s","","","","not_in_pdf"
"399","440","2005-01-04","Apple Bites Into Storage","Byte and Switch","Dave Raffo","online-article","“XSan is good for building a Fibre Channel network for workstations running I/O intensive applications, like video editing,” says Peter Kastner, an analyst for consultant firm Vericours.","Kastner (then Vericours) assesses the Xsan Fibre Channel file system for workstation-class I/O-intensive workloads like video editing.","no","not-applicable","Observational — current-state technical description of Apple's XSan storage networking product.","0","storage","2000s","","","","pdf_format_mismatch"
"400","441","2003-11-17","Apple faces the music","CNN/Money","Chris Morris","online-article","I don't see any loss of momentum for Apple,","Kastner, Aberdeen Group CRO, assessing iPod competitive positioning amid new entrants from Dell, Samsung, Rio, and Creative in late 2003.","yes","high","Apple maintained strong momentum through the mid-2000s with iPod dominance, the iTunes Store success, Mac market share gains, and culminating in the iPhone launch in 2007.","3","pcs-and-clients","2000s","","","","pdf_format_mismatch"
"401","441","2003-11-17","Apple faces the music","CNN/Money","Chris Morris","online-article","That's something that people are rumoring. An Apple smartphone would fit in a new product category, where industry standards have not been set,","Kastner speculates that Apple could transform the iPod into a smartphone — a prescient call made in 2003.","yes","high","Kastner mentioned Apple smartphone rumors and noted it would fit a new product category where standards weren't set — the iPhone launched in 2007 and created an entirely new smartphone category, exactly as described.","3","mobile-and-wireless","2000s","","","","pdf_format_mismatch"
"403","195","2004-05-21","Apple's Enterprise IT Battle Plan, Part One","MacNewsWorld","Elizabeth Millard","online-article","Apple's current crop of IPods come in 5-gigabyte, 10-gigabyte and 20-gigabyte versions, and cost $299, $399 and $499, respectively. But according to Apple's Web site, the 5-gigabyte model is unavailable due to","spectively. But according to Apple's Web site, the 5-gigabyte model is unavailable due to ""significant demand,"" leading analysts to suggest that the company is letting the stock of those devices run out in order to introduce a new high-end model. Kastner says that chip technology is small enough that Apple might be close to developing a new IPod that is as thick as just two or three credit cards and capable of carrying more information than any of its current devices. [Kastner predicts iPod Nano","no","not-applicable","Fragment — incomplete quotation describing iPod product specifications","0","e-commerce-and-internet","2000s","","","","pdf_format_mismatch"
"405","195","2004-05-21","Apple's Enterprise IT Battle Plan, Part One","MacNewsWorld","Elizabeth Millard","online-article","I expect them to maintain their look that stands out.","e. Peter Kastner, computer analyst with the Aberdeen Group, said Apple is trying to make sure it maintains its lead in a market that is close to becoming flooded with low-priced competitors. ""Apple has always been a Porsche in a sea of Toyotas,"" Kastner said. ""I expect them to maintain their look that stands out."" In addition to the iPod, Jobs said Microsoft would release a version of its Office 2004 software package for the Mac with several new features to its various applications. Jobs got the","yes","high","Apple did maintain its distinctive design aesthetic through subsequent product lines — Mac, iPhone, iPad, and Apple Watch all featured the same premium look-and-feel approach that Kastner predicted.","5","pcs-and-clients","2000s","","","","pdf_format_mismatch"
"406","195","2004-05-21","Apple's Enterprise IT Battle Plan, Part One","MacNewsWorld","Elizabeth Millard","online-article","The technology is mainly used at universities, but as grid-computing moves toward mainstream use, it's a product worth watching, Aberdeen analyst Peter Kastner noted.","ompany is also finding success with Xgrid, which can turn a group of Macs into a supercomputer. The technology is mainly used at universities, but as grid-computing moves toward mainstream use, it's a product worth watching, Aberdeen analyst Peter Kastner noted. Bonus Points Although Apple lags behind its competitors in the office arena, it does have some attributes that could keep it a contender. The company stresses the lack of client licenses with its hardware, which tends to be particularly","yes","high","Grid computing did move toward mainstream use as Kastner noted; it evolved into cloud computing by 2006-2010, with AWS and similar services making distributed computing broadly accessible.","5","pcs-and-clients","2000s","","","","pdf_format_mismatch"
"407","195","2004-05-21","Apple's Enterprise IT Battle Plan, Part One","MacNewsWorld","Elizabeth Millard","online-article","Therefore, the oil and water issues that existed a few years ago are much reduced.","t important, the hardware plays well with others in the corporate playground. ""Apple now does very well in a Windows LAN environment,"" Kastner told MacNewsWorld. ""Therefore, the oil and water issues that existed a few years ago are much reduced."" Kastner added that the introduction of Xserve and Xserve RAID complement the company's desktop and laptop products, and give it a chance in the corporate market. ""They've made the company much more relevant for any kind of enterprise infrastructure valu","no","not-applicable","Observational — current-state assessment that historical tensions between two technology approaches have diminished.","0","storage","2000s","","","","pdf_format_mismatch"
"408","195","2004-05-21","Apple's Enterprise IT Battle Plan, Part One","MacNewsWorld","Elizabeth Millard","online-article","The weak link here is Apple's indirect channel. Its business partners are not strong enough to successfully win over large enterprise deals.","pany needs to make a stronger effort at training sales representatives in techniques for wooing IT departments. ""The company needs a specialized SWAT team that can go out from Cupertino and make a business case in front of skeptical enterprises,"" said Kastner. ""The weak link here is Apple's indirect channel. Its business partners are not strong enough to successfully win over large enterprise deals."" Stay tuned for part two of this story, when MacNewsWorld examines whether Apple's software has t","no","not-applicable","Observational — current-state weakness assessment of Apple's indirect sales channel for enterprise.","0","pcs-and-clients","2000s","","","","pdf_format_mismatch"
"409","445","2004-08-02","Apple's Jobs plans Sept return after cancer surgery","MarketWatch","Rex Crum","online-article","This is a time when Apple needs to operationally execute well, and (in Cook) they have an operations guy in charge,","ple during what's left of the back-to-school selling season, typically one of the most important business periods for PC makers. ""This is a time when Apple needs to operationally execute well, and (in Cook) they have an operations guy in charge,"" Kastner said. ""I don't see any downside, if Jobs is out through Labor Day."" Apple shares fell 76 cents to close at $31.58, while Pixar fell 42 cents to end the day at $67.82. Apple's Power Mac G5 Hits the Street Part of the ECT News Network 08/18/03 9:0","yes","medium","Kastner said Apple needed operational execution and had the right person in Tim Cook; Cook did prove to be an exceptional operations leader, and when he became CEO in 2011, Apple's operational excellence became a key competitive strength.","7","networking-and-comms","2000s","","","","not_in_pdf"
"410","446","2003-08-18","Apple's Power Mac G5 Hits the Street","E-Commerce Times","Keith Regan","online-article","The G5 is a hot box and one which for the first time in several years gives Mac owners some bragging rights versus their industry-standard brethren.","Aberdeen Group chief research officer Peter Kastner told TechNewsWorld the Power Mac G5 delivers a material performance leap for Apple customers.","no","not-applicable","Fragment — text appears to be a passage summary mixing Promisel's and Kastner's views","0","pcs-and-clients","2000s","","","","pdf_format_mismatch"
"411","446","2003-08-18","Apple's Power Mac G5 Hits the Street","E-Commerce Times","Keith Regan","online-article","For a new chip, this is about as good as it gets,","g to pay the G5's higher prices. Kastner said the G5 processor, after months and years of speculation and anticipation, finally delivers a ""better, faster, cheaper, smaller"" solution for Apple. ""For a new chip, this is about as good as it gets,"" Kastner said. ""The performance improvements are so evident that only a few minutes in the store demo area will convince many buyers that it's time to upgrade."" Forbes.com: Supercomputing Apple's Supercomputing Scientists Matthew Herper, 01.12.04, 7:45 AM","no","not-applicable","Observational — current-state assessment of a new chip's performance at launch.","0","pcs-and-clients","2000s","","","","pdf_format_mismatch"
"413","448","1995-08-07","AT&T To Reorganize GIS Unit","InformationWeek","InformationWeek staff","magazine-article","GIS has been nowhere near aggressive enough to succeed in today's cut-throat business.","is imminent. Under the restructuring, division heads ultimately will be responsible for determining how many layoffs are needed within their units, analysts say. ""I would see most of the [reductions] coming in marketing and sales,"" says Peter Kastner, a VP with the Aberdeen Group Inc., a consulting firm in Boston. ""GIS has been nowhere near aggressive enough to succeed in today's cut-throat business."" Despite continued revenue growth, GIS has struggled to remain profitable. The unit eked out $","no","not-applicable","Observational — current-state assessment that GIS (a company or division) was not aggressive enough in business development.","0","it-spend-and-market-outlook","1990s","","","","not_in_pdf"
"414","449","1995-10-09","AT&T WorldMark spin-off","InformationWeek","InformationWeek staff","magazine-article","""It's an attractive offering for any customer who wants to build a data warehouse, but is afraid to go to the board of directors to ask for a $ 3 million system,'' says Peter Kastner, a VP with the Aberdeen Group Inc., a consulting firm in Boston.","nts give customers a smooth, cost- effective migration path from SMP to MPP servers. ""It's an attractive offering for any customer who wants to build a data warehouse, but is afraid to go to the board of directors to ask for a $ 3 million system,'' says Peter Kastner, a VP with the Aberdeen Group Inc., a consulting firm in Boston. Harry Burnette, director of technical support for Trans Quest Information Solutions, the information technology division of Delta Airlines in Atlanta, has two AT&T Ser","no","not-applicable","Observational — current-state marketing description of an affordable data warehouse product for budget-conscious buyers.","0","it-spend-and-market-outlook","1990s","","","","not_in_pdf"
"415","450","2003-11-14","Australia Ponders the Future of WiFi and 3G","Electronic News","Ry Crozier","online-article","The coming urban WiFi crash of 2004 is not in anyone's predictions, nor is the solution neat.","Aberdeen Group digital consumer technology analyst Peter Kastner predicted an 'urban WiFi crash' in 2004 driven by WiFi LAN saturation in dense urban areas.","yes","medium","Kastner's 2003 prediction of an 'urban Wi-Fi crash' from unlicensed-2.4-GHz saturation in dense metro areas was directionally correct: interference and congestion became real problems in 2004-2005 but were mitigated by 802.11g/n, dual-band 5 GHz expansion, and enterprise controller-based RF management rather than by a public 'crash' event. Same thesis as seq 670.","1-3","mobile-and-wireless","2000s","","","","pdf_format_mismatch"
"416","450","2003-11-14","Australia Ponders the Future of WiFi and 3G","Electronic News","Ry Crozier","online-article","[For example] Atheros is already extending the range of 802.11b to 270 meters at 1Mbit/s. Companies are also developing software that automatically selects channels, turns down transmit power/receiver sensitivity to the minimum needed for a good link, and are able to reject a foreign signal,","oved correct though, there is another wireless solution in the 5.4GHz band used by 802.11a, although it's not cheap. 802.11a supports 11 simultaneous channels uninterrupted by cordless phones and microwaves and provides data rates up to 54Mbit/s. According to Kastner, if 2.4GHz has a future, it lies in smarter use of technology. ""[For example] Atheros is already extending the range of 802.11b to 270 meters at 1Mbit/s. Companies are also developing software that automatically selects channels, tu","yes","high","WiFi range extension, automatic channel selection, and power management became standard features in subsequent 802.11 generations (802.11g, n, ac); all the capabilities Kastner described were implemented within 3-5 years.","3","mobile-and-wireless","2000s","","","","pdf_format_mismatch"
"417","101","2002-03-05","Ballmer: Future of Windows at Stake in Settlement","NewsFactor Network","Mike Martin","online-article","This is not some clean-sheet academic exercise in microeconomics but real-world messing with the business and leisure lives of a hundred million citizens.","sFactor that meddling by the state attorneys general could cause immeasurable damage to consumers if Microsoft is forced to dismember Windows. ""Obviously, they know nothing about how software is designed, written, tested and profitably marketed,"" Kastner said. ""This is not some clean-sheet academic exercise in microeconomics but real-world messing with the business and leisure lives of a hundred million citizens."" Kastner contended that an anti-Microsoft ruling would make it extremely inconvenie","no","not-applicable","Observational — rhetorical framing of the real-world impact of airline disruptions (likely post-9/11 context).","0","os-and-platforms","2000s","","","","not_in_pdf"
"418","98","2001-09-19","Biz Travel Flies at Net Speed","Wired.com","Joanna Glasner","online-article","You can no longer predict with a certainty the ability to hop on an airplane and be across the country the next day,","g the outskirts of Logan Airport, could simply catch the subway to the terminal and jump on the next commuter flight. No more. ""You can no longer predict with a certainty the ability to hop on an airplane and be across the country the next day,"" said Kastner, whose employer, Aberdeen Group, recently convened a meeting to discuss ways to keep in close contact with clients now that flying to their offices is no longer a reliable option. Instead, Kastner said, Aberdeen plans to hold more teleconfer","no","not-applicable","Observational — current-state observation about travel uncertainty (likely post-9/11).","0","vendor-strategy-and-ma","2000s","","","","pdf_format_mismatch"
"419","98","2001-09-19","Biz Travel Flies at Net Speed","Wired.com","Joanna Glasner","online-article","t with a certainty the ability to hop on an airplane and be across the country the next day,"" said Kastner, whose employer, Aberdeen Group, recently convened a meeting to discuss ways to keep in close contact with clients now that flying to their offices is no longer a reliable option.","ne and be across the country the next day,"" said Kastner, whose employer, Aberdeen Group, recently convened a meeting to discuss ways to keep in close contact with clients now that flying to their offices is no longer a reliable option. Instead, Kastner said, Aberdeen plans to hold more teleconferences and organize more meetings where material is presented over the Internet. The company is also planning to open rooms equipped for video conferencing to clients who are temporarily grounded in the","no","not-applicable","Observational — current-state explanation of why Aberdeen was exploring remote client communication alternatives.","0","e-commerce-and-internet","2000s","","","","pdf_format_mismatch"
"420","452","2003-10-28","SD Memory Cards to Drive Market for Digital Content","BlackBerryToday","BlackBerryToday staff","online-article","SD memory cards are likely to continue becoming a widespread means of storing and transporting digital content,","ssociation, a 512MB SD Card can store up to 7,000 JPG images, up to three hours of MPEG4 Video and up to 11 hours of digital music. ""SD memory cards are likely to continue becoming a widespread means of storing and transporting digital content,"" said Peter Kastner, executive vice president and chief research officer, Aberdeen Group. ""This is particularly true given the combination of technology and widespread industry support that the SD Memory Card enjoys."" According to Consumer Adoption of Mem","yes","high","SD memory cards did become a widespread standard for storing and transporting digital content through cameras, phones, and portable devices throughout the 2000s and 2010s.","5","it-spend-and-market-outlook","2000s","","","","pdf_format_mismatch"
"423","454","2004-06-21","Intel Ships Grantsdale and Alderwood Chipsets","TechNewsWorld","TechNewsWorld staff","online-article","All of this add capable of significant change that will with assent benefit consumers and corporate user,","Peter Kastner tell TechNewsWorld that the new 915 G/P and 925 X chipsets recommend the biggest paraphrase in input-output capability in a decade. Referring to improvements in integrated graphics, remembrance, audio and new PCI Express approve , Kastner said the former customary of the new chipsets will be support for media-center-type computers that produce pomp music, video and more in a bearing that most recent computers could not. ""All of this add capable of significant change that will with","no","not-applicable","Fragment — garbled/incomplete text","0","pcs-and-clients","2000s","","","","pdf_format_mismatch"
"424","454","2004-06-21","Intel Ships Grantsdale and Alderwood Chipsets","TechNewsWorld","TechNewsWorld staff","online-article","Enterprise users will efficiently access mirror capabilities from integrated RAID technologies while consumers will benefit from better audio, graphics, gaming and the overall media-center PC experience.","Kastner to TechNewsWorld explaining the dual enterprise-and-consumer benefits of Intel's Grantsdale/Alderwood platform, from integrated RAID in the enterprise to richer multimedia on the consumer desktop.","yes","medium","Kastner predicted the processor cycle would provide platform headroom for new processors; this is a general observation about CPU roadmaps that was broadly correct, though not a specific or novel prediction.","2","storage","2000s","","","","pdf_format_mismatch"
"425","456","1997-09-18","Boom in middle market","CNET News","CNET News staff","online-article","These companies do not have, and do not want, an IS department,","ears. And the technology those vendors will be hawking will be simpler to use, cheaper to buy, and much easier to maintain than the high-end technology sold to large companies. ""These companies do not have, and do not want, an IS department,"" said Peter Kastner, an analyst with the Aberdeen Group. ""They want the benefits of modern computing, but they can't afford to care for and feed this stuff like everyone else."" But why the sudden rush by technology companies to woo the estimated 8 to 10 mill","no","not-applicable","Observational — current-state description of small businesses avoiding in-house IT departments.","0","it-spend-and-market-outlook","1990s","","","","not_in_pdf"
"427","459","2006-10-06","Businesses Merge Old with New in Their Information Systems, According to New Aberdeen Report","PR Newswire (Aberdeen Group press release)","Aberdeen Group","press-release","Our survey found that only a minority of companies are opting to replace those legacy applications,","ses and allow them to react more quickly to changes in order to maintain competitive positions and reduce life-cycle software maintenance costs. ""Our survey found that only a minority of companies are opting to replace those legacy applications,"" says Peter S. Kastner, vice president and research director for Aberdeen's Integration Technology practice. ""Most are choosing to either modernize that technology or reengineer it with middleware software that extends into a service-oriented architectur","no","not-applicable","Observational — current-state survey finding about legacy application replacement rates.","0","databases-and-middleware","2000s","","","","pdf_format_mismatch"
"428","459","2006-10-06","Businesses Merge Old with New in Their Information Systems, According to New Aberdeen Report","PR Newswire (Aberdeen Group press release)","Aberdeen Group","press-release","The survey found that replacement is more common among companies running mainframes,","gacy modernization strategies for companies that use three hardware platforms on which their information systems run: mainframes, Series i and AS/400, and UNIX. ""The survey found that replacement is more common among companies running mainframes,"" Kastner added, ""but the least common among companies running UNIX. Technology buyers are using SOA modernization projects as the reason to bring older legacy databases, languages, and applications with worn-out technology onto a 21st century technology","no","not-applicable","Observational — current-state survey finding about mainframe replacement patterns.","0","os-and-platforms","2000s","","","","pdf_format_mismatch"
"429","460","2003-04-14","The Deadly Virus","BusinessWeek","Dexter Roberts, Bruce Einhorn, Frederik Balfour","magazine-article","If we have to close factories and ports, and if chips can't be moved on airplanes to meet inventory needs, things fall apart very quickly,","major disruption could paralyze just-in-time supply chains of electronics makers and retailers worldwide. ""If we have to close factories and ports, and if chips can't be moved on airplanes to meet inventory needs, things fall apart very quickly,"" says Peter S. Kastner, executive vice-president of tech researcher Aberdeen Group. One upshot: U.S. companies may have to rethink their heavy reliance on China as a production base. [Kastner predicts COVID-19 pandemic disruption and reshoring onshoring","yes","medium","Kastner warned about supply chain fragility if factories and ports closed and chips couldn't be transported by air; this proved prescient when COVID-19 caused exactly these conditions in 2020-2021, causing a severe global chip shortage.","10","security","2000s","","","","not_in_pdf"
"430","195","2004-05-21","Apple's Enterprise IT Battle Plan, Part One","MacNewsWorld","Elizabeth Millard","online-article","According to Peter Kastner, chief research officer at tech consultancy Aberdeen Group, total tech-sector revenues -- including hardware, software, and IT services -- will bump up from $446.1 billion in 2001 to $465.3 billion in 2002, an increase of 4.3%.","hout a doubt, the rest of 2002 will be a period of slow growth. A Mar. 11 Merrill Lynch survey of 100 chief information officers at major companies found them shifting their expectations of a tech-spending recovery out of 2002 and into early 2003. According to Peter Kastner, chief research officer at tech consultancy Aberdeen Group, total tech-sector revenues -- including hardware, software, and IT services -- will bump up from $446.1 billion in 2001 to $465.3 billion in 2002, an increase of 4.3","yes","low","Kastner forecast total tech-sector revenues would grow from $446.1B in 2001 to $465.3B in 2002 (4.3% growth); the IT market actually contracted in 2002 as the dot-com bust continued, making this forecast too optimistic.","1","e-commerce-and-internet","2000s","","","","pdf_format_mismatch"
"431","461","2002-03-15","Tech's Best Hope: Pockets of Prosperity","BusinessWeek","Sam Jaffe","magazine-article","This year, the entire industry is scrapping for only $19 billion in additional revenues,","the real decline in tech spending during 2001. But such an increase would be tiny compared with the mid-double-digit sales leaps of the late 1990s and 2000. ""This year, the entire industry is scrapping for only $19 billion in additional revenues,"" says Kastner. LIFELESS SECTORS. In some corners, those battles are already drawing blood. Two sectors that have provided a huge stimulus for the tech sector during the past two decades -- PCs and cell-phone handsets -- remain dead in the water. Accordi","no","not-applicable","Observational — current-state description of the competitive environment for incremental IT revenue growth.","0","mobile-and-wireless","2000s","","","","pdf_format_mismatch"
"432","464","1998-04-05","CA Adds Remote-Control Technology Options","Federal Computer Week","","online-article","bane of help desks.","benefit from having one central management function. For instance, with remote control, a system administrator with permission can ""take over"" a desktop or server and fix the problem much more quickly than if the owner had to be talked through it, Kastner said. Phone fixes are the ""bane of help desks."" Remote control is like having a ""keyboard cable [that is] 3,000 miles long."" In addition to the Unicenter remote-control option, CA offers a similar, stand-alone capability, known as Remotely Poss","no","not-applicable","Fragment — incomplete text ('bane of help desks')","0","pcs-and-clients","1990s","","","","pdf_format_mismatch"
"433","96","1999-04-23","CA Unveils InterBiz Solutions Division","VARBusiness","Timothy Long","online-article","This is totally new and different,","of InterBiz solutions, including Unicenter TNG, Jasmine, 3-D visualizations and Neugents neural network pattern recognition, provide realtime and information-rich reporting on business processes, Battat said. ""This is totally new and different,"" said Peter Kastner, executive vice president and chief research officer of the Aberdeen Group, Boston. ""No one else is working in this space."" The new division is ""not a traditional enterprise management play,"" said Colin Mahony, an analyst with Yankee G","no","not-applicable","Observational — current-state analysis.","0","networking-and-comms","1990s","","","","not_in_pdf"
"434","465","2001-09-03","CA Team Victorious","eWeek","Stan Gibson","online-article","CAs management has changed because the imbroglio gave institutional investors the chance to ask CA, What is going on here?","anys headquarters following the meeting. The company is also seeking additional board members from outside the company. ""CAs management has changed because the imbroglio gave institutional investors the chance to ask CA, What is going on here?"" said Peter Kastner, an analyst at The Aberdeen Group, in Boston. In the preliminary tally of the shareholder votes, Wang, Kumar and their board nominees were upheld by 75 percent of the votes cast. The certified vote tally is due in two weeks but is not e","no","not-applicable","Observational — current-state analysis.","0","vendor-strategy-and-ma","2000s","","","","pdf_format_mismatch"
"435","465","2001-09-03","CA Team Victorious","eWeek","Stan Gibson","online-article","Our research shows that CA customers are a lot happier than they were a year ago, when CA started its new sales model,",", which lets him sign a long-term contract but add or subtract specific packages as he needs to. ""Our research shows that CA customers are a lot happier than they were a year ago, when CA started its new sales model,"" Aberdeen’s Kastner said. Wyly asserted that CA has also dropped its pro forma financial reporting practices in favor of strict adherence to Generally Accepted Accounting Principles thanks to his pressure. Pro forma results are often difficult to understand and can put","no","not-applicable","Observational — current-state analysis.","0","vendor-strategy-and-ma","2000s","","","","pdf_format_mismatch"
"436","466","1999-01-11","CA to Define Middleware Architecture","Computerworld Australia","","online-article","The vision is that, over time, CA will deliver products, beginning with Harmony, [that will help] to create a platform that lets programmers essentially plug and play their application logic,","to Microsoft's Distributed Internet Architecture. ""The vision is that, over time, CA will deliver products, beginning with Harmony, [that will help] to create a platform that lets programmers essentially plug and play their application logic,"" Kastner said. ""[So] they will no longer need to worry about the implementation details of the platform or the operating environment."" The melding of CA technologies into a common infrastructure can offer significant potential, said one CA user and reseller","yes","low","CA's Harmony platform was intended to create a plug-and-play application architecture; the product was cancelled and CA never delivered this vision as described.","3","e-commerce-and-internet","1990s","","","","pdf_format_mismatch"
"437","467","1999-08-06","CA To Partner With EDS On Y2K Data","CRN","","online-article","Many companies have focused on their mission-critical application code and have not done due diligence on the standard desktop,","check for compliance and readiness, non-CA sites can take advantage of both products to provide a Y2K tool, he said. ""Many companies have focused on their mission-critical application code and have not done due diligence on the standard desktop,"" said Peter Kastner, chief research officer at Aberdeen Group Inc., Boston. Offering the CA/EDS tool to users for no charge is a strong strategic and public service move by both companies. CA is not the only software company to offer free-of-charge Y2K f","no","not-applicable","Observational — current-state analysis.","0","pcs-and-clients","1990s","","","","pdf_format_mismatch"
"438","468","1997-07-14","CA To Show New Framework","InformationWeek","","magazine-article","This is a show-stopper,","wn management framework, OpenView-will be among the manufacturers that will bundle the TNG framework with their systems. Such broad distribution of the framework, which will include TNG's core management functions, coul d help make it ubiquitous, says Peter Kastner, an analyst at the Aberdeen Group, an IT advisory firm in Boston. ""This is a show-stopper,"" Kastner adds. ""This will have a dramatic impact on the enterprise administration market."" But others are skeptical. ""You can call this thing a","no","not-applicable","Observational — current-state analysis.","0","it-spend-and-market-outlook","1990s","","","","pdf_format_mismatch"
"439","469","1999-05-17","CA Updates Jasmine With Data Mining","InformationWeek","Amy K. Larsen","magazine-article","Not everyone is using this technology yet, but what CA has is really best- in-class,","for creating such views. Peter Kastner, an analyst with Aberdeen Group, expects Jasmine TND to attract early adopters of 3-D graphics for database applications. ""Not everyone is using this technology yet, but what CA has is really best- in-class,"" says Kastner. The database can support applications written in C++, Java, and Visual Basic. Jasmine TND will replace Ingres as the data repository for the next version of Unicenter, expected to ship this summer. CA also disclosed availability of Applic","yes","low","Kastner expected early adopters to embrace Jasmine TND's 3-D database visualization; the technology never gained mainstream traction and remained niche.","2","databases-and-middleware","1990s","","","","pdf_format_mismatch"
"440","470","1998-12-02","CA's Neugents to Ease Net Admins' Busywork","Computerworld Australia","","online-article","If you ask any IS managers how they feel about their life, they'll say, 'Well, I'm in a white collar job making big bucks, but boy am I doing some serious clerical work,'","ificant impact on the lives of network administrators over the long term. ""If you ask any IS managers how they feel about their life, they'll say, 'Well, I'm in a white collar job making big bucks, but boy am I doing some serious clerical work,'"" said Peter Kastner, chief research officer at the Aberdeen Group, in Boston. According to Kastner, the artificial intelligence of PENs and CA's future Neugents offerings will greatly reduce these administrative headaches by enabling ""management by excep","no","not-applicable","Observational — current-state analysis.","0","networking-and-comms","1990s","","","","pdf_format_mismatch"
"441","471","2006-05-01","Can Caspio Penetrate the Enterprise On Demand?","InternetNews.com","Michael Hickins","online-article","It's so easy that it's two steps simpler than even Microsoft Access.","Kastner (VP of enterprise integration research, Aberdeen Group) praising Caspio Bridge's ease of use: users click a 'deploy' icon, copy the Caspio Bridge code, and paste it into the source code of a page on their own Web sites; Caspio also stores the data captured by the forms.","no","not-applicable","Ease-of-use quip comparing Caspio Bridge to Microsoft Access — qualitative product characterization, no prediction.","0","enterprise-servers-and-architecture","2000s","","","","pdf_format_mismatch"
"442","471","2006-05-01","Can Caspio Penetrate the Enterprise On Demand?","InternetNews.com","Michael Hickins","online-article","They say, 'I'll put it on my credit card and be done with it.'","across an entire organization. ""They'll get power users who feel they can't go to the IT department,"" he said. ""They say, 'I'll put it on my credit card and be done with it.'"" Zamani also founded pioneering e-commerce site Autoweb.com, which Kastner says gives him a lot of credibility. But to succeed at the enterprise level, he will have to get himself noticed in an increasingly crowded marketplace. CNET Peter Kastner wrote ""The challenge he has is getting his product enough visibility, so he","no","not-applicable","Observational — current-state analysis.","0","e-commerce-and-internet","2000s","","","","pdf_format_mismatch"
"443","471","2006-05-01","Can Caspio Penetrate the Enterprise On Demand?","InternetNews.com","Michael Hickins","online-article","The challenge he has is getting his product enough visibility, so he can take a simple product and turn it into a mass-market phenomenon,","'"" Zamani also founded pioneering e-commerce site Autoweb.com, which Kastner says gives him a lot of credibility. But to succeed at the enterprise level, he will have to get himself noticed in an increasingly crowded marketplace. CNET Peter Kastner wrote ""The challenge he has is getting his product enough visibility, so he can take a simple product and turn it into a mass-market phenomenon,"" said Kastner. ""By comparison, take your typical laptop. Prospective buyers are able to see the exact spec","yes","medium","Kastner identified the core challenge of visibility for the product to become a mass-market phenomenon; this correctly diagnosed the obstacle many enterprise software entrants face.","2","e-commerce-and-internet","2000s","","","","pdf_format_mismatch"
"444","472","2009-05-10","Catalina588 comment on 'The iPhone's secret silicon: A need to know?'","CNET","Peter S. Kastner","authored-column","By comparison, take your typical laptop. Prospective buyers are able to see the exact specifications and make an informed buying decision.","vel, he will have to get himself noticed in an increasingly crowded marketplace. CNET Peter Kastner wrote ""The challenge he has is getting his product enough visibility, so he can take a simple product and turn it into a mass-market phenomenon,"" said Kastner. ""By comparison, take your typical laptop. Prospective buyers are able to see the exact specifications and make an informed buying decision."" No way do buyers see exact specifications at the chip level. What is the Ethernet chip in your desk","no","not-applicable","Observational — current-state analysis.","0","pcs-and-clients","2000s","","","","not_in_pdf"
"445","473","2003-01-07","Get Savv-""e"": Capture e-mail names!","ChannelMedia Retail Newsletter","","online-article",": Capture e-mail names!","may make a few happy customers who will come back and upgrade. No matter what, you are taking cost out of the equation. Get Savv-""e"": Capture e-mail names! ""If the brick and mortar guys are looking around for customers, they may be home online,"" said Peter Kastner, Chief Research Officer at Aberdeen Group, a market research firm based in Boston. He predicted that online sales would grow around 15 percent this holiday season compared to last, while sales at retail stores are only set to expand ab","yes","high","Kastner's advice to capture e-mail names proved prescient — email marketing became a cornerstone of digital commerce strategy throughout the 2000s and beyond.","5","it-spend-and-market-outlook","2000s","","","","pdf_format_mismatch"
"446","474","2002-12-06","Chip Makers No Longer 'Drowning'","InformationWeek","Larry Greenemeier","online-article","They're saying that they're not drowning anymore,","AMD says PC processor demand and flash memory products could push fourth-quarter sales to $700 million, better than originally expected but still well below the $952 million racked up a year ago. ""They're saying that they're not drowning anymore,"" says Peter Kastner, Aberdeen Group's chief research officer. What remains to be seen is whether buyers will buy more PCs and servers. ""We don't see any killer apps, but the Y2K generation of PCs is getting a little long in the tooth."" Reliable NT clust","no","not-applicable","Observational — current-state analysis.","0","os-and-platforms","2000s","","","","pdf_format_mismatch"
"447","480","1996-10-28","Cluster's Next Stand: Reliable NT","InformationWeek","","magazine-article","The beauty of ServerNet is that it moves data peripheral-to-peripheral,","mpaq, Dell, and HP. ServerNet is winning praise-- especially for the way it's implemented in Himalaya systems, which have a router inside to boost input/output performance. ""The beauty of ServerNet is that it moves data peripheral-to-peripheral,"" says Peter Kastner, an analyst at the Aberdeen Group, a research firm in Boston. ""ServerNet is a good infrastructure for building fast and extensible clusters."" The technology ""allows us to remove everything from the processor, except the computing,""","no","not-applicable","Observational — current-state analysis.","0","networking-and-comms","1990s","","","","not_in_pdf"
"448","481","2003-08-13","HP's push of new consumer products highlights its strength","CNN/Money","Paul R. La Monica","online-article","HP is finally showing leadership in the home consumer tech sector,","y proud of its bread-and-butter printing business, but that capitalizing on the digital photography wave can help lead the company forward to even higher levels of profitability. ""HP is finally showing leadership in the home consumer tech sector,"" said Peter Kastner, chief research officer for Aberdeen Group. ""By standing up and rallying consumers, HP has a very good chance of success."" Analysts quoted in this story do not own HP and their firms have no investment banking relationships with the","no","not-applicable","Observational — current-state analysis.","0","vendor-strategy-and-ma","2000s","","","","not_in_pdf"
"449","482","2003-05-21","Tech Investor: Deflation, the dropping dollar, and tech","CNN/Money","Eric Hellweg","authored-column","It's the 800-pound gorilla in the room, and no one's talking about it,","ion, but now must deal with the very real possibility that its ugly cousin could make an appearance. Many in the tech industry didn't even want to contemplate the prospect. ""It's the 800-pound gorilla in the room, and no one's talking about it,"" says Peter Kastner, chief research officer at Aberdeen Group. ""Hardware manufacturers have to produce and sell a lot more units at a lower price to keep up on the revenue treadmill. Units are up almost 30 percent at Dell (DELL: Research, Estimates), but","no","not-applicable","Observational — current-state analysis.","0","pcs-and-clients","2000s","","","","not_in_pdf"
"450","482","2003-05-21","Tech Investor: Deflation, the dropping dollar, and tech","CNN/Money","Eric Hellweg","authored-column","That's what Moore's Law is all about.","Kastner (CRO, Aberdeen Group) on why tech should be less terrified of deflation than other sectors: the industry is inherently deflationary, historically driven by innovation rather than downward pricing pressure; it could simply speed up Moore's Law a notch in its forecasts.","yes","high","Kastner's 2003 thesis that the tech industry is inherently deflationary via Moore's Law — and therefore more resilient to macro deflation than other sectors — was strongly vindicated over the following decade: compute, storage, and bandwidth unit costs continued their multi-decade decline while tech revenues and margins expanded.","5-10","storage","2000s","","","","not_in_pdf"
"451","483","2002-11-08","Tech Investor: Instant Messaging goes corporate","CNN/Money","Eric Hellweg","authored-column","It's quite likely that IM will grow up and into the existing corporate communications infrastructure, which includes calendar and e-mail and will eventually include WebEx services,","sers to start a WebEx meeting from the product's menu options. ""It's quite likely that IM will grow up and into the existing corporate communications infrastructure, which includes calendar and e-mail and will eventually include WebEx services,"" says Peter Kastner, chief research officer for Aberdeen Research. The major companies' push into corporate messaging offers ""some validation for WebEx,"" notes Michael Gartenberg, a research director at Jupiter Research. ""But it should be a cause for conc","yes","high","IM did grow into corporate communications infrastructure — unified communications platforms (Microsoft Teams/Lync","0","vendor-strategy-and-ma","2000s","","","","not_in_pdf"
"452","484","2003-04-10","Tech Investor: Is SARS sickening tech?","CNN/Money","Eric Hellweg","authored-column","Goods are moving freely, and we haven't seen changes in commodity spot prices, which might indicate a decrease in supply,","roved and that the tech execs he's spoken to say they've suffered no disruptions to their supply chains. ""Goods are moving freely, and we haven't seen changes in commodity spot prices, which might indicate a decrease in supply,"" he says. Still, Kastner says he is hearing a new concern about China's opaqueness with health information. Many companies outsource their manufacturing to China because it meets the three requirements for the tech supply chain: low cost, high quality, and dependability.","no","not-applicable","Observational — current-state analysis.","0","vendor-strategy-and-ma","2000s","","","","not_in_pdf"
"453","484","2003-04-10","Tech Investor: Is SARS sickening tech?","CNN/Money","Eric Hellweg","authored-column","This isn't the first time China has stiff-armed the world on a major global health issue,","its official SARS tally between mid-February and last week), many are now questioning whether the dependability factor has suffered an irreparable blow. ""This isn't the first time China has stiff-armed the world on a major global health issue,"" Kastner says. ""Tech companies, which heretofore had rushed to outsource to China because of the quality and low cost, are now rethinking whether they can put all their high-tech eggs in the China basket."" Comdex 2003: Sun Microsystems sets new, aggressive","no","not-applicable","Observational — current-state analysis.","0","vendor-strategy-and-ma","2000s","","","","not_in_pdf"
"454","485","2003-11-18","Comdex 2003: Sun Microsystems sets new, aggressive strategy","The Seattle Times","Kim Peterson","newspaper-article","McNealy said. The alliance is expected to give both companies more leverage in competing with larger rivals, including chip-making giant Intel, in AMD's case, and computer maker Dell in Sun's. The move is likely to attract attention of IBM, which said earlier this year it would use the Opteron chip.","ely to attract attention of IBM, which said earlier this year it would use the Opteron chip. ""Sun can use AMD's Opteron to compete directly against IBM in the head-to-head Opteron battle"" for price- conscious buyers of high-performance computers, said Peter Kastner, an analyst with The Aberdeen Group. Perhaps more significant for Sun, he said, is that the company's move also diversifies its product offerings, which could help retain its customer base. Without those customers, Sun doesn't stand m","yes","medium","The Sun-AMD alliance gave both companies more leverage against Intel and IBM in the Opteron market; however Sun's competitive position continued to decline despite the partnership.","3","pcs-and-clients","2000s","","","","pdf_format_mismatch"
"455","485","2003-11-18","Comdex 2003: Sun Microsystems sets new, aggressive strategy","The Seattle Times","Kim Peterson","newspaper-article","Perhaps more significant for Sun, the company's move also diversifies its product offerings, which could help retain its customer base. Without those customers, Sun doesn't stand much of a chance.","Kastner (Aberdeen Group analyst) on Sun's November 2003 Comdex announcement of AMD Opteron-based Sun Fire systems: the diversification away from SPARC/Solaris is existential customer-retention insurance.","yes","high","Kastner's read that Sun had to diversify off pure-SPARC to retain customers was accurate: the AMD Opteron-based Sun Fire x64 line did help Sun hold enterprise accounts in the mid-2000s, but Sun's broader inability to arrest SPARC/Solaris decline culminated in the 2010 Oracle acquisition — consistent with the warning 'without those customers, Sun doesn't stand much of a chance.'","5","databases-and-middleware","2000s","","","","pdf_format_mismatch"
"456","486","2006-09-08","Companies Reap Benefits from BPM Investments","Business Technology Asia","","online-article","The prime reason the market will accelerate is that 42% of the companies represented in our survey are in the planning stages of a BPM technology we call 'business process monitoring,' which allows companies to view certain business events,",". ""The prime reason the market will accelerate is that 42% of the companies represented in our survey are in the planning stages of a BPM technology we call 'business process monitoring,' which allows companies to view certain business events,"" says Peter S. Kastner, Aberdeen Vice President and Research Director for Enterprise Integration, who authored the report. ""Based on the excitement elicited in follow-up interviews as part of the survey, we believe BPM, and especially business process moni","yes","high","BPM market did accelerate significantly in the mid-to-late 2000s as process monitoring and automation tools gained widespread enterprise adoption.","3","it-spend-and-market-outlook","2000s","","","","pdf_format_mismatch"
"457","487","1998-01-21","Compaq Leads $25 Million Funding of CrossWorlds Software","PR Newswire","","press-release","CrossWorlds Software has locked up the attention and commitment of some of the industry's largest players. This is a huge barrier to entry for anyone else coming into this space,","tplace and continue to build demand for these solutions globally."" ""CrossWorlds Software has locked up the attention and commitment of some of the industry's largest players. This is a huge barrier to entry for anyone else coming into this space,"" said Peter Kastner, vice president of Aberdeen Group. ""CrossWorlds is well on its way to creating a new industry around Processware as an integration solution strategy for major global corporate IT organisations."" MAJOR CORPORATE INVESTORS The corporat","yes","low","CrossWorlds Software was acquired by IBM in 2001 and its technology absorbed into IBM's middleware portfolio; the claimed barrier to entry did not sustain CrossWorlds as an independent player.","2","databases-and-middleware","1990s","","","","pdf_format_mismatch"
"459","475","2002-10-16","Kabellos: Keyboard und Maus von Microsoft","Heise Online","Dusan Zivadinovic","online-article","The Bluetooth market has been off to a very ragged start. Microsoft products will add fuel to the fire,","hot in the arm to Bluetooth, an emerging standard aimed at replacing cables with short-range wireless links. ""The Bluetooth market has been off to a very ragged start. Microsoft products will add fuel to the fire,"" Aberdeen Group analyst Peter Kastner said. Microsoft to offer a $159 Bluetooth bundle including a keyboard, mouse and transponder device, that attaches to the back of a desktop or laptop computer to receive and send data. The keyboard and mouse work only with computers using Micros","yes","high","Bluetooth did indeed struggle early then gain adoption momentum as Microsoft and other major vendors incorporated it into their products; by mid-2000s Bluetooth became ubiquitous.","3","mobile-and-wireless","2000s","","","","not_in_pdf"
"460","490","2002-10-15","Microsoft launches wireless keyboard and mouse","Reuters","Reed Stevenson","online-article","Aberdeen's Kastner estimated that Microsoft would be disappointed if it did not sell at least 100,000 of the products during the holiday season.","ering could take time to sell in volume since people who have computers already have keyboards and mice too. But as more Bluetooth devices come on the market it will provide customers with more reasons to buy Bluetooth, he said. Aberdeen's Kastner estimated that Microsoft would be disappointed if it did not sell at least 100,000 of the products during the holiday season. IDC analyst Roger Kay said the price is high enough to allow Microsoft's competitors to viably introduce cheaper products.","yes","medium","The prediction of 100","1","mobile-and-wireless","2000s","","","","not_in_pdf"
"461","493","2004-10-04","Cool Stuff -- Apple","InformationWeek","Aaron Ricadela","magazine-article","Apple doesn't have the support and selling resources any longer to take on the entire global enterprise market,","customers involve basic server and storage technology. ""The bills are going to be paid with the one, two, three, four Xserves and a few terabytes of RAID storage,"" he says. Apple knows that and has been tweaking its enterprise strategy around it, Kastner says. ""Apple doesn't have the support and selling resources any longer to take on the entire global enterprise market,"" he explains. ""But since the introduction of the Xserve and Xserve RAID, they now have a very good story that they can take to","no","not-applicable","Observational — current-state analysis.","0","storage","2000s","","","","not_in_pdf"
"462","196","2004-06-08","AMD's Semprons Spare Athlon from Low-End Market","TechNewsWorld","Jay Lyman","online-article","Jay Lyman AMD's Semprons Spare Athlon from Low-End Market 06/08/04 10:24 AM PT | TechNewsWorld | 552 Words Aberdeen Group chief research officer Peter Kastner said there might not be increasing budget market demand in the United States, but in other parts of the world such as Thailand or Maylaysia, the so-called white-box market represents 40 percent of available sales...","ting , the Xgrid will be worth watching in the marketplace. As part of the conference,... Jay Lyman AMD's Semprons Spare Athlon from Low-End Market 06/08/04 10:24 AM PT | TechNewsWorld | 552 Words Aberdeen Group chief research officer Peter Kastner said there might not be increasing budget market demand in the United States, but in other parts of the world such as Thailand or Maylaysia, the so-called white-box market represents 40 percent of available sales... 1 2 3 4 5 6 Next Does Dell's Bui","yes","high","Global white-box PC markets in developing economies like Southeast Asia did represent 40%+ of sales and remained a significant segment through the 2000s.","3","pcs-and-clients","2000s","","","","pdf_format_mismatch"
"463","491","2002-07-30","Does Dell's Build-to-Order Model Still Work?","E-Commerce Times","Lou Hirsh","online-article","All of its competitors are trying to beat Dell at Dell's own game,","tential long-term hurdles as it seeks to boost its customer base and fend off challengers. ""All of its competitors are trying to beat Dell at Dell's own game,"" Aberdeen Group chief research officer Peter Kastner told the E-Commerce Times. But Kastner said rivals have found it hard to top Dell's strategy, which entails cutting costs by keeping inventory low and preventing the problems presented by unsold, obsolete products gathering dust on shelves. Capturing Market Share This build-to-order mode","no","not-applicable","Observational — current-state analysis.","0","e-commerce-and-internet","2000s","","","","pdf_format_mismatch"
"464","491","2002-07-30","Does Dell's Build-to-Order Model Still Work?","E-Commerce Times","Lou Hirsh","online-article","They're able to move the throttle much more quickly than the competition,","to-order model has worked not only with PCs, but in other segments where Dell has been capturing market share, including servers, workstations and notebook computers. In an atmosphere in which cutting spending remains a major competitive factor, Kastner said, Dell is poised to ride out tough times while positioning itself for the recovery, when corporate IT investment increases. ""They're able to move the throttle much more quickly than the competition,"" he noted. According to Dell spokesperson M","no","not-applicable","Observational — current-state analysis.","0","pcs-and-clients","2000s","","","","pdf_format_mismatch"
"465","492","2004-06-21","IBM Dominates Supercomputer List","E-Commerce Times","Keith Regan","online-article","This is an example of how the less expensive computing power can really become important.","Kastner (Aberdeen Group) on supercomputing democratization — cheap clustered commodity hardware enables scientific and military research applications that previously required purpose-built systems.","no","not-applicable","Observational — current-state analysis.","0","vendor-strategy-and-ma","2000s","","","","pdf_format_mismatch"
"466","492","2004-06-21","IBM Dominates Supercomputer List","E-Commerce Times","Keith Regan","online-article","There are applications in the military, in medical research, in all fields of science,","puter makers, striving to build ever-faster systems has important implications for research, Aberdeen Group analyst Peter Kastner told the E-Commerce Times. ""There are applications in the military, in medical research, in all fields of science,"" Kastner said. ""This is an example of how the less expensive computing power can really become important."" Customers Tire of Excuses for Rebates That Never Arrive By HOWARD MILLMAN – New York Times Published: Thursday, April 17, 2003 SHEROL DUVAL applied","no","not-applicable","Observational — current-state analysis.","0","e-commerce-and-internet","2000s","","","","pdf_format_mismatch"
"467","494","2003-04-17","Customers Tire of Excuses for Rebates That Never Arrive","The New York Times","Howard Millman","newspaper-article","It is a primary reason for using rebates instead of sales. It also boggles the mind that otherwise upstanding product companies would pursue this tawdry strategy, which can alienate their consumers.","Kastner (Aberdeen Group) in NYT 2003-04-17 — characterizes manufacturer dependence on low rebate redemption rates as a 'tawdry strategy.' Paired with his 'underregulated consumer swamp' framing in same article.","no","not-applicable","Moral/characterization claim ('tawdry strategy') about manufacturer reliance on low rebate-redemption rates — opinion, not a forecast.","0","it-spend-and-market-outlook","2000s","","","","pdf_format_mismatch"
"468","196","2003-06-01","Why You Need To Replace Those Windows 98 And NT Machines","Aberdeen Group (report)","Peter S. Kastner","authored-column","the Consumer Digital Technology Practice at Aberdeen Group, in his report titled, ‘Why You Need To Replace Those Windows* 98 And NT* Machines’ said, “Looking down the road, keeping Windows 98-era PCs around much longer will move from the executive’s prudent category to the stupid category.” Kastner says mid-2003 is a good time for starting or accelerating a PC replacement cycle.","deen Group, in his report titled, ‘Why You Need To Replace Those Windows* 98 And NT* Machines’ said, “Looking down the road, keeping Windows 98-era PCs around much longer will move from the executive’s prudent category to the stupid category.” Kastner says mid-2003 is a good time for starting or accelerating a PC replacement cycle. There are some good reasons for this. Windows XP Pro Service Pack 1 is already out in the field – KPMG sees an average three-year benefit of US$561 per user associate","yes","high","Windows 98/NT machines became increasingly unsupported and costly to maintain; companies that delayed PC refresh cycles into the mid-2000s indeed faced security and compatibility crises (e.g.","0","security","2000s","","","","pdf_format_mismatch"
"469","196","1981-03-20","Defense Industry Gearing Up","The New York Times","Pamela G. Hollie","newspaper-article","''With companies competing for scarce resources, in this case people, the use of computers to do the drafting, the design work and manufacturing is becoming increasingly important,'' said Peter Kastner, government market planner for Prime Computer Inc.","ill mean increased demand for computers to improve productivity. ''With companies competing for scarce resources, in this case people, the use of computers to do the drafting, the design work and manufacturing is becoming increasingly important,'' said Peter Kastner, government market planner for Prime Computer Inc. of Natick, Mass. The 10-year-old company, with sales of $267 million, has also been providing software for the cruise missile project. ''Weapons are more sophisticated,'' Mr. Kastner","no","not-applicable","Observational — current-state analysis.","0","it-spend-and-market-outlook","1980s","","","","pdf_format_mismatch"
"470","196","1981-03-20","Defense Industry Gearing Up","The New York Times","Pamela G. Hollie","newspaper-article","''Weapons are more sophisticated,'' Mr. Kastner said. ''Missiles have to be smart enough to fly from here to Moscow at 100 feet above the ground without human intervention.''","The 10-year-old company, with sales of $267 million, has also been providing software for the cruise missile project. ''Weapons are more sophisticated,'' Mr. Kastner said. ''Missiles have to be smart enough to fly from here to Moscow at 100 feet above the ground without human intervention.'' The military buildup presents other problems for contractors.","no","not-applicable","Observational — current-state analysis of Prime Computer defense software role.","0","vendor-strategy-and-ma","1980s","","","","pdf_format_mismatch"
"471","585","2003-11-14","Dell's shares ease in aftermath of Q3 earnings report","MarketWatch (CBS.MarketWatch.com)","Rex Crum","online-article","In the case of Dell, the enterprise sales show what their bread and butter is,","s, even though it and computing rivals such as Hewlett-Packard and Gateway launch efforts to gain pieces of the more publicly visible consumer electronics market. ""In the case of Dell, the enterprise sales show what their bread and butter is,"" said Peter Kastner, computing analyst with the Aberdeen Group. ""The recent announcements in consumer electronics signal next year's growth."" Gross margins remained flat on a year-over-year basis at 18.2 percent, leading to some initial market concerns abou","no","not-applicable","Observational — current-state analysis.","0","pcs-and-clients","2000s","","","","not_in_pdf"
"472","196","2004-06-08","Dell Debuts 64-bit Itanium Server","ServerWatch","Clint Boulton","online-article","A 4-way Itanium benchmarks commercial applications like many 8-way Xeon machines,","rdeen Group, said the 4-way Itanium will emerge as one of the important building blocks of both scale up and scale out commercial applications over the next year. ""A 4-way Itanium benchmarks commercial applications like many 8-way Xeon machines,"" Kastner said. ""Fewer processors are more efficient for an operating system to handle, and the Itanium processors just scream on commercial work if you give them plenty of memory and all those other good things."" With more than 100,000 chips installed, I","yes","medium","4-way Itanium did show strong benchmark performance relative to 8-way Xeon for commercial applications; however Itanium ultimately failed to dominate the market as hoped.","2","os-and-platforms","2000s","","","","pdf_format_mismatch"
"473","196","2004-06-08","Dell Debuts 64-bit Itanium Server","ServerWatch","Clint Boulton","online-article","As everyone knows, Dell seldom builds products that its customers said they won't buy,","ting system to handle, and the Itanium processors just scream on commercial work if you give them plenty of memory and all those other good things."" With more than 100,000 chips installed, Itanium is picking up market share at a pretty rapid clip, Kastner said, summing up the importance of Dell's PowerEdge 7250. ""As everyone knows, Dell seldom builds products that its customers said they won't buy,"" Kastner said. ""The fact that Dell is throwing its weight again behind Itanium would be a good pro","no","not-applicable","Observational — current-state analysis.","0","pcs-and-clients","2000s","","","","pdf_format_mismatch"
"474","196","2004-06-08","Dell Debuts 64-bit Itanium Server","ServerWatch","Clint Boulton","online-article","The fact that Dell is throwing its weight again behind Itanium would be a good proxy for the growing market acceptance of Itanium-based systems. Dell doesn't do small-volume products even if they're high profit. They want to go for the sweet spot in the mainstream.","ore than 100,000 chips installed, Itanium is picking up market share at a pretty rapid clip, Kastner said, summing up the importance of Dell's PowerEdge 7250. ""As everyone knows, Dell seldom builds products that its customers said they won't buy,"" Kastner said. ""The fact that Dell is throwing its weight again behind Itanium would be a good proxy for the growing market acceptance of Itanium-based systems. Dell doesn't do small-volume products even if they're high profit. They want to go for the s","yes","low","Kastner predicted Dell's support would validate Itanium's mainstream acceptance; in reality Itanium never achieved mainstream commercial adoption and Intel eventually discontinued it.","5","pcs-and-clients","2000s","","","","pdf_format_mismatch"
"475","196","2002-08-15","Dell Drops Windows From Some PCs","PC World","Tom Krazit (IDG News Service)","online-article","However, companies that wish to use other operating systems such as Linux find it easier to install that alternate operating system on a PC with a clean hard drive, said Peter Kastner, chief research officer at Aberdeen Group.","nsist that PC manufacturers ship all PCs with an OS installed, for piracy reasons. However, companies that wish to use other operating systems such as Linux find it easier to install that alternate operating system on a PC with a clean hard drive, said Peter Kastner, chief research officer at Aberdeen Group. PCs have to be wiped clean of the old OS before a new one can be installed, which requires time and labor by a company's IT staff, he said. By putting a copy of FreeDOS in a PC's shipping bo","no","not-applicable","Observational — current-state analysis.","0","os-and-platforms","2000s","","","","pdf_format_mismatch"
"476","156","2003-08-14","Dell's Q2 profit rises 24 percent","MarketWatch (CBS.MarketWatch.com)","Rex Crum","online-article","This is a very good quarter, again, for Dell,","e 46 percent to more than $1.5 billion. Peter Kastner, a personal computer analyst with Aberdeen Group, said Dell's performance supports the company's focus on standardized computing technologies. ""This is a very good quarter, again, for Dell,"" Kastner said. ""Profits continue to outpace revenue growth, (and) in spite of anemic economic conditions and relentless deflation in prices, Dell is leading the industry in performance on a percentage basis."" What the future holds Dell CFO Jim Schneider sa","no","not-applicable","Observational — current-state analysis.","0","pcs-and-clients","2000s","","","","pdf_format_mismatch"
"477","196","2003-03-25","Dell launches personal and workgroup printers","Computerworld","Tom Krazit (IDG News Service)","online-article","Dell's first foray into printers will be accepted as good-enough technology by Dell's many customers. As a result, we would expect Dell to quickly become a material player in the business printer marketplace,","bility, according to HP's Web site. ""Dell's first foray into printers will be accepted as good-enough technology by Dell's many customers. As a result, we would expect Dell to quickly become a material player in the business printer marketplace,"" said Peter Kastner, chief research officer at Aberdeen Group Inc. in Boston. Dell used to resell HP printers alongside its PCs, but it announced last year that it would enter the market in partnership with Lexmark International Inc. as part of a strateg","yes","medium","Dell did become a material player in the printer market for a period in the mid-2000s; however Dell eventually exited the printer business as HP retained market dominance.","3","e-commerce-and-internet","2000s","","","","pdf_format_mismatch"
"478","196","2003-03-25","Dell launches personal and workgroup printers","Computerworld","Tom Krazit (IDG News Service)","online-article","HP is the acknowledged leader in the printing business and commands a great deal of loyalty from its customers, Kastner said.","-level printers that come in both networked and non-networked versions. The S2500 costs $499, and the S2500n for networks costs $839. HP is the acknowledged leader in the printing business and commands a great deal of loyalty from its customers, Kastner said. The company wants to market itself as an innovation and technology leader, according to comments made by HP executives during a recent conference call. Dell's focus has always been on pricing and efficiency. ""[It] does not have to have the","no","not-applicable","Observational — current-state analysis.","0","pcs-and-clients","2000s","","","","pdf_format_mismatch"
"479","196","2003-03-25","Dell launches personal and workgroup printers","Computerworld","Tom Krazit (IDG News Service)","online-article","[It] does not have to have the world's most innovative technology to meet most users' needs most of the time,","according to comments made by HP executives during a recent conference call. Dell's focus has always been on pricing and efficiency. ""[It] does not have to have the world's most innovative technology to meet most users' needs most of the time,"" Kastner said. Besides price, Dell thinks the software included with the printers sets its new products apart from the competition, said Tim Peter, vice president and general manager of Dell's imaging and printing group. Users receive prompts to replace ca","no","not-applicable","Observational — current-state analysis.","0","pcs-and-clients","2000s","","","","pdf_format_mismatch"
"480","196","2003-08-01","Dell Decides to Diversify Into Consumer Electronics [UNVERIFIED]","The New York Times [UNVERIFIED]","Barnaby J. Feder [UNVERIFIED]","online-article","“Dell never makes strategic decisions without being sure there is a good profitable business in sight,” says Peter Kastner, executive vice president/chief research officer of Boston-based IT market research/positioning services firm Aberdeen Group.","continue to merchandise in that way.” LOW RISK, HIGH REWARD Dell's product expansion seems to have little potential downside for the company. “Dell never makes strategic decisions without being sure there is a good profitable business in sight,” says Peter Kastner, executive vice president/chief research officer of Boston-based IT market research/positioning services firm Aberdeen Group. “Dell continues to pick up market share in its traditional business. The consumer electronic business is rela","no","not-applicable","Observational — current-state analysis.","0","pcs-and-clients","2000s","","","","not_in_pdf"
"481","196","2003-08-01","Dell Decides to Diversify Into Consumer Electronics [UNVERIFIED]","The New York Times [UNVERIFIED]","Barnaby J. Feder [UNVERIFIED]","online-article","Kastner praises Dell, however, for “initially focusing on high- volume products like TVs and MP3 players.” Dell is clearly serious about its expansion efforts.","aises Dell, however, for “initially focusing on high- volume products like TVs and MP3 players.” Dell is clearly serious about its expansion efforts. “Do not overlook the fact that Dell Computer Inc. changed its name to Dell Inc.,” Kastner says. “That's a direct message from the board of directors that computers are not Dell's only business anymore.” That may be good news for consumers and bad news for other consumer electronics marketers. Russ Craig, director of research of semiconduct","no","not-applicable","Observational — current-state analysis.","0","pcs-and-clients","2000s","","","","not_in_pdf"
"482","196","2003-03-25","Dell launches personal and workgroup printers","Computerworld","Tom Krazit (IDG News Service)","online-article","This is a way to sell the contents of the cartridge without selling the cartridge itself,","reement. The use and return cartridges contain a chip that disables the cartridge if it is refilled and replaced in a Dell printer, the spokesperson said. ""This is a way to sell the contents of the cartridge without selling the cartridge itself,"" Kastner said. ""They're creating a legal barrier to the cartridge refilling business."" Lexmark similarly offers users a choice between standard cartridges or ones that feature the proprietary software at issue in its lawsuit. A 3,000 page-yield standard","no","not-applicable","Observational — current-state analysis.","0","pcs-and-clients","2000s","","","","pdf_format_mismatch"
"483","196","2003-03-25","Dell launches personal and workgroup printers","Computerworld","Tom Krazit (IDG News Service)","online-article","will be accepted as good-enough technology","'s cartridges are unique sizes and shapes, so aftermarket vendors won't be able to offer alternatives until they figure out how to reverse-engineer Dell's cartridges. Dell's printers ""will be accepted as good-enough technology"" by Dell customers, said Peter Kastner, an analyst at Aberdeen Group Inc. But analyst Peter Grant at Dataquest Inc. said it will be years before Dell has any significant impact on HP's installed base. Tom Krazit of IDG News Service contributed to this report. Dell seeks mo","yes","medium","Dell's printers were indeed accepted as good-enough by Dell's customer base initially; Dell gained some printer market share but later exited the consumer/business printer segment.","3","pcs-and-clients","2000s","","","","pdf_format_mismatch"
"484","196","2003-08-01","Dell Pushes Asset-Recovery Program for Corporate IT [UNVERIFIED]","Computerworld [UNVERIFIED]","[UNVERIFIED]","online-article","Arbogast says. Peter Kastner, an analyst at Boston-based research firm The Aberdeen Group Inc., says the asset recovery program isn't likely to generate the 30 percent profit margins that Dell typically seeks, but it will add to the bottom line in terms of customer retention and of the volume of recovered equipment.","ally seeks, but it will add to the bottom line in terms of customer retention and of the volume of recovered equipment. ""Dell will only make a few dollars on each recycled PC, but we see them making it up in volume of millions of PCs over time,"" Kastner says. The market for asset recovery for everything from computers to mobile phones is growing, with the market projected to reach $100 billion worldwide by 2005, up from $80 billion this year, according to D.F. Blumberg Associates Inc., a researc","yes","medium","Kastner correctly identified that Dell's asset recovery program would generate value through customer retention rather than high margins; Dell's recycling program did grow modestly but remained secondary to its core business.","3","mobile-and-wireless","2000s","","","","not_in_pdf"
"485","196","2003-08-01","Dell Pushes Asset-Recovery Program for Corporate IT [UNVERIFIED]","Computerworld [UNVERIFIED]","[UNVERIFIED]","online-article","Although Kastner says Dell's program hasn't been as visible as a similar program by Armonk, N.Y.-based IBM Corp., it has the potential to grow as corporate customers become more aware of the regulatory issues surrounding computer waste.","ected to reach $100 billion worldwide by 2005, up from $80 billion this year, according to D.F. Blumberg Associates Inc., a research firm in Fort Washington, Pa. According to Blumberg, about $65 billion on that will be in North America. Although Kastner says Dell's program hasn't been as visible as a similar program by Armonk, N.Y.-based IBM Corp., it has the potential to grow as corporate customers become more aware of the regulatory issues surrounding computer waste. Organizations such as the","yes","medium","Dell's recycling program did grow as e-waste regulation expanded; however it never reached the scale or visibility of IBM's asset recovery services.","4","pcs-and-clients","2000s","","","","not_in_pdf"
"486","196","2003-08-01","Dell Pushes Asset-Recovery Program for Corporate IT [UNVERIFIED]","Computerworld [UNVERIFIED]","[UNVERIFIED]","online-article","Dell's willingness to help companies get this stuff off their hands and recycle the useful parts not only is it the right thing to do environmentally, it also generates an economic return for the customer,","'s 2003 shareholder meeting in Austin. ""Dell's willingness to help companies get this stuff off their hands and recycle the useful parts not only is it the right thing to do environmentally, it also generates an economic return for the customer,"" Kastner says. Arbogast says Dell's program does aid customers in cutting costs associated with storing old equipment and does generate returns through the sale of the refurbished equipment. Dell usually charges a company 10 percent of the proceeds for h","no","not-applicable","Observational — current-state analysis.","0","pcs-and-clients","2000s","","","","not_in_pdf"
"487","196","2003-01-01","Dell's Modular Server Strategy and the PowerEdge 1655MC [UNVERIFIED]","Computerworld [UNVERIFIED]","[UNVERIFIED]","online-article","Dell is trying to maintain a flexibility and an agility that is at the core of their business,","or to the future launch of advanced, highly modular servers that Dell calls server ""bricks."" The evolution of Dell's server hardware toward blade and modular brick designs reflects the company's core business philosophy of flexibility and agility, said Peter Kastner, chief research officer of Aberdeen Group in Boston. ""Dell is trying to maintain a flexibility and an agility that is at the core of their business,"" Kastner said. The PowerEdge 1655MC isn't quite as sleek as rival products, allowing","no","not-applicable","Observational — current-state analysis.","0","pcs-and-clients","2000s","","","","not_in_pdf"
"488","585","2003-11-14","Dell's shares ease in aftermath of Q3 earnings report","MarketWatch (CBS.MarketWatch.com)","Rex Crum","online-article","The recent announcements in consumer electronics signal next year's growth.","ett-Packard (HPQ 36.82, -0.02, -0.05%) and Gateway (ASIYF 1.76, -0.01, - 0.64%) launch efforts to gain pieces of the more publicly visible consumer-electronics market. ""In the case of Dell, the enterprise sales show what their bread and butter is,"" said Peter Kastner, computing analyst with the Aberdeen Group. ""The recent announcements in consumer electronics signal next year's growth."" The latest quarter's gross margins remained flat on a year-over-year basis at 18.2 percent, leading to some in","yes","medium","Consumer electronics announcements in 2003 did signal the next year's growth; the CE sector continued to expand in 2004 particularly around flat-panel TVs and digital cameras.","1","pcs-and-clients","2000s","","","","not_in_pdf"
"489","586","2003-06-02","Don't Count Intel Out","CRN / VARBusiness","Carolyn A. April","online-article","Aberdeen Group analyst Peter Kastner says he anticipates faster versions of Intel's 32-bit Xeon processor, as well as the next iteration of the Itanium 64-bit processor, to be announced within the next 60 to 90 days.","er Reseller News -- 12:55 PM EDT Mon. Jun. 02, 2003 Before getting started, systems builders should be warned about certain factors that could hurt AMD's competitive advantage--at least according to one analyst firm. Aberdeen Group analyst Peter Kastner says he anticipates faster versions of Intel's 32-bit Xeon processor, as well as the next iteration of the Itanium 64-bit processor, to be announced within the next 60 to 90 days. Thus, Intel will have ""put a new pony into the race"" just as AMD b","yes","high","Faster Xeon and next-gen Itanium were indeed announced within 60-90 days; Intel's chip roadmap in 2003 proceeded largely as Kastner anticipated.","0","pcs-and-clients","2000s","","","","pdf_format_mismatch"
"490","587","2002-12-30","Report: Global Chip Sales Grow at Snail's Pace","E-Commerce Times","Lisa Gill","online-article","It's still a single data point, and Aberdeen's view is that there is no sign of a global semiconductor turnaround yet.","looking better than it has been in a bit,"" Aberdeen Group chief research officer Peter Kastner told the E-Commerce Times. ""It's still a single data point, and Aberdeen's view is that there is no sign of a global semiconductor turnaround yet."" But Kastner said he remains hopeful for the second half of 2003, noting that much of the anticipated recovery will depend on global economic and political forces, including the possibility that the United States may fight a war. Sales in America Slow Semico","no","not-applicable","Observational — current-state analysis.","0","e-commerce-and-internet","2000s","","","","pdf_format_mismatch"
"491","588","2004-05-24","Cisco Readies Huge Fast Router","E-Commerce Times","Elizabeth Millard","online-article","They understand the problems to be tackled by routers, and they have the situation well in hand,","n more than holding its own against competitors. ""They understand the problems to be tackled by routers, and they have the situation well in hand,"" he said. The main challenge the HFR is expected to tackle is growth in Internet traffic volume. Kastner noted that several factors can account for the recent surge in TCP/IP traffic, including a rise in Voice over Internet Protocol (VoIP) use and growing Internet adoption in developing countries. Because of this surge, routers such as the HFR will be","no","not-applicable","Observational — current-state analysis.","0","e-commerce-and-internet","2000s","","","","pdf_format_mismatch"
"492","588","2004-05-24","Cisco Readies Huge Fast Router","E-Commerce Times","Elizabeth Millard","online-article","That requires the biggest routers that the commercial world can create. That's where Cisco comes in -- and where it has always come in.","e in Voice over Internet Protocol (VoIP) use and growing Internet adoption in developing countries. Because of this surge, routers such as the HFR will be crucial for keeping traffic flowing smoothly. ""You have critical Internet intersections,"" Kastner said. ""That requires the biggest routers that the commercial world can create. That's where Cisco comes in -- and where it has always come in."" Sneak Thief Cisco's announcement of the router comes a week after the company acknowledged that an unsp","yes","high","Cisco did remain the dominant player in high-end routing infrastructure through the 2000s and beyond; the CRS-1 (HFR) launched in 2004 confirmed Cisco's continued leadership in the space.","5","e-commerce-and-internet","2000s","","","","pdf_format_mismatch"
"493","588","2004-05-24","Cisco Readies Huge Fast Router","E-Commerce Times","Elizabeth Millard","online-article","Any code posted to the Net gives hackers an opportunity,","Trouble Ahead? Although enterprises may be protected from harm as a result of the reported code leak, Kastner posited that Cisco itself could have difficulties because of the theft. ""Any code posted to the Net gives hackers an opportunity,"" Kastner said. Armed with the stolen code, hackers will be able to look for holes and exploit vulnerabilities, he noted. Indeed, he added, ""Cisco will have to redouble their efforts to make sure their routers are secure."" IBM Lands Navy Supercomputer Deal","yes","high","Cisco's source code leak did cause significant security concerns; vulnerabilities in IOS code were later exploited by hackers and the theft led to documented security headaches for Cisco.","3","security","2000s","","","","pdf_format_mismatch"
"495","197","2006-07-20","SOA saves, not bites, budgets","ZDNet (Service Oriented blog, Joe McKendrick)","Joe McKendrick","press-article","It looks to us like best-in-class organizations are reducing software maintenance costs from roughly 27% of IT budget to 12% — a huge 15% of budget saving.","Kastner clarified Aberdeen's SOA cost findings, showing the reduction in maintenance costs achievable for leading SOA adopters.","yes","high","Best-in-class organizations using SOA/BPM to reduce software maintenance from ~27% to ~12% of IT budget was a research-backed finding that aligned with subsequent analyst consensus — organizations with mature SOA governance did achieve substantial maintenance cost reductions throughout 2007–2012.","5","it-spend-and-market-outlook","2000s","","","","not_in_pdf"
"496","198","2006-10-09","Legacy Application Modernization","The Four Hundred","The Four Hundred staff","press-article","Putting lipstick on the SOA pig.","Kastner used this phrase to describe composite applications that modernize only the front-end of legacy systems without truly transforming the underlying architecture.","no","not-applicable","Observational — colorful metaphor describing legacy application modernization via SOA","0","vendor-strategy-and-ma","2000s","","","","pdf_format_mismatch"
"497","199","2006-11-01","Improving Visibility Into Your Business Process","Image and Data Manager","Image and Data Manager staff","press-article","You don't have to create a complete and expensive data warehouse to begin improving visibility into business process. Rather, look to business process management and business activity monitoring technologies that provide process monitoring and control capabilities to alert you to changes in key performance metrics.","The article addressed how organizations could gain operational visibility without full data warehouse implementations.","no","not-applicable","Observational — advisory recommendation about business process monitoring tools and data warehouse alternatives","0","vendor-strategy-and-ma","2000s","","","","not_in_pdf"
"498","200","2006-11-01","AMD Fusion: One Chip To Rule Them All?","CIO-Today","David Garrett","press-article","AMD with ATI can create a one-chip computer that contains the functions that in the past have been in the chipset and the processor. That would allow a much less expensive PC to be made.","AMD had acquired ATI Technologies and announced plans to integrate graphics and CPU functionality on a single chip.","yes","high","AMD did successfully develop its Fusion (later APU) product line, integrating CPU and GPU on a single chip, enabling lower-cost PCs and dominating the budget/mid-range market. First Fusion chips shipped in 2011.","5","pcs-and-clients","2000s","","","","not_in_pdf"
"499","200","2006-11-01","AMD Fusion: One Chip To Rule Them All?","CIO-Today","David Garrett","press-article","I don't see this as moving to $200 PCs.","Kastner qualified the cost-reduction potential of AMD Fusion, suggesting it would not drive PCs into the ultra-low price range.","yes","medium","AMD's Fusion chips did reduce system costs substantially, but $200 PCs (adjusting for inflation) did materialize in the Chromebook/netbook era. Kastner's skepticism about the $200 floor was partially valid in the 2008–2012 timeframe but ultimately disproven by Chromebooks.","5","pcs-and-clients","2000s","","","","not_in_pdf"
"500","200","2006-11-01","AMD Fusion: One Chip To Rule Them All?","CIO-Today","David Garrett","press-article","I see a rapid adoption reaching mainstream in Q2 of next year.","Kastner predicted a timeline for AMD Fusion to achieve mainstream market penetration.","yes","low","AMD Fusion reaching mainstream by Q2 2007 was too optimistic — the first Fusion/APU chips (Llano, Brazos) did not ship until 2011, four years later than predicted.","4","pcs-and-clients","2000s","","","","not_in_pdf"
"501","201","2006-11-01","Vista: Ready or Not, Here It Comes","CIO-Today","David Garrett","press-article","There's no light-switch conversion where everyone turns on Vista one morning.","The article examined enterprise readiness and migration timelines for Windows Vista.","no","not-applicable","Observational — current-state description of Vista's expected gradual enterprise rollout","0","networking-and-comms","2000s","","","","not_in_pdf"
"502","201","2006-11-01","Vista: Ready or Not, Here It Comes","CIO-Today","David Garrett","press-article","Sometime in 2007, Microsoft will likely stop availability of Windows XP in small business systems sold at retail, forcing a Vista switch.","Kastner predicted Microsoft would phase out XP availability in retail channels to accelerate Vista adoption.","yes","high","Microsoft did stop OEM sales of Windows XP on new retail PCs in June 2008 (slightly later than 2007 but consistent with the prediction), forcing a Vista/Windows 7 transition. The direction of the prediction was correct.","2","networking-and-comms","2000s","","","","not_in_pdf"
"503","201","2006-11-01","Vista: Ready or Not, Here It Comes","CIO-Today","David Garrett","press-article","We disagree with Gartner that business needs to wait until 2008 to start deploying Vista.","Kastner pushed back against Gartner's recommendation that enterprises defer Vista deployment, arguing Aberdeen Group's data supported earlier adoption.","yes","low","Disagreeing with Gartner that businesses should wait until 2008 proved wrong — Vista was plagued with compatibility, driver, and performance issues and most enterprises did wait, effectively skipping Vista and moving to Windows 7 in 2009. Gartner's caution was vindicated.","2","os-and-platforms","2000s","","","","not_in_pdf"
"504","202","2006-11-07","Microsoft-Novell Linux Pact Shakes Up the Industry","NewsFactor","David Garrett","press-article","The real interest by large I.T. organizations in the recent Oracle and Microsoft announcements is in Tier One support. Enterprises want first-class Linux support without bringing more vendors to the table.","Microsoft and Novell had announced an interoperability and patent-protection agreement; Oracle simultaneously announced its own Linux support offering.","yes","high","Enterprise demand for Tier One Linux support without adding new vendors drove the Red Hat and SUSE enterprise market for years, and the Microsoft-Novell and Oracle Linux announcements did reshape enterprise Linux support. The diagnosis was accurate.","3","databases-and-middleware","2000s","","","","not_in_pdf"
"505","203","2006-11-15","Intel's Quad-Core: More Cores, More Value?","CIO-Today","David Garrett","press-article","On a server, which can use multiple cores, almost by nature this should be very attractive.","Intel had just launched its first quad-core processors. Kastner analyzed the appeal for server deployments.","yes","high","Multi-core servers did prove highly attractive for server workloads that naturally parallelize — the quad-core era from 2007 onward validated this, with server vendors rapidly adopting quad and higher core counts.","2","pcs-and-clients","2000s","","","","not_in_pdf"
"506","203","2006-11-15","Intel's Quad-Core: More Cores, More Value?","CIO-Today","David Garrett","press-article","Quad-core becomes really exciting for the many I.T. organizations that are looking at virtualization.","Kastner identified server virtualization as the primary enterprise use case that would most benefit from quad-core processors.","yes","high","Quad-core and multi-core processors became central to the virtualization boom — VMware, Hyper-V, and Xen all benefited enormously from multiple cores per socket, exactly as predicted. This was a highly accurate near-term forecast.","3","pcs-and-clients","2000s","","","","not_in_pdf"
"507","204","2006-11-20","System i: The Platform That Won't Die","The Four Hundred","The Four Hundred staff","press-article","On the whole, it's full steam ahead.","Aberdeen Group's survey of IBM System i (AS/400) users showed continued investment and platform loyalty.","no","not-applicable","Observational — current-state characterization of IBM System i momentum","0","enterprise-servers-and-architecture","2000s","","","","not_in_pdf"
"508","204","2006-11-20","System i: The Platform That Won't Die","The Four Hundred","The Four Hundred staff","press-article","Hardware continues on a better, faster, smaller curve.","Kastner summarized System i hardware trajectory, noting IBM's continued investment in the platform.","no","not-applicable","Observational — general description of hardware improvement trajectory (Moore's Law)","0","vendor-strategy-and-ma","2000s","","","","not_in_pdf"
"509","204","2006-11-20","System i: The Platform That Won't Die","The Four Hundred","The Four Hundred staff","press-article","Next year this time, we'll be talking about SOA on the System i.","Kastner predicted that service-oriented architecture would become the central discussion topic for System i users within twelve months.","yes","high","SOA on the System i / IBM i did become a major focus by 2007–2008 as IBM pushed WebSphere and SOA tooling for the platform, validating the near-term prediction.","1","databases-and-middleware","2000s","","","","not_in_pdf"
"510","205","2006-11-28","SOA Changes Workload Patterns","InternetNews","InternetNews staff","press-article","The Planner sits there and watches transactions going by and helps IT planners understand how capacity will be changing under their SOA applications.","Aberdeen Group published research on how SOA adoption was changing server workloads and capacity planning requirements. The article referenced NetManage's capacity planning tool.","no","not-applicable","Observational — description of a capacity planning product feature for SOA environments","0","enterprise-servers-and-architecture","2000s","","","","not_in_pdf"
"511","205","2006-11-28","SOA Changes Workload Patterns","InternetNews","InternetNews staff","press-article","Right now people are just wetting their fingers and seeing which way the wind is blowing. There won't be a big bang.","Kastner described the cautious, incremental approach most enterprises were taking to SOA adoption.","yes","high","SOA adoption did follow an incremental rather than big-bang pattern throughout 2007–2012, with gradual service decomposition rather than wholesale replacement. The 'no big bang' forecast proved accurate.","5","it-spend-and-market-outlook","2000s","","","","not_in_pdf"
"512","206","2006-12-19","SOA is hard to do, Aberdeen finds","SearchWebServices.com (TechTarget)","Rich Seeley","press-article","The honeymoon is over. The promise of SOA cost-savings remains its biggest lure. COBOL has reached the breaking point and beyond.","Kastner reported findings from Aberdeen's SOA research, noting that early enthusiasm had given way to the difficult realities of implementation.","no","not-applicable","Observational — current-state characterization of COBOL legacy debt and SOA maturity ('honeymoon is over')","0","vendor-strategy-and-ma","2000s","","","","not_in_pdf"
"513","206","2006-12-19","SOA is hard to do, Aberdeen finds","SearchWebServices.com (TechTarget)","Rich Seeley","press-article","The answer plain and simple is that if I can keep the business logic of how to do the transactions, how to do the database in my existing legacy code, and then with SOA and Web services turn it into a composite, I can extend the life of that application indefinitely. I can clean up the front end with a variety of new Web development tools. I get rid of all of the user inefficiencies of having to deal with multiple green screens and give people the rich Windows user interface that they are used to and can get a lot more information per square inch of screen real estate.","Kastner explained composite applications as an SOA adoption path that preserved existing COBOL business logic while modernizing the user interface.","yes","high","The SOA/Web services approach of preserving legacy business logic while modernizing the front end and interfaces became the dominant enterprise modernization pattern throughout 2007–2015. This description of extending application life via service wrapping proved highly accurate.","5","databases-and-middleware","2000s","","","","not_in_pdf"
"514","206","2006-12-19","SOA is hard to do, Aberdeen finds","SearchWebServices.com (TechTarget)","Rich Seeley","press-article","They are buying not only into the lipstick approach of putting a pretty face on an old tired application with Web services, but they're also moving toward a much more controlled, governed and smaller code base by populating a services-oriented architecture.","Kastner described leading banking institutions that were progressing beyond cosmetic SOA to true architectural modernization.","yes","high","The 'lipstick on legacy' plus SOA governance pattern did become the dominant enterprise modernization approach, with organizations populating service registries and reducing code sprawl. The prediction of a dual benefit (modernized UI + governed architecture) proved accurate.","5","emerging-tech","2000s","","","","not_in_pdf"
"515","206","2006-12-19","SOA is hard to do, Aberdeen finds","SearchWebServices.com (TechTarget)","Rich Seeley","press-article","When they get done a year or two from now, they will end up with 200 services and an order of magnitude less code. They should see dramatically decreased software maintenance costs and hence lower application development lifecycle costs. That is a huge driver for companies.","Kastner described a New York banking institution undertaking a major SOA project to replace 1,500 individual applications.","yes","medium","The prediction that SOA projects would reduce code bases and dramatically cut software maintenance costs proved partially correct — successful SOA implementations did reduce maintenance costs, but many enterprises found SOA harder than expected and the order-of-magnitude code reduction was aspirational rather than typical.","3","vendor-strategy-and-ma","2000s","","","","not_in_pdf"
"516","207","2006-12-21","The traditional ESB gets weaved into an SOA fabric","SearchWebServices.com (TechTarget)","Rich Seeley","press-article","My hypothesis going into the year was that the EAI companies would take it on the chin. The reality is the vast majority of their customers are fairly easily connecting SOA via adapters to their EAI fabric or infrastructure.","Kastner reported that his research into enterprise SOA adoption had disproved his own prediction that enterprise application integration vendors would be displaced.","yes","medium","Kastner's hypothesis that EAI vendors would suffer proved partially wrong — many EAI vendors (TIBCO, webMethods, IBM WebSphere MQ) successfully repositioned as ESB/SOA infrastructure providers and adapted rather than being displaced. The reality of adapter-based coexistence was more nuanced than a clean disruption.","1","databases-and-middleware","2000s","","","","not_in_pdf"
"517","207","2006-12-21","The traditional ESB gets weaved into an SOA fabric","SearchWebServices.com (TechTarget)","Rich Seeley","press-article","We're seeing at this point that roughly 50 percent of the Global 5000 are actively engaged in business process management development.","Kastner cited Aberdeen's research to quantify BPM adoption among the world's largest enterprises.","no","not-applicable","Observational — current-state research finding about Global 5000 BPM adoption rates as of late 2006.","0","vendor-strategy-and-ma","2000s","","","","not_in_pdf"
"518","207","2006-12-21","The traditional ESB gets weaved into an SOA fabric","SearchWebServices.com (TechTarget)","Rich Seeley","press-article","You should note that Tibco has invested heavily in BPM over the last several years. Fiorano also beefed up their ESB product significantly in the BPM space in the last six months.","Kastner noted that webMethods was not alone in integrating BPM capabilities into its ESB offering.","no","not-applicable","Observational — current-state description of TIBCO and Fiorano's recent product investments","0","vendor-strategy-and-ma","2000s","","","","not_in_pdf"
"519","208","2007-04-01","Salesforce.com's Apex Code: Enterprise Innovation or Lock-In?","Datamation","Robyn Weisman","press-article","They like the idea of opening up the application to custom integration, but are perplexed over why Salesforce is inventing a new scripting language when Perl, Ruby, and Javascript are already well understood by enterprise developers.","Salesforce.com had launched Apex, a proprietary scripting language for customizing its platform. Kastner reported on mixed enterprise reaction.","yes","high","Enterprise developers were indeed perplexed by Salesforce's proprietary Apex language — the lock-in concern proved well-founded, and the debate over proprietary vs. standard languages in PaaS environments persisted for years. Salesforce's ecosystem did grow but lock-in remained a persistent enterprise concern.","5","enterprise-servers-and-architecture","2000s","","","","not_in_pdf"
"520","209","2012-07-10","Massachusetts health reform: model for nation, but costly for some","Christian Science Monitor","Mike Eckel","press-article","It's unaffordable, it's ridiculous, and it's absurd. I can't wait for us to get on Medicare.","The article profiled Massachusetts residents' reactions to the state's healthcare reform law, which served as a model for the Affordable Care Act. Kastner described the cost burden on self-employed individuals.","no","not-applicable","Observational — personal expression of frustration with Massachusetts health insurance costs","0","vendor-strategy-and-ma","2010s","","","","not_in_pdf"
"521","209","2012-07-10","Massachusetts health reform: model for nation, but costly for some","Christian Science Monitor","Mike Eckel","press-article","It's just that in this country, 'try to do the right thing' has just gotten too expensive.","Kastner reflected on the burden of purchasing compliant health insurance as a self-employed person under Massachusetts law.","no","not-applicable","Observational — personal opinion on affordability of doing the right thing in the US healthcare system","0","vendor-strategy-and-ma","2010s","","","","not_in_pdf"
"522","210","","AMD Skips DDR2 in 2005","Kastner Blog","Peter S. Kastner","blog-post","","","","","","","pcs-and-clients","","","","","pdf_format_mismatch"
"523","211","","AOL, Comcast, T-Mobile Users Lead Denial of Service Attacks","Kastner Blog","Peter S. Kastner","blog-post","","","","","","","mobile-and-wireless","","","","","pdf_format_mismatch"
"524","212","","ATI: Are Intel Notebooks Hurting ATI?","Kastner Blog","Peter S. Kastner","blog-post","","","","","","","pcs-and-clients","","","","","pdf_format_mismatch"
"525","213","","All Hell Will Break Loose on April 12th","Kastner Blog","Peter S. Kastner","blog-post","","","","","","","vendor-strategy-and-ma","","","","","pdf_format_mismatch"
"526","214","","An Introduction to RAID6","Kastner Blog","Peter S. Kastner","blog-post","","","","","","","vendor-strategy-and-ma","","","","","pdf_format_mismatch"
"527","215","","Apple ""Tiger"" OS X 10.4 Ships April 29th for Clients and Servers","Kastner Blog","Peter S. Kastner","blog-post","","","","","","","pcs-and-clients","","","","","pdf_format_mismatch"
"528","216","","Apple Lowers Power Mac Prices -- a Lot","Kastner Blog","Peter S. Kastner","blog-post","","","","","","","pcs-and-clients","","","","","pdf_format_mismatch"
"529","217","","Bloggers not protected by Constitution, says Apple","Kastner Blog","Peter S. Kastner","blog-post","","","","","","","pcs-and-clients","","","","","pdf_format_mismatch"
"530","218","","Caller ID: Now As Useful as Warm SPIT","Kastner Blog","Peter S. Kastner","blog-post","","","","","","","vendor-strategy-and-ma","","","","","pdf_format_mismatch"
"531","219","","Case Silencing Debacle","Kastner Blog","Peter S. Kastner","blog-post","","","","","","","vendor-strategy-and-ma","","","","","pdf_format_mismatch"
"532","220","","China Government Squeezes Foreign Software Companies","Kastner Blog","Peter S. Kastner","blog-post","","","","","","","vendor-strategy-and-ma","","","","","pdf_format_mismatch"
"533","221","","Computer Games at Work Face Government Scrutiny","Kastner Blog","Peter S. Kastner","blog-post","","","","","","","vendor-strategy-and-ma","","","","","pdf_format_mismatch"
"534","222","","Corel WordPerfect Gets Some Justice","Kastner Blog","Peter S. Kastner","blog-post","","","","","","","vendor-strategy-and-ma","","","","","pdf_format_mismatch"
"536","224","","Dell Dumps White Boxes","Kastner Blog","Peter S. Kastner","blog-post","","","","","","","pcs-and-clients","","","","","pdf_format_mismatch"
"537","225","","Dell Reports (Ho Hum) Another Stellar Quarter","Kastner Blog","Peter S. Kastner","blog-post","","","","","","","pcs-and-clients","","","","","pdf_format_mismatch"
"538","226","","Dell Stops Dating AMD, Goes Back to Steady Intel","Kastner Blog","Peter S. Kastner","blog-post","","","","","","","pcs-and-clients","","","","","pdf_format_mismatch"
"539","227","","Dell, HP, Lenovo Roll Out Dual-Core Desktops","Kastner Blog","Peter S. Kastner","blog-post","","","","","","","pcs-and-clients","","","","","pdf_format_mismatch"
"540","228","","Desktop PCs: The Essential Consumer Buying Guide","Kastner Blog","Peter S. Kastner","blog-post","","","","","","","pcs-and-clients","","","","","pdf_format_mismatch"
"541","229","","Desktop Search Overview","Kastner Blog","Peter S. Kastner","blog-post","","","","","","","pcs-and-clients","","","","","pdf_format_mismatch"
"542","230","","Digital Music Player Sales to Grow 57 Pct","Kastner Blog","Peter S. Kastner","blog-post","","","","","","","vendor-strategy-and-ma","","","","","pdf_format_mismatch"
"543","231","","EU Blinks. Microsoft Penalties Deferred.","Kastner Blog","Peter S. Kastner","blog-post","","","","","","","vendor-strategy-and-ma","","","","","pdf_format_mismatch"
"544","232","","EU Gives Microsoft June 1 Deadline","Kastner Blog","Peter S. Kastner","blog-post","","","","","","","vendor-strategy-and-ma","","","","","pdf_format_mismatch"
"545","233","","Electronic Bank Robbing is So Much Easier","Kastner Blog","Peter S. Kastner","blog-post","","","","","","","vendor-strategy-and-ma","","","","","pdf_format_mismatch"
"546","234","","Extended Business Markup Language (XBRL) Improves Financial Reporting","Kastner Blog","Peter S. Kastner","blog-post","","","","","","","vendor-strategy-and-ma","","","","","pdf_format_mismatch"
"547","235","","First Digital Mop Debuts","Kastner Blog","Peter S. Kastner","blog-post","","","","","","","vendor-strategy-and-ma","","","","","pdf_format_mismatch"
"548","236","","First Reviews: Dell Dual-Core XPS Gen5","Kastner Blog","Peter S. Kastner","blog-post","","","","","","","pcs-and-clients","","","","","pdf_format_mismatch"
"549","237","","Friday, February 25, 2005","Kastner Blog","Peter S. Kastner","blog-post","","","","","","","vendor-strategy-and-ma","","","","","pdf_format_mismatch"
"550","238","","Friday, July 08, 2005","Kastner Blog","Peter S. Kastner","blog-post","","","","","","","vendor-strategy-and-ma","","","","","pdf_format_mismatch"
"551","239","","Friday, March 11, 2005","Kastner Blog","Peter S. Kastner","blog-post","","","","","","","vendor-strategy-and-ma","","","","","pdf_format_mismatch"
"552","240","","Game Consoles: Place Your Bets","Kastner Blog","Peter S. Kastner","blog-post","","","","","","","vendor-strategy-and-ma","","","","","pdf_format_mismatch"
"553","241","","Goldman Sachs: Slow Tech Growth","Kastner Blog","Peter S. Kastner","blog-post","","","","","","","it-spend-and-market-outlook","","","","","pdf_format_mismatch"
"554","242","","Google Converts Your Phone Number Into a Map to Your House","Kastner Blog","Peter S. Kastner","blog-post","","","","","","","vendor-strategy-and-ma","","","","","pdf_format_mismatch"
"555","243","","Google plans web page links. Good or bad?","Kastner Blog","Peter S. Kastner","blog-post","","","","","","","vendor-strategy-and-ma","","","","","pdf_format_mismatch"
"556","244","","Grid Computing Looking Forward","Kastner Blog","Peter S. Kastner","blog-post","","","","","","","vendor-strategy-and-ma","","","","","pdf_format_mismatch"
"557","245","","HP Settles EMC Patent Suit, Becomes Reseller","Kastner Blog","Peter S. Kastner","blog-post","","","","","","","storage","","","","","pdf_format_mismatch"
"558","246","","HP Splits Off PCs From Imaging Division","Kastner Blog","Peter S. Kastner","blog-post","","","","","","","vendor-strategy-and-ma","","","","","pdf_format_mismatch"
"559","247","","HP and IBM Push Server Blades Into SMB","Kastner Blog","Peter S. Kastner","blog-post","","","","","","","enterprise-servers-and-architecture","","","","","pdf_format_mismatch"
"560","248","","HP invents transistor replacement?","Kastner Blog","Peter S. Kastner","blog-post","","","","","","","vendor-strategy-and-ma","","","","","pdf_format_mismatch"
"561","249","","HP to Ship ProLiant Servers with Smaller, SAS-Based Drives","Kastner Blog","Peter S. Kastner","blog-post","","","","","","","vendor-strategy-and-ma","","","","","pdf_format_mismatch"
"562","250","","How the FBI Blew a Half Billion on IT","Kastner Blog","Peter S. Kastner","blog-post","","","","","","","vendor-strategy-and-ma","","","","","pdf_format_mismatch"
"563","251","","IBM Closes PC Deal With Lenovo","Kastner Blog","Peter S. Kastner","blog-post","","","","","","","pcs-and-clients","","","","","pdf_format_mismatch"
"564","252","","IBM PC buyer Lenovo has piddling profits","Kastner Blog","Peter S. Kastner","blog-post","","","","","","","pcs-and-clients","","","","","pdf_format_mismatch"
"565","253","","IBM iSeries Customers in Religious Battle: Java or .Net?","Kastner Blog","Peter S. Kastner","blog-post","","","","","","","emerging-tech","","","","","pdf_format_mismatch"
"566","254","","IBM plans to buy business software maker Ascential Software","Kastner Blog","Peter S. Kastner","blog-post","","","","","","","vendor-strategy-and-ma","","","","","pdf_format_mismatch"
"567","255","","IRS Opens Door to Identity Theft","Kastner Blog","Peter S. Kastner","blog-post","","","","","","","vendor-strategy-and-ma","","","","","pdf_format_mismatch"
"568","256","","IT Holiday: No Microsoft Patches This Month","Kastner Blog","Peter S. Kastner","blog-post","","","","","","","vendor-strategy-and-ma","","","","","pdf_format_mismatch"
"569","257","","Intel Dual Processor Performance Revealed","Kastner Blog","Peter S. Kastner","blog-post","","","","","","","pcs-and-clients","","","","","pdf_format_mismatch"
"570","258","","Intel Dual-Core Processors on Desktops First -- Soon","Kastner Blog","Peter S. Kastner","blog-post","","","","","","","pcs-and-clients","","","","","pdf_format_mismatch"
"571","259","","Intel Rolls Out 64 Bit Xeons at Pentium Prices","Kastner Blog","Peter S. Kastner","blog-post","","","","","","","pcs-and-clients","","","","","pdf_format_mismatch"
"572","260","","Intel and AMD Up the Server Processor Ante","Kastner Blog","Peter S. Kastner","blog-post","","","","","","","pcs-and-clients","","","","","pdf_format_mismatch"
"573","261","","Intel delivers new 64-bit desktop processors","Kastner Blog","Peter S. Kastner","blog-post","","","","","","","pcs-and-clients","","","","","pdf_format_mismatch"
"574","262","","Intel on Technology Futures","Kastner Blog","Peter S. Kastner","blog-post","","","","","","","pcs-and-clients","","","","","pdf_format_mismatch"
"575","263","","Internet Explorer 7.0 Details Start Leaking","Kastner Blog","Peter S. Kastner","blog-post","","","","","","","e-commerce-and-internet","","","","","pdf_format_mismatch"
"576","264","","Is Google Quietly Leading a revolution in Open Web Programming?","Kastner Blog","Peter S. Kastner","blog-post","","","","","","","vendor-strategy-and-ma","","","","","pdf_format_mismatch"
"577","265","","Itanium Has a Bad Week","Kastner Blog","Peter S. Kastner","blog-post","","","","","","","enterprise-servers-and-architecture","","","","","pdf_format_mismatch"
"578","266","","Lack of Cybersecurity Standards Tempts Congress","Kastner Blog","Peter S. Kastner","blog-post","","","","","","","vendor-strategy-and-ma","","","","","pdf_format_mismatch"
"580","268","","Microsoft Converges Business Solutions Business","Kastner Blog","Peter S. Kastner","blog-post","","","","","","","vendor-strategy-and-ma","","","","","pdf_format_mismatch"
"581","269","","Microsoft Creates Real-World Virus Testing Lab","Kastner Blog","Peter S. Kastner","blog-post","","","","","","","security","","","","","pdf_format_mismatch"
"583","271","","Microsoft Kills Two Birds With One Activation","Kastner Blog","Peter S. Kastner","blog-post","","","","","","","vendor-strategy-and-ma","","","","","pdf_format_mismatch"
"584","272","","Microsoft Posts Major Security Fixes","Kastner Blog","Peter S. Kastner","blog-post","","","","","","","security","","","","","pdf_format_mismatch"
"585","273","","Microsoft Releases Windows Server 2003 SP1","Kastner Blog","Peter S. Kastner","blog-post","","","","","","","os-and-platforms","","","","","pdf_format_mismatch"
"586","274","","Microsoft Talks Longhorn communications fundamentals","Kastner Blog","Peter S. Kastner","blog-post","","","","","","","vendor-strategy-and-ma","","","","","pdf_format_mismatch"
"587","275","","Microsoft Windows Server Takes Half the Loaf","Kastner Blog","Peter S. Kastner","blog-post","","","","","","","os-and-platforms","","","","","pdf_format_mismatch"
"588","276","","Microsoft Wins Big With Symbian's Sync Capitulation","Kastner Blog","Peter S. Kastner","blog-post","","","","","","","vendor-strategy-and-ma","","","","","pdf_format_mismatch"
"589","277","","Microsoft Xbox2 to Challenge Sony PS3","Kastner Blog","Peter S. Kastner","blog-post","","","","","","","vendor-strategy-and-ma","","","","","pdf_format_mismatch"
"590","278","","Microsoft under fire for censoring China blogs","Kastner Blog","Peter S. Kastner","blog-post","","","","","","","vendor-strategy-and-ma","","","","","pdf_format_mismatch"
"591","279","","Monday, July 11, 2005","Kastner Blog","Peter S. Kastner","blog-post","","","","","","","vendor-strategy-and-ma","","","","","pdf_format_mismatch"
"592","280","","Monday, June 06, 2005","Kastner Blog","Peter S. Kastner","blog-post","","","","","","","vendor-strategy-and-ma","","","","","pdf_format_mismatch"
"593","281","","Monday, March 07, 2005","Kastner Blog","Peter S. Kastner","blog-post","","","","","","","vendor-strategy-and-ma","","","","","pdf_format_mismatch"
"594","282","","Monday, March 14, 2005","Kastner Blog","Peter S. Kastner","blog-post","","","","","","","vendor-strategy-and-ma","","","","","pdf_format_mismatch"
"595","283","","Monday, March 21, 2005","Kastner Blog","Peter S. Kastner","blog-post","","","","","","","vendor-strategy-and-ma","","","","","pdf_format_mismatch"
"596","284","","Monday, March 28, 2005","Kastner Blog","Peter S. Kastner","blog-post","","","","","","","vendor-strategy-and-ma","","","","","pdf_format_mismatch"
"597","285","","Monday, May 23, 2005","Kastner Blog","Peter S. Kastner","blog-post","","","","","","","vendor-strategy-and-ma","","","","","pdf_format_mismatch"
"599","287","","Napster takes rental media to portables","Kastner Blog","Peter S. Kastner","blog-post","","","","","","","vendor-strategy-and-ma","","","","","pdf_format_mismatch"
"600","288","","NetApp & IBM Partner on Networked Storage","Kastner Blog","Peter S. Kastner","blog-post","","","","","","","storage","","","","","pdf_format_mismatch"
"601","289","","Note to Microsoft on Longhorn","Kastner Blog","Peter S. Kastner","blog-post","","","","","","","vendor-strategy-and-ma","","","","","pdf_format_mismatch"
"602","290","","Open Source Servers is a Dumb Idea","Kastner Blog","Peter S. Kastner","blog-post","","","","","","","os-and-platforms","","","","","pdf_format_mismatch"
"603","291","","Open-Source Fans Often Miss Business Basics","Kastner Blog","Peter S. Kastner","blog-post","","","","","","","os-and-platforms","","","","","pdf_format_mismatch"
"604","292","","Oracle Outbids SAP for Retek's Retail Apps","Kastner Blog","Peter S. Kastner","blog-post","","","","","","","databases-and-middleware","","","","","pdf_format_mismatch"
"605","293","","Orion's 96 Processor Linux Cluster","Kastner Blog","Peter S. Kastner","blog-post","","","","","","","os-and-platforms","","","","","pdf_format_mismatch"
"606","294","","PC Market Growth Slows","Kastner Blog","Peter S. Kastner","blog-post","","","","","","","pcs-and-clients","","","","","pdf_format_mismatch"
"607","295","","Party's Over: IRS Discovers eBay","Kastner Blog","Peter S. Kastner","blog-post","","","","","","","e-commerce-and-internet","","","","","pdf_format_mismatch"
"608","296","","Pod Guides, Another Creative Use for iPods","Kastner Blog","Peter S. Kastner","blog-post","","","","","","","vendor-strategy-and-ma","","","","","pdf_format_mismatch"
"609","297","","Real Time, Online Hunting Experience","Kastner Blog","Peter S. Kastner","blog-post","","","","","","","vendor-strategy-and-ma","","","","","pdf_format_mismatch"
"610","298","","Retek fight intensifies: Oracle counters SAP's new bid","Kastner Blog","Peter S. Kastner","blog-post","","","","","","","databases-and-middleware","","","","","pdf_format_mismatch"
"611","299","","SP2 is Coming, Automatically","Kastner Blog","Peter S. Kastner","blog-post","","","","","","","vendor-strategy-and-ma","","","","","pdf_format_mismatch"
"612","300","","Samsung Introduces First SATA II Hard Drive","Kastner Blog","Peter S. Kastner","blog-post","","","","","","","vendor-strategy-and-ma","","","","","pdf_format_mismatch"
"613","301","","Saturday, April 02, 2005","Kastner Blog","Peter S. Kastner","blog-post","","","","","","","vendor-strategy-and-ma","","","","","pdf_format_mismatch"
"614","302","","Saturday, February 26, 2005","Kastner Blog","Peter S. Kastner","blog-post","","","","","","","vendor-strategy-and-ma","","","","","pdf_format_mismatch"
"615","303","","Saturday, March 05, 2005","Kastner Blog","Peter S. Kastner","blog-post","","","","","","","vendor-strategy-and-ma","","","","","pdf_format_mismatch"
"617","305","","Sun Licensing Plan Stops Short of Open Source","Kastner Blog","Peter S. Kastner","blog-post","","","","","","","os-and-platforms","","","","","pdf_format_mismatch"
"618","306","","Sunday, April 03, 2005","Kastner Blog","Peter S. Kastner","blog-post","","","","","","","vendor-strategy-and-ma","","","","","pdf_format_mismatch"
"619","307","","Sunday, April 10, 2005","Kastner Blog","Peter S. Kastner","blog-post","","","","","","","vendor-strategy-and-ma","","","","","pdf_format_mismatch"
"620","308","","Sunday, February 06, 2005","Kastner Blog","Peter S. Kastner","blog-post","","","","","","","vendor-strategy-and-ma","","","","","pdf_format_mismatch"
"621","309","","Sunday, February 13, 2005","Kastner Blog","Peter S. Kastner","blog-post","","","","","","","vendor-strategy-and-ma","","","","","pdf_format_mismatch"
"622","310","","Sunday, February 27, 2005","Kastner Blog","Peter S. Kastner","blog-post","","","","","","","vendor-strategy-and-ma","","","","","pdf_format_mismatch"
"623","311","","Sunday, January 22, 2006","Kastner Blog","Peter S. Kastner","blog-post","","","","","","","vendor-strategy-and-ma","","","","","pdf_format_mismatch"
"624","312","","Sunday, June 05, 2005","Kastner Blog","Peter S. Kastner","blog-post","","","","","","","vendor-strategy-and-ma","","","","","pdf_format_mismatch"
"625","313","","Sunday, June 26, 2005","Kastner Blog","Peter S. Kastner","blog-post","","","","","","","vendor-strategy-and-ma","","","","","pdf_format_mismatch"
"626","314","","Sunday, March 13, 2005","Kastner Blog","Peter S. Kastner","blog-post","","","","","","","vendor-strategy-and-ma","","","","","pdf_format_mismatch"
"627","315","","Sunday, March 20, 2005","Kastner Blog","Peter S. Kastner","blog-post","","","","","","","vendor-strategy-and-ma","","","","","pdf_format_mismatch"
"628","316","","Sunday, March 27, 2005","Kastner Blog","Peter S. Kastner","blog-post","","","","","","","vendor-strategy-and-ma","","","","","pdf_format_mismatch"
"629","317","","Sunday, May 01, 2005","Kastner Blog","Peter S. Kastner","blog-post","","","","","","","vendor-strategy-and-ma","","","","","pdf_format_mismatch"
"630","318","","T-Mobile Phone and Data Hacked","Kastner Blog","Peter S. Kastner","blog-post","","","","","","","mobile-and-wireless","","","","","pdf_format_mismatch"
"631","319","","T-Mobile Pulls HP 6315 SmartPhone","Kastner Blog","Peter S. Kastner","blog-post","","","","","","","mobile-and-wireless","","","","","pdf_format_mismatch"
"632","320","","The End is (Really) in Sight for Analog TVs","Kastner Blog","Peter S. Kastner","blog-post","","","","","","","vendor-strategy-and-ma","","","","","pdf_format_mismatch"
"633","321","","The Implications of Doubling the Number of the World's Computer Users","Kastner Blog","Peter S. Kastner","blog-post","","","","","","","vendor-strategy-and-ma","","","","","pdf_format_mismatch"
"634","322","","The Next IT Revolution","Kastner Blog","Peter S. Kastner","blog-post","","","","","","","vendor-strategy-and-ma","","","","","pdf_format_mismatch"
"635","323","","Thursday, April 07, 2005","Kastner Blog","Peter S. Kastner","blog-post","","","","","","","vendor-strategy-and-ma","","","","","pdf_format_mismatch"
"636","324","","Thursday, February 17, 2005","Kastner Blog","Peter S. Kastner","blog-post","","","","","","","vendor-strategy-and-ma","","","","","pdf_format_mismatch"
"637","325","","Thursday, February 24, 2005","Kastner Blog","Peter S. Kastner","blog-post","","","","","","","vendor-strategy-and-ma","","","","","pdf_format_mismatch"
"638","326","","Thursday, June 09, 2005","Kastner Blog","Peter S. Kastner","blog-post","","","","","","","vendor-strategy-and-ma","","","","","pdf_format_mismatch"
"639","327","","Thursday, May 05, 2005","Kastner Blog","Peter S. Kastner","blog-post","","","","","","","vendor-strategy-and-ma","","","","","pdf_format_mismatch"
"640","328","","Thursday, May 26, 2005","Kastner Blog","Peter S. Kastner","blog-post","","","","","","","vendor-strategy-and-ma","","","","","pdf_format_mismatch"
"641","329","","TiVo Wins Deal with Comcast, Stock Jumps","Kastner Blog","Peter S. Kastner","blog-post","","","","","","","vendor-strategy-and-ma","","","","","pdf_format_mismatch"
"642","330","","Tip: Faster Windows Startup","Kastner Blog","Peter S. Kastner","blog-post","","","","","","","os-and-platforms","","","","","pdf_format_mismatch"
"643","331","","Tips: iPod Without the iTunes","Kastner Blog","Peter S. Kastner","blog-post","","","","","","","vendor-strategy-and-ma","","","","","pdf_format_mismatch"
"644","332","","Tuesday, April 05, 2005","Kastner Blog","Peter S. Kastner","blog-post","","","","","","","vendor-strategy-and-ma","","","","","pdf_format_mismatch"
"645","333","","Tuesday, February 08, 2005","Kastner Blog","Peter S. Kastner","blog-post","","","","","","","vendor-strategy-and-ma","","","","","pdf_format_mismatch"
"646","334","","Tuesday, February 22, 2005","Kastner Blog","Peter S. Kastner","blog-post","","","","","","","vendor-strategy-and-ma","","","","","pdf_format_mismatch"
"647","335","","Tuesday, March 15, 2005","Kastner Blog","Peter S. Kastner","blog-post","","","","","","","vendor-strategy-and-ma","","","","","pdf_format_mismatch"
"648","336","","Tuesday, March 22, 2005","Kastner Blog","Peter S. Kastner","blog-post","","","","","","","vendor-strategy-and-ma","","","","","pdf_format_mismatch"
"649","337","","Tuesday, May 03, 2005","Kastner Blog","Peter S. Kastner","blog-post","","","","","","","vendor-strategy-and-ma","","","","","pdf_format_mismatch"
"650","338","","Tuesday, May 17, 2005","Kastner Blog","Peter S. Kastner","blog-post","","","","","","","vendor-strategy-and-ma","","","","","pdf_format_mismatch"
"651","339","","Tuesday, May 31, 2005","Kastner Blog","Peter S. Kastner","blog-post","","","","","","","vendor-strategy-and-ma","","","","","pdf_format_mismatch"
"652","340","","Turbocharge Your Linksys WRT54G Access Point router","Kastner Blog","Peter S. Kastner","blog-post","","","","","","","networking-and-comms","","","","","pdf_format_mismatch"
"653","341","","UPS: RFID not delivering enough value","Kastner Blog","Peter S. Kastner","blog-post","","","","","","","vendor-strategy-and-ma","","","","","pdf_format_mismatch"
"654","342","","Virtual Computing Age Arrives Soon","Kastner Blog","Peter S. Kastner","blog-post","","","","","","","vendor-strategy-and-ma","","","","","pdf_format_mismatch"
"655","343","","Wednesday, April 13, 2005","Kastner Blog","Peter S. Kastner","blog-post","","","","","","","vendor-strategy-and-ma","","","","","pdf_format_mismatch"
"656","344","","Wednesday, February 23, 2005","Kastner Blog","Peter S. Kastner","blog-post","","","","","","","vendor-strategy-and-ma","","","","","pdf_format_mismatch"
"657","345","","Wednesday, June 08, 2005","Kastner Blog","Peter S. Kastner","blog-post","","","","","","","vendor-strategy-and-ma","","","","","pdf_format_mismatch"
"658","346","","Wednesday, June 15, 2005","Kastner Blog","Peter S. Kastner","blog-post","","","","","","","vendor-strategy-and-ma","","","","","pdf_format_mismatch"
"659","347","","Wednesday, March 09, 2005","Kastner Blog","Peter S. Kastner","blog-post","","","","","","","vendor-strategy-and-ma","","","","","pdf_format_mismatch"
"660","348","","Wednesday, March 16, 2005","Kastner Blog","Peter S. Kastner","blog-post","","","","","","","vendor-strategy-and-ma","","","","","pdf_format_mismatch"
"661","349","","Wednesday, March 23, 2005","Kastner Blog","Peter S. Kastner","blog-post","","","","","","","vendor-strategy-and-ma","","","","","pdf_format_mismatch"
"662","350","","What Bill Gates Is Thinking","Kastner Blog","Peter S. Kastner","blog-post","","","","","","","vendor-strategy-and-ma","","","","","pdf_format_mismatch"
"663","351","","Why Libraries Lack Internet Capacity","Kastner Blog","Peter S. Kastner","blog-post","","","","","","","e-commerce-and-internet","","","","","pdf_format_mismatch"
"664","352","","Win32.Glieder.AG aks Trojan.Tooso.B is One Mean Virus to Watch","Kastner Blog","Peter S. Kastner","blog-post","","","","","","","security","","","","","pdf_format_mismatch"
"665","353","","Windows XP May Gain Longhorn Features","Kastner Blog","Peter S. Kastner","blog-post","","","","","","","os-and-platforms","","","","","pdf_format_mismatch"
"666","354","","Windows XP Professional XP64 Edition","Kastner Blog","Peter S. Kastner","blog-post","","","","","","","os-and-platforms","","","","","pdf_format_mismatch"
"667","355","","Wireless Quality-of-Service Media Protocols","Kastner Blog","Peter S. Kastner","blog-post","","","","","","","mobile-and-wireless","","","","","pdf_format_mismatch"
"668","356","","Xrackhosting debuts dedicated Mac Mini hosting","Kastner Blog","Peter S. Kastner","blog-post","","","","","","","vendor-strategy-and-ma","","","","","pdf_format_mismatch"
"669","357","","Yahoo Instant Messenger Security Flaw","Kastner Blog","Peter S. Kastner","blog-post","","","","","","","security","","","","","pdf_format_mismatch"
"670","358","","Your Computer Legal Rights and Responsibilities","Kastner Blog","Peter S. Kastner","blog-post","","","","","","","vendor-strategy-and-ma","","","","","pdf_format_mismatch"
"671","359","","ZD on 64 Bits: Wrong Facts Hurt Your Argument","Kastner Blog","Peter S. Kastner","blog-post","","","","","","","vendor-strategy-and-ma","","","","","pdf_format_mismatch"
"672","360","","[Blog post]","Kastner Blog","Peter S. Kastner","blog-post","","","","","","","vendor-strategy-and-ma","","","","","headline_too_short_to_probe"
"673","637","2002-08-19","HP-Compaq chip away at to-do list","Network World","Deni Connor","online-article","I would expect [at the] end of October-November rolling out to the end of HP's fiscal year to begin to see the first servers re-engineered by the dual staffs,","Commenting on post-merger HP-Compaq server integration timing: ""I would expect [at the] end of October-November rolling out to the end of HP's fiscal year to begin to see the first servers re-engineered by the dual staffs,"" says Peter Kastner, chief research officer for Aberdeen Group. One example might be the two eight-way ProLiant servers HP plans to announce in the first half of next year.","yes","high","Predicted post-merger HP-Compaq server re-engineering timing (Oct/Nov-Jan 2003); the first combined ProLiant/Integrity server refreshes did ship in that window, confirming the forecast.","1","pcs-and-clients","2000s","","","","pdf_format_mismatch"
"674","638","2003-01-01","IBM and Linux: A Murky Future Ahead?","DataBased Advisor","Staff (on Aberdeen Group report)","magazine-article","Users need to understand that with the exception of IBM's own middleware products, the company is dependent on its Linux operating system platform partners -- Red Hat, SuSE, The SCO Group, and Turbolinux -- and its ISV partners to improve consistency,","On IBM's cross-eServer Linux strategy: ""Users need to understand that with the exception of IBM's own middleware products, the company is dependent on its Linux operating system platform partners -- Red Hat, SuSE, The SCO Group, and Turbolinux -- and its ISV partners to improve consistency,"" says Peter Kastner, executive vice president and chief research officer at Aberdeen.","yes","high","Predicted that IBM's Linux strategy depended on distribution-partner and ISV consistency; SCO litigation and Red Hat/SuSE consolidation over 2003-2006 made this dependency the critical vector.","3","databases-and-middleware","2000s","","","","pdf_format_mismatch"
"675","639","1996-10-30","IBM embraces Java as key to platform compatibility","Computing (UK)","Newmedia","magazine-article","IBM has too many platforms. But it's on the right track.","On IBM's Java-based cross-platform strategy: ""Peter Kastner, group vice president at market research company Aberdeen Group, said: 'IBM has too many platforms. But it's on the right track.' Kastner said he would normally be sceptical of the claims made within IBM for Java, except that the independent software vendor (ISV) community is singing the same song.""","yes","high","Identified IBM's overhead from multiple platforms and bet on Java/ISV ecosystem as a rationalization vector; Java did become the dominant enterprise portability layer for the next decade.","5","emerging-tech","1990s","","","","pdf_format_mismatch"
"676","640","2004-04-01","IBM Opens, Customizes Power Chips","TechNewsWorld","Staff (Tech Bytes)","online-article","No one today considers designing a new product by designing the processor to run it, so IBM wants to sell more Power processor cores while not shoving a full-blown microprocessor design down designers' throats,","On IBM opening the Power architecture to licensees and customization partners: ""No one today considers designing a new product by designing the processor to run it, so IBM wants to sell more Power processor cores while not shoving a full-blown microprocessor design down designers' throats,"" Kastner said.","yes","high","Predicted IBM's shift to licensing Power cores rather than full chips; Power.org opened Aug 2004, and the IP-core licensing model became standard (ARM-style) through the 2000s.","3","pcs-and-clients","2000s","","","","not_in_pdf"
"677","641","2004-04-01","IBM Opens, Customizes Power Chips","TechNewsWorld","Staff (Tech Bytes)","online-article","This is more than just a business offer. There's technology that could make this work now. It means that the time to market could be fairly short. Customization could be done economically and with low technology risk.","Continuing on the economics of IBM's Power licensing: ""This is more than just a business offer,"" Kastner added. ""There's technology that could make this work now. It means that the time to market could be fairly short. Customization could be done economically and with low technology risk.""","yes","medium","Predicted short time-to-market and economic viability of Power customization; partially validated -- Sony/Toshiba Cell (2006) and Microsoft Xbox 360 Xenon (2005) launched quickly, though ecosystem breadth never matched ARM.","2","it-spend-and-market-outlook","2000s","","","","not_in_pdf"
"678","642","2003-07-16","IBM reports earnings, sales boost","MarketWatch","Mike Tarsala","online-article","It was a fairly sober report. When you take it back to constant currency, they're growing at the rate of inflation. So there's no joy in Armonk about a recovery in technology or the company's ability to grow faster than the economy.","On IBM's Q2 2003 earnings print: ""It was a fairly sober report,"" said Peter Kastner, an analyst with the Aberdeen Group in Boston. ""When you take it back to constant currency, they're growing at the rate of inflation. So there's no joy in Armonk about a recovery in technology or the company's ability to grow faster than the economy.""","no","not-applicable","Contemporaneous assessment of Q2 2003 results, not a prediction.","","vendor-strategy-and-ma","2000s","","","","not_in_pdf"
"681","646","1999-05-21","IBM, Microsoft Team On NT Clusters","InformationWeek","Stuart J. Johnston","online-article","Our research shows an increasing number of enterprise customers are not only embracing NT-based clustering but are being constrained by two-node limits,","On IBM-Microsoft 'Cornhusker' 8-node NT clustering partnership demo'd at Microsoft TechEd '99: ""Our research shows an increasing number of enterprise customers are not only embracing NT-based clustering but are being constrained by two-node limits,"" says Peter Kastner, research director and executive VP at the Aberdeen Group. ""Early availability of a cluster extender will be warmly received by many critical application operators.""","yes","high","Predicted demand for >2-node NT/Windows clustering; Windows 2000 Datacenter (2000) and subsequent Windows Server editions materially expanded multi-node clustering capabilities, validating the call.","2","os-and-platforms","1990s","","","","pdf_format_mismatch"
"682","647","1999-07-19","Next Computer Associates","InformationWeek","Beth Davis with Rick Whiting and Ramin P. Jaleshgari","magazine-article","CA hasn't been a major player in the data warehousing space. But CA will make a broad push into business intelligence using Platinum products.","On CA's $3.5 billion Platinum Technology acquisition and its BI/data warehousing pivot: ""Peter Kastner, chief research officer at the Aberdeen Group, a market research firm, says CA hasn't been a major player in the data warehousing space. But Kastner says CA will make a broad push into business intelligence using Platinum products, ranging from tools used to build and load data warehouse systems such as InfoPump, Intelligent Warehouse, and DecisionBase, to query and reporting tools such as InfoReports, to industry-specific products such as Platinum's RiskAdvisor decision-support tool for the insurance industry.""","yes","medium","Predicted CA would become a BI/data-warehousing player via Platinum. CA did extend into BI/metadata management for several years but never displaced Oracle/IBM/MSFT as forecast; partial validation.","3","databases-and-middleware","1990s","","","","not_in_pdf"
"683","652","1996-10-14","Informix Meets Database Deadline","InformationWeek","John Foley","magazine-article","Informix's competitors didn't think Informix would ever get this out of the lab,","On Informix beginning beta shipments of Universal Server (object-relational database merging Informix DSA with Illustra code): ""Some observers were skeptical that Informix could meet its Universal Server delivery schedule, which includes third-quarter beta release and general availability by year's end. 'Informix's competitors didn't think Informix would ever get this out of the lab,' says Peter Kastner, an analyst with the Aberdeen Group, a consulting firm in Boston.""","no","not-applicable","Observational — characterization of competitor expectations around Informix's Universal Server delivery.","0","databases-and-middleware","1990s","","","","not_in_pdf"
"684","653","1994-11-13","Informix pa vei mot teten","Computerworld Norway","Margrete Osterud","newspaper-article","Economically, Informix is in third place, after Oracle and Sybase respectively, and the growth potential is enormous. But Informix is still quite invisible in the market, and until a year ago most of the customer contact took place through partners.","Norwegian-language Computerworld Norway (cw.oslonett.no) feature translating Aberdeen Group's pricing/performance analysis ranking Informix atop open-distributed RDBMS vendors. Kastner is quoted in Norwegian throughout; the English rendering: 'Financially, Informix is in third place, after Oracle and Sybase respectively, and the growth potential is enormous. But Informix is still quite invisible in the market, and until a year ago most of the customer contact took place through partners.' Aberdeen Group ranking compared Informix, CA-Ingres, Interbase, Oracle, Progress, Software AG, and Sybase on scalability, distributed technology, openness, distributed development, business-rules/BLOBs, and end-user assistance.","yes","medium","Kastner argued Informix's DSA parallel architecture gave it a path to RDBMS leadership. Informix did lead in pricing/performance for several years but the company's 1997 accounting fraud and IBM's eventual acquisition (2001) cut the run short. Technical thesis was right; business-execution prediction did not fully play out.","1","databases-and-middleware","1990s","","","","not_in_pdf"
"685","654","2003-05-12","Intel bets big on making wireless computing easier","U.S. News & World Report","Janet Rae-Dupree","magazine-article","If you build it, they will come.","On Intel Centrino's Wi-Fi launch providing a standardized mobile wireless platform: ""'This is revolutionary,' notes Aberdeen Group chief research officer Peter Kastner. 'Up until now Wi-Fi has been an add-on option, and the industry hasn't had a common set of building blocks to work with. Centrino provides that. With this common architecture we see a whole Wi-Fi ecosystem evolving around it.' Consumers and corporations will want to take advantage of it to allow for remote access to E-mail and the Web, Kastner says. 'If you build it, they will come.'""","yes","high","Predicted widespread Wi-Fi adoption following Centrino's common-architecture launch — exactly what happened. 802.11 Wi-Fi proliferated rapidly through 2003-2007, with Centrino-equipped notebooks driving mainstream corporate and consumer Wi-Fi buildout.","3","mobile-and-wireless","2000s","","","","pdf_format_mismatch"
"686","654","2003-05-12","Intel bets big on making wireless computing easier","U.S. News & World Report","Janet Rae-Dupree","magazine-article","are getting DSL or cable modem at home, and they want a wireless network to go with it. And Centrino is like, hey, you got one of those? Just turn it on and you're good to go.","On Intel's 'picks-and-shovels' Wi-Fi strategy capitalizing on home broadband adoption: ""Just as during the original Internet boom, Intel is not panning for the gold itself; instead, it's making the picks and shovels for the miners to use. People 'are getting DSL or cable modem at home, and they want a wireless network to go with it,' says Kastner. 'And Centrino is like, hey, you got one of those? Just turn it on and you're good to go.'""","yes","high","Linked home broadband (DSL/cable) growth to home Wi-Fi demand — precisely the dynamic that drove the 2003-2008 consumer Wi-Fi router boom.","3","mobile-and-wireless","2000s","","","","pdf_format_mismatch"
"687","655","2002-06-10","Intel comes out swinging at Sun: benchmarks pit Itanium 2 chips against UltraSparc III servers","Electronic News","Tom Murphy","magazine-article","With the Itanium 2 performance improvements, it looks like Intel has put more pressure on Sun earlier than we had anticipated,","On Intel's pre-launch Itanium 2 (McKinley) benchmark release pitting I-2 against Sun UltraSparc III: ""'With the Itanium 2 performance improvements, it looks like Intel has put more pressure on Sun earlier than we had anticipated,' said Peter Kastner, executive VP of the Aberdeen Group in Boston.""","yes","medium","Predicted Itanium 2 McKinley would pressure Sun sooner than expected. Itanium did cut into Sun's server share 2002-2005, though the broader collapse of Sun's RISC server franchise was driven more by x86-64 (Opteron/Xeon) than Itanium.","2","pcs-and-clients","2000s","","","","pdf_format_mismatch"
"688","655","2002-06-10","Intel comes out swinging at Sun: benchmarks pit Itanium 2 chips against UltraSparc III servers","Electronic News","Tom Murphy","magazine-article","If you really want to know how the Itanium 2-based boxes will perform, wait until they are announced by the OEMs. Clearly Intel wants to compare the Itanium with the best-in-breed of the RISC processors where Sun has the broadest market share.","Kastner's caveat that Intel's benchmarks are synthetic and that buyers should wait for OEM (primarily HP) system-level results: ""'If you really want to know how the Itanium 2-based boxes will perform, wait until they are announced by the OEMs,' Kastner added. 'Clearly Intel wants to compare the Itanium with the best-in-breed of the RISC processors where Sun has the broadest market share.'""","no","not-applicable","Observational — buyer-guidance caveat about waiting for OEM system-level benchmarks.","0","pcs-and-clients","2000s","","","","pdf_format_mismatch"
"689","655","2002-06-10","Intel comes out swinging at Sun: benchmarks pit Itanium 2 chips against UltraSparc III servers","Electronic News","Tom Murphy","magazine-article","the benchmarking shown by Intel is impressive, as the Itanium 2 has trumped even Moore's Law in some performance tests. But the benchmarks that really matter will be those tested on SAP, PeopleSoft and Oracle software applications.","On the limits of synthetic benchmarks for enterprise-workload decisions: ""Kastner said the benchmarking shown by Intel is impressive, as the Itanium 2 has trumped even Moore's Law in some performance tests. But the benchmarks that really matter will be those tested on SAP, PeopleSoft and Oracle software applications, and potential buyers should wait until those numbers emerge before making a purchasing decision.""","no","not-applicable","Observational — enterprise-benchmark purchasing guidance.","0","databases-and-middleware","2000s","","","","pdf_format_mismatch"
"690","655","2002-06-10","Intel comes out swinging at Sun: benchmarks pit Itanium 2 chips against UltraSparc III servers","Electronic News","Tom Murphy","magazine-article","The I-2 performance benchmarks are probably a little too close for comfort for Sun's liking. Intel is showing impressive numbers in one-way to four-way boxes. But Sun's UltraSparc chips can really strut their stuff in systems with up to 100 processors operating simultaneously.","Kastner's sizing-segment nuance — Itanium 2 wins low-end (1-4 socket) but Sun retains high-end (up-to-100-socket) SMP leadership: ""The I-2 performance benchmarks are probably a little too close for comfort for Sun's liking, Kastner said. Intel is showing impressive numbers in one-way to four-way boxes. But Sun's UltraSparc chips can really strut their stuff in systems with up to 100 processors operating simultaneously, Kastner said.""","yes","medium","Correctly called the low-socket-count vs. high-socket-count segmentation — Itanium/Xeon did take the commodity server volume, Sun retained SMP-scale enterprise workloads for a while before Oracle's Sun acquisition (2010). Directionally accurate.","3","databases-and-middleware","2000s","","","","pdf_format_mismatch"
"691","656","1999-04-23","Intel Initiates Big Internet Leap","CRN (ChannelWeb)","Heather Clancy","online-article","They are segmenting that seven ways to Sunday.","On Intel's 1999 announcement of Internet data center/hosting ambitions (server farms, ISP partnerships, Excite deal): ""Peter Kastner, vice president of the Aberdeen Group, Boston, said it is clear that ISPs are a huge focus for Intel. 'They are segmenting that seven ways to Sunday.' Kastner added that Intel's focus on accelerating notebook penetration is also noteworthy.""","yes","medium","Called out Intel's multi-channel ISP segmentation and separately flagged mobile/notebook focus as the more consequential strategy. Intel's hosting/data-center New Business Group ultimately failed and was unwound by 2002, but its notebook/mobile push (leading to Centrino in 2003) proved the more prescient call — exactly as Kastner emphasized.","4","mobile-and-wireless","1990s","","","","pdf_format_mismatch"
"692","660","2003-07-18","Intel or a competitor inside?","InfoWorld","David L. Margulius","online-article","The worldwide semiconductor industry goes through dramatic capacity fluctuations, and over the past year there has been huge overcapacity in the worldwide semiconductor industry, Aberdeen Group’s Peter Kastner says.","uch everybody who has a fab,"" Gelsinger says. The worldwide semiconductor industry goes through dramatic capacity fluctuations, and over the past year there has been huge overcapacity in the worldwide semiconductor industry, Aberdeen Group’s Peter Kastner says. But in the past couple of months, he says, fab utilization has been trending upward. Since Intel is one of the few companies that both designs and completely manufactures all its chips (the others are IBM and TI), it does have the advanta","no","not-applicable","Observational market-state commentary on semiconductor capacity cycles; not a forward-looking forecast.","0","pcs-and-clients","2000s","","","","pdf_format_mismatch"
"693","661","2004-01-22","Intel Preps for WiMax Chips","InternetNews.com","Eva Marer","online-article","The reality is that many telcos suffered a huge disappointment since the Internet crash when they were left with tens of thousands of unused wires,","the popularity of its cousin Wi-Fi (define). Some experts believe the enthusiasm is premature. ""The reality is that many telcos suffered a huge disappointment since the Internet crash when they were left with tens of thousands of unused wires,"" says Peter Kastner, research vice president with the Aberdeen Group, Inc., in Boston. ""After all, WiMAX is just another carrier backhaul which needs to be monetized, and how anybody makes money with more bandwidth is a fair question."" Still, he says, many","yes","high","Accurate skepticism: WiMAX did struggle commercially vs Wi-Fi; Kastner's caution about telco monetization of new backhaul proved correct — WiMAX was largely eclipsed by LTE and Wi-Fi in the following decade.","5","mobile-and-wireless","2000s","","","","pdf_format_mismatch"
"694","662","2002-10-28","Intel readies hyperthreading Pentium 4","Computerworld","Tom Krazit (IDG News Service)","online-article","We would expect the performance uptake of the 3.06-GHz processor will be considerably more than the 200- MHz [clock speed increase] from the 2.8-GHz Pentium 4,","okesperson for Intel in Europe declined to comment further on the availability of systems with the new processor. Hyperthreading eliminates the wasted clock cycles caused by a single-threading processor in queuing up its next set of instructions, said Peter Kastner, chief research officer for Aberdeen Group in Boston. ""We would expect the performance uptake of the 3.06-GHz processor will be considerably more than the 200- MHz [clock speed increase] from the 2.8-GHz Pentium 4,"" he said. Performan","yes","high","Correct performance-uptake prediction: hyperthreading did deliver material gains beyond raw clock-speed increases, and Intel did ship HT across future Pentium 4 parts as forecast.","2","pcs-and-clients","2000s","","","","not_in_pdf"
"695","662","2002-10-28","Intel readies hyperthreading Pentium 4","Computerworld","Tom Krazit (IDG News Service)","online-article","An example of multithreaded software is the latest version of Microsoft's Word, which comes with an automatic spelling checker that runs in the background while the user types, Kastner said.","formance Boost Most modern software is written with multiple threads. An example of multithreaded software is the latest version of Microsoft's Word, which comes with an automatic spelling checker that runs in the background while the user types, Kastner said. This background operation is a software thread that doesn't require much processing power, so today's processors can handle the swapping back and forth between software threads, he said. ""You won't see a heck of a lot of differen","no","not-applicable","Technical illustration (MS Word spell-check as background thread); descriptive not predictive.","0","pcs-and-clients","2000s","","","","not_in_pdf"
"696","662","2002-10-28","Intel readies hyperthreading Pentium 4","Computerworld","Tom Krazit (IDG News Service)","online-article","You won't see a heck of a lot of difference in Word, but software like [Adobe Systems'] Photoshop or video- rendering software will benefit considerably,","difference in Word, but software like [Adobe Systems'] Photoshop or video- rendering software will benefit considerably,"" he said. Another benefit of hyperthreading is that it is a proven technology, having been in Xeon processors since February, Kastner said. Intel, based in Santa Clara, California, will likely include hyperthreading in all of its future Pentium 4 processors, he said. Joris Evers of the IDG News Service contributed to this report. Apr 15, 2003, 6:29 p.m. EST Intel shares gain o","yes","high","Accurate forecast: Photoshop and video-rendering workloads were among the clearest early beneficiaries of hyperthreading / SMT on the Pentium 4 platform and remain canonical SMT showcase workloads.","2","pcs-and-clients","2000s","","","","not_in_pdf"
"697","663","2003-04-15","Intel shares gain on results, outlook","MarketWatch","Chris Kraeuter","online-article","Unfortunately, the economic picture looks increasingly clouded and they will have to be extremely adroit to pull off another good quarter in an otherwise lousy economic environment.","C 15.88, +0.02, +0.13%) rose 91 cents to $18.04 on Island after closing at $17.13 during Tuesday's regular session. ""Given the global economic uncertainty, Intel has executed with some dexterity and deserves a lot of credit for their numbers,"" said Peter Kastner, chief research officer with Aberdeen Group. He was less optimistic, though, about overall conditions for the tech giant. ""Unfortunately, the economic picture looks increasingly clouded and they will have to be extremely adroit to pull o","yes","medium","Correct near-term caution: Intel faced an uneven 2003 macro environment; revenue ultimately recovered but the ""extremely adroit"" execution concern was valid for the balance of that year.","1","pcs-and-clients","2000s","","","","pdf_format_mismatch"
"698","664","2008-09-23","Intel Targets SMBs With Revamped vPro","NewsFactor Network","Mark Long","online-article","will now work outside the firewall as well,","everal automated features pertaining to PC maintenance, repair and security Relevant Products/Services. Moreover, all the original vPro features that have delivered good performance within the firewall ""will now work outside the firewall as well,"" noted Peter Kastner, vice president and research director at the Aberdeen Group. ""No matter where in the world the device is, the corporate laptops that workers take home or on business trips are all now manageable, fixable, and diagnosable,"" Kastner e","no","not-applicable","Descriptive statement of the 2008 vPro release extending management features outside the firewall; observational not predictive.","0","security","2000s","","","","pdf_format_mismatch"
"699","664","2008-09-23","Intel Targets SMBs With Revamped vPro","NewsFactor Network","Mark Long","online-article","No matter where in the world the device is, the corporate laptops that workers take home or on business trips are all now manageable, fixable, and diagnosable,",","" noted Peter Kastner, vice president and research director at the Aberdeen Group. ""No matter where in the world the device is, the corporate laptops that workers take home or on business trips are all now manageable, fixable, and diagnosable,"" Kastner explained. ""As long as you can get to a network, vPro and related technology can help to solve the problem."" Huge Savings One of the primary goals of Intel's revamped vPro, which combines the chipmaker's quad-core or dual-core processors with a n","yes","high","Accurate early description of modern out-of-band endpoint management: remote manageability of off-network corporate laptops became a core enterprise-IT capability (now a foundation of modern endpoint-management and EDR platforms).","3","networking-and-comms","2000s","","","","pdf_format_mismatch"
"700","664","2008-09-23","Intel Targets SMBs With Revamped vPro","NewsFactor Network","Mark Long","online-article","the primary goals of Intel's revamped vPro, which combines the chipmaker's quad-core or dual-core processors with a new Intel chipset and gigabit network controller, is to enable small businesses to keep their PCs up and running while minimizing downtime and reducing the total cost of ownership, Kastner noted.","combines the chipmaker's quad-core or dual-core processors with a new Intel chipset and gigabit network controller, is to enable small businesses to keep their PCs up and running while minimizing downtime and reducing the total cost of ownership, Kastner noted. Five years ago, major service companies told Kastner that the TCO outcomes they saw were in the range of $700 to $3,000 per PC per year. On the low end, Intel's vPro technology has cut that down ""to under $500 per PC per year,","no","not-applicable","Product-positioning statement (Intel vPro chipset + gigabit NIC targeting small-business TCO reduction); observational not predictive.","0","networking-and-comms","2000s","","","","pdf_format_mismatch"
"701","664","2008-09-23","Intel Targets SMBs With Revamped vPro","NewsFactor Network","Mark Long","online-article","to under $500 per PC per year, and that's not all that much more than just the device itself,","d Kastner that the TCO outcomes they saw were in the range of $700 to $3,000 per PC per year. On the low end, Intel's vPro technology has cut that down ""to under $500 per PC per year, and that's not all that much more than just the device itself,"" Kastner said. On the high end, the vPro has pushed the cost to less than $2,000, Kastner noted. ""So that the not-quite-so- efficient companies have whacked out $1,000 per employee per year,"" which is a ""huge savings that can go right to the bottom line","no","medium","TCO benchmark data point ($500/PC/year for efficient vPro-managed fleets vs $700-$3000/PC/year baseline); the directional claim matches subsequent managed-endpoint TCO studies through the early-2010s.","0","pcs-and-clients","2000s","","","","pdf_format_mismatch"
"702","664","2008-09-23","Intel Targets SMBs With Revamped vPro","NewsFactor Network","Mark Long","online-article","So that the not-quite-so- efficient companies have whacked out $1,000 per employee per year,","per year. On the low end, Intel's vPro technology has cut that down ""to under $500 per PC per year, and that's not all that much more than just the device itself,"" Kastner said. On the high end, the vPro has pushed the cost to less than $2,000, Kastner noted. ""So that the not-quite-so- efficient companies have whacked out $1,000 per employee per year,"" which is a ""huge savings that can go right to the bottom line,"" he explained. The technology's new IT Director ""dashboard Relevant Products/Servi","no","medium","TCO savings claim ($1,000/employee/year savings range); directionally consistent with subsequent managed-PC TCO research in the 2009-2012 timeframe.","0","pcs-and-clients","2000s","","","","pdf_format_mismatch"
"703","665","2003-07-18","Intel turns 35: Now what?","InfoWorld","David L. Margulius","online-article","The number of speed bumps per year has decreased.","some extent Intel is still waiting for a new generation of software to come along,"" he says. In response to the demand slowdown, ""Intel is deliberately putting on the brakes of tech innovation"" by slowing the frequency of new technology releases, says Peter Kastner, chief research officer at the Aberdeen Group. ""The number of speed bumps per year has decreased."" That's not how Intel's Gelsinger sees it. ""Intel has made a huge bet that we can keep the pace of Moore's Law going,"" he explains, refe","no","not-applicable","Observational commentary on Intel's decelerating cadence of clock-speed advances in 2003; descriptive market-state observation.","0","pcs-and-clients","2000s","","","","pdf_format_mismatch"
"704","666","2004-02-02","Intel Unveils Next-Generation Pentium 4 Processors","InformationWeek","Darrell Dunn","online-article","I have never seen Intel introduce a top-of-the-line part at such a low price,","ysts. The new processors, which were code-named Prescott, begin at $178 each in quantities of 1,000 for a 2.8-GHz device, and range to $417 for the 3.4-GHz version. ""I have never seen Intel introduce a top-of-the-line part at such a low price,"" says Peter Kastner, an analyst with the Aberdeen Group. The production of the devices on 300-mm wafers, with a die size that is about 30% smaller than rival Advanced Micro Devices Inc.'s processors currently manufactured on a 130-nanometer process and 200","no","not-applicable","Observational pricing commentary on Intel's unusually aggressive launch pricing for the 90nm Prescott Pentium 4; descriptive not predictive.","0","pcs-and-clients","2000s","","","","not_in_pdf"
"705","666","2004-02-02","Intel Unveils Next-Generation Pentium 4 Processors","InformationWeek","Darrell Dunn","online-article","That may be one of the reasons the chips are so attractively priced on announcement day, which is something they have never really done before,","heavily in both technology product development and manufacturing capacity during the downturn, and we've said repeatedly that is critical to continue to advance the products, the technology, and the state of the art in the industry,"" Siu says. Kastner says Intel's 300-mm manufacturing capability provides it with a huge advantage over AMD, which isn't expected to move to 300-mm production until 2005. ""That may be one of the reasons the chips are so attractively priced on announcement day, which i","no","not-applicable","Observational attribution of Prescott pricing to Intel's 300mm wafer manufacturing advantage; descriptive not predictive.","0","pcs-and-clients","2000s","","","","not_in_pdf"
"706","666","2004-02-02","Intel Unveils Next-Generation Pentium 4 Processors","InformationWeek","Darrell Dunn","online-article","More typical of Intel's introductory pricing was the $700 price tag placed on its first 3-GHz chip with 800-MHz front-side bus, according to Kastner.","chips are so attractively priced on announcement day, which is something they have never really done before,"" he says. More typical of Intel's introductory pricing was the $700 price tag placed on its first 3-GHz chip with 800-MHz front-side bus, according to Kastner. Intel also may have felt pressure to provide a lower cost structure because the Prescott chips were delayed from their original anticipated introduction, he says Siu declined to comment on continued rumors that Intel is working on","no","not-applicable","Historical comparison with Intel's prior 3-GHz launch pricing ($700); descriptive not predictive.","0","pcs-and-clients","2000s","","","","not_in_pdf"
"707","666","2004-02-02","Intel Unveils Next-Generation Pentium 4 Processors","InformationWeek","Darrell Dunn","online-article","The fact is 99.9% of all consumer users don't need 64-bit parts today,","on. ""Our position has always been that Intel will offer capabilities when the ecosystem, including operating system and other things, are there to support it,"" Siu says. ""The fact is 99.9% of all consumer users don't need 64-bit parts today,"" Kastner says, ""primarily because there is no operating system to run it on."" Intel, Aberdeen attack AMD speed ratings 27 Mar 2002 16:11 An Intel-funded report accuses AMD of confusing consumers with its 'beyond megahertz' campaign to downplay clock sp","yes","high","Spectacularly accurate consumer-adoption call: in Feb 2004 Kastner's ""99.9% of consumer users don't need 64-bit parts today"" framing proved correct for several years — mainstream consumer 64-bit OS adoption (Windows x64 / Vista / Windows 7) did not reach the installed base until 2009-2011, precisely tracking Kastner's concurrent 64-bit consumer forecasts captured at seq 651 (AMD.com column, Sept 2003).","5","os-and-platforms","2000s","","","","not_in_pdf"
"708","361","","[EMPTY-REMNANT seq-361 mis-blob]","Kastner Blog","Peter S. Kastner","blog-post","","","","","","","vendor-strategy-and-ma","","","","","not_in_pdf"
"726","376","1992-11-30","Peter Page, a top executive and product visionary at Software AG of Germany, parent of the U.S.","Computerworld","Anthes, Gary H.","press-article","To say there will be no ripple in the water is specious."," he added. Other observers were not so sure. ""It's never transparent or insignificant when the founder of a long-term and successful company leaves,"" said Peter Kastner, vice president at Boston-based Aberdeen Group. ""To say there will be no ripple in the water is specious."" Page was the original developer of Natural, a fourth-generation language and one of the company's two flagship products. The","yes","low","Kastner predicted organizational disruption from the founder's departure, which is a reasonable but generic observation — Software AG did face product direction challenges in the 1990s, but the prediction was not specific enough nor non-obvious to warrant a higher score.","3","vendor-strategy-and-ma","1990s","","","","pdf_format_mismatch"
"754","400","1995-01-01","The taming of Computer Associates.","Unknown","Bort, Julie","press-article","CA's Client/Server Roster,","rom a company almost exclusively dependent on a mainframe-oriented customer to be a sales leader of client/server applications through all channels,"" says Kastner (see chart, ""CA's Client/Server Roster,"" page 110). What's been accomplished so far is substantial, VARs say. ""I'm a true believer in economic Darwinism. A lot of companies think they're bor","no","not-applicable","This is a reference to a chart or data visualization Kastner compiled on CA's client/server portfolio — it is not a quotation containing a substantive predictive or observational statement.","0","enterprise-servers-and-architecture","1990s","","","","pdf_format_mismatch"
"755","400","1995-01-01","The taming of Computer Associates.","Unknown","Bort, Julie","press-article","it has one of the industry's best GUIs for client/server applications","e technology and third-and most importantly-is to integrate that technology."" Other analysts say CA has executed its integration strategy quite well. Kastner believes it has one of the industry's best GUIs for client/server applications. ""Those who say CA acquires companies to milk them may be remembering its mainframe business in the 1980s, when there wasn't much CA could do during t","no","not-applicable","This is a current evaluative assessment of CA's product quality at the time of the article, not a forward-looking prediction about market outcomes.","0","it-spend-and-market-outlook","1990s","","","","pdf_format_mismatch"
"756","401","1995-06-01","Sybase unleashes System 11.","Unknown","Shoesmith, John","press-article","Sybase has worked very hard to deliver a must-deliver release,","ille, Calif.-based company post lower-than-expected revenues in its first three quarters -- it is hoping System 11 will revive its flagging fortunes. ""Sybase has worked very hard to deliver a must-deliver release,"" says Peter Kastner, a vice-president at the Aberdeen Group. ""This is very important to them, and it looks like this will help them a lot in getting them through the per","yes","low","Kastner predicted System 11 would substantially help Sybase recover, but this proved overly optimistic — Sybase continued to struggle after System 11 shipped in early 1995, posted an operating loss in Q1 1996, and never regained its earlier market position against Oracle. The product was solid but insufficient to reverse Sybase's structural decline.","2","databases-and-middleware","1990s","","","","pdf_format_mismatch"
"757","401","1995-06-01","Sybase unleashes System 11.","Unknown","Shoesmith, John","press-article","The problem Sybase faces is that they oversold the capabilities of System 10, and therefore distanced themselves from their customers who lost a certain amount of trust in Sybase,","iding good product might not be Sybase's only savior. According to Kastner, Sybase needs to make some marked improvements in servicing its customers. ""The problem Sybase faces is that they oversold the capabilities of System 10, and therefore distanced themselves from their customers who lost a certain amount of trust in Sybase,"" says Kastner. ""A product fix alone won't fix the situation. Sybase w","yes","high","Kastner's diagnosis proved prescient — a product fix alone did not fix Sybase's situation, as the company continued to lose market share and experienced a management shakeup in 1998 despite shipping System 11. The insight that eroded customer trust (not just product quality) was the core problem was accurate and non-obvious at the time.","3","databases-and-middleware","1990s","","","","pdf_format_mismatch"
"758","401","1995-06-01","Sybase unleashes System 11.","Unknown","Shoesmith, John","press-article","Sybase needs to make some marked improvements in servicing its customers","to have, but it appears that the quality is much better as well. It's a solid product."" But providing good product might not be Sybase's only savior. According to Kastner, Sybase needs to make some marked improvements in servicing its customers. ""The problem Sybase faces is that they oversold the capabilities of System 10, and therefore distanced themselves from their customers who lost a cer","yes","high","Kastner's prescription that Sybase needed major customer-service improvements — not just product fixes — was correct and well-supported by events: Sybase's decline continued despite System 11's technical quality, and analysts cited customer relationship damage as a key factor. This was a structurally accurate and non-obvious assessment at a time when the company's engineers believed the product alone would solve the problem.","3","databases-and-middleware","1990s","","","","pdf_format_mismatch"
"760","403","1995-09-18","Big iron gets C/S links from Oracle.","CommunicationsWeek","Marshall, Martin","press-article","Clearly, having to buy an Oracle/MVS database is an expensive proposition if you are only going to use it for SQLNet access,","vious process, in which corporate users were required to buy an Oracle/MVS database in order to acquire the SQL&AST;Net access to the enterprise net. ""Clearly, having to buy an Oracle/MVS database is an expensive proposition if you are only going to use it for SQLNet access,"" said Peter Kastner, group vice president at the Aberdeen Group,Boston. Kastner sees the Access Manager modules as the answe","no","not-applicable","This is an observational cost-analysis comment about the existing pricing barrier for Oracle's mainframe connectivity product — not a forward-looking prediction.","0","databases-and-middleware","1990s","","","","pdf_format_mismatch"
"761","403","1995-09-18","Big iron gets C/S links from Oracle.","CommunicationsWeek","Marshall, Martin","press-article","the Access Manager modules as the answer to a make-or-buy decision","s an expensive proposition if you are only going to use it for SQLNet access,"" said Peter Kastner, group vice president at the Aberdeen Group,Boston. Kastner sees the Access Manager modules as the answer to a make-or-buy decision. ""The Access Managers solve the problem of making bidirectional updates to and from mainframe systems from the client/server environment. Too many tim","no","not-applicable","This is a current product evaluation — Kastner is assessing Oracle's Access Manager as solving an existing problem for clients making a buy decision, not predicting future market developments.","0","databases-and-middleware","1990s","","","","pdf_format_mismatch"
"763","405","1995-11-06","Phillip White.","Computer Reseller News","Willett, Shawn","press-article","Kudos have to go to Phil for taking an unfocused company and making it into a database giant,","igh profit. Stable products, but a staid image. According to observers, it is Phil White who steered the company into the enviable position it is in. ""Kudos have to go to Phil for taking an unfocused company and making it into a database giant,"" says Peter Kastner, senior analyst at The Aberdeen Group Inc., Boston. ""He brought in some top-notch management and helped develop a database that was ho-","no","not-applicable","This is a retrospective assessment of Phil White's past leadership of Informix, not a forward-looking prediction about where the company or its CEO was headed.","0","databases-and-middleware","1990s","","","","headline_too_short_to_probe"
"765","407","1995-11-27","The quiet company.","PC Week","Garner, Rochelle","press-article","Informix has a catalog of applications the size of the Manhattan phone book, but the knock has been that those applications aren't world-class,","things. ""With Informix we just clicked right away,"" says Alex Ott, vice president of Strategic Partnerships at SAP. Call it the click of credibility. ""Informix has a catalog of applications the size of the Manhattan phone book, but the knock has been that those applications aren't world-class,"" says Peter Kastner, of the Aberdeen Group. ""You can't say that anymore, given that it's the database in ","no","not-applicable","This is a current-state product quality assessment about Informix's application ecosystem at the time, acknowledging an improvement that had already happened — not a prediction about the future.","0","databases-and-middleware","1990s","","","","pdf_format_mismatch"
"767","409","1995-12-18","Compaq, DEC, HP, and Unisys to support InterOffice in '96 as BackOffice","PC Week","LaPolla, Stephanie","press-article","Users who already have a Unix box as a database server don't have to buy a [new] box to run an NT [suite].","information officer for Edward D. Jones & Co., a St. Louis brokerage with 3,200 data centers. ""It is a different approach than Microsoft BackOffice,"" said Peter Kastner, vice president at Aberdeen Group, in Boston. ""Users who already have a Unix box as a database server don't have to buy a [new] box to run an NT [suite]."" Compaq officials are extending support to InterOffice in an effort to make m","no","not-applicable","This is a factual description of a technical product characteristic — explaining that the InterOffice suite allows existing Unix database servers to be reused — not a prediction about adoption or market outcomes.","0","databases-and-middleware","1990s","","","","pdf_format_mismatch"
"769","411","1995-12-18","Oracle eases distributed management.","LAN Times","Dorshkind, Brent","press-article","We can't distribute computing to every bank branch, warehouse, and insurance agency if we've got to put an operator and DBA [database administrator] along with every machine. The economics go to hell in a handcart.","idating local and remote database management is essential to successfully deploying client/server database applications. ""Remote control is the key,"" said Kastner. ""We can't distribute computing to every bank branch, warehouse, and insurance agency if we've got to put an operator and DBA [database administrator] along with every machine. The economics go to hell in a handcart."" To expand Enterpris","yes","high","Kastner's prediction that automated remote database management was essential for broad distributed computing deployment proved exactly right — the explosion of distributed enterprise computing through the late 1990s and 2000s was enabled precisely by centralized management tools, and the inability to staff per-node DBAs drove the entire managed services and later cloud infrastructure industry. This was a structurally insightful and accurate forecast.","5","databases-and-middleware","1990s","","","","pdf_format_mismatch"
"770","412","1996-05-13","Oracle readies major tool upgrade; Java, three-tier architecture","InfoWorld","Cunningham, Cara","press-article","Even corporate developers should be concerned with this. Java is an immature language that lacks features, why not let Oracle make all of this work?","a object project, officials said. ""Designer will have a model that can [generate] code that works on a classic client/server system or creates Java,"" said Peter Kastner, analyst with Aberdeen Group Inc., in Boston. ""Even corporate developers should be concerned with this. Java is an immature language that lacks features, why not let Oracle make all of this work?"" Version 2.0's distributed debugger","yes","low","Kastner's skepticism about Java's maturity was reasonable in May 1996 (JDK 1.0 had just shipped in January 1996), but his implicit recommendation that enterprises defer to Oracle tooling rather than invest in Java proved wrong — Java became the dominant enterprise application language within 3-4 years, and the suggestion to let Oracle abstract it away was the opposite of what the industry did. The underlying concern about Java immaturity was valid but the strategic conclusion was off.","4","databases-and-middleware","1990s","","","","pdf_format_mismatch"
"771","413","2002-12-04","IDC Study Says Windows Could Be Cheaper than Linux","NewsFactor Network","","press-article","the maturity is reflected through lower costs of maintenance","Peter Kastner of Aberdeen Group said Windows is a more mature operating system than Linux and that ""the maturity is reflected through lower costs of maintenance."" Quoted in a NewsFactor Network story about a Microsoft-funded IDC TCO study concluding Windows 2000 could be cheaper than Linux over five years, driven by 30% higher Linux staffing costs. Republished in EDUCAUSE Edupage newsletter 2002-12-04.","no","not-applicable","The quote observationally describes Windows' greater maturity in 2002 reflected in lower maintenance costs per the IDC study, without forecasting future outcomes. [Phase-3 deferred-review resolved 2026-04-24]","0","os-and-platforms","2000s","not-predictive","The quote observationally describes Windows' greater maturity in 2002 reflected in lower maintenance costs per the IDC study, without forecasting future outcomes.","[Computerworld — IDC Windows Linux TCO](https://www.computerworld.com/article/1336803/idc-windows-cheaper-than-linux-in-some-scenarios.html), [CNET — IDC Study](https://www.cnet.com/tech/tech-industry/idc-windows-cheaper-than-linux/)","pdf_format_mismatch"
"772","414","2002-10-29","3GHz P4 launch date set for 14 November","PC Advisor","","press-article","We would expect the performance uptake of the 3.06GHz processor will be considerably more than the 200MHz (clock speed increase) from the 2.8GHz Pentium 4.","Thanks to the inclusion of hyperthreading, Peter Kastner, chief research officer for Aberdeen Group, commented on the expected performance benefit of the 3.06GHz Pentium 4 over the 2.8GHz part. Intel's 3.06GHz P4 was the first desktop processor to include hyperthreading, already found in Xeon server parts.","yes","medium","Hyperthreading provided 10-25% gains in multithreaded/multitasking workloads beyond clock speed increase, but single-threaded uplift was minimal (~9%), aligning with 'considerably more' directionally. [Phase-3 deferred-review resolved 2026-04-24]","1","pcs-and-clients","2000s","partially-validated","Hyperthreading provided 10-25% gains in multithreaded/multitasking workloads beyond clock speed increase, but single-threaded uplift was minimal (~9%), aligning with 'considerably more' directionally.","[Intel Press Release](https://www.intel.com/pressroom/archive/releases/2002/20021114comp.htm), [AcesHardware Review](https://www.aceshardware.com/pdfs/AcesHardware-50000319.pdf), [CPUBenchmark](https://www.cpubenchmark.net/compare/1072vs1075/Intel-Pentium-4-2.80GHz-vs-Intel-Pentium-4-3.06GHz)","pdf_format_mismatch"
"773","414","2002-10-29","3GHz P4 launch date set for 14 November","PC Advisor","","press-article","You won't see a lot of difference in Word, but software like Photoshop or video-rendering software will benefit considerably,","Kastner explained that most modern software is written with multiple threads. Microsoft Word's background spellchecker is a low-power thread that doesn't require hyperthreading to show gains, but compute-heavy multithreaded apps like Photoshop and video-rendering software will benefit considerably from the 3.06GHz P4's hyperthreading.","yes","high","Intel's launch confirmed HT boosted Photoshop by 21% and video/multimedia tasks by 12-25%, matching Kastner's claim of considerable benefits for such software.[Intel Press Release](https://www.intel.com/pressroom/archive/releases/2002/20021114comp.htm) [Phase-3 deferred-review resolved 2026-04-24]","1","pcs-and-clients","2000s","validated","Intel's launch confirmed HT boosted Photoshop by 21% and video/multimedia tasks by 12-25%, matching Kastner's claim of considerable benefits for such software.[Intel Press Release](https://www.intel.com/pressroom/archive/releases/2002/20021114comp.htm)","[Intel Press Release](https://www.intel.com/pressroom/archive/releases/2002/20021114comp.htm), [CPU Planet Review](https://www.cpuplanet.com/features/article.php/1549421/)","pdf_format_mismatch"
"774","415","2003-12-17","Former Sun Exec Edward Zander To Head Motorola","TechNewsWorld","","press-article","Edward Zander brings a wealth of high-tech experience to a high-tech company. Motorola has laid out plans to reinvent itself, and it will be Zander's job to drive those changes.","Motorola named former Sun Microsystems president Ed Zander as its new chairman and CEO effective January 5, 2004, replacing Chris Galvin. Chief research officer Peter Kastner told TechNewsWorld that Zander brings high-tech experience to a company that has laid out reinvention plans.","yes","high","Zander drove Motorola's reinvention plans, launching the record-selling RAZR, doubling revenue, and delivering 12 quarters of growth before later struggles. [Phase-3 deferred-review resolved 2026-04-24]","3","vendor-strategy-and-ma","2000s","validated","Zander drove Motorola's reinvention plans, launching the record-selling RAZR, doubling revenue, and delivering 12 quarters of growth before later struggles.","[Wikipedia — Edward Zander](https://en.wikipedia.org/wiki/Edward_Zander), [RPI — Edward J. Zander](https://president.rpi.edu/leadership/edward-j-zander-bs-68-mba-phd-hon)","not_in_pdf"
"775","415","2003-12-17","Former Sun Exec Edward Zander To Head Motorola","TechNewsWorld","","press-article","at a time when digital technology is creating new opportunities for consumer electronics.","While expressing uncertainty about whether the Zander selection would impress Wall Street, Aberdeen's Kastner said Zander's computer-industry background was important at a time when digital technology is creating new opportunities for consumer electronics.","yes","high","Zander's computer background enabled digital convergence successes like RAZR (50M+ sold) and smartphones, confirming new CE opportunities from digital tech. [Phase-3 deferred-review resolved 2026-04-24]","3","vendor-strategy-and-ma","2000s","validated","Zander's computer background enabled digital convergence successes like RAZR (50M+ sold) and smartphones, confirming new CE opportunities from digital tech.","[Edward Zander Wikipedia](https://en.wikipedia.org/wiki/Edward_Zander), [Time Magazine](https://time.com/archive/6675362/wireless-the-spark-plug/)","not_in_pdf"
"776","415","2003-12-17","Former Sun Exec Edward Zander To Head Motorola","TechNewsWorld","","press-article","Zander is a take-charge guy in a company that's been searching for new levels of zeal and enthusiasm.","Kastner characterized Ed Zander as a take-charge executive taking over a Motorola that had been searching for renewed zeal and enthusiasm. Zander replaced the embattled Chris Galvin after reported run-ins with the Motorola board.","no","not-applicable","The quote is purely descriptive of Zander's leadership style and Motorola's then-current state, with no forward-looking forecast. [Phase-3 deferred-review resolved 2026-04-24]","0","vendor-strategy-and-ma","2000s","not-predictive","The quote is purely descriptive of Zander's leadership style and Motorola's then-current state, with no forward-looking forecast.","[Wikipedia — Edward Zander](https://en.wikipedia.org/wiki/Edward_Zander), [Motorola 2003 Annual Report](https://www.motorolasolutions.com/content/dam/msi/docs/en-xw/static_files/2003_Motorola_Annual_Report.pdf)","not_in_pdf"
"777","416","2004-02-12","'Big Mac' Supercomputer may open enterprise market doors for Apple","Investor's Business Daily","Ken Spencer Brown","press-article","This is an area where Apple has been perceived as being essentially not on the playing field.","Virginia Tech built the world's third-fastest supercomputer in 2003 by clustering 1,100 Apple Macintosh G5s at a cost of $5.2M. Ken Spencer Brown reported for Investor's Business Daily that Apple was surprised by the feat and now hoped the project would open doors to enterprise markets. Aberdeen Group analyst Peter Kastner observed that enterprise/supercomputing was an area where Apple had been perceived as essentially not on the playing field.","no","not-applicable","The quote describes the pre-2003 perception of Apple's absence from enterprise/supercomputing, providing historical context without forecasting future outcomes. [Phase-3 deferred-review resolved 2026-04-24]","0","enterprise-servers-and-architecture","2000s","not-predictive","The quote describes the pre-2003 perception of Apple's absence from enterprise/supercomputing, providing historical context without forecasting future outcomes.","[Investor's Business Daily article context](no-url), [Wikipedia — System X](https://en.wikipedia.org/wiki/System_X_(supercomputer))","pdf_format_mismatch"
"778","416","2004-02-12","'Big Mac' Supercomputer may open enterprise market doors for Apple","Investor's Business Daily","Ken Spencer Brown","press-article","This gives them valid bragging rights.","Kastner said Virginia Tech's Big Mac supercomputer gave Apple valid bragging rights as it pursued new, more button-down business markets beyond its traditional design/creative customer base.","no","not-applicable","Quote is purely descriptive, stating the Big Mac supercomputer provided Apple with bragging rights as it targeted enterprise markets; no forecast made. [Phase-3 deferred-review resolved 2026-04-24]","0","pcs-and-clients","2000s","not-predictive","Quote is purely descriptive, stating the Big Mac supercomputer provided Apple with bragging rights as it targeted enterprise markets; no forecast made.","[System X (supercomputer) - Wikipedia](https://en.wikipedia.org/wiki/System_X_(supercomputer)), [Apple's enterprise evolution - TechCrunch](https://techcrunch.com/2018/01/20/apples-enterprise-evolution/)","pdf_format_mismatch"
"779","417","2004-02-17","2004 In the IT Channel: Rewriting the Rules All Over Again","CRN (Channelweb)","Peter Kastner","authored-column","The ability to add on and ""lay off"" IT hardware and software costs as business conditions change is a megatrend of the decade.","Kastner-authored CRN column framing 2004 as a year of bifurcated IT spending and new rules for the channel. He argued enterprise-application vendors would prosper only by moving from up-front licensing to variable/use-cost models, and that creative financing to move IT off the balance sheet was a megatrend of the decade.","yes","high","IT leasing volume grew from ~$234B in 1999 to $260B projected 2000 with 30% penetration assumed for $180B software, and SaaS/subscription models emerged in early 2000s enabling variable costs and off-balance-sheet treatment. [Phase-3 deferred-review resolved 2026-04-24]","10","it-spend-and-market-outlook","2000s","validated","IT leasing volume grew from ~$234B in 1999 to $260B projected 2000 with 30% penetration assumed for $180B software, and SaaS/subscription models emerged in early 2000s enabling variable costs and off-balance-sheet treatment.","[ELFA State of Industry 2000](https://www.store.leasefoundation.org/cvweb/Portals/ELFA-LEASE/Documents/Products/2000stateofindustry.pdf), [Licenseware software licensing history](https://licenseware.io/a-brief-history-of-software-licensing/)","pdf_format_mismatch"
"781","417","2004-02-17","2004 In the IT Channel: Rewriting the Rules All Over Again","CRN (Channelweb)","Peter Kastner","authored-column","The old way to prove business value was a return-on-investment (ROI) model, and last year's hot idea was total cost of ownership (TCO). This year's best approach is to model time to business value (TBV).","Kastner introduced the ""time to business value"" (TBV) framework in his 2004 CRN column as a successor to ROI and TCO models, emphasizing customer retention, worker productivity, and supply-chain optimization rather than IT cost rollups.","yes","not-applicable","TBV did not become the standard or ""best"" IT value model, as ROI and TCO remained dominant metrics post-2004 alongside emerging ""time to value"" concepts. [Phase-3 deferred-review resolved 2026-04-24]","3","it-spend-and-market-outlook","2000s","too-vague","TBV did not become the standard or ""best"" IT value model, as ROI and TCO remained dominant metrics post-2004 alongside emerging ""time to value"" concepts.","[TBM Council](https://www.tbmcouncil.org/framework/), [Product School](https://productschool.com/blog/product-strategy/time-to-value)","pdf_format_mismatch"
"782","417","2004-02-17","2004 In the IT Channel: Rewriting the Rules All Over Again","CRN (Channelweb)","Peter Kastner","authored-column","Industry and business-process knowledge will be the differentiator, not product knowledge. And going offshore is not the right model going forward.","Kastner argued traditional product-reselling VARs faced extreme pricing pressure; survival required industry and business-process expertise, not product knowledge, and he rejected offshore delivery as the forward model.","yes","medium","VARs shifted to services with vertical expertise as predicted, but offshore outsourcing boomed in 2000s despite rejection as forward model. [Phase-3 deferred-review resolved 2026-04-24]","5","vendor-strategy-and-ma","2000s","mixed","VARs shifted to services with vertical expertise as predicted, but offshore outsourcing boomed in 2000s despite rejection as forward model.","[CRN Evolution of VAR Market](https://www.crn.com/features/channel-programs/224900731/the-evolution-of-the-var-market), [Intereconomics Offshore Outsourcing](https://www.intereconomics.eu/contents/year/2005/number/2/article/offshore-outsourcing-a-global-shift-in-the-present-it-industry.html), [CACM Offshore Impact](https://cacm.acm.org/practice/the-impact-of-offshore-outsourcing-on-it-workers-in-developed-countries/)","pdf_format_mismatch"
"783","418","2004-06-14","Apple Makes Its Case for Security","Wired News","Leander Kahney","online-article","I think there have been huge overreactions.","Peter Kastner, chief research officer at Aberdeen Group, said the storm in the Mac community about recent OS X security vulnerabilities was overblown. Apple had just issued separate fixes for the Help Viewer and Disk vulnerabilities in OS X.","no","not-applicable","The quote is a descriptive opinion on the level of community reaction to recent OS X Help Viewer and Disk vulnerabilities, for which Apple issued fixes, and is not predictive. [Phase-3 deferred-review resolved 2026-04-24]","0","security","2000s","not-predictive","The quote is a descriptive opinion on the level of community reaction to recent OS X Help Viewer and Disk vulnerabilities, for which Apple issued fixes, and is not predictive.","[Apple Support security updates](https://support.apple.com/en-in/101682), [Wired article](https://www.wired.com/2004/06/apple-makes-its-case-for-security/)","pdf_format_mismatch"
"784","418","2004-06-14","Apple Makes Its Case for Security","Wired News","Leander Kahney","online-article","Every complex piece of software has vulnerabilities, that's a fact of life … but OS X is good, strong Unix.","Kastner defended OS X's security posture after widely publicized Help Viewer and Disk vulnerabilities, arguing all complex software has vulnerabilities and that OS X's Unix BSD core makes it fundamentally sound.","no","not-applicable","The quote is descriptive, acknowledging universal software vulnerabilities while observing OS X's Unix foundation as strong, with no forward-looking forecast. [Phase-3 deferred-review resolved 2026-04-24]","0","security","2000s","not-predictive","The quote is descriptive, acknowledging universal software vulnerabilities while observing OS X's Unix foundation as strong, with no forward-looking forecast.","","pdf_format_mismatch"
"785","418","2004-06-14","Apple Makes Its Case for Security","Wired News","Leander Kahney","online-article","As an ex-programmer I have a lot of sympathy for the Apple programmers who are being asked 'When is it going to be done?' OS X is a hugely complicated thing. You don't want to put new bugs in the system.","Kastner defended Apple's decision to issue two separate fixes for related Help Viewer and Disk vulnerabilities rather than one combined fix, guessing Apple fixed the simpler problem first and patched the more complex issue later. He drew on his own programming background.","no","not-applicable","Quote is descriptive, expressing sympathy for Apple programmers regarding OS X's complexity and caution against introducing new bugs while fixing vulnerabilities; is_predictive=""no"". [Phase-3 deferred-review resolved 2026-04-24]","0","security","2000s","not-predictive","Quote is descriptive, expressing sympathy for Apple programmers regarding OS X's complexity and caution against introducing new bugs while fixing vulnerabilities; is_predictive=""no"".","","pdf_format_mismatch"
"786","419","2007-10-22","10 tools to manage SOA","JavaWorld (Network World)","Denise Dubie","online-article","Users are telling us they really did not pay attention to SOA design-time governance at the planning stage, but as soon as they tried to ramp up production, the need was bull's-eye obvious.","In an Aberdeen Group report cited by JavaWorld's SOA management tools survey, Peter Kastner reported that enterprise users skipped SOA design-time governance in planning but discovered its necessity the moment they tried to ramp production SOA deployments.","no","not-applicable","Quote describes user experiences with SOA governance from an Aberdeen survey, providing observational context without forecasting future events. [Phase-3 deferred-review resolved 2026-04-24]","0","emerging-tech","2000s","not-predictive","Quote describes user experiences with SOA governance from an Aberdeen survey, providing observational context without forecasting future events.","[MITRE SOA Challenges](https://www.mitre.org/sites/default/files/pdf/09_0172.pdf), [InfoQ SOA Governance](https://www.infoq.com/news/2010/01/SOAGovernance/)","pdf_format_mismatch"
"787","419","2007-10-22","10 tools to manage SOA","JavaWorld (Network World)","Denise Dubie","online-article","Continuous testing and a ruthless focus on quality are attributes of the best-performing SOA implementations.","Kastner's Aberdeen research identified continuous testing and a ""ruthless focus on quality"" as the defining attributes of best-performing SOA implementations — a finding cited in JavaWorld's 2007 survey of SOA management tools.","yes","high","Historical analyses and industry reports confirm that continuous testing and rigorous quality focus were key attributes of successful SOA implementations, as cited in IBM and governance literature. [Phase-3 deferred-review resolved 2026-04-24]","5","emerging-tech","2000s","validated","Historical analyses and industry reports confirm that continuous testing and rigorous quality focus were key attributes of successful SOA implementations, as cited in IBM and governance literature.","[IBM SOA Quality Management](https://public.dhe.ibm.com/software/rational/web/whitepapers/IBM_SOA_Quality_Management.pdf), [Loosely Coupled SOA Governance](http://www.looselycoupled.com/opinion/2006/stanek-gov0517.html)","pdf_format_mismatch"
"788","420","1994-11-01","A Boost For AS/400","InformationWeek","Doug Bartholomew","press-article","The AS/400 is one of the most widely distributed computers in the world today. SAP's client-server financial and manufacturing software will be candidates when companies decide to upgrade to IBM's new RISC [reduced-instruction set computing]-based AS/400 machines.","InformationWeek reported SAP AG would release R/3 client-server applications for PowerPC-enabled AS/400s in fall 1995. Peter Kastner, executive VP of Aberdeen Group, characterized the AS/400 as one of the most widely distributed computers in the world and predicted SAP R/3 would be a strong candidate when the 275,000-user installed base upgraded to the new RISC-based AS/400 machines.","yes","high","AS/400 had a large installed base (~250,000 in 1994), SAP released R/3 for AS/400 around 1995 matching the announcement, and RISC PowerPC AS/400s were introduced in 1995 with IBM promoting SAP as a key application. [Phase-3 deferred-review resolved 2026-04-24]","3","enterprise-servers-and-architecture","1990s","validated","AS/400 had a large installed base (~250,000 in 1994), SAP released R/3 for AS/400 around 1995 matching the announcement, and RISC PowerPC AS/400s were introduced in 1995 with IBM promoting SAP as a key application.","[Wikipedia — IBM AS/400](https://en.wikipedia.org/wiki/IBM_AS/400), [SAP History](https://www.sap.com/about/company/history/1991-2000.html), [IDC Storage 1994](https://www.storagenewsletter.com/2020/12/22/history-1994-1993-idc-storage-marlet-outlook-on-ibm-as-400-dasd-generating-1-9-billion/)","not_in_pdf"
"791","427","2004-08-18","A six-step recipe for adopting ILM over time","Computerworld","Peter S. Kastner","authored-column","The cross-application management software necessary to make integrated ILM a practical, enterprisewide solution is four or five years away.","Opening thesis of Kastner's byline column on Information Life-cycle Management. He argues that although ILM principles are sound, the tooling for true enterprise-wide cross-application policy management won't arrive until the late 2000s, so enterprises should evolve toward ILM rather than wait.","yes","medium","ILM tooling advanced with EMC and SAP solutions by 2008-2009, but fully practical cross-application enterprisewide management remained immature, maturing later. [Phase-3 deferred-review resolved 2026-04-24]","5","storage","2000s","partially-validated","ILM tooling advanced with EMC and SAP solutions by 2008-2009, but fully practical cross-application enterprisewide management remained immature, maturing later.","[Wikipedia ILM](https://en.wikipedia.org/wiki/Information_lifecycle_management), [Information Age 2006](https://www.information-age.com/information-lifecycle-management-2-21833/), [SAP ILM](https://www.scribd.com/document/812844056/SAP-ILM-start-to-finish)","pdf_format_mismatch"
"792","427","2004-08-18","A six-step recipe for adopting ILM over time","Computerworld","Peter S. Kastner","authored-column","As cross-application ILM-based policy management software comes to maturity circa 2008-10, expect storage-related hours on production systems to be reduced by 80%, but there will be more storage than today due to growth.","Closing prediction in Kastner's ILM column: he pegs 2008-2010 as the window for mature cross-application policy management and quantifies the expected operational benefit as an 80% reduction in storage-management hours per production system, tempered by overall storage-capacity growth.","yes","medium","Policy-based storage management tools like EMC's advanced and automation increased in 2000s, driving efficiency gains in right direction, but no evidence of 80% labor reduction by 2008-10 specifically; storage capacity grew exponentially as predicted. [Phase-3 deferred-review resolved 2026-04-24]","6","storage","2000s","partially-validated","Policy-based storage management tools like EMC's advanced and automation increased in 2000s, driving efficiency gains in right direction, but no evidence of 80% labor reduction by 2008-10 specifically; storage capacity grew exponentially as predicted.","[Wikipedia — Information lifecycle management](https://en.wikipedia.org/wiki/Information_lifecycle_management), [StorageNewsletter — EMC Storage Management 2000](https://www.storagenewsletter.com/2022/10/14/history-2000-emc-takes-lead-in-storage-management-software-market/)","pdf_format_mismatch"
"793","428","1996-10-07","Aberdeen Group and Atre Associates Among Four More Firms to Join Client/Server Labs' Testing Services Network","Business Wire","Business Wire staff","press-release","We recognize that Client/Server Labs is one of the leading providers of accurate, objective and real world-based performance and capability measurements. Aligning ourselves with the talent and expertise of CSL will allow us to go one step further in designing and sizing client/server systems that will predictably meet the performance goals of our customers.","Kastner, vice president at Aberdeen Group, on Aberdeen's decision to join CSL's Testing Services Network alongside Atre Associates, Client/Server Technologies, and TEAM International. Positions Aberdeen's sizing and design consulting as gaining rigor from CSL's benchmark platform (RPMark95, RPM/dbs, intraMARK 1.0).","no","not-applicable","Quote descriptively praises CSL's current capabilities and states partnership benefits without forecasting future events. [Phase-3 deferred-review resolved 2026-04-24]","","enterprise-servers-and-architecture","1990s","not-predictive","Quote descriptively praises CSL's current capabilities and states partnership benefits without forecasting future events.","","pdf_format_mismatch"
"794","424","2007-04-11","Aberdeen Group & Nexaweb to Host eConference on How SOA Standards and Composite Applications Can Accelerate Business Change","XML Journal (SYS-CON)","SOA News Desk","press-release","Nexaweb's Starter Kit is an option organizations who are looking to adopt Ajax and Enterprise Web 2.0 technology, but who want to do so incrementally and inexpensively, should consider. Interest in Ajax and Enterprise Web 2.0 technology among medium and large enterprises has increased dramatically in the last 6 months, and solutions such as Nexaweb's Starter Kit and Application Workshop offer the right mix of technology, services, and support for organizations who want to jumpstart their Ajax and composite application development projects.","Kastner, vice president and research director for information technology at Aberdeen Group, pitches Nexaweb's Starter Kit as a low-friction on-ramp for enterprises adopting Ajax and Enterprise Web 2.0. Complements his earlier ""$75 billion replacement cost"" framing from the same release.","no","not-applicable","Quote is a descriptive product recommendation and observation of recent interest trends, not a forward-looking forecast. [Phase-3 deferred-review resolved 2026-04-24]","","emerging-tech","2000s","not-predictive","Quote is a descriptive product recommendation and observation of recent interest trends, not a forward-looking forecast.","","pdf_format_mismatch"
"795","430","2000-01-24","Aberdeen Group Launches Aberdeen e-Learning Solutions; Web-Based Content Distribution Strategy Opens New Markets and Channels for IT Consulting and Market Strategy Firm","Business Wire / Free Online Library","Business Wire staff","press-release","Aberdeen e-Learning Solutions' Web-based delivery mechanism is the perfect complement for our comprehensive intellectual capital because it propels us beyond our current delivery channels. By year end, we will have created an Internet business by packaging Aberdeen's ongoing supply of dynamic content into e-Learning subscriptions for IT executives and end-users. e-Learning Solutions will also enhance Aberdeen's existing business opportunities by enabling us to offer IT suppliers seamless, end-to-end solutions, starting with customized market research and extending through sales training.","Announcement of Aberdeen e-Learning Solutions, a new division created from a November 1999 joint venture between Aberdeen Group and Learning Solutions. Quote attributed to Peter Kastner, Executive Vice President and Chief Research Officer.","yes","not-applicable","Specific outcomes of the e-Learning division's subscription business and enhancements by year-end 2000 or later cannot be determined from available historical records. [Phase-3 deferred-review resolved 2026-04-24]","1","vendor-strategy-and-ma","2000s","unverifiable","Specific outcomes of the e-Learning division's subscription business and enhancements by year-end 2000 or later cannot be determined from available historical records.","[Harte-Hanks acquisition](https://www.mrweb.com/drno/news5946.htm), [Peter Kastner bio](https://asap-invests.com/peter-s-kastner/)","not_in_pdf"
"796","431","2002-07-09","Aberdeen Group Launches PC Deals, a Free Consumer Guide to the Latest and Best PC Prices","Business Wire / findarticles.com BNET","Business Wire staff","press-release","For many consumers, determining what PC to buy is like walking across a minefield. All they want to do is buy the most computing power for the best price, but changing prices, confusing rebates, and variable configurations make it difficult to find the best deal. Until today, there has been no place for consumers to get this kind of independent research. PC Deals enables consumers to find, in one place and free of charge, current information and analysis on the PC market to help them make the best possible purchase decision.","Launch announcement for Aberdeen's PC Deals consumer guide. Quote attributed to Peter Kastner, Aberdeen executive vice president and chief research officer.","no","not-applicable","Quote describes the challenges of PC purchasing and introduces Aberdeen's PC Deals as a new independent research resource, without forecasting future events. [Phase-3 deferred-review resolved 2026-04-24]","","pcs-and-clients","2000s","not-predictive","Quote describes the challenges of PC purchasing and introduces Aberdeen's PC Deals as a new independent research resource, without forecasting future events.","","pdf_format_mismatch"
"797","431","2002-07-09","Aberdeen Group Launches PC Deals, a Free Consumer Guide to the Latest and Best PC Prices","Business Wire / findarticles.com BNET","Business Wire staff","press-release","In better understanding the silicon-to-final-sale life cycle of the PC industry, we realized we had done the hard research work we believe will be useful to consumers contemplating a PC purchase. Our research is independent. There are no sponsors.","Second Kastner quote in the PC Deals launch release, emphasizing the independence of Aberdeen's consumer-facing PC research.","no","not-applicable","Quote describes past research efforts on PC industry life cycle and asserts research independence, providing descriptive context without forecasting future events. [Phase-3 deferred-review resolved 2026-04-24]","","pcs-and-clients","2000s","not-predictive","Quote describes past research efforts on PC industry life cycle and asserts research independence, providing descriptive context without forecasting future events.","","pdf_format_mismatch"
"798","432","2002-08-26","Aberdeen Group Sees IT Purchasing Recovery; Research Indicates Spending Decline Has Bottomed Out; CIOs Expected to Regain Power in Purchasing Process","Business Wire / findarticles.com BNET","Business Wire staff","press-release","IT productivity will come under increased scrutiny, accelerating the shift towards outsourcing along with internal cost containment. Reduced prices for hardware, software, bandwidth and programming services, as well as financing programs, will dramatically reduce upfront costs and spur selective investment in new IT infrastructure.","Quote accompanies Aberdeen InSight reports 'IT Purchasing Shows Signs of Stabilizing' and 'IT Purchasing: The View From the End of the Tunnel'. Kastner is Aberdeen chief research officer and author of the latter report.","yes","high","IT services/outsourcing grew steadily post-2002 (e.g., 2.8% in 2002, 7.1% in 2003 per Gartner), hardware/software prices declined sharply (PC CPI -96% 1997-2015), enabling selective infrastructure investment amid stabilization. [Phase-3 deferred-review resolved 2026-04-24]","3","it-spend-and-market-outlook","2000s","validated","IT services/outsourcing grew steadily post-2002 (e.g., 2.8% in 2002, 7.1% in 2003 per Gartner), hardware/software prices declined sharply (PC CPI -96% 1997-2015), enabling selective infrastructure investment amid stabilization.","[FRBSF Economic Review](https://www.frbsf.org/wp-content/uploads/er19-34bk.pdf), [Gartner via eMarketer](https://www.bus.umich.edu/KresgePublic/Journals/EmarketerReports/2003/IT%20Spending%20Comparitive%20Forecasts%20and%20Trends%20in%20technology%20spending%20report%20January%202003.pdf), [BLS](https://www.bls.gov/opub/ted/2015/long-term-price-trends-for-computers-tvs-and-related-items.htm)","pdf_format_mismatch"
"799","433","2007-04-18","Aberdeen Releases Research Report on SOA Governance Progress","Business Wire / findarticles.com BNET","Business Wire staff","press-release","Too many organizations are trying to scale SOA operations and development using obsolete technology and processes. But we found that the companies that come out ahead in managing and governing their SOAs succeed by investing in the right technology tools and realigning their organizational structures and processes -- governance -- to accommodate this significant sea change in corporate computing.","Release announcing an Aberdeen Group SOA Governance Progress benchmark report. Quote attributed to Peter S. Kastner, Aberdeen's vice president for enterprise integration research, who authored the report.","no","not-applicable","Quote describes current organizational practices and findings from Aberdeen research, without forecasting future outcomes. [Phase-3 deferred-review resolved 2026-04-24]","","enterprise-servers-and-architecture","2000s","not-predictive","Quote describes current organizational practices and findings from Aberdeen research, without forecasting future outcomes.","[Forrester SOA Adoption](https://www.forrester.com/report/SOA+Adoption+Many+Firms+Got+Started+In+2007/-/E-RES43832), [Wikipedia SOA](https://en.wikipedia.org/wiki/Service-oriented_architecture)","pdf_format_mismatch"
"800","434","2007-04-11","Aberdeen Report Urges SOA Mgmt, Governance Focus","ebizQ","ebizQ staff","online-article","Users are telling us they really did not pay attention to SOA design-time governance at the planning stage, but as soon as they tried to ramp up production, the need was bulls-eye obvious. Continuous testing and a ruthless focus on quality are attributes of the best performing SOA implementations.","Coverage of Aberdeen's SOA management and governance research report. Quote attributed to Peter S. Kastner, VP Enterprise Integration at Aberdeen Group and author of the research report.","no","not-applicable","Quote describes user experiences and best practices for SOA implementations without making forward-looking predictions. [Phase-3 deferred-review resolved 2026-04-24]","","databases-and-middleware","2000s","not-predictive","Quote describes user experiences and best practices for SOA implementations without making forward-looking predictions.","[InfoQ SOA Governance](https://www.infoq.com/news/2010/01/SOAGovernance/), [Oracle SOA Governance Best Practices](https://www.scribd.com/doc/127284869/Oracle-Soa-Governance-Best-Practice-066427)","not_in_pdf"
"801","435","2006-07-20","Aberdeen Research Points to SOA's Suite Spot","Enterprise Systems Journal (ESJ)","Jason Turcotte","online-article","SOA is broadly seen as a real technology step forward, with the largest companies, who have the biggest integration problems, leading the way.","Second sentence of Kastner's attributed statement in ESJ coverage of Aberdeen's 'Enterprise Service Bus and SOA Middleware' survey report (120 IT/business professionals). Kastner is VP and research director for Enterprise Integration at Aberdeen.","no","not-applicable","Quote describes contemporary perceptions and leadership in SOA adoption by large enterprises per 2006 Aberdeen survey, without forecasting future events. [Phase-3 deferred-review resolved 2026-04-24]","","databases-and-middleware","2000s","not-predictive","Quote describes contemporary perceptions and leadership in SOA adoption by large enterprises per 2006 Aberdeen survey, without forecasting future events.","[Aberdeen via SDCExec](https://www.sdcexec.com/sourcing-procurement/reverse-logistics/news/10358123/aberdeen-strategy-and-research-soa-technology-adoption-seen-reaching-90-percent-in-2006), [Wikipedia — Enterprise service bus](https://en.wikipedia.org/wiki/Enterprise_service_bus)","pdf_format_mismatch"
"802","437","2003-04-26","AMD's Opteron could face quiet times","MarketWatch (CBS.MarketWatch.com)","Chris Kraeuter","online-article","lukewarm","At AMD's Opteron launch, Kastner characterized IBM's support for the chip as 'lukewarm' (single-word direct quote within paraphrase). Context: among HP, Dell, Sun, and IBM, only IBM stepped forward to support the new 64-bit Opteron at launch -- and even IBM's support was muted.","no","not-applicable","The quote is a descriptive observation of IBM's support level at the Opteron launch, not a forward-looking prediction. [Phase-3 deferred-review resolved 2026-04-24]","","enterprise-servers-and-architecture","2000s","not-predictive","The quote is a descriptive observation of IBM's support level at the Opteron launch, not a forward-looking prediction.","[CNET](https://www.cnet.com/tech/computing/ibm-announces-full-amd-opteron-server-line/), [EE Times](https://www.eetimes.com/ibm-others-salute-launch-of-amds-opteron-chip-big-blue-is-expected-to-plug-the-64-bit-processo/)","pdf_format_mismatch"
"803","437","2003-04-26","AMD's Opteron could face quiet times","MarketWatch (CBS.MarketWatch.com)","Chris Kraeuter","online-article","Maybe a year from now, corporate buyers will begin to sniff at this, but in the meantime, it's very early.","Kastner in interview with CBS.MarketWatch, commenting on the timeline for corporate adoption of AMD's Opteron 64-bit chip given the required software and Internet infrastructure maturity.","yes","medium","Corporate interest in Opteron grew slowly post-April 2003 launch with ~6% server share by Q1 2005, aligning with prediction of ~1 year delay before sniffing, though significant shipments ramped later. [Phase-3 deferred-review resolved 2026-04-24]","1","enterprise-servers-and-architecture","2000s","partially-validated","Corporate interest in Opteron grew slowly post-April 2003 launch with ~6% server share by Q1 2005, aligning with prediction of ~1 year delay before sniffing, though significant shipments ramped later.","[ABC News](https://abcnews.com/Technology/PCWorld/story?id=982245), [Wikipedia — Opteron](https://en.wikipedia.org/wiki/Opteron)","pdf_format_mismatch"
"804","438","2004-04-26","AMD's Opteron","TechNewsWorld","TechNewsWorld staff","online-article","Customers are saying that Opteron is a damn good chip at a great price, which has allowed HP and IBM to deliver value servers. Coming out of a recession, IT organizations are more value-conscious, and AMD has hit a sweet spot.","Kastner's assessment one year after the Opteron launch. AMD touted the chip's 64-bit computing and expansion to four-way servers; Kastner contrasts Opteron's actual adoption driver (price/performance, value-conscious buyers post-recession) with AMD's marketing focus on 64-bit. Mirrored via softlookup.com from TechNewsWorld.","no","not-applicable","The quote describes current customer feedback and market conditions one year after Opteron launch, without forecasting future developments. [Phase-3 deferred-review resolved 2026-04-24]","","enterprise-servers-and-architecture","2000s","not-predictive","The quote describes current customer feedback and market conditions one year after Opteron launch, without forecasting future developments.","[Mercury Research via ABC News](https://abcnews.com/Technology/PCWorld/story?id=982245), [HP ProLiant DL585 review](https://www.computerwoche.de/article/2614123/2004-reviews-hardware.html)","headline_too_short_to_probe"
"805","443","1996-12-11","Analysis — Switching channels","Computing (UK)","Computing staff","magazine-article","The industry has unbundled service. For example, if the price of Mips has fallen from $100,000 a Mips to $15,000, IBM will cope by reducing the level of service, and it's the same for everyone else. A lot of people are not going to like dealing with VARs, but they'll have no choice.","Kastner, then SVP at Aberdeen Group, commenting on the 1996 shift by IBM, HP, Digital, Oracle and SAP to push mid-market customers into indirect/reseller channels as MIPS prices collapsed.","yes","high","Historical records confirm MIPS prices fell dramatically from ~$100k to ~$15k or lower by mid-1990s, prompting IBM and others to shift mid-market sales to indirect VAR channels as described. [Phase-3 deferred-review resolved 2026-04-24]","","vendor-strategy-and-ma","1990s","validated","Historical records confirm MIPS prices fell dramatically from ~$100k to ~$15k or lower by mid-1990s, prompting IBM and others to shift mid-market sales to indirect VAR channels as described.","[Businessweek 1993](https://electrooptical.net/static/media/uploads/Projects/HeterodyneMicroscope/GuessWhat_IBM_IsLosingOutInMainframesToo-Businessweek.pdf), [IBM Mainframe Pricing](https://public.dhe.ibm.com/software/htp/tpf/tpfug/tgs07/tgs07e.pdf)","pdf_format_mismatch"
"806","439","2003-10-13","Apple aims to keep online-music groove with next move","MarketWatch","Rex Crum","online-article","The timing is right, with Christmas around the corner.","Kastner, PC analyst at Aberdeen Group, on expected timing of the Windows version of iTunes ahead of the 2003 holiday shopping season.","yes","high","Apple released iTunes 4.1 for Windows on October 16, 2003, just three days after the October 13 article, ahead of the Christmas 2003 shopping season as stated. [Phase-3 deferred-review resolved 2026-04-24]","","pcs-and-clients","2000s","validated","Apple released iTunes 4.1 for Windows on October 16, 2003, just three days after the October 13 article, ahead of the Christmas 2003 shopping season as stated.","[Apple Newsroom](https://www.apple.com/newsroom/2003/10/16Apple-Launches-iTunes-for-Windows/), [Wikipedia — History of iTunes](https://en.wikipedia.org/wiki/History_of_iTunes)","not_in_pdf"
"807","440","2005-01-04","Apple Bites Into Storage","Byte and Switch","Dave Raffo","online-article","A lot of CIOs will be from Missouri on this one.","Kastner (Vericours) on the skepticism Apple will face convincing CIOs to adopt Xsan/XServe RAID for enterprise storage; 'Missouri' refers to the 'Show-Me' state idiom for skeptics who need proof.","no","not-applicable","The quote describes current CIO skepticism toward Apple's enterprise storage entry rather than forecasting future outcomes. [Phase-3 deferred-review resolved 2026-04-24]","","storage","2000s","not-predictive","The quote describes current CIO skepticism toward Apple's enterprise storage entry rather than forecasting future outcomes.","","pdf_format_mismatch"
"808","441","2003-11-17","Apple faces the music","CNN/Money","Chris Morris","online-article","Our research shows that people are coming into stores and asking for the iPod by name, not just any music player.","Kastner, Aberdeen Group CRO, citing Aberdeen research on iPod brand awareness versus competing MP3 players entering the market in late 2003.","no","not-applicable","The quote describes current research findings on consumer behavior in stores, providing observational data rather than a forecast. [Phase-3 deferred-review resolved 2026-04-24]","","pcs-and-clients","2000s","not-predictive","The quote describes current research findings on consumer behavior in stores, providing observational data rather than a forecast.","","pdf_format_mismatch"
"809","444","2005-05-20","Apple Patches Widget Malware Hole in Tiger","eWEEK","eWEEK staff","online-article","So far Apple has been able to keep up with — if not a step ahead of — the bad guys.","Kastner, as Director at Vericours Inc., commenting on Apple's security posture after the Tiger widget-malware disclosure and the view that Apple's growing market share would attract more attackers.","yes","medium","Apple issued frequent security updates post-2005 and maintained low malware incidence until 2012 Flashback (600k infections), but growing market share eventually attracted significant threats as predicted. [Phase-3 deferred-review resolved 2026-04-24]","","security","2000s","partially-validated","Apple issued frequent security updates post-2005 and maintained low malware incidence until 2012 Flashback (600k infections), but growing market share eventually attracted significant threats as predicted.","[eWEEK article](https://www.eweek.com/apple/apple-patches-widget-malware-hole-in-tiger/), [Apple security updates](https://support.apple.com/en-gb/104190), [iVerify iOS exploit history](https://iverify.io/blog/apple-ios-exploit-history)","not_in_pdf"
"811","446","2003-08-18","Apple's Power Mac G5 Hits the Street","E-Commerce Times","Keith Regan","online-article","The G5 will benefit from the faster processors, new cache and massive memory support; graphics designers and image manipulators will see vast improvements in their ability to apply filters, for example, because the code has been optimized for 64-bit computation.","Kastner explaining to TechNewsWorld why creative professionals would see immediate gains from the G5 architecture.","no","not-applicable","Quote is descriptive of G5 architecture benefits for creative professionals, not a forward-looking prediction. [Phase-3 deferred-review resolved 2026-04-24]","","pcs-and-clients","2000s","not-predictive","Quote is descriptive of G5 architecture benefits for creative professionals, not a forward-looking prediction.","[Apple Power Mac G5 Performance Whitepaper](https://eshop.macsales.com/images/Items/PowerMacG5_Perf_WP_071503.pdf), [CNET Power Mac G5 review](https://www.cnet.com/reviews/apple-power-mac-g5-review/)","pdf_format_mismatch"
"813","449","1995-10-09","AT&T WorldMark spin-off","InformationWeek","InformationWeek staff","magazine-article","It's an attractive offering for any customer who wants to build a data warehouse, but is afraid to go to the board of directors to ask for a $3 million system.","Kastner on the appeal of AT&T GIS WorldMark servers for mid-range data warehousing customers who could not justify top-tier SMP/MPP prices.","no","not-applicable","Quote is descriptive of the product's appeal to mid-range data warehousing customers avoiding high-end $3M systems, with no forward-looking forecast. [Phase-3 deferred-review resolved 2026-04-24]","","enterprise-servers-and-architecture","1990s","not-predictive","Quote is descriptive of the product's appeal to mid-range data warehousing customers avoiding high-end $3M systems, with no forward-looking forecast.","[ProQuest - AT&T GIS Debuts World Mark Line](https://www.proquest.com/trade-journals/at-t-gis-debuts-world-mark-line-enterprise/docview/227488121/se-2), [HPCwire - AT&T/GIS Changes Name Back to NCR](https://www.hpcwire.com/1996/01/12/attgis-changes-name-back-to-ncr-corporation/)","not_in_pdf"
"814","451","2004-01-01","Awards and Customer Reviews — WebEx Analyst Testimonials","Communique Conferencing (WebEx analyst quote)","Communique Conferencing staff","press-release","WebEx has pulled away to become the leader in multimedia business communications. And the switched network infrastructure approach — uniquely in MediaTone — is architecturally the only way to provide the greatest security, assure service quality, and deliver 'dial tone' reliability.","Kastner as Aberdeen chief research officer endorsing WebEx's MediaTone switched-network architecture over competitors' approaches.","yes","high","WebEx held 57-67% market share in 2004, was acquired by Cisco for $3.2B in 2007, and MediaTone's dedicated switched infrastructure delivered claimed security, QoS, and reliability advantages over Internet-based competitors. [Phase-3 deferred-review resolved 2026-04-24]","","networking-and-comms","2000s","validated","WebEx held 57-67% market share in 2004, was acquired by Cisco for $3.2B in 2007, and MediaTone's dedicated switched infrastructure delivered claimed security, QoS, and reliability advantages over Internet-based competitors.","[CNET 2004](https://www.cnet.com/tech/services-and-software/look-alert-webex-is-watching/), [Encyclopedia.com](https://www.encyclopedia.com/books/politics-and-business-magazines/webex-communications-inc), [Wikipedia — Webex](https://en.wikipedia.org/wiki/Webex), [WebEx MediaTone PDF](https://cloudtechtoday.files.wordpress.com/2011/07/wp_webex_mediatone_network_indepth.pdf)","not_in_pdf"
"815","451","2004-01-01","Awards and Customer Reviews — WebEx Analyst Testimonials","Communique Conferencing (WebEx analyst quote)","Communique Conferencing staff","press-release","Aberdeen believes that these new WebEx MediaTone capabilities cannot be delivered using older database centric store-and-forward technology relied on by competitive vendors.","Kastner's Aberdeen assessment positioning WebEx's real-time switched architecture against legacy store-and-forward web conferencing platforms.","no","not-applicable","The quote is a descriptive assessment of WebEx's architecture capabilities versus competitors, not a forward-looking prediction. [Phase-3 deferred-review resolved 2026-04-24]","","networking-and-comms","2000s","not-predictive","The quote is a descriptive assessment of WebEx's architecture capabilities versus competitors, not a forward-looking prediction.","[WebEx MediaTone Whitepaper](https://cloudtechtoday.files.wordpress.com/2011/07/wp_webex_mediatone_network_indepth.pdf)","not_in_pdf"
"816","451","2004-01-01","Awards and Customer Reviews — WebEx Analyst Testimonials","Communique Conferencing (WebEx analyst quote)","Communique Conferencing staff","press-release","All Web conferencing suppliers deliver their services over the Internet — i.e., the 'Web' in Web conferencing. And, because the Internet as a communications transport mechanism is a common denominator, the simple deduction is that all Web conferencing companies deliver the same quality level of service. The deduction is wrong in the case of WebEx, because the company has deliberately built a utility-grade private wide area network (WAN) tied to the Internet. The competition has not.","Kastner's Aberdeen white paper excerpt explaining why WebEx's private WAN architecture differentiates it from competitors relying purely on the public Internet.","no","not-applicable","The quote describes WebEx's existing private WAN architecture and its differentiation from competitors at the time of publication. [Phase-3 deferred-review resolved 2026-04-24]","","networking-and-comms","2000s","not-predictive","The quote describes WebEx's existing private WAN architecture and its differentiation from competitors at the time of publication.","","not_in_pdf"
"817","450","2003-11-14","Australia Ponders the Future of WiFi and 3G","Electronic News","Ry Crozier","online-article","The confluence of dense living and the ubiquity of WiFi LAN technology has reached saturation in some places. When multiple access points are competing for your laptop's attention, the radio interference causes the laptop to drop its Internet connection and ask you, the humble user, to reconnect. When this happens every few seconds — a scenario we are experiencing now with brand-name equipment — the end of the WiFi world as we know it is imminent.","Kastner describing the interference mechanism behind his 2004 'urban WiFi crash' prediction for Australia's Electronic News.","yes","low","No ""urban WiFi crash"" occurred in 2004; WiFi expanded with 802.11g adoption and interference mitigations like power control, despite dense-area challenges. [Phase-3 deferred-review resolved 2026-04-24]","","mobile-and-wireless","2000s","contradicted","No ""urban WiFi crash"" occurred in 2004; WiFi expanded with 802.11g adoption and interference mitigations like power control, despite dense-area challenges.","[EDN](https://www.edn.com/australia-ponders-the-future-of-wifi-and-3g/), [Inc Magazine](https://www.inc.com/staff-blog/2003/10/the_great_urban.html), [ACM Paper](https://dl.acm.org/doi/10.1109/INFCOM.2007.69)","pdf_format_mismatch"
"818","454","2004-06-21","Intel Ships Grantsdale and Alderwood Chipsets","TechNewsWorld","TechNewsWorld staff","online-article","The new 915 G/P and 925 X chipsets represent the biggest leap in input-output capability in a decade.","Kastner to TechNewsWorld assessing Intel's Grantsdale (915) and Alderwood (925X) chipsets against prior PC platform generations.","yes","not-applicable","The claim of ""biggest leap in a decade"" is subjective and not quantitatively falsifiable, as no specific metrics for I/O capability improvements are provided for comparison. [Phase-3 deferred-review resolved 2026-04-24]","","pcs-and-clients","2000s","too-vague","The claim of ""biggest leap in a decade"" is subjective and not quantitatively falsifiable, as no specific metrics for I/O capability improvements are provided for comparison.","[HEXUS review](https://m.hexus.net/tech/reviews/mainboard/788-intels-915p-925x-w-lga775-ddr-ii-pci-express/?page=4), [Intel Hub Architecture Wikipedia](https://en.wikipedia.org/wiki/Intel_Hub_Architecture), [Scribd Intel 915G](https://www.scribd.com/document/11193405/Intel915G)","pdf_format_mismatch"
"819","454","2004-06-21","Intel Ships Grantsdale and Alderwood Chipsets","TechNewsWorld","TechNewsWorld staff","online-article","The real strength of the new chipsets will be support for media-center-type computers that produce music, video and more in a way that earlier computers could not.","Kastner citing improvements in integrated graphics, memory, audio, and new PCI Express support that enable the media-center PC category.","yes","high","Grantsdale and Alderwood chipsets with integrated graphics, HD audio, and PCI Express launched in 2004, enabling superior media production capabilities in PCs and supporting the growing Media Center PC category. [Phase-3 deferred-review resolved 2026-04-24]","","pcs-and-clients","2000s","validated","Grantsdale and Alderwood chipsets with integrated graphics, HD audio, and PCI Express launched in 2004, enabling superior media production capabilities in PCs and supporting the growing Media Center PC category.","[Tom's Hardware Intel Chipset History](https://www.tomshardware.com/reviews/intel-intros-3-series-chipsets-fsb1333-ddr3,1607-2.html), [Digital-Lifestyles Media Center PCs](https://digital-lifestyles.info/2006/03/14/media-center-pcs-grow-in-popularity/), [Wikipedia Windows Media Center](https://en.wikipedia.org/wiki/Windows_Media_Center)","pdf_format_mismatch"
"820","455","1996-10-22","Blyth Software Announces Strategic Partnership with Informix Software","PR Newswire (Blyth Software press release)","Blyth Software","press-release","The partnership between Informix and Blyth is a win-win, combining great database technology with superb development tools. Blyth's web tools integrated into the INFORMIX-ONLINE Dynamic Server should provide state of the art intranet and Internet products.","Kastner (Aberdeen VP) endorsing the 1996 Blyth-Informix partnership combining Blyth's Omnis Studio client-side tools with Informix's dynamic-content database server.","no","not-applicable","Quote descriptively endorses the partnership and integration without making falsifiable forward-looking claims. [Phase-3 deferred-review resolved 2026-04-24]","","databases-and-middleware","1990s","not-predictive","Quote descriptively endorses the partnership and integration without making falsifiable forward-looking claims.","","pdf_format_mismatch"
"821","457","2008-09-01","Don't fall for rebate bait (citing SmartMoney Magazine interview)","Brunette on a Budget blog (citing SmartMoney Magazine)","Crystal (blog author)","online-article","The manufacturers know that and they build their pricing models around the fact that they can offer rebates, but only a fraction of consumers will respond.","Kastner in a SmartMoney Magazine interview (as research director, Aberdeen Group) explaining that ~40% of mail-in rebates go unredeemed or are filed incorrectly, and that manufacturers price-in that breakage.","no","high","Historical data confirms ~40-60% of mail-in rebates go unredeemed due to consumer inaction or errors, allowing manufacturers to price in this breakage as Kastner described. [Phase-3 deferred-review resolved 2026-04-24]","","it-spend-and-market-outlook","2000s","validated","Historical data confirms ~40-60% of mail-in rebates go unredeemed due to consumer inaction or errors, allowing manufacturers to price in this breakage as Kastner described.","[360insights](https://www.360insights.com/blog/three-ways-your-consumer-rebates-or-cashback-program-is-bleeding-money-and-how-to-stop-them), [Wikipedia — Rebate (marketing)](https://en.wikipedia.org/wiki/Rebate_(marketing)), [Olshan Law](https://www.olshanlaw.com/Advertising-Law-Blog/Rebate-Laws-Confusion)","not_in_pdf"
"822","457","2008-09-01","Don't fall for rebate bait (citing PC World interview)","Brunette on a Budget blog (citing PC World)","Crystal (blog author)","online-article","That's money the store and/or the manufacturer keeps.","Kastner in a PC World interview, noting ~60% of computer buyers never redeem eligible rebates; of the 40% who try, half experience problems or never receive the check.","no","not-applicable","The quote describes the outcome of unredeemed rebates as money kept by stores/manufacturers, which is observational rather than predictive. [Phase-3 deferred-review resolved 2026-04-24]","","pcs-and-clients","2000s","not-predictive","The quote describes the outcome of unredeemed rebates as money kept by stores/manufacturers, which is observational rather than predictive.","","not_in_pdf"
"823","461","2002-03-15","Tech's Best Hope: Pockets of Prosperity","BusinessWeek","Sam Jaffe","magazine-article","It's an industry in nuclear winter.","Kastner describes the telecom-equipment sector (switches, backbone routers) in the depths of the post-2001 tech downturn, set alongside his $19B total industry growth forecast.","no","not-applicable","Quote purely describes the telecom-equipment sector's dire state in early 2002 amid post-2001 downturn bankruptcies and market contraction. [Phase-3 deferred-review resolved 2026-04-24]","","networking-and-comms","2000s","not-predictive","Quote purely describes the telecom-equipment sector's dire state in early 2002 amid post-2001 downturn bankruptcies and market contraction.","[Telecoms crash - Wikipedia](https://en.wikipedia.org/wiki/Telecoms_crash), [YEAR 2002: THE YEAR OF THE TELECOM MELTDOWN](http://www.jthtl.org/content/articles/V2I1/JTHTLv2i1_Oesterle.PDF), [2002 was IT Industry's Worst Year Ever, Report Says - EDN](https://www.edn.com/2002-was-it-industrys-worst-year-ever-report-says/)","pdf_format_mismatch"
"824","461","2002-03-15","Tech's Best Hope: Pockets of Prosperity","BusinessWeek","Sam Jaffe","magazine-article","Dell keeps two hours of inventory. Therefore, if Dell's supplier's supplier has a plant fire, you want to know about that, because this could back up the assembly line tomorrow.","Kastner on why business-analytics software is becoming indispensable as just-in-time manufacturing spreads; illustrates with Dell supply-chain visibility.","yes","high","Dell's low inventory (4-7 days in early 2000s, matching quote's 2 hours claim) and JIT model made it vulnerable to tier-2 supplier disruptions, as factory fires have historically backed up production. [Phase-3 deferred-review resolved 2026-04-24]","","enterprise-servers-and-architecture","2000s","validated","Dell's low inventory (4-7 days in early 2000s, matching quote's 2 hours claim) and JIT model made it vulnerable to tier-2 supplier disruptions, as factory fires have historically backed up production.","[Dell FY2002 Annual Report](https://i.dell.com/sites/csdocuments/Corporate_financials_Documents/en/us/arfy02.pdf), [Supply Chain Nuggets](https://supplychainnuggets.com/timeless-lessons-from-dells-build-to-order-strategy-in-the-2000s/)","pdf_format_mismatch"
"825","462","2005-12-05","The Great Rebate Runaround","BusinessWeek","Brian Grow, Brian Burnsed","magazine-article","Fully 40% of all rebates never get redeemed because consumers fail to apply for them or their applications are rejected.","Attributed to ""Peter S. Kastner, a director of consulting firm Vericours Inc."" — confirms his post-Aberdeen role at Vericours in late 2005. Translates to >$2B in extra revenue for retailers and suppliers annually.","no","not-applicable","Quote observationally states 40% of rebates go unredeemed due to consumer failure or rejection, with no forward-looking forecast. [Phase-3 deferred-review resolved 2026-04-24]","","pcs-and-clients","2000s","not-predictive","Quote observationally states 40% of rebates go unredeemed due to consumer failure or rejection, with no forward-looking forecast.","[BusinessWeek](https://www.bloomberg.com/news/articles/2005-12-04/the-great-rebate-runaround), [Wikipedia — Rebate (marketing)](https://en.wikipedia.org/wiki/Rebate_(marketing)), [New York Times](https://www.nytimes.com/2006/03/04/business/a-growing-anger-over-unpaid-rebates.html)","pdf_format_mismatch"
"826","463","1997-06-01","CA Adds Customs Service Pact to Services Portfolio","Federal Computer Week","John Moore","online-article","Service represents about 25 percent of CA's total revenue.","Kastner (group VP, Aberdeen Group) on CA's growing services business and its specialized investment in federal support; contrasts with Oracle's higher services share.","no","not-applicable","The quote is a descriptive statement about CA's current revenue composition, not a forecast, as confirmed by is_predictive=""no"". [Phase-3 deferred-review resolved 2026-04-24]","","vendor-strategy-and-ma","1990s","not-predictive","The quote is a descriptive statement about CA's current revenue composition, not a forecast, as confirmed by is_predictive=""no"".","","pdf_format_mismatch"
"827","464","1998-04-05","CA Adds Remote-Control Technology Options","Federal Computer Week","","online-article","Remote control is like having a keyboard cable [that is] 3,000 miles long.","Kastner on the productivity gain of central remote-control administration vs. phone-based help-desk fixes for distributed federal agencies.","no","not-applicable","The quote descriptively analogizes the functionality of CA's new Remote Control Option for Unicenter TNG, comparing it to an extended keyboard cable, without forecasting future developments. [Phase-3 deferred-review resolved 2026-04-24]","","enterprise-servers-and-architecture","1990s","not-predictive","The quote descriptively analogizes the functionality of CA's new Remote Control Option for Unicenter TNG, comparing it to an extended keyboard cable, without forecasting future developments.","[Nextgov/FCW article](https://www.nextgov.com/digital-government/1998/04/ca-adds-remote-control-technology-options/227360/)","pdf_format_mismatch"
"828","468","1997-07-14","CA To Show New Framework","InformationWeek","","magazine-article","This will have a dramatic impact on the enterprise administration market.","Kastner (Aberdeen Group analyst) on CA's plan to have OEM partners including HP bundle Unicenter TNG framework with their systems — paired with his ""show-stopper"" assessment.","yes","high","CA's Unicenter TNG became a market leader with 42% share in enterprise management by 1997-1998, driven by OEM bundling deals with HP, Unisys, and others as predicted. [Phase-3 deferred-review resolved 2026-04-24]","","vendor-strategy-and-ma","1990s","validated","CA's Unicenter TNG became a market leader with 42% share in enterprise management by 1997-1998, driven by OEM bundling deals with HP, Unisys, and others as predicted.","[Washington Technology](https://www.washingtontechnology.com/1998/09/doing-the-deal/331623/), [HPCwire](https://www.hpcwire.com/1997/07/18/corporate-liaisons-borland-ibm-in-joint-dvpt-effort-tng-frmwk-bundled-on-unisys-nt-servers-brio-joins-microsoft-dw-alliance/), [CNET](https://www.cnet.com/tech/tech-industry/short-take-hp-computer-associates-integrate-management-tools/)","pdf_format_mismatch"
"829","469","1999-05-17","CA Updates Jasmine With Data Mining","InformationWeek","Amy K. Larsen","magazine-article","Not everyone is using this technology yet, but what CA has is really best-in-class.","Kastner (Aberdeen Group analyst) on CA's Jasmine TND object-relational database adding data-mining and 3-D visualization; expects Jasmine TND to attract early adopters of 3-D graphics for database applications.","yes","not-applicable","Claim that CA's Jasmine is ""best-in-class"" lacks specific benchmarks or competitors for falsifiability; no clear historical consensus emerged on it being top-tier. [Phase-3 deferred-review resolved 2026-04-24]","","databases-and-middleware","1990s","too-vague","Claim that CA's Jasmine is ""best-in-class"" lacks specific benchmarks or competitors for falsifiability; no clear historical consensus emerged on it being top-tier.","[InformationWeek via ProQuest](https://www.proquest.com/trade-journals/ca-updates-jasmine-with-data-mining/docview/229134188/se-2), [ITPro Today Jasmine review](https://www.itprotoday.com/it-infrastructure/jasmine-objects-work)","pdf_format_mismatch"
"830","470","1998-12-02","CA's Neugents to Ease Net Admins' Busywork","Computerworld Australia","","online-article","The artificial intelligence of PENs and CA's future Neugents offerings will greatly reduce these administrative headaches by enabling management by exception, or the need to manually monitor systems only when their performance is out of step with parameters set by historical trending.","Kastner (CRO, Aberdeen Group) on CA's Performance Enhancement Neugents (neural networking agents for Unicenter TNG 2.1/2.2) relieving IS managers of clerical work.","yes","high","Neugents shipped in Dec 1998 as promised, enabling predictive alerts based on historical trends for management by exception, greatly reducing manual monitoring as claimed; modern AIOps confirms the concept's validity. [Phase-3 deferred-review resolved 2026-04-24]","","emerging-tech","1990s","validated","Neugents shipped in Dec 1998 as promised, enabling predictive alerts based on historical trends for management by exception, greatly reducing manual monitoring as claimed; modern AIOps confirms the concept's validity.","[ESJ on CA Neugents](https://esj.com/articles/1999/06/09/cas-neugents-aim-to-make-it-infrastructure-smarter.aspx), [Netvalley on Unicenter TNG Neugents](https://www.netvalley.com/archives/97companynews/ca.html)","pdf_format_mismatch"
"831","475","2002-10-16","Kabellos: Keyboard und Maus von Microsoft","Heise Online","Dusan Zivadinovic","online-article","Als sei der Startschuss gefallen, aber die Läufer stolpern nur über die Startlinie. [English: As if the starting gun had fired, but the runners are stumbling over the starting line.]","Kastner (head of research at Aberdeen Group) on the disappointing state of Bluetooth adoption in late 2002 despite recent growth; expresses hope that Microsoft's new cable-free Bluetooth keyboard/mouse set will act as a catalyst for the technology.","yes","medium","Bluetooth adoption stumbled in late 2002 with slow growth (35M chips shipped), but accelerated post-2004 with Bluetooth 2.0, reaching 1B devices by 2006 despite no clear Microsoft catalyst. [Phase-3 deferred-review resolved 2026-04-24]","","mobile-and-wireless","2000s","partially-validated","Bluetooth adoption stumbled in late 2002 with slow growth (35M chips shipped), but accelerated post-2004 with Bluetooth 2.0, reaching 1B devices by 2006 despite no clear Microsoft catalyst.","[Microsoft Press Release Oct 2002](https://news.microsoft.com/source/2002/10/15/microsoft-makes-history-delivers-unprecedented-wireless-freedom-with-new-desktop-hardware-solution-for-bluetooth/), [BBC In-Stat Report 2003](http://news.bbc.co.uk/2/hi/technology/2660395.stm), [Bluetooth History Timeline](https://www.scribd.com/document/55243734/History-of-Bluetooth-Technology)","not_in_pdf"
"832","472","2009-03-07","Catalina588 comment on 'Has cloud computing lost its VC luster?'","CNET","Peter S. Kastner","authored-column","Cloud computing's lack of definition is its market doom. Not only are VCs getting glazed at the Powerpoints, IT managers are too. Enterprise clouds are a non-starter in a project-by-project funded corporate IT world. Fewer than one company in eight is willing to make big IT infrastructure bets across the enterprise.","Kastner, commenting under the Catalina588 handle, argues enterprise clouds are a non-starter and that consumer/SMB internet startups face scaling/funding challenges during the worst recession in memory. Evokes Mick Jagger 1965 ('get off of my cloud').","yes","low","Enterprise cloud adoption exploded post-2009 recession, with cloud spending growing from $77B in 2010 to $411B by 2020 and 80-90% of enterprises using cloud by mid-2010s, directly contradicting the non-starter prediction. [Phase-3 deferred-review resolved 2026-04-24]","","emerging-tech","2000s","contradicted","Enterprise cloud adoption exploded post-2009 recession, with cloud spending growing from $77B in 2010 to $411B by 2020 and 80-90% of enterprises using cloud by mid-2010s, directly contradicting the non-starter prediction.","[Synergy Research](https://www.srgresearch.com/articles/2020-the-year-that-cloud-service-revenues-finally-dwarfed-enterprise-spending-on-data-centers), [Hyve](https://www.hyve.com/insights/a-decade-in-the-cloud-2010-2020/), [Gartner via ZDNet](https://www.zdnet.com/article/cloud-takes-up-10-percent-of-external-it-spend-says-gartner/)","not_in_pdf"
"833","476","2008-07-01","Catalina588 comment on 'Intel says to prepare for thousands of cores'","CNET","Peter S. Kastner","authored-column","One likely change in a world of 1,000+ cores is a total rethink of OS architecture. Maybe we end up with something like the IBM System i (AS/400) where the OS and a thread/task/program have their own virtual memory mapped core. And individual OS services get their cores as needed. Anyway, I see big OS changes to harness a many-core world; I do not see a rewrite of the world's applications for massive parallelism in my lifetime.","Kastner (as Catalina588) on Intel's thousand-core roadmap; predicts OS-level rethink modeled on AS/400's single-level-store virtual-memory architecture, while remaining skeptical that mass-market applications will be rewritten for extreme parallelism.","yes","medium","OS saw research prototypes like Barrelfish and Corey rethinking architecture for many cores, but mainstream OSes evolved incrementally without total rewrites; apps not rewritten for massive parallelism due to Amdahl's law limits. [Phase-3 deferred-review resolved 2026-04-24]","","os-and-platforms","2000s","mixed","OS saw research prototypes like Barrelfish and Corey rethinking architecture for many cores, but mainstream OSes evolved incrementally without total rewrites; apps not rewritten for massive parallelism due to Amdahl's law limits.","[Barrelfish multikernel](https://pages.cs.wisc.edu/~swift/classes/cs736-sp15/blog/2015/02/the_multikernel_a_new_os_archi.html), [Corey OS](https://www.the-paper-trail.org/post/2009-01-14-osdi-08-corey-an-operating-system-for-many-cores/), [Amdahl's law multicore](https://www.cs.cmu.edu/~18742/papers/Hill2008.pdf)","not_in_pdf"
"834","478","2008-12-30","Catalina588 comment on 'Are Netbooks the Future of PCs?'","Seeking Alpha","Peter S. Kastner","authored-column","Netbooks are indeed disrupting the low-end PC market. No where is AMD mentioned, and they have taken a big hit from netbooks. A netbook is OK around the house for email and surfing. A road warrior would not want a netbook due to limited storage, battery life, screen size, and product life. Netbooks are cheap, and they are built cheap; they won't last four college years in a backpack.","Kastner (signed -PSK; Catalina588 handle) on netbook market dynamics: acknowledges low-end PC disruption and AMD pain while dismissing netbooks as inadequate for professionals or durable student use; predicts a 'scaled up iPhone Touch' would be a great Apple product.","yes","high","Netbooks disrupted low-end PC market with ~15M units sold in 2008 per Displaybank, hurting AMD which reported Q4 revenue drop and inventory write-downs; limitations like poor battery life (2-5hrs), small screens, limited storage, and cheap build matched historical reviews confirming unsuitability for road warriors or 4-year college durability. [Phase-3 deferred-review resolved 2026-04-24]","","pcs-and-clients","2000s","validated","Netbooks disrupted low-end PC market with ~15M units sold in 2008 per Displaybank, hurting AMD which reported Q4 revenue drop and inventory write-downs; limitations like poor battery life (2-5hrs), small screens, limited storage, and cheap build matched historical reviews confirming unsuitability for road warriors or 4-year college durability.","[CNET — Netbook sales 2008](https://www.cnet.com/tech/computing/netbook-sales-exploded-in-2008-dell-not-responsible/), [AMD Q4 2008 earnings](https://ir.amd.com/news-events/press-releases/detail/225/amd-reports-fourth-quarter-and-annual-results), [Notebookcheck — Acer Aspire One review](https://www.notebookcheck.net/Review-Acer-Aspire-One-531-Netbook.16316.0.html)","not_in_pdf"
"835","479","2002-10-18","Cheaper PDAs tempt buyers","Computing (IT Week)","","online-article","A low-priced Dell PDA with adequate features could light a fire under the underdeveloped enterprise PDA market.","Secondary cite of an Aberdeen Group report co-authored by Isaac Ro and Peter Kastner on PDA market dynamics; published as HP Jornada/iPaq shipments fell on economic conditions and relatively high prices (per Gartner Dataquest's Todd Kort).","yes","medium","Dell launched low-priced Axim PDA ($249) weeks after quote, PDA market grew post-2002 per forecasts (18% CAGR 2002-2007), but enterprise adoption lagged due to smartphones by mid-decade. [Phase-3 deferred-review resolved 2026-04-24]","","mobile-and-wireless","2000s","partially-validated","Dell launched low-priced Axim PDA ($249) weeks after quote, PDA market grew post-2002 per forecasts (18% CAGR 2002-2007), but enterprise adoption lagged due to smartphones by mid-decade.","[Dell Axim Wikipedia](https://en.wikipedia.org/wiki/Dell_Axim), [Silicon Republic BlackBerry PDA](https://www.siliconrepublic.com/enterprise/did-the-blackberry-kill-the-pda), [Taipei Times PDA sales](https://www.taipeitimes.com/News/biz/archives/2003/02/17/0000194926)","pdf_format_mismatch"
"836","474","2002-12-06","Chip Makers No Longer 'Drowning'","InformationWeek","Larry Greenemeier","online-article","We don't see any killer apps, but the Y2K generation of PCs is getting a little long in the tooth.","Kastner (CRO, Aberdeen Group) follow-on to 'they're not drowning anymore': pins near-term PC/server demand on replacement cycles rather than a killer app, as Intel's Q4 2002 revenue guidance firmed at $6.8-7B and AMD's at $700M.","yes","high","PC shipments grew ~9% in 2003 per Gartner/IDC amid Y2K-era refresh cycles, driving Intel Q4'02 revenue to $8.7B (above guidance) and PC demand without killer apps. [Phase-3 deferred-review resolved 2026-04-24]","","pcs-and-clients","2000s","validated","PC shipments grew ~9% in 2003 per Gartner/IDC amid Y2K-era refresh cycles, driving Intel Q4'02 revenue to $8.7B (above guidance) and PC demand without killer apps.","[Intel Q4 2003 Earnings](https://www.intc.com/news-events/press-releases/detail/1370/intel-fourth-quarter-revenue-of-8-74-billion-at-record), [Gartner PC shipments 2003](https://www.cnet.com/tech/computing/2003-a-banner-year-for-pc-market/), [AMD Q4 2002](https://ir.amd.com/financial-information/sec-filings/content/0001012870-03-001936/dex991.htm)","pdf_format_mismatch"
"837","480","1996-10-28","Cluster's Next Stand: Reliable NT","InformationWeek","","magazine-article","Tandem, HP, DEC, and IBM say they'll increase revenue next year through clusters. They can't all succeed. They're all raising hurdles at the same time, and the differences will be too hard for IT executives to discern.","Kastner (Aberdeen Group analyst) on the looming customer-confusion problem in the enterprise NT-cluster market as Tandem launches ServerNet alongside Wolfpack standardization promises from Microsoft.","yes","high","Microsoft Wolfpack (MSCS) succeeded as standard, while vendors like Tandem (acquired by Compaq 1997), DEC (by Compaq 1998) pursued distinct approaches like ServerNet, creating customer confusion with multiple incompatible options. [Phase-3 deferred-review resolved 2026-04-24]","","enterprise-servers-and-architecture","1990s","validated","Microsoft Wolfpack (MSCS) succeeded as standard, while vendors like Tandem (acquired by Compaq 1997), DEC (by Compaq 1998) pursued distinct approaches like ServerNet, creating customer confusion with multiple incompatible options.","[CNET Wolfpack](https://www.cnet.com/tech/mobile/wolfpack-specs-unleashed/), [NYT DEC](https://www.nytimes.com/1997/07/25/business/digital-equipment-s-operating-earnings-rise-in-quarter.html), [Connection Tandem](https://connect2nonstop.com/nonstop-trends-wins-nonstop-50-part-i/)","not_in_pdf"
"838","480","1996-10-28","Cluster's Next Stand: Reliable NT","InformationWeek","","magazine-article","ServerNet is a good infrastructure for building fast and extensible clusters.","Kastner follow-on to the 'peripheral-to-peripheral' quote (row 447): endorses Tandem ServerNet as cluster interconnect foundation for PC vendors (Compaq, Dell, HP).","yes","medium","Compaq adopted ServerNet as early outside adopter for x86 clusters post-1997 acquisition of Tandem, enabling fast NT clusters, but Dell and HP did not widely build extensible PC clusters around it; Ethernet/Gigabit became standard. [Phase-3 deferred-review resolved 2026-04-24]","","enterprise-servers-and-architecture","1990s","partially-validated","Compaq adopted ServerNet as early outside adopter for x86 clusters post-1997 acquisition of Tandem, enabling fast NT clusters, but Dell and HP did not widely build extensible PC clusters around it; Ethernet/Gigabit became standard.","[Tandem Computers Wikipedia](https://en.wikipedia.org/wiki/Tandem_Computers), [CNET Tandem serves e-commerce](https://www.cnet.com/tech/tech-industry/tandem-serves-e-commerce/)","not_in_pdf"
"839","489","2003-11-17","Apple faces the music","CNN/Money","Paul R. La Monica","online-article","I don't see any loss of momentum for Apple. Our research shows that people are coming into stores and asking for the iPod by name, not just any music player.","Kastner (CRO, Aberdeen Group) on iPod brand strength heading into 2003 holiday season amid competition from Rio, Creative Nomad, Samsung/Napster, and Dell DJ.","yes","high","iPod sales surged from 336k units in 2003 Q4 holiday to 733k in 2004 Q1, reaching 64% US market share by Aug 2003 and 82% by Aug 2004 amid competition. [Phase-3 deferred-review resolved 2026-04-24]","","pcs-and-clients","2000s","validated","iPod sales surged from 336k units in 2003 Q4 holiday to 733k in 2004 Q1, reaching 64% US market share by Aug 2003 and 82% by Aug 2004 amid competition.","[Apple Q1 2004 Results](https://www.apple.com/newsroom/2004/01/14Apple-Reports-First-Quarter-Results/), [The Register iPod market share](https://www.theregister.com/2004/10/12/ipod_us_share/), [Apple 2M iPods sold](https://www.apple.com/newsroom/2004/01/06Over-Two-Million-iPods-Sold/)","pdf_format_mismatch"
"840","489","2003-11-17","Apple faces the music","CNN/Money","Paul R. La Monica","online-article","A video version of the iPod is likely, especially since Microsoft has announced plans to start selling audio and video playing software for mobile devices, called Portable Media Center, next year.","Kastner (CRO, Aberdeen) predicts video iPod as Microsoft Portable Media Center creates market pressure. Video iPod in fact launched October 2005 — roughly 2 years out.","yes","high","Video iPod launched October 2005, nearly 2 years after Kastner's 2003 prediction, confirming the forecast amid Microsoft Portable Media Center pressure. [Phase-3 deferred-review resolved 2026-04-24]","","pcs-and-clients","2000s","validated","Video iPod launched October 2005, nearly 2 years after Kastner's 2003 prediction, confirming the forecast amid Microsoft Portable Media Center pressure.","[Apple Newsroom](https://www.apple.com/newsroom/2005/10/12Apple-Unveils-the-New-iPod/), [Wikipedia iPod Classic](https://en.wikipedia.org/wiki/IPod_Classic), [Microsoft Portable Media Center](https://news.microsoft.com/source/2003/10/27/microsoft-announces-official-name-and-new-odm-partners-for-portable-media-center-devices-previously-known-as-media2go/)","pdf_format_mismatch"
"841","489","2003-11-17","Apple faces the music","CNN/Money","Paul R. La Monica","online-article","Something that could really be a big success for Apple would be transforming the iPod into a smartphone, a combination cell phone and personal digital assistant. That's something that people are rumoring. An Apple smartphone would fit in a new product category, where industry standards have not been set.","Kastner (CRO, Aberdeen Group) — THREE YEARS AND FIVE MONTHS before the iPhone launch (Jan 2007 announce, Jun 2007 ship) predicts Apple transforming iPod into a smartphone in an undefined new product category. Notably prescient forecast.","yes","high","Apple announced the iPhone on January 9, 2007—a touchscreen smartphone combining phone, PDA, and iPod music player—3 years and 2 months after the 2003 quote, creating a new category without prior standards. [Phase-3 deferred-review resolved 2026-04-24]","","mobile-and-wireless","2000s","validated","Apple announced the iPhone on January 9, 2007—a touchscreen smartphone combining phone, PDA, and iPod music player—3 years and 2 months after the 2003 quote, creating a new category without prior standards.","[Apple Newsroom](https://www.apple.com/newsroom/2007/01/09Apple-Reinvents-the-Phone-with-iPhone/), [Wikipedia iPhone](https://en.wikipedia.org/wiki/IPhone), [Setapp iPhone releases](https://setapp.com/how-to/every-iphone-release-in-chronological-order)","pdf_format_mismatch"
"842","482","2003-05-21","Tech Investor: Deflation, the dropping dollar, and tech","CNN/Money","Eric Hellweg","authored-column","Hardware manufacturers have to produce and sell a lot more units at a lower price to keep up on the revenue treadmill. Units are up almost 30 percent at Dell, but revenues were only up 18 percent.","Kastner (CRO, Aberdeen) on deflationary pressure in PC hardware — illustrated by Dell unit growth outpacing revenue by ~12 percentage points in 2003.","no","not-applicable","Quote observes past unit growth (~29%) outpacing revenue growth (18%) at Dell, exemplifying deflationary pressure in PC hardware; descriptive, not forecasting. [Phase-3 deferred-review resolved 2026-04-24]","","pcs-and-clients","2000s","not-predictive","Quote observes past unit growth (~29%) outpacing revenue growth (18%) at Dell, exemplifying deflationary pressure in PC hardware; descriptive, not forecasting.","[Dell Q1 FY2004 earnings](https://www.irishexaminer.com/business/arid-30099224.html), [CNN Dell profits](http://www.cnn.com/2003/BUSINESS/05/16/us.dell/)","not_in_pdf"
"843","484","2003-04-10","Tech Investor: Is SARS sickening tech?","CNN/Money","Eric Hellweg","authored-column","This isn't the first time China has stiff-armed the world on a major global health issue. Tech companies, which heretofore had rushed to outsource to China because of the quality and low cost, are now rethinking whether they can put all their high-tech eggs in the China basket.","Kastner (CRO, Aberdeen; co-author of Aberdeen SARS supply-chain report) on China's information opacity and the resulting reliability risk to outsourced electronics manufacturing.","yes","low","Tech companies continued outsourcing to China post-SARS, with China's global electronics export share surging from ~9% in 2000 to 33% by 2023 and dominating U.S. imports (e.g., 85% laptops by 2009). [Phase-3 deferred-review resolved 2026-04-24]","","vendor-strategy-and-ma","2000s","contradicted","Tech companies continued outsourcing to China post-SARS, with China's global electronics export share surging from ~9% in 2000 to 33% by 2023 and dominating U.S. imports (e.g., 85% laptops by 2009).","[Federal Reserve paper](https://www.federalreserve.gov/pubs/ifdp/2011/1033/ifdp1033.htm), [Global Times](https://www.globaltimes.cn/page/202509/1344365.shtml), [CIRANO report](https://cirano.qc.ca/files/publications/2008s-05.pdf)","not_in_pdf"
"844","485","2003-11-18","Comdex 2003: Sun Microsystems sets new, aggressive strategy","The Seattle Times","Kim Peterson","newspaper-article","Sun can use AMD's Opteron to compete directly against IBM in the head-to-head Opteron battle for price-conscious buyers of high-performance computers.","Kastner (Aberdeen Group analyst) on Sun's strategic Opteron adoption announced by McNealy at Comdex 2003: a direct competitive lever against IBM, which had earlier committed to Opteron.","no","not-applicable","Quote is descriptive of Sun's strategy to use Opteron against IBM for price-conscious high-performance computing buyers, not a forecast. [Phase-3 deferred-review resolved 2026-04-24]","","enterprise-servers-and-architecture","2000s","not-predictive","Quote is descriptive of Sun's strategy to use Opteron against IBM for price-conscious high-performance computing buyers, not a forecast.","","pdf_format_mismatch"
"845","486","2006-09-08","Companies Reap Benefits from BPM Investments","Business Technology Asia","","online-article","Based on the excitement elicited in follow-up interviews as part of the survey, we believe BPM, and especially business process monitoring, is well on the rise. Customer-facing applications such as call center management are the first BPM applications, chosen by 70% of survey respondents.","Kastner (Aberdeen VP and Research Director, Enterprise Integration; author of The BPM Benchmark Report) on early adoption patterns — customer-facing/call-center first, with average 20% ROI for Best-in-Class firms.","yes","high","BPM market grew steadily from $11.4B in 2006 to $16.1B in 2010 with process automation middleware (including BPM) expanding, confirming its rise; customer-facing apps like call centers commonly use BPM today. [Phase-3 deferred-review resolved 2026-04-24]","","emerging-tech","2000s","validated","BPM market grew steadily from $11.4B in 2006 to $16.1B in 2010 with process automation middleware (including BPM) expanding, confirming its rise; customer-facing apps like call centers commonly use BPM today.","[IDC BPM Middleware Report 2010](https://public.dhe.ibm.com/software/ch/pdf/idc_worldwide_business_process_management_and__middleware_2010_vendor_shares.pdf), [Column 2 BPMS 2006](https://column2.com/2008/05/sapphire-sap-and-bpm-panel/)","pdf_format_mismatch"
"846","487","1998-01-21","Compaq Leads $25 Million Funding of CrossWorlds Software","PR Newswire","","press-release","CrossWorlds is well on its way to creating a new industry around Processware as an integration solution strategy for major global corporate IT.","Kastner (VP, Aberdeen Group) on CrossWorlds Software's $25M round led by Compaq, with JD Edwards and Manugistics also participating; positions Processware as an integration category.","yes","medium","CrossWorlds succeeded in EAI with $129M IBM acquisition in 2001, but Processware did not spawn a distinct new industry, becoming part of broader EAI/iPaaS market. [Phase-3 deferred-review resolved 2026-04-24]","","databases-and-middleware","1990s","partially-validated","CrossWorlds succeeded in EAI with $129M IBM acquisition in 2001, but Processware did not spawn a distinct new industry, becoming part of broader EAI/iPaaS market.","[Computerworld](https://www.computerworld.com/article/1346743/ibm-buys-crossworlds-software-for-129-million.html), [Wikipedia IBM acquisitions](https://en.wikipedia.org/wiki/List_of_mergers_and_acquisitions_by_IBM)","pdf_format_mismatch"
"847","488","2007-01-17","Composite Applications Used to Solve Integration Problems","Application Development Trends","James E. Powell","online-article","Our research found that companies are targeting Web-based applications first — specifically portals and browser-based applications — when they're looking to build composite applications.","Kastner (VP, Aberdeen Enterprise Technology; primary author of The Composite Applications Benchmark Report) on the emergent composite-apps market: companies use composite apps as a bridge while they experiment with SOA, targeting browser/portal front-ends first.","no","not-applicable","The quote describes findings from Aberdeen's research on companies' current targeting practices for composite applications, without forecasting future trends. [Phase-3 deferred-review resolved 2026-04-24]","","emerging-tech","2000s","not-predictive","The quote describes findings from Aberdeen's research on companies' current targeting practices for composite applications, without forecasting future trends.","[Enterprise Systems Journal](https://esj.com/articles/2007/01/16/survey-composite-applications-used-to-solve-integration-problems.aspx)","pdf_format_mismatch"
"848","495","1998-07-01","Computer Associates International, Inc. Annual Report 1998","Computer Associates International, Inc.","Charles B. Wang (CEO); Sanjay Kumar (President)","press-release","The long-term direction of TND is to dramatically reduce labor hours by having TND anticipate and solve any problems.","Kastner (Aberdeen Group) quoted as pull-quote in CA's 1998 Annual Report endorsing Unicenter TNG/TND strategy. Frames CA's enterprise management roadmap as anticipatory/autonomic labor reduction — a forerunner of Kastner's later 2003 IBM Project eLiza autonomic computing prescience (row 383).","yes","high","Unicenter TND's neural network agents to anticipate and solve problems presaged autonomic computing and AIOps, which achieved widespread adoption and significantly reduced IT operations labor through automation. [Phase-3 deferred-review resolved 2026-04-24]","","emerging-tech","1990s","validated","Unicenter TND's neural network agents to anticipate and solve problems presaged autonomic computing and AIOps, which achieved widespread adoption and significantly reduced IT operations labor through automation.","[ITWeb - Unicenter TND](https://www.itweb.co.za/article/computer-associates-unleashes-unicenter-tnd/VgZeyqJAwLVMdjX9), [CRN - IBM Autonomic Computing](https://www.crn.com/news/channel-programs/18838046/ibm-manifesto-bring-on-autonomic-computing), [GMI - AIOps Market](https://www.gminsights.com/industry-analysis/aiops-market)","not_in_pdf"
"849","495","1998-07-01","Computer Associates International, Inc. Annual Report 1998","Computer Associates International, Inc.","Charles B. Wang (CEO); Sanjay Kumar (President)","press-release","For its target audience, Workgroup Edition provides a big value and a small price tag.","Kastner (Aberdeen Group) pull-quote in CA 1998 Annual Report endorsing Unicenter TNG Workgroup Edition's value proposition for SMB/departmental buyers — CA's channel-down strategy to extend enterprise management tooling into mid-market.","no","not-applicable","","","it-spend-and-market-outlook","1990s","","","","not_in_pdf"
"850","490","2002-10-15","Microsoft launches wireless keyboard and mouse","Reuters","Reed Stevenson","online-article","The Bluetooth market has been off to a very ragged start. Microsoft products will add fuel to the fire.","Kastner (Aberdeen Group analyst) on Microsoft's October 2002 launch of a $159 Bluetooth bundle (keyboard, mouse, transponder) paired with Windows XP. Frames Microsoft entry as catalytic for a stalled Bluetooth accessory market. Original Reuters wire; later echoed in Heise Online's German translation (seq 475).","yes","high","Microsoft's October 2002 Bluetooth desktop launch catalyzed the market as predicted, with Kastner himself calling it the ""key catalyst""; Bluetooth shipments grew rapidly from ~30M chipsets in 2002 to billions annually by mid-decade. [Phase-3 deferred-review resolved 2026-04-24]","","mobile-and-wireless","2000s","validated","Microsoft's October 2002 Bluetooth desktop launch catalyzed the market as predicted, with Kastner himself calling it the ""key catalyst""; Bluetooth shipments grew rapidly from ~30M chipsets in 2002 to billions annually by mid-decade.","[Microsoft News](https://news.microsoft.com/source/2002/10/15/microsoft-makes-history-delivers-unprecedented-wireless-freedom-with-new-desktop-hardware-solution-for-bluetooth/), [Bluetooth SIG History](https://www.bluetooth.com/wp-content/uploads/Sitecore-Media-Library/20year/default.html), [Wikipedia Bluetooth](https://en.wikipedia.org/wiki/Bluetooth)","not_in_pdf"
"851","493","2004-10-04","Cool Stuff -- Apple","InformationWeek","Aaron Ricadela","magazine-article","The bills are going to be paid with the one, two, three, four Xserves and a few terabytes of RAID storage.","Kastner (co-founder, Aberdeen Group) on Apple's enterprise server strategy — distinguishes Apple's HPC 'glamour accounts' (Virginia Tech System X, 1,100 Xserve G5 cluster) from the SMB bread-and-butter where Xserve + Xserve RAID actually generates recurring revenue.","no","not-applicable","","","storage","2000s","","","","not_in_pdf"
"852","496","2004-01-15","News Factor: Corporate Users Abandoning Their Desktop PCs","Smallbiztechnology.com (via NewsFactor)","Ramon Ray (blog editor)","online-article","the move toward wireless local and wide area networks is creating a bifurcated world.","Kastner (Aberdeen Group) on the enterprise wireless transition (Jan 2004). Identifies Intel/Cisco/Microsoft as wireless infrastructure investors creating a two-tier corporate IT landscape — those who can invest in wireless infrastructure vs those left behind on wired desktops.","yes","high","Wi-Fi adoption exploded post-2004 with 802.11n (2009) and enterprise WLANs becoming standard, creating haves with advanced wireless vs. laggards on legacy wired setups, as confirmed by industry histories. [Phase-3 deferred-review resolved 2026-04-24]","","mobile-and-wireless","2000s","validated","Wi-Fi adoption exploded post-2004 with 802.11n (2009) and enterprise WLANs becoming standard, creating haves with advanced wireless vs. laggards on legacy wired setups, as confirmed by industry histories.","[Cisco Wi-Fi history](https://news-blogs.cisco.com/emea/2019/09/30/20-years-of-wi-fi/), [TechTarget wireless history](https://www.techtarget.com/searchnetworking/tip/A-history-of-wireless-for-business-and-a-look-forward)","pdf_format_mismatch"
"853","492","2004-06-21","IBM Dominates Supercomputer List","E-Commerce Times","Keith Regan","online-article","There are applications in the military, in medical research, in all fields of science.","Kastner (Aberdeen Group analyst) on the June 2004 Top500 supercomputer list (IBM dominance, NEC Earth Simulator dethroned). Full quote: 'There are applications in the military, in medical research, in all fields of science. This is an example of how the less expensive computing power can really become important.' Prescient framing of commodity-cluster supercomputing as democratization of HPC.","yes","high","Supercomputers have since been extensively applied in military simulations, medical research like drug discovery and genomics, and scientific fields including climate modeling and physics, confirming the observation. [Phase-3 deferred-review resolved 2026-04-24]","","emerging-tech","2000s","validated","Supercomputers have since been extensively applied in military simulations, medical research like drug discovery and genomics, and scientific fields including climate modeling and physics, confirming the observation.","[TOP500 June 2004 list](https://top500.org/lists/top500/list/2004/06/)","pdf_format_mismatch"
"854","494","2003-04-17","Customers Tire of Excuses for Rebates That Never Arrive","The New York Times","Howard Millman","newspaper-article","Although the low price prompts the purchase, approximately 60 percent of purchasers never get a rebate.","Kastner (Aberdeen Group) in NYT 2003-04-17. Quantifies rebate non-redemption at 60% of purchasers — includes both non-filers and rejected applications. Famously frames the practice as an 'underregulated consumer swamp' in same article.","no","not-applicable","","","vendor-strategy-and-ma","2000s","","","","pdf_format_mismatch"
"855","494","2003-04-17","Customers Tire of Excuses for Rebates That Never Arrive","The New York Times","Howard Millman","newspaper-article","underregulated consumer swamp","Kastner (Aberdeen Group) signature phrase in NYT 2003-04-17 describing the U.S. rebate industry. Pairs with the 60%-nonredemption figure (row 854) and the 'tawdry strategy' line (row 467 post-fix). Characteristic Kastner rhetorical device — memorable populist framing.","no","not-applicable","","","vendor-strategy-and-ma","2000s","","","","pdf_format_mismatch"
"856","497","2003-08-04","Working towards productivity paradise","Daily Times (Pakistan)","Kamil F. Hasan","newspaper-article","Looking down the road, keeping Windows 98-era PCs around much longer will move from the executive's prudent category to the stupid category.","Kastner (EVP & Chief Research Officer, Consumer Digital Technology Practice, Aberdeen Group) from his Aberdeen report 'Why You Need To Replace Those Windows 98 And NT Machines,' quoted in Pakistani business press in a PC-replacement-cycle advocacy column (mid-2003). Direct value statement of PC refresh economics.","yes","high","Windows 98 mainstream support ended 2002, full support 2006; typical enterprise PC refresh cycles were 3-5 years, making retention of 1998-era PCs post-2003 imprudent due to security risks and productivity losses. [Phase-3 deferred-review resolved 2026-04-24]","","pcs-and-clients","2000s","validated","Windows 98 mainstream support ended 2002, full support 2006; typical enterprise PC refresh cycles were 3-5 years, making retention of 1998-era PCs post-2003 imprudent due to security risks and productivity losses.","[Microsoft Support Lifecycle](https://www.microsoft.com/en-us/msrc/blog/2006/06/windows-98-98se-and-me-information-about-support-lifecycle-and-ms06-015), [Network World 2003](https://www.networkworld.com/article/893291/lan-wan-examining-the-pc-upgrade-cycle.html), [Wikipedia Windows 98](https://en.wikipedia.org/wiki/Windows_98)","pdf_format_mismatch"
"857","497","2003-08-04","Working towards productivity paradise","Daily Times (Pakistan)","Kamil F. Hasan","newspaper-article","mid-2003 is a good time for starting or accelerating a PC replacement cycle.","Kastner (Aberdeen Group CDT Practice) timing call — argues Windows XP Pro SP1 availability, hyperthreading on mainstream Pentium 4, and documented Meta Group/KPMG productivity data make Q2/Q3 2003 the economic inflection for enterprise PC refresh.","yes","high","PC shipments grew in 2003 (10-11% YoY per Gartner/IDC), with Q2 up 2.6%, Q3 forecasted 9.6-15.7% YoY, aligning with mid-2003 enterprise refresh driven by XP SP1 and productivity data. [Phase-3 deferred-review resolved 2026-04-24]","","pcs-and-clients","2000s","validated","PC shipments grew in 2003 (10-11% YoY per Gartner/IDC), with Q2 up 2.6%, Q3 forecasted 9.6-15.7% YoY, aligning with mid-2003 enterprise refresh driven by XP SP1 and productivity data.","[Gartner via CNET](https://www.cnet.com/tech/computing/2003-a-banner-year-for-pc-market/), [Gartner via ZDNET](https://www.zdnet.com/article/gartner-ups-estimate-for-2003-pc-shipments/), [IDC via ProQuest](https://www.proquest.com/trade-journals/brief/docview/194366732/se-2)","pdf_format_mismatch"
"858","498","1997-10-01","October 1997 Editor's Buffer: Dialing for Hubris","Database Programming & Design (dbpd.com)","Editor (Database Online)","magazine-article","the tough competition facing database vendors not named IBM, Oracle, or Microsoft.","Kastner (Aberdeen Group) characterization at the August 1997 Object/Relational Summit in Boston — framed the emerging three-way DBMS consolidation (IBM, Oracle, Microsoft) as existentially difficult for all other database vendors. Prescient: by mid-2000s the DBMS market had indeed consolidated around those three plus a shrinking Sybase/Informix/Ingres tier.","yes","high","By mid-2000s, DBMS market consolidated around IBM (34%), Oracle (34%), Microsoft (17-20%), with others like Sybase (3%) and Informix (acquired by IBM 2001) shrinking significantly. [Phase-3 deferred-review resolved 2026-04-24]","","databases-and-middleware","1990s","validated","By mid-2000s, DBMS market consolidated around IBM (34%), Oracle (34%), Microsoft (17-20%), with others like Sybase (3%) and Informix (acquired by IBM 2001) shrinking significantly.","[IDC/Gartner 2005](http://bi.abhinavagarwal.net/2006/05/oracle-leads-in-dbms-marketshare-idc.html), [Informix Wikipedia](https://en.wikipedia.org/wiki/Informix_Corporation)","not_in_pdf"
"1003","583","2003-02-01","Soft growth seen for software","DC Velocity","DC Velocity Staff","magazine-article","""Simply put, U.S. CEOs still have a tight grip on corporate IT spending, believing that prudence in the face of a possible war, oil disruption, and a weak economy dictate a minimum of capital expenditures and a ruthless focus on cutting IT costs. The rest of the world, which is in a much better psychological state of mind, does not have a big enough growth engine to pull the United States out of its IT slump.""","Peter S. Kastner, Aberdeen's executive vice president and chief of research, wrote in the company's electronic newsletter. Aberdeen forecasts worldwide IT spending to rise 4 percent in 2003 versus 1 percent growth last year, with long-term growth in the 4-to-5 percent range. He expects sales to start picking up slowly later this year.","yes","medium","Correctly identified persistent U.S. IT-spending conservatism driven by war/oil/economy; the 4% 2003 forecast was broadly in line with the actual tepid recovery. Under-weighted the strength of the international rebound.","1","it-spend-and-market-outlook","2000s","","","","pdf_format_mismatch"
"1004","584","1997-03-24","Digital and NCI Announce Reference Design for Industry's Most Powerful Network Computer","Digital Equipment Corporation (press release)","Digital Equipment Corporation / Network Computer Inc.","press-release","""The reference platform answers four market concerns about network computers: price, performance, power, and productivity. The synergy of Digital's StrongARM (microprocessor) and NCI's NC system software will be attractive to the many organizations now evaluating network computing.""","Peter Kastner, an industry analyst with Aberdeen Group, commenting on the joint Digital/NCI reference design announced March 24, 1997, pairing Digital's StrongARM microprocessor with Oracle subsidiary NCI's NC Access software for low-cost network computers.","yes","low","Correctly identified the four buyer concerns, but the network-computer category itself failed to displace the PC; StrongARM later moved to Intel's control via the DEC-Intel 1998 settlement and proliferated instead through ARM-based mobile devices.","3","mobile-and-wireless","1990s","","","","pdf_format_mismatch"
"1006","589","2004-04-28","Dell, Oracle & Linux: Your Next SAP Platform?","Aberdeen Group (Perspective Vol.1 No.1)","Peter S. Kastner","authored-column","In SAP's widely used Sales and Distribution (SD) performance test, a two-node cluster of Dell 6650 4-way servers had about 9% to 16% better performance than 8-way RISC, Xeon, and Itanium SMP competitors for as little as one-third the cost.","Kastner presents SAP SD benchmark evidence that a 2-node Dell 4-way Xeon cluster beats high-end 8-way RISC/Itanium SMP systems on both performance and price, arguing this cost/performance delta would drive Global 5000 buyers toward industry-standard clusters.","yes","high","Scale-out 2-4 socket x86 clusters did overtake 8-way SMP RISC systems on price/performance economics through 2005-2008, and SAP certifications followed that migration. The quantified 9-16% performance advantage and ~3x cost advantage held broadly during the follow-on refresh cycle.","3","databases-and-middleware","2000s","","","","pdf_format_mismatch"
"1007","589","2004-04-28","Dell, Oracle & Linux: Your Next SAP Platform?","Aberdeen Group (Perspective Vol.1 No.1)","Peter S. Kastner","authored-column","Aberdeen estimates there are over 10,000 EBA RISC-Unix systems of the Y2K generation. These worn-out systems have now reached a point of technology obsolescence and are up for replacement.","Kastner sizes the addressable market for the next enterprise-application refresh cycle at 10,000+ Y2K-era RISC-Unix systems, arguing that most lack support for modern capabilities (SANs, XML, .Net, J2EE, WebSphere, supply-chain process improvements) and are therefore due for platform replacement in 2004.","yes","medium","The 2004-2008 enterprise refresh cycle did see most Y2K-era RISC-Unix workloads migrate to x86 clusters or remain on modernized POWER/Solaris hardware, then later to virtualized x86 and cloud. The market size estimate is in the right order of magnitude; the directional call was correct, though replacement stretched across a longer horizon than implied.","5","databases-and-middleware","2000s","","","","pdf_format_mismatch"
"1008","590","2003-04-02","Dell, Oracle tout alliance on enterprise server systems","Computerworld","Patrick Thibodeau","online-article","[Today's announcement] is good enough to run two companies that are north of $10 billion dollars.","At a joint Michael Dell / Larry Ellison event in New York unveiling Oracle 9i RAC clusters on Dell 2-4 processor servers with Red Hat Enterprise Linux starting at $18,000, Kastner argued the announcement would help Linux credibility (since Dell and Oracle — both >$10B companies — would run their own operations on it) and also benefit Red Hat as the enterprise Linux supplier.","yes","high","Oracle on Red Hat Enterprise Linux did indeed become one of the dominant enterprise database stacks during 2003-2010. Dell's cluster-focused strategy succeeded in enterprise accounts, and Red Hat's RHEL grew into the de facto enterprise Linux standard before the IBM acquisition in 2019. Kastner's framing that co-signing by $10B-scale end-users would legitimize the stack proved accurate.","5","databases-and-middleware","2000s","","","","pdf_format_mismatch"
"1009","586","2003-06-02","Don't Count Intel Out","CRN / VARBusiness","Carolyn A. April","online-article","Intel will have 'put a new pony into the race' just as AMD begins shipping the first of its four-way Opteron configurations.","Kastner warns VAR systems-builders that AMD's four-way Opteron window of competitive advantage over Intel will be narrow because faster Xeon and next-generation Itanium parts from Intel are 60-90 days out. He also argues that the 32-bit to 64-bit Opteron upgrade is less seamless than AMD claims, requiring new server images, compilers, code, ISV apps, and new RAS validation.","yes","medium","Intel did respond within the stated window — the next Xeon MP refresh and Itanium 2 'Madison' shipped within ~90 days — and AMD's four-way Opteron gains, while real, did not unseat Intel's dominant enterprise-server position until Opteron's follow-on 2005-2008 generations. Kastner's read on the 32-to-64-bit migration friction was also correct: ISV recompilation and validation effort slowed Opteron uptake in regulated enterprise workloads.","2","pcs-and-clients","2000s","","","","pdf_format_mismatch"
"1010","121","2003-03-24","Don't Panic! Intel's New Centrino Notebook Chipset Means Wi-Fi Is Coming Whether You're Ready for It or Not","InternetWeek","Peter S. Kastner","authored-column","Centrino is the most important introduction that Intel, the industry's dominant microprocessor supplier, will make in 2003... Mark down March 12th, 2003 on your computer history calendar.","Kastner's authored column frames Centrino's March 2003 launch — a Pentium-M CPU + chipset + 802.11 wireless adapter designed together for long battery life — as a milestone in the adaptation of computers into everyday life. He predicts the Intel-driven wireless-access-point buildout will accelerate the 'always on, always available' mobile era.","yes","high","Centrino and the associated Intel Wi-Fi push did prove to be the inflection point for mainstream corporate Wi-Fi adoption. By 2005-2006 virtually every new business notebook shipped with 802.11, hot-spot coverage accelerated, and 'Your Next Desktop Is A Laptop' — which Kastner uses as a section header — became the mainstream enterprise PC configuration within about 5 years.","5","mobile-and-wireless","2000s","","","","pdf_format_mismatch"
"1011","121","2003-03-24","Don't Panic! Intel's New Centrino Notebook Chipset Means Wi-Fi Is Coming Whether You're Ready for It or Not","InternetWeek","Peter S. Kastner","authored-column","I believe Centrino notebooks — and the wireless network they work best in — should become one of the standard IT infrastructure building blocks.","After cataloguing the 'rogue access point' security risk from Centrino-equipped notebooks (any employee can bring in a $90 AP that exposes the corporate LAN within a 150-foot radius), Kastner counsels IT executives NOT to block Centrino; instead, treat managed Wi-Fi as a standard infrastructure block and bring rogue APs under IT control. He also predicts that a refined Centrino + Dothan + Tablet-PC convertible form factor with Office 11 / OneNote will make up >10% of corporate clients in 2004.","yes","high","Wi-Fi on managed corporate networks did become a standard IT infrastructure block by 2005-2006, with enterprise WLAN controllers (Aruba, Cisco) handling rogue-AP detection and secure onboarding. The convertible/tablet-notebook form factor Kastner sketched (Dothan + Tablet PC + Office / OneNote) was less successful on the 2004 horizon — it took until the 2012 Windows 8 / Surface era to reach mainstream share — so the specific 10%-in-2004 forecast was optimistic even though the broader direction (laptops > desktops in enterprise) was correct.","3","mobile-and-wireless","2000s","","","","pdf_format_mismatch"
"1012","588","2004-05-24","Cisco Readies Huge Fast Router","E-Commerce Times","Elizabeth Millard","online-article","They understand the problems to be tackled by routers, and they have the situation well in hand.","Responding to analyst speculation that Cisco would struggle against Juniper and might not recoup HFR (Huge Fast Router / CRS-1) investment quickly, Kastner argues Cisco 'has been more than holding its own' and understands the carrier-router problem domain better than competitors.","yes","medium","Cisco's CRS-1 / CRS family did successfully defend carrier-router share against Juniper through the 2000s and early 2010s, and Cisco retained its leadership in core routing even as Juniper's MX platform closed some gaps. Kastner's confidence proved well-founded on the 5-year horizon, though Juniper later took meaningful share in specific carrier segments.","5","networking-and-comms","2000s","","","","pdf_format_mismatch"
"1013","588","2004-05-24","Cisco Readies Huge Fast Router","E-Commerce Times","Elizabeth Millard","online-article","[Factors driving surging TCP/IP traffic include] a rise in Voice over Internet Protocol (VoIP) use and growing Internet adoption in developing countries.","Kastner identifies VoIP and emerging-market Internet adoption as the two main drivers of a traffic surge that would make carrier-scale routers like Cisco's HFR/CRS-1 essential infrastructure. Part of a broader argument that the 'critical Internet intersections' require the biggest routers the commercial world can build.","yes","high","VoIP did scale dramatically through the late 2000s (Skype, enterprise UC, LTE VoLTE) and developing-country Internet adoption drove enormous traffic growth across Africa, South Asia, and Latin America through the 2010s. Both forecasts proved accurate, and core-router capacity requirements increased roughly 30-50% per year for a decade, consistent with Kastner's framing.","10","e-commerce-and-internet","2000s","","","","pdf_format_mismatch"
"1014","591","2004-07-27","IBM Lands Navy Supercomputer Deal","E-Commerce Times","Keith Regan","online-article","That's no longer the case. Now, we see price competition between a number of vendors, and that makes it easier for organizations to find a supercomputing solution that works for them.","Kastner observed that IBM's Navy supercomputer win reflects a broader shift in high-performance computing, where competition among IBM, HP, Dell, Cray, and SGI has driven prices down and made supercomputer-class systems accessible to more enterprise and government buyers.","no","not-applicable","Descriptive market observation about existing price competition in HPC.","","pcs-and-clients","2000s","","","","pdf_format_mismatch"
"1015","597","2004-05-13","US Aims for Fastest Supercomputer Title","E-Commerce Times","Elizabeth Millard","online-article","Such a machine would be handy for military applications like weapons design, as well as traditional research areas like climate modeling, genomics and astrophysics.","Kastner commented on the Department of Energy's push to reclaim the top spot on the Top500 supercomputer list from Japan's Earth Simulator, describing the dual-use (military and scientific) value of a petaflop-class U.S. system.","no","not-applicable","Descriptive characterization of supercomputer use cases.","","vendor-strategy-and-ma","2000s","","","","pdf_format_mismatch"
"1016","595","2002-08-16","Dell Posts Q2 Profit, Predicts Q3 Growth","E-Commerce Times","Jennifer LeClaire","online-article","Dell is one of the few companies that can consistently make money and gain market share in an industry that is shrinking in revenue.","Kastner assessed Dell's Q2 FY2003 earnings report, noting that Dell continued to post profits and take share from HP, Compaq, IBM, and Gateway while the overall PC market contracted.","no","not-applicable","Descriptive assessment of Dell business performance; not a forward-looking prediction.","","pcs-and-clients","2000s","","","","pdf_format_mismatch"
"1017","598","2004-06-25","Hitachi, NEC Join To Challenge Cisco","E-Commerce Times","Elizabeth Millard","online-article","Cisco understands routers, and the problems they solve. They have the market well in hand.","Kastner commented on the announcement that Hitachi and NEC would form a joint venture targeting the high-end router market, expressing skepticism that the partnership would meaningfully dislodge Cisco's dominance.","yes","high","Cisco retained router-market leadership throughout the 2000s and 2010s; the Hitachi-NEC joint venture did not materially displace Cisco.","5","networking-and-comms","2000s","","","","pdf_format_mismatch"
"1018","596","2003-02-26","HP Posts Higher Profit on Weak Sales","E-Commerce Times","Keith Regan","online-article","You can only pare costs for a finite period before you have to turn the next corner and begin growing the top line again.","Kastner assessed HP's post-merger Q1 FY2003 earnings, where HP beat profit estimates largely through cost cuts from the Compaq integration while revenue remained weak; he argued cost-cutting could not sustain earnings indefinitely.","yes","high","HP did face renewed revenue pressure after Compaq synergies were exhausted, ultimately leading to CEO Carly Fiorina's departure in 2005.","2","pcs-and-clients","2000s","","","","pdf_format_mismatch"
"1019","602","2002-06-07","Intel Forecasts Dimmer Second Quarter","E-Commerce Times","Teri Robinson","online-article","Intel produces chips at a ferocious rate, and the only way to sustain that is to keep putting faster, higher-performance chips in computers for the same cost.","Kastner commented on Intel's decision to exit the Web hosting services business and refocus on its core processor franchise, arguing that Intel's manufacturing volume requires a continuous cadence of faster chips at steady price points.","no","not-applicable","Describes Intel's manufacturing economics; not a forward-looking prediction.","","pcs-and-clients","2000s","","","","pdf_format_mismatch"
"1021","601","2002-05-03","New Broadband Legislation Revives Old Debate","E-Commerce Times","Jennifer LeClaire","online-article","The reality is that the strong have gotten stronger.","Kastner characterized the post-1996 US broadband market as one where the regional Bell operating companies (RBOCs) had consolidated power at the expense of independent DSL providers — framing his argument for Congressional re-intervention.","no","not-applicable","Descriptive market assessment.","","networking-and-comms","2000s","","","","pdf_format_mismatch"
"1022","105","2002-07-12","Revised Dell Q2 Outlook Boosts Market","E-Commerce Times","Jennifer LeClaire","online-article","Dell's apparent success is good news for shareholders but does not signal an end to the year-long tough times seen in the PC business.","Kastner commented on Dell's upward revision of its Q2 FY2003 revenue guidance to $8.3B (up ~9% YoY), cautioning that Dell's individual strength should not be read as evidence of broad PC-industry recovery.","yes","high","PC industry shipments remained soft through 2002-2003 despite Dell's continued share gains; the broad recovery Kastner cautioned against did not materialize until 2004.","1","pcs-and-clients","2000s","","","","pdf_format_mismatch"
"1023","137","2003-04-10","What Windows Server 2003 Will Mean for IT","E-Commerce Times","Tiernan Ray","online-article","You can feel confident putting this (Win 2003) in your production network right now.","Kastner's bottom-line endorsement of Windows Server 2003 at launch, arguing the platform's stability and security improvements made it ready for enterprise production deployment immediately rather than after the typical one-service-pack wait period.","yes","high","Windows Server 2003 was generally regarded as a stable enterprise release (especially after R2 in 2005), remaining in broad production use for over a decade; Kastner's early-adoption endorsement proved well-founded.","5","security","2000s","","","","pdf_format_mismatch"
"1024","144","2003-06-06","Windows Updates: Enough Already!","E-Commerce Times","Elizabeth Millard","online-article","I think Microsoft is getting a bum rap.","Kastner defended Microsoft's aggressive patching cadence against enterprise-IT complaints about update fatigue, arguing that rapid fixes beat the alternative of unpatched security holes and buggy applications.","no","not-applicable","Opinion/defense of vendor strategy; not a prediction.","","security","2000s","","","","pdf_format_mismatch"
"1025","603","2004-02-04","Microsoft Unhurt by MyDoom Attack","E-Commerce Times","Elizabeth Millard","online-article","Microsoft is very adept at being prepared for emergencies. They were already focused on security, so it's not surprising that they would be ready.","Kastner assessed Microsoft's successful defense against the MyDoom.B worm variant, which targeted microsoft.com with a denial-of-service attack in February 2004. Microsoft reported no significant impact; Kastner attributed this to a prior security-focused reorganization.","no","not-applicable","Descriptive assessment of Microsoft's operational security posture.","","security","2000s","","","","pdf_format_mismatch"
"1026","605","2004-01-31","New IE Flaw Piles on Pressure for Microsoft Patch","E-Commerce Times","Elizabeth Millard","online-article","You're not seeing a whole lot of functionality creeping through the micro patch process. Whenever a security flaw is found, they fix it as quickly as possible and push it out.","Aberdeen Group analyst Peter Kastner told the E-Commerce Times that although Microsoft is often criticized for patch delays, he believes the company should be given some leeway on the issue. ""You're not seeing a whole lot of functionality creeping through the micro patch process,"" he said.","no","medium","Partially prescient — correctly recognized that Microsoft's security patches were then narrowly scoped to fixes without feature creep, a practice that held through the Patch Tuesday era.","0-5","security","2000s","","","","pdf_format_mismatch"
"1027","605","2004-01-31","New IE Flaw Piles on Pressure for Microsoft Patch","E-Commerce Times","Elizabeth Millard","online-article","It would be nice if Microsoft made bug-free code, sure. But you're talking about a lot of code. It's impossible to have it be perfect.","He added: ""It would be nice if Microsoft made bug-free code, sure. But you're talking about a lot of code. It's impossible to have it be perfect.""","yes","high","Highly prescient — Kastner's framing that software bug-free-ness at scale is impossible foreshadowed the industry-wide shift to continuous patching, automated updates, and accepting security as process not product. Bug bounty programs and rapid-release security culture (2010s-2020s) embody this view.","5-20","security","2000s","","","","pdf_format_mismatch"
"1028","606","2002-09-30","How Future Computers Will Change E-Commerce","E-Commerce Times","Lou Hirsh","online-article","If you visit a site and only buy turtleneck sweaters in a specific style, the site will know to only send you e-mails about those turtlenecks, not blue jeans.","Server and software enhancements will also make certain e-marketing functions smarter -- for example, they could allow specific, targeted product recommendations that are not viewed as generalized, annoying spam. ""If you visit a site and only buy turtleneck sweaters in a specific style, the site will know to only send you e-mails about those turtlenecks, not blue jeans,"" Kastner told the E-Commerce Times.","yes","high","Highly prescient — Kastner anticipated personalized recommendation marketing. By 2010s this became the default e-commerce model (Amazon personalization, retargeting ads, behavioral-email segmentation). The turtleneck-vs-jeans example captures the shift from broadcast to 1-to-1 marketing.","5-15","security","2000s","","","","pdf_format_mismatch"
"1029","607","2002-06-25","Microsoft Passport: Like It or Not","E-Commerce Times","Teri Robinson","online-article","waiting with bated breath for Passport service","And Aberdeen Group chief research officer Peter Kastner has said users are ""waiting with bated breath for Passport service"" to relieve them of the hassle of ""entering information 14 times.""","yes","medium","Partially prescient — Kastner correctly identified strong user demand for federated/single-sign-on identity, a theme that succeeded through Google/Facebook/Apple sign-in (2010s+). However, Microsoft Passport itself failed; the value flowed to competitors.","5-15","pcs-and-clients","2000s","","","","pdf_format_mismatch"
"1030","607","2002-06-25","Microsoft Passport: Like It or Not","E-Commerce Times","Teri Robinson","online-article","entering information 14 times","users are ""waiting with bated breath for Passport service"" to relieve them of the hassle of ""entering information 14 times.""","no","medium","Partially prescient — Kastner's framing of repeat-form-entry friction prefigured browser autofill, password managers, and OAuth-based signup. The user pain he identified was real and drove adoption of the eventual winners.","5-15","vendor-strategy-and-ma","2000s","","","","pdf_format_mismatch"
"1031","145","2003-06-13","The Fine Print of IT Rebates","E-Commerce Times","Elizabeth Millard","online-article","It's exactly what domestic car dealers do. They keep the sticker price the same but experiment with the discount. With IT rebates, the same principle applies. It allows for a stable list price.","method for keeping list prices steady, according to Aberdeen Group analyst Peter Kastner. ""It's exactly what domestic car dealers do,"" Kastner told the E-Commerce Times. ""They keep the sticker price the same but experiment with the discount. With IT rebates, the same principle applies. It allows for a stable list price.""","no","medium","Partially prescient — Kastner correctly framed rebates as a price-discrimination tool letting vendors maintain list prices while discounting selectively. Remains the mechanism behind mail-in rebates, though the practice has declined as e-commerce made dynamic pricing easier than paperwork-based discounts.","5-10","e-commerce-and-internet","2000s","","","","pdf_format_mismatch"
"1032","608","2003-04-09","What To Expect When You're Expanding - Again","E-Commerce Times","Keith Regan","online-article","If the stars align perfectly, there could be considerable pent-up demand for computer equipment and services released. Some companies may get caught short, but I think most have been waiting for the turnaround for a while.","""If the stars align perfectly, there could be considerable pent-up demand for computer equipment and services released,"" Aberdeen Group chief research officer Peter Kastner told the E-Commerce Times. ""Some companies may get caught short, but I think most have been waiting for the turnaround for a while.""","yes","medium","Partially prescient — Kastner correctly anticipated the 2003-2005 enterprise IT spending recovery. Capital expenditures did rebound sharply after the dot-com bust as companies had deferred hardware/software refresh cycles. The 'caught short' vs 'waiting' framing proved accurate.","0-5","e-commerce-and-internet","2000s","","","","pdf_format_mismatch"
"1033","109","2002-11-20","Will Microsoft Play Nice Now?","E-Commerce Times","Lisa Gill","online-article","They never had a really strong case to begin with, particularly from the consumer's standpoint. At this point, it can only be for the political visibility gain for the attorneys general and the potential for class-action litigation fees by the supporting council.","""They never had a really strong case to begin with, particularly from the consumer's standpoint,"" Peter Kastner, chief research officer at Aberdeen Group, told the E-Commerce Times. ""At this point, it can only be for the political visibility gain for the attorneys general and the potential for class-action litigation fees by the supporting council.""","yes","medium","Partially prescient — Kastner correctly predicted the non-settling states' antitrust case would yield limited structural remedies. Judge Kollar-Kotelly's November 2002 ruling largely affirmed the federal settlement; appellate confirmations followed. His read on political/litigation-fee motivation aged well given the subsequent consent-decree extensions and the absence of Microsoft breakup.","0-5","e-commerce-and-internet","2000s","","","","pdf_format_mismatch"
"1034","612","2004-06-01","Processor Market Evolving","CDW","CDW Editorial Staff","online-article","While Opteron has the ability to run 64-bit operating systems and applications, people are using it because it's a darn good 32-bit server.","Adds Kastner, ""While Opteron has the ability to run 64-bit operating systems and applications, people are using it because it's a darn good 32-bit server.""","yes","high","Highly prescient — Kastner correctly identified that Opteron's real-world win was 32-bit compatibility, not 64-bit capability. Opteron's strategy of x86-64 as a superset of x86 ultimately forced Intel to follow with EM64T/Intel 64 (2004-2005), and Itanium was sidelined to HP-Integrity niche. AMD's architectural bet validated.","2-5","pcs-and-clients","2000s","","","","pdf_format_mismatch"
"1035","612","2004-06-01","Processor Market Evolving","CDW","CDW Editorial Staff","online-article","a two-way Itanium [chip] can do the work of a four-way Xeon computer. So if a company is paying a database license on a per-processor basis, that can swing the economic argument rather easily.","The technology can also save money on software licenses, thanks to server consolidation. In some cases, ""a two-way Itanium [chip] can do the work of a four-way Xeon computer,"" notes Kastner. ""So if a company is paying a database license on a per-processor basis, that can swing the economic argument rather easily,"" he says.","yes","high","Highly prescient — Kastner foresaw per-socket software licensing as the economic justification for fewer-but-larger servers. Oracle's per-core licensing controversy (2005+) and the broader shift to per-socket/per-core DB pricing (SQL Server, Oracle, DB2) confirmed this. Core-count governance became a major enterprise architecture concern through the 2010s.","3-10","databases-and-middleware","2000s","","","","pdf_format_mismatch"
"1036","613","2003-07-01","Faster And Faster Go the Workstations","Automotive Design & Production","Larry Gould","magazine-article","There are three major trends affecting workstations these days: Mobile computing. High-end 32-bit computing. Intel 64-bit Itanium architecture.","There are three major trends affecting workstations these days, declares Peter Kastner, executive vice president for market researcher Aberdeen Group, Inc. (Boston, MA): Mobile computing. High-end 32-bit computing. Intel 64-bit Itanium architecture.","yes","medium","Partially prescient — Kastner's three-trend workstation framework held two-for-three: mobile computing did take over (laptop-as-workstation by mid-2010s) and high-end x86 (Xeon) displaced RISC/Unix. Itanium workstations, however, never materialized at scale; HP workstation-Itanium line was discontinued and Itanium remained server-niche.","5-10","mobile-and-wireless","2000s","","","","not_in_pdf"
"1037","614","2001-09-24","Early Hopes Quickly Dashed for Telecomm Revival","Telephony Online","Vincent Ryan","magazine-article","It costs about $30 an hour for full-motion video. That's dirt cheap compared with a coast-to-coast flight.","Peter Kastner, chief research officer for Aberdeen Group, said, ""It costs about $30 an hour for full-motion video. That's dirt cheap compared with a coast-to-coast flight."" Changing the communications habits of businesses won't be easy...","yes","high","Highly prescient — in the wake of 9/11, Kastner predicted video conferencing would substitute for business travel on cost grounds. The trend did materialize, accelerating dramatically: Skype/WebEx took share through 2000s; COVID-19 (2020) drove Zoom to mass adoption, and business travel structurally declined. Kastner's dollar-per-hour economics argument became the universal pitch for UCaaS.","5-20","vendor-strategy-and-ma","2000s","","","","not_in_pdf"
"1038","620","1995-10-02","Finding The Key To Software Security","InformationWeek","Edward Cone","magazine-article","[The key] is a pain in the neck, and everybody hates it.","That growth won't come without some user resistance. ""[The key] is a pain in the neck, and everybody hates it,"" says Peter Kastner, an analyst with the Aberdeen Group Inc. in Boston. Users fear keys will clog printer ports or prove incompatible with other devices.","yes","high","Highly prescient — Kastner correctly foresaw that hardware-dongle software protection would fail on user-experience grounds. Hardware keys (parallel/serial dongles, then USB dongles) did persist in niche high-value CAD/EDA markets but never went mainstream. Mainstream software protection migrated to online activation, subscription-based licensing, and cloud-delivered SaaS — precisely because users refused to tolerate the physical-key inconvenience Kastner flagged in 1995.","10-25","security","1990s","","","","pdf_format_mismatch"
"1039","621","2003-10-23","The Great Urban Wi-Fi Crash of '04?","Inc.","Clint Greenleaf","blog-post","Just as the mobility benefits of wireless computing are becoming appreciated by the early mass market, the inherent limitations of Wi-Fi, the dominant standard, are becoming apparent.","Aberdeen Group, the Boston-based technology market-research firm, boldly predicts ""a massive wireless traffic jam in urban and suburban areas by 2004, rendering the unwired experience with more aggravation than reward."" The problem, Aberdeen's Peter Kastner says: ""Just as the mobility benefits of wireless computing are becoming appreciated by the early mass market, the inherent limitations of Wi-Fi, the dominant standard, are becoming apparent.""","yes","high","Highly prescient — Kastner flagged Wi-Fi contention/congestion as a mass-adoption failure mode years before 802.11n (2009) and 802.11ac (2013) introduced wider channels, MU-MIMO, and 5 GHz spectrum explicitly to solve urban congestion. Dense-deployment Wi-Fi problems remained real and motivated Wi-Fi 6/6E (OFDMA) and 6 GHz FCC unlock (2020) — a 17-year trajectory exactly matching Kastner's diagnosis.","5-20","mobile-and-wireless","2000s","","","","not_in_pdf"
"1040","621","2003-10-23","The Great Urban Wi-Fi Crash of '04?","Inc.","Clint Greenleaf","blog-post","the real solution is political, requiring federal regulators to allocate more bandwidth for wireless networking.","Kastner says current workarounds don't work; he suggests a replacement technology and predicts that a slew of ""fixes"" will appear next year. But he also says the real solution is political, requiring federal regulators to allocate more bandwidth for wireless networking.","yes","high","Highly prescient — Kastner correctly identified spectrum allocation as the structural solution to Wi-Fi congestion. The FCC subsequently opened 5 GHz U-NII bands (2014), the 6 GHz band for Wi-Fi 6E (April 2020, 1200 MHz), and is pursuing 7 GHz and 60 GHz (802.11ay). Each major regulatory spectrum release directly vindicated the 2003 Kastner policy argument.","10-20","mobile-and-wireless","2000s","","","","not_in_pdf"
"1041","622","2004-03-11","Gateway Debuts Industry's Only Wireless Connected DVD With Media Center Support","PR Newswire","PR Newswire","press-release","When it came to upgrading my own media center, I looked around and chose the Gateway Connected DVD player. It works as advertised and is a great [product].","Third-party commentary included in Gateway's press release quoted Peter Kastner of Aberdeen Group: ""When it came to upgrading my own media center, I looked around and chose the Gateway Connected DVD player. It works as advertised and is a great [product].""","no","not-applicable","Endorsement / personal use commentary — not a market forecast. Noted as a rare first-person product-endorsement quote from Kastner appearing in a vendor press release.","0","mobile-and-wireless","2000s","","","","not_in_pdf"
"1042","626","2003-02-26","H-P plunges on Q1 revenue miss","CBS MarketWatch","Rex Crum","online-article","There's the issue of third-party toner cartridges coming into the market, and Dell's coming out with its own printers in the future. Since that's the golden egg, H-P's got to keep it solid.","""There's the issue of third-party toner cartridges coming into the market, and Dell's coming out with its own printers in the future,"" said analyst Kastner. ""Since that's the golden egg, H-P's got to keep it solid.""","yes","high","Highly prescient — Kastner flagged HP Printing's cartridge-margin 'golden egg' as structurally vulnerable. Third-party toner-cartridge competition (Static Control, Clover, generic Chinese suppliers) did erode HP's supplies margin through the 2000s-2010s; Dell entered printers in 2003. HP responded with its Instant Ink subscription model and aggressive DMCA/patent enforcement, but supplies share declined structurally as Kastner predicted.","3-10","pcs-and-clients","2000s","","","","not_in_pdf"
"1043","627","2003-02-25","H-P profit rises 49 percent on cost cuts","CBS MarketWatch","Rex Crum","online-article","There's the issue of third-party toner cartridges coming into the market, and Dell's coming out with its own printers in the future. Since that's the golden egg, H-P's got to keep it solid.","""There's the issue of third-party toner cartridges coming into the market, and Dell's coming out with its own printers in the future,"" said analyst Kastner. ""Since that's the golden egg, H-P's got to keep it solid.""","yes","high","Highly prescient — same golden-egg printing-margin diagnosis as seq 626 row 1042. The Feb 25 primary article and Feb 26 follow-on piece both carried this Kastner commentary. Third-party toner share growth and Dell's 2003 printer entry both materialized, confirming Kastner's structural read on HP Printing's competitive outlook.","3-10","pcs-and-clients","2000s","","","","not_in_pdf"
"1044","628","2003-08-15","Hardware stocks eke out gain after Dell report","CBS MarketWatch","Rex Crum","online-article","This is a very good quarter, again, for Dell.","""This is a very good quarter, again, for Dell,"" said Peter Kastner, analyst with Aberdeen Group. ""Profits continue to outpace revenue growth, (and) in spite of anemic economic conditions and relentless deflation in prices, Dell is leading the industry in performance on a percentage basis.""","no","not-applicable","Observational — quarter-end earnings assessment. Provides the opening 'This is a very good quarter' framing to the longer Kastner Dell analysis already captured in row 232.","0","pcs-and-clients","2000s","","","","not_in_pdf"
"1046","635","2003-01-06","High-tech groups hoping for IT depreciation incentive","Computerworld","Patrick Thibodeau","online-article","While the depreciation bonus won't hurt IT purchasing, the two-year window that's available for taking advantage of the bonus may be prompting some companies to delay purchases until they're certain of economic improvements. Even so, firms are also reaching a point where they can no longer put off upgrades.","Kastner (CRO, Aberdeen Group) comments on the 30% depreciation bonus Congress passed in 2002 (extending to September 2004) and whether an expanded 50% bonus in Bush's pending 2003 stimulus would accelerate hardware/software purchasing; Aberdeen had forecast 4% worldwide IT-spending growth for 2003.","yes","medium","Kastner correctly diagnosed the paradox that a two-year tax window can paradoxically delay buying at its start; the ""no longer put off upgrades"" framing also correctly anticipated the 2003-2004 IT-refresh recovery that materialized. Mixed prescience — the specific stimulus-window mechanics were tactical; the general upgrade-exhaustion call proved correct.","2","it-spend-and-market-outlook","2000s","","","","pdf_format_mismatch"
"1047","636","2003-12-10","HP Expects 20% EPS Jump Next Year","Forbes.com (Pinnacor syndication)","Pinnacor staff","online-article","The intention is to combine two low-profit segments and have them drive each other's sales.","Forbes.com/Pinnacor coverage of HP's 2003 analyst-day 2004 guidance (EPS $1.43, revenue $77.6B); Kastner interprets the announced reorganization (merging the personal-systems and imaging-and-printing divisions into one leadership structure) as an attempt to use cross-segment product bundling to lift the profitability of both weak segments. Note: same quote captured at row 335/seq 173 in USA Today coverage (Jon Swartz, 2003-12-10) — Forbes is a distinct Pinnacor syndication outlet, recorded as a separate seq per prior-batch precedent (seq 471/488 split).","yes","low","The ""bundling two weak segments to cross-subsidize"" theory did not play out — HP's PC and printing divisions never meaningfully drove each other's sales, and by 2011-2015 HP split them back apart (HP Inc / HPE). Kastner's gloss on the announced strategy was diplomatic rather than predictive.","2","pcs-and-clients","2000s","","","","pdf_format_mismatch"
"1048","643","2003-02-25","HP Turns A Profit On PCs","CRN","Craig Zarley","online-article","They are seeing more competition from third-party toner cartridges. And in the coming quarter, it's widely rumored that Dell (NSDQ:Dell) will be entering the printer business.","On HP Q1 FY2003 results and printer division headwinds: ""Peter Kastner, chief research officer of Boston-based Aberdeen Group Inc., said the company faces formidable challenges in sales of printers and ink cartridges. 'They are seeing more competition from third-party toner cartridges,' Kastner said. 'And in the coming quarter, it's widely rumored that Dell (NSDQ:Dell) will be entering the printer business.'""","yes","high","Predicted Dell printer entry in the following quarter; Dell launched its first printers on 2003-03-25, validating the timing.","1","pcs-and-clients","2000s","","","","pdf_format_mismatch"
"1049","644","2003-03-25","IBM unveils Wi-Fi network printer adapter, dismisses Dell printer plans","Computerworld","Bob Brewin","online-article","a material player","On Dell's potential impact in the printer market (reacting to the same-day Dell printer launch): ""While some analysts, such as Peter Kastner at Boston-based Aberdeen Group Inc., said they believe Dell can become 'a material player' in a printer market dominated by rival Hewlett-Packard Co., others have their doubts.""","yes","high","Predicted Dell would become a material printer-market player; Dell printer revenue grew materially 2003-2006 before retrenching, partially validating the call.","3","mobile-and-wireless","2000s","","","","pdf_format_mismatch"
"1050","645","2003-07-17","IBM shares fall following Q2 earnings","MarketWatch","Mike Tarsala","online-article","It was a fairly sober report. When you take it back to constant currency, they're growing at the rate of inflation. So there's no joy in Armonk about a recovery in technology or the company's ability to grow faster than the economy.","Day-after follow-up on IBM's Q2 2003 results as shares fell 3%: ""'It was a fairly sober report,' said Peter Kastner, an analyst with the Aberdeen Group in Boston. 'When you take it back to constant currency, they're growing at the rate of inflation. So there's no joy in Armonk about a recovery in technology or the company's ability to grow faster than the economy.'""","no","not-applicable","Day-after reaction on Q2 2003 results, not a prediction.","","vendor-strategy-and-ma","2000s","","","","not_in_pdf"
"1051","648","2003-04-30","IBM throws weight behind Intel's 64-bit strategy","ZDNet UK","Stephen Shankland (CNET News.com)","online-article","There's no doubt that Itanium machines will begin to take material market share away from other architectures going forward this year.","ZDNet UK syndication (next-day BST) of CNET News.com's coverage of IBM's Itanium x450 server launch: ""But some believe it's worth the extra trouble. 'There's no doubt that Itanium machines will begin to take material market share away from other architectures going forward this year,' said Aberdeen Group analyst Peter Kastner, though Xeon-based systems likely will bring in more revenue for at least the next five years.""","yes","medium","Predicted Itanium would take material market share in 2003-2004; Itanium did grow in that window but never reached the share levels implied, and Xeon displaced it from enterprise. Partial validation (Xeon dominance confirmed; Itanium materiality overstated).","5","pcs-and-clients","2000s","","","","pdf_format_mismatch"
"1052","649","2004-02-11","IBM, ISVs lure NT users with Linux","SearchCIO (TechTarget)","Kate Evans-Correia","online-article","I don't see a lot of users jumping at the chance to migrate to Linux.","On IBM's NT-to-Linux migration campaign targeting ~2 million NT customers ahead of Microsoft's end-of-support deadline: ""Some analysts find the thought that IBM could actually usurp Microsoft as a dominant operating system laughable, and they expect any long-term implications to be small. 'I don't see a lot of users jumping at the chance to migrate to Linux,' said Peter Kastner, an analyst with the Boston-based Aberdeen Group.""","yes","high","Predicted NT users would not rush to Linux; Microsoft's NT-to-Windows Server 2003 upgrade path dominated, with Linux capturing only a minority of NT migrations. Validated.","2","os-and-platforms","2000s","","","","not_in_pdf"
"1053","650","2002-12-23","IDC: Tech Bucks, Hack Threats Up","Wired News","Elisa Batista","online-article","Six percent of growth in this economy is totally unsustainable.","On IDC's 2003 forecast of 6%+ IT spending growth vs. competing analyst estimates: ""Peter Kastner, an analyst for Aberdeen Group, placed the growth rate for IT spending at 3 percent. 'Six percent of growth in this economy is totally unsustainable,' he said.""","yes","high","Predicted IDC's 6%+ IT spending forecast for 2003 was unsustainable and placed the true rate at ~3%. Worldwide IT spending growth for 2003 came in at ~3-4% (per Gartner/IDC revisions), validating the call against the original IDC estimate.","1","it-spend-and-market-outlook","2000s","","","","pdf_format_mismatch"
"1054","651","2003-09-23","Industry Analyst Visionaries: 64-bit Computing","AMD.com","Peter S. Kastner","authored-column","Aberdeen Group expects 64-bit operating support for consumer desktops to arrive over the next year. Early adopters will enjoy some exciting experiences. Hard as it is to imagine, the majority of the consumer market for 64-bit computing will arrive at the end of the decade. The key reason is memory. We expect mainstream desktops to need full 64-bit addressability of RAM by 2010. Many users will want their virtual memory disk space to exceed 4 GB before 2010.","AMD-hosted analyst-visionary page published around the AMD Athlon 64 launch (Sept 23, 2003). Kastner's extended first-person forecast on consumer 64-bit adoption: ""The first 32-bit consumer desktops appeared in 1985 when the software world was mired in the world of 16-bit DOS operating systems and applications... That's a long time -- fifteen years before the software caught up with the hardware. That won't happen again to the computer industry. Aberdeen Group expects 64-bit operating support for consumer desktops to arrive over the next year. Early adopters will enjoy some exciting experiences. Hard as it is to imagine, the majority of the consumer market for 64-bit computing will arrive at the end of the decade. The key reason is memory. Today's mainstream 32-bit desktops barely run in 128 MB of RAM, perform adequately at 256 MB, and can run virtually all applications with 512 MB of memory. With declining memory prices, more operating system features, the proliferation of web services, more powerful processors, we see typical memory configurations doubling every three years for the rest of the decade. With processor speeds at 10 GHz and above, the penalty for a disk access will be enormous; so much more data will be cached in memory. The tipping point is in the 2-4 GB area, when traditional 32-bit addressing runs out of bits. We expect mainstream desktops to need full 64-bit addressability of RAM by 2010.""","yes","high","Predicted consumer 64-bit OS support within a year (AMD Athlon 64 + Windows XP x64 shipped April 2005 — close), mainstream 64-bit desktop majority by end of decade (achieved — by 2010 most Windows 7 consumer installs were 64-bit), and 2-4GB RAM tipping point (32-bit Windows addressability limit at ~3.5GB RAM drove mainstream 64-bit adoption c.2008-2010, exactly as forecast). Processor-speed forecast (10 GHz+) was wrong due to the 2004-2005 shift to multi-core instead. Memory trajectory and 64-bit tipping-point forecasts were remarkably accurate.","7","storage","2000s","","","","not_in_pdf"
"1055","657","1996-11-18","Informix Crafts Web Architecture","InformationWeek","John Foley","magazine-article","of the universal server architecture that all databases will incorporate within the next several years.","On Informix's Universal Web Architecture (a software environment for Web apps using OnLine Dynamic Server, Illustra, and forthcoming Universal Server databases): ""Peter Kastner, an analyst with the Aberdeen Group, a technology consulting firm in Cambridge, Mass., says Informix's Universal Web Architecture is an example 'of the universal server architecture that all databases will incorporate within the next several years.'"" New products in the architecture included JWorks (Java app dev tool) and Universal Web Connect middleware; early customers included the American Medical Association, CS First Boston, The Seattle Times, and Warner Bros.","yes","high","Predicted object-relational/universal-server architecture would become ubiquitous across RDBMS vendors. By 2000-2005 Oracle, IBM DB2, and Microsoft SQL Server all supported object-relational features, BLOBs/large objects, XML/multimedia extensions, and web-stored data — exactly the 'universal server' convergence Kastner forecast.","5","databases-and-middleware","1990s","","","","not_in_pdf"
"1056","658","2009-04-10","Catalina588 comment on 'Intel Begins Applying Stars Ratings to Microprocessors'","ExtremeTech (Discussions forum)","Peter S. Kastner","authored-column","Point-of-sale retail buyers get about zero processor and performance information. The Intel Stars system at least gives consumers a clue as to what is in the box the salesman is hurriedly trying to foist on them. Stars helps average consumers compare similar capabilities and self-select into performance, mainstream, and entry categories. Complex decision making usually gets dumbed down. Stars does that but is not unique or manipulative.","Kastner (posting under his standard Catalina588 handle) defends Intel's 1-5 Stars processor rating system as a retail-consumer simplification tool against forum skeptics. He cites a Best Buy HP laptop SKU (Core 2 Duo T5670 vs Sony Vaio P8600) as an example of the information gap consumers face at point of sale. Also discloses his performance-testing background: ""I used to make my living performance-testing computers, so I know how difficult that is to do right."" Predicts the Core i7 Extreme 965 will be discontinued in 2010 and dismisses the idea of any cross-vendor Intel/AMD star system (""in your dreams"").","yes","medium","Intel's Stars Ratings did not achieve widespread consumer recognition comparable to MPG or horsepower — the program quietly faded by the mid-2010s as Core i3/i5/i7/i9 branding plus generation numbers became the dominant consumer-facing simplification. Kastner's separate prediction that Core i7 Extreme 965 would be discontinued around 2010 was substantially correct (the 965 launched Nov 2008 and was superseded by Core i7 970/980X by 2010).","1","pcs-and-clients","2000s","","","","not_in_pdf"
"1057","659","2002-03-28","Analyst stands by AMD-bashing report (Kastner defends Aberdeen's Gigahertz Equivalency paper)","DesignTechnica (via TechSpot repost)","(DesignTechnica staff)","online-article","Intel, AMD and all the major chip makers are clients of ours. If that prohibits us from writing what we believe, it would prevent us from writing at all.","On the industry controversy after Aberdeen Group published 'AMD's Gigahertz Equivalency: Inexperienced Buyers Accept Bad Science' (Mar 2002), criticizing AMD's Athlon XP model-number rating system — and after The Inquirer revealed Intel had funded the report. Kastner stood by the report, telling DesignTechnica: 'Peter Kastner, the analyst in question (Chief Research Officer at Aberdeen Group, no less), says that ""Intel, AMD and all the major chip makers are clients of ours. If that prohibits us from writing what we believe, it would prevent us from writing at all.""' Kastner, a founding member of the Transaction Processing Council, argued AMD's white paper made extensive comparisons to Intel's chips and that retail sales staff were likely to misrepresent AMD model numbers as clock speeds.","yes","medium","Kastner's core concern — that AMD model-number rating systems would confuse retail buyers who assumed the numbers were MHz ratings — was partially validated by years of ongoing consumer confusion around AMD PR-rated numbers (Athlon XP 2100+ through Athlon 64 3800+, 2001-2005). AMD ultimately switched to straightforward model numbering (Phenom/Ryzen). The Aberdeen/Intel-funded report itself was widely attacked by enthusiast press, but Kastner's underlying retail-buyer-confusion thesis held up over the decade.","5","databases-and-middleware","2000s","","","","not_in_pdf"
"1058","667","2004-06-17","Intel's Grantsdale: Kick the Tires First","InternetNews.com","Michael Singer","online-article","We think the new chipsets are well worth the effort for IT planners. A key evaluation is whether the new and much-improved graphics capability is good enough to replace discrete graphics boards for low-end workstations. Based on the specs we have seen, Intel's new graphics will be the biggest visible change to users who do any 3D. Corporate buyers should do a thorough evaluation of the new 915/925 motherboards and then commit to a stable image later this year as the OEMs deliver stable products.","Aberdeen Analyst Peter Kastner to InternetNews.com on Intel's newly launched 915/925 (Grantsdale) desktop chipsets and their integrated 3D graphics potentially displacing discrete graphics cards for low-end workstations.","yes","high","Integrated graphics from Intel did progressively displace discrete graphics boards for entry-level business PCs and low-end workstations over the next several years, validating the assessment that Grantsdale's integrated graphics would be sufficient for most corporate 3D needs.","3","pcs-and-clients","2000s","","","","pdf_format_mismatch"
"1059","668","2003-03-12","Intel's New Wireless Platform: Centrino","Wi-Fi Planet","Erin Joyce","online-article","It's Intel's biggest announcement of the year from a product standpoint, and in terms of importance. This is a major new architecture platform for Intel, which has huge long-term ramifications for the computing industry, especially for notebook and laptop PCs.","Peter Kastner, director of research at Aberdeen Group, on the launch of Intel's Centrino mobile platform (Pentium M + 855 chipset + PRO/Wireless 2100 Wi-Fi).","yes","high","Centrino did prove to be a landmark mobile platform — it established integrated Wi-Fi as a standard notebook feature and is widely credited with accelerating the notebook-PC transition that Kastner describes.","5","mobile-and-wireless","2000s","","","","not_in_pdf"
"1060","668","2003-03-12","Intel's New Wireless Platform: Centrino","Wi-Fi Planet","Erin Joyce","online-article","About 20 percent to 22 percent of PCs sold worldwide today are notebooks. Aberdeen Group expects that percentile to grow to 30 percent over the next five years (including consumer and business markets domestically and internationally). A key driver of those sales will be wireless Internet-access hardware built into the devices.","Kastner forecasting notebook share of worldwide PC shipments growing from ~20-22% in 2003 to 30% by 2008, driven largely by integrated Wi-Fi.","yes","high","Notebooks did cross the 30% share threshold within the 5-year window and went on to overtake desktops in worldwide unit shipments by 2008-2009, confirming both the growth trajectory and the Wi-Fi-as-driver thesis.","5","mobile-and-wireless","2000s","","","","not_in_pdf"
"1061","668","2003-03-12","Intel's New Wireless Platform: Centrino","Wi-Fi Planet","Erin Joyce","online-article","Centrino will be immediately most attractive to road warriors because of its much improved battery life. The chipset is smart, the (Wi-Fi) radio is smart, the processor cycles down and the graphics card can cycle down, all of which reduces power consumption.","Kastner on the power-management improvements underpinning Centrino's ~5-hour battery-life target (up from 2-3 hours).","yes","high","Dynamic frequency/voltage scaling and coordinated platform power management became standard notebook practice, and Centrino-class platforms did deliver the 4-5 hour battery-life range Kastner identified.","3","mobile-and-wireless","2000s","","","","not_in_pdf"
"1062","668","2003-03-12","Intel's New Wireless Platform: Centrino","Wi-Fi Planet","Erin Joyce","online-article","The new brand is all about the sum of the parts, that are designed to work together as a unit, as opposed to just a processor or chipset. Intel is supplying the ingredients and lighting a match that will dramatically increase both the use of notebooks and mobile computers in the office, but also in society.","Kastner characterizing Centrino as Intel's first true platform brand (processor + chipset + wireless) and its catalytic effect on mobile computing adoption.","yes","high","Intel's platform-branding strategy (Centrino, later vPro) became the template for how silicon vendors market integrated solutions, and mobile computing did become pervasive in society over the following decade.","5","mobile-and-wireless","2000s","","","","not_in_pdf"
"1063","669","2004-05-01","News & Analysis — Open Source Databases Recommended for Some Apps","Intelligent Enterprise","Susana Schwartz & Mark Leon","magazine-article","Open source databases have improved dramatically since the early days, in scalability, robustness, and manageability.","Peter Kastner, executive VP at Aberdeen Group, summarizing an Aberdeen report recommending open-source databases for new Java/Web applications and for vertical ISVs. Aberdeen sized specialized-database submarkets at embedded $400M, mobile/desktop/workgroup small-footprint $150M, and high-performance cache $100M.","yes","high","Open-source databases (MySQL, PostgreSQL, later MariaDB) did become mainstream for new web/Java applications and for ISV embedding over the following decade, ultimately challenging commercial RDBMS incumbents in the segments Aberdeen identified.","5","mobile-and-wireless","2000s","","","","not_in_pdf"
"1064","670","2003-11-04","Is the Wi-Fi End Nigh?","Wi-Fi Planet","Ed Sutherland","online-article","That latte and e-mail session at Starbucks can easily be broken by too much interference from other urban wireless traffic.","Peter Kastner of Aberdeen Group describing the scenario in his report 'The Urban Wi-Fi Crash of 2004' — a Wi-Fi session at Starbucks disrupted by interference from nearby residential access points, hotspots, and community freenets.","yes","medium","Urban Wi-Fi congestion did worsen markedly through the mid-2000s; the 2.4 GHz band became so crowded that 5 GHz (802.11a/n/ac) and later 6 GHz (802.11ax) migration became industry priorities — vindicating the interference thesis even if the apocalyptic 'crash' framing was rhetorical.","5","mobile-and-wireless","2000s","","","","not_in_pdf"
"1065","670","2003-11-04","Is the Wi-Fi End Nigh?","Wi-Fi Planet","Ed Sutherland","online-article","Currently 300,000 to 400,000 Wi-Fi access points are sold each month.","Kastner citing Aberdeen's access-point shipment estimate for late 2003 as the underlying driver of expected urban Wi-Fi congestion.","no","not-applicable","Point-in-time market-sizing observation; not a prediction.","0","mobile-and-wireless","2000s","","","","not_in_pdf"
"1066","670","2003-11-04","Is the Wi-Fi End Nigh?","Wi-Fi Planet","Ed Sutherland","online-article","When this happens every few seconds — a scenario we are experiencing now with brand-name equipment — the end of the Wi-Fi world as we know it is imminent.","Kastner on the escalating failure rate of 2.4 GHz Wi-Fi in dense urban environments, framing it as a near-term collapse of the existing 802.11b/g infrastructure.","yes","medium","The predicted 'collapse' did not occur in its literal form, but 2.4 GHz did become effectively unusable in dense urban cores by the early 2010s, pushing users and vendors to 5 GHz and MIMO/beamforming solutions — partial vindication of the directional forecast.","3","mobile-and-wireless","2000s","","","","not_in_pdf"
"1067","670","2003-11-04","Is the Wi-Fi End Nigh?","Wi-Fi Planet","Ed Sutherland","online-article","The reason why is the paucity of channels available to 802.11b/g. With only three channels, signals from microwave ovens, cordless phones, as well as Wi-Fi access points, are not properly separated and requiring so much error-correcting retransmission that it degrades the throughput of both the sender and the receiver.","Kastner explaining the technical root cause — the three non-overlapping channels in the 2.4 GHz ISM band — that made urban 802.11b/g increasingly unreliable.","yes","high","The 3-channel limitation of 2.4 GHz was indeed the primary technical driver behind the industry's migration to 5 GHz (802.11a/n/ac) and eventually 6 GHz (Wi-Fi 6E) — Kastner correctly identified the structural bottleneck.","5","mobile-and-wireless","2000s","","","","not_in_pdf"
"1068","670","2003-11-04","Is the Wi-Fi End Nigh?","Wi-Fi Planet","Ed Sutherland","online-article","We move to more ruggedized, easier to use secure Wi-Fi infrastructure. But we have to junk most of the hardware out there to do it.","Kastner on the required path forward — a hardware replacement cycle to move beyond the congested 802.11b/g installed base.","yes","medium","The industry did execute a multi-generation Wi-Fi hardware replacement cycle (802.11n in 2009, ac in 2013, ax/Wi-Fi 6 in 2019), though the transition was more gradual than 'junk most of the hardware' implied.","10","mobile-and-wireless","2000s","","","","not_in_pdf"
"1069","671","2009-01-14","Jobs health stirs tech world, and with reason","Washington Times","Mark Kellner","blog-post","Watching Apple stock crater as poor Steve Jobs takes an LOA.","Peter Kastner, co-founder of Aberdeen Group, Facebook status quoted by Washington Times technology blogger Mark Kellner on the day Steve Jobs announced his leave of absence from Apple (AAPL down 6.21% in after-hours trading at time of writing).","no","not-applicable","Short-term market-reaction observation from Kastner's personal Facebook status; not a forecast.","0","pcs-and-clients","2000s","","","","not_in_pdf"
"1070","672","1984-08-06","Fault-Tolerant Solutions Vary With Vendor","Information Systems News","","press-article","hardware redundancy which is controlled by hardware, rather than by software","Kastner summed up the Stratus philosophy and argued that his firm's software techniques, including automatic rebooting in case of system failure, use fewer CPU cycles than similar techniques used by software-oriented competitors.","no","not-applicable","Architectural philosophy statement; not a forward-looking forecast.","0","fault-tolerant-and-high-availability","1980s","","","","not_in_pdf"
"1071","672","1984-08-06","Fault-Tolerant Solutions Vary With Vendor","Information Systems News","","press-article","definite advantages","Peter Kastner, manager of Stratus' corporate business development, said his 4-year-old firm believes that hardware fault tolerance has 'definite advantages' over software-based systems.","no","not-applicable","Comparative architectural claim; not a dated forecast.","0","fault-tolerant-and-high-availability","1980s","","","","not_in_pdf"
"1072","673","1982-05-24","Newcomers Invade Fault-Tolerant Field, But Tandem Has Big Lead","Electronic Engineering Times","","press-article","taken away some orders from Tandem","Peter Kastner, manager of marketing development at Stratus, claims that the company has already 'taken away some orders from Tandem,' selling its system, for example, to a dairy company and a shoe-store chain.","no","not-applicable","Current-state assertion of customer wins.","0","fault-tolerant-and-high-availability","1980s","","","","not_in_pdf"
"1073","673","1982-05-24","Newcomers Invade Fault-Tolerant Field, But Tandem Has Big Lead","Electronic Engineering Times","","press-article","Tandem is a software-based system. We're different. We've done it all in hardware. Every one of the components we use is self-checking during each operating cycle.","Kastner explained Stratus' architectural differentiation vs Tandem: continuous self-checking at the hardware level rather than periodic software review.","no","not-applicable","Architectural distinction statement.","0","fault-tolerant-and-high-availability","1980s","","","","not_in_pdf"
"1074","673","1982-05-24","Newcomers Invade Fault-Tolerant Field, But Tandem Has Big Lead","Electronic Engineering Times","","press-article","Absolutely no user-software is involved in making existing applications fault-tolerant","Kastner argued that incorporating check procedures in hardware (the Stratus approach) lets users more easily extend their fault-tolerant operations without software modifications.","yes","high","Kastner's claim that hardware-FT requires no application modification proved a durable differentiator: Stratus VOS apps ran transparently fault-tolerant for decades, whereas Tandem's NonStop required Tandem-specific application coding to fully exploit FT.","10","fault-tolerant-and-high-availability","1980s","","","","not_in_pdf"
"1075","674","1987-10-16","Sequoia surprises competition with comeback","Marlboro Enterprise / Hudson Daily Sun","","press-article","OLTP production is the fastest growing segment of the computer industry","According to Peter Kastner, manager of marketing and development at Stratus.","yes","high","Kastner's 1987 framing of OLTP as the fastest-growing computer segment proved correct through the early 1990s — the OLTP/database server market grew rapidly with the rise of client-server and mainframe-displacement workloads.","5","transaction-processing-and-databases","1980s","","","","not_in_pdf"
"1076","674","1987-10-16","Sequoia surprises competition with comeback","Marlboro Enterprise / Hudson Daily Sun","","press-article","Computer companies are in the business of solving problems, and success is dependent upon solutions. A better abstract idea is not going to have customers beating a trail to your door","Kastner's commentary on the computer industry's value structure, in the context of Sequoia's near-collapse and revival.","no","not-applicable","Industry maxim, not a forecast.","0","industry-strategy","1980s","","","","not_in_pdf"
"1077","674","1987-10-16","Sequoia surprises competition with comeback","Marlboro Enterprise / Hudson Daily Sun","","press-article","The market place tends to be unforgiving, and its easy to run out of money","Kastner's commentary on Sequoia Systems' near-collapse and revival, framing the broader fault-tolerant market dynamics.","yes","high","Kastner's warning proved correct: Sequoia despite the 1987 revival ultimately failed as a standalone (acquired by Texas Micro 1996, then RadiSys); many other 1980s FT startups ran out of money entirely.","10","fault-tolerant-and-high-availability","1980s","","","","not_in_pdf"
"1078","674","1987-10-16","Sequoia surprises competition with comeback","Marlboro Enterprise / Hudson Daily Sun","","press-article","We wish Sequoia the best of luck, but we will compete with them vigorously","Kastner's closing comment in the article on Stratus' competitive intent toward Sequoia post-revival.","no","not-applicable","Competitive-stance statement.","0","fault-tolerant-and-high-availability","1980s","","","","not_in_pdf"
"1079","675","1987-01-01","Fault-tolerant market to hit $2 billion in '87","trade press (1987)","","press-article","Financial services, the brokerage business, point of sale [POS] and shop floor applications are exploding within business","Pete Kastner, manager of marketing development at Stratus, identified the verticals driving FT-market growth.","yes","high","Kastner's identification of brokerage, POS, and shop-floor as the four exploding FT categories proved largely correct: financial-services FT became a durable Stratus stronghold; POS-FT (NCR/IBM) expanded rapidly through the 1990s; manufacturing shop-floor systems migrated to high-availability platforms.","5","fault-tolerant-and-high-availability","1980s","","","","not_in_pdf"
"1080","676","1982-06-07","Stratus Banks on Fault-Tolerant Systems' Success","Computer Business News","","press-article","any company starting out that ignores OEMs is ignoring a big opportunity","Kastner explained Stratus' channel strategy and why OEMs (rather than only direct Fortune-1000 sales) are critical because OEMs are usually the first point of contact for a customer whose computer has gone down.","yes","high","The OEM-channel thesis proved central to Stratus' subsequent success — most importantly the 1986 IBM System/88 OEM agreement which made IBM a Stratus reseller and validated the early Olivetti deal.","5","industry-strategy","1980s","","","","not_in_pdf"
"1081","676","1982-06-07","Stratus Banks on Fault-Tolerant Systems' Success","Computer Business News","","press-article","By 1986, all [broad-based] computer companies will have to offer fault-tolerant systems. And at least a half dozen or more will be shipping by the end of 1983","Kastner's market forecast for the FT industry's broad-vendor adoption arc, made in mid-1982.","yes","high","Both halves proved correct: by end-1983 the FT field had Tandem, Stratus, August, Synapse, Auragen, Sequoia, Tolerant, and AT&T 3B20D shipping. By 1986-1988, IBM (System/88 1986), DEC (DECtp 1987), HP, AT&T, Bull, and Unisys all had FT or high-availability product lines.","4","fault-tolerant-and-high-availability","1980s","","","","not_in_pdf"
"1082","676","1982-06-07","Stratus Banks on Fault-Tolerant Systems' Success","Computer Business News","","press-article","We're not directly going after Tandem with price/performance","Kastner positioned Stratus against the 32-bit supermini class (Prime 750, DEC VAX 11/750, IBM 4341 Model 1) at sub-$200,000, rather than head-to-head on price with Tandem.","no","not-applicable","Strategic positioning statement.","0","fault-tolerant-and-high-availability","1980s","","","","not_in_pdf"
"1083","676","1982-06-07","Stratus Banks on Fault-Tolerant Systems' Success","Computer Business News","","press-article","Rather than Stratus sending out an engineer, who opens the system door and throws in a board, we can send the part — if it fails — over in a cab","Kastner explained Stratus' service model — remote diagnostics plus customer-replaceable boards via courier — which enabled 7%/year maintenance pricing vs the industry standard of 10-12%.","yes","medium","The remote-diagnostics + customer-replaceable component model became broadly mainstream by the 1990s-2000s, anticipating today's call-home FRU service patterns.","10","industry-strategy","1980s","","","","not_in_pdf"
"1084","676","1982-06-07","Stratus Banks on Fault-Tolerant Systems' Success","Computer Business News","","press-article","[the fault-tolerant market is] blossoming from a niche market to a cross market. As more work goes on-line, computers get closer to the heart of business operations. And the cost of downtime goes up","Kastner, introduced as a former analyst at Arthur D. Little, framed the FT market's broader trajectory — from specialty to cross-industry foundation.","yes","high","Kastner's 'cost of downtime goes up as work goes online' framing has aged extremely well — modern downtime cost calculations underpin SLA economics across SaaS, finance, e-commerce, and cloud services.","20","fault-tolerant-and-high-availability","1980s","","","","not_in_pdf"
"1085","677","1982-04-01","Stratus expands in Europe","local Natick newspaper","","press-article","[the contract] will help us greatly in our overall corporate growth","Kastner, Stratus communications director, on the Olivetti $40M three-year OEM contract.","no","not-applicable","Statement of expected impact; not a specific testable prediction.","0","industry-strategy","1980s","","","","not_in_pdf"
"1086","677","1982-04-01","Stratus expands in Europe","local Natick newspaper","","press-article","Most of the sales volume will be in the later years of the contract. First of all, there is no way we could build $40 million worth of computers this year. And secondly, it will take Olivetti a while to integrate the system into their product line","Kastner explained the back-loaded ramp on the Olivetti $40M contract.","yes","medium","The Olivetti-Stratus OEM relationship did ramp through the mid-1980s with later years carrying higher volume, consistent with Kastner's pacing forecast.","3","industry-strategy","1980s","","","","not_in_pdf"
"1087","678","1987-02-02","Stratus readies XA2000 series to take on Tandem high end","Computerworld","","press-article","We are selling into a market that has an insatiable appetite for transactions per second","Stratus CEO William E. Foster on the OLTP/TPS demand environment driving the XA2000 launch.","yes","high","Foster's 'insatiable appetite for transactions per second' framing was exactly correct — TPS demand grew exponentially through the cloud and digital-economy eras. (Note: this is a Foster quote, captured in the same article as PSK's 68881 quote, included for completeness of the Stratus 1987 launch record.)","20","transaction-processing-and-databases","1980s","","","","not_in_pdf"
"1090","","","OLTP Yields Better Software Tools","","","","DBMSs in response to OLTP's demands,"" he says. Most of these improvements have nothing to do with the relational model -- they come from better use of the overall system architecture or by providing a better set of software tools. Kastner, however, is not all that concerned about relational purity and does not think that users who are interested in RDBMSs for on-line transaction processing should let the issue worry or deter them, either. ""Users have to be concerne","research firm based in Boston. ""Now, the vendors are putting in the go-fast tricks they learned in nonrelational DBMSs in response to OLTP's demands,"" he says. Most of these improvements have nothing to do with the relational model -- they come from better use of the overall system architecture or by providing a better set of software tools. Kastner, however, is not all that concerned about relational purity and does not think that users who are interested in RDBMSs for on-line transaction processing should let the issue worry or deter them, either. ""Users have to be concerne","","","","","","","","","","not_in_pdf"
"1094","","","Informix takes on Sybase","","","","by Sybase. Analysts say parallel processing is now hitting it big and Informix is in the best position to take advantage of it. ""They have put in place a very well-thought-out architecture for delivering high performance on multiprocessors,"" says Kastner. With loads of cash and even more confidence, White says he is now ready to bolster its name recognition and pump up the company's excitement factor. ""We want to extend the database into new areas,"" he says. In other words, Informix is rea","White also decided to bet on parallel processing and other key technologies that have been overlooked by Sybase. Analysts say parallel processing is now hitting it big and Informix is in the best position to take advantage of it. ""They have put in place a very well-thought-out architecture for delivering high performance on multiprocessors,"" says Kastner. With loads of cash and even more confidence, White says he is now ready to bolster its name recognition and pump up the company's excitement factor. ""We want to extend the database into new areas,"" he says. In other words, Informix is rea","","","","","","","","","","not_in_pdf"
"1112","","","NCR Becomes AT&T GIS","Inc.","","","marketing and sales,"" says Peter Kastner, a VP with the Aberdeen Group Inc., a consulting firm in Boston. ""GIS has been nowhere near aggressive enough to succeed in today's cut-throat business."" Despite continued revenue growth, GIS has struggled to remain profitable. The unit eked out $2","marketing and sales,"" says Peter Kastner, a VP with the Aberdeen Group Inc., a consulting firm in Boston. ""GIS has been nowhere near aggressive enough to succeed in today's cut-throat business."" Despite continued revenue growth, GIS has struggled to remain profitable. The unit eked out $2 million in operating income in 1994 on revenue of $8.46 billion. But on July 20, it announced an operating loss of $189 million for the second quarter of '95. Aggressive pricing of PCs and low-end servers over the past 12 months has paid off in marke","","","","","","","","","","not_in_pdf"
"1115","","","Microsoft Anti-Trust Trial: Ballmer Testifies","NewsFactor","","","ting system (OS) from the marketplace altogether. ""It guarantees that the only way to comply effectively is to remove the product from the market,"" Ballmer said. ""If you can't ship Windows, the whole game's kind of over."" Consumer Justice? But Peter Kastner, chief research officer at research firm Aberdeen Group, told NewsFactor that meddling by the state attorneys general could cause immeasurable damage to consum","In the deposition, Ballmer argued that sanctions sought by the nine remaining plaintiff states would force Microsoft to remove its Windows operating system (OS) from the marketplace altogether. ""It guarantees that the only way to comply effectively is to remove the product from the market,"" Ballmer said. ""If you can't ship Windows, the whole game's kind of over."" Consumer Justice? But Peter Kastner, chief research officer at research firm Aberdeen Group, told NewsFactor that meddling by the state attorneys general could cause immeasurable damage to consum","","","","","","","","","","not_in_pdf"
"1118","","","Harte-Hanks Acquires Aberdeen Group","AP","","","e Harte-Hanks brings to the market. For additional information, visit Aberdeen http://www.aberdeen.com or call +1-617-723-7890, or to learn more about Harte-Hanks, call +1-800- 456-9748 or go to http://www.harte-hanks.com. Media Contact: Peter S. Kastner, Aberdeen Harte-Hanks Businesses Merge Old with New in Their Information Systems, According to New Aberdeen Report BOSTON, October 6 /PRNewswire/ -- - Most Companies Represented in Benchmark Survey Choose to Pull 'Legacy' Applications into Newer S","strategic role Harte-Hanks brings to the market. For additional information, visit Aberdeen http://www.aberdeen.com or call +1-617-723-7890, or to learn more about Harte-Hanks, call +1-800- 456-9748 or go to http://www.harte-hanks.com. Media Contact: Peter S. Kastner, Aberdeen Harte-Hanks Businesses Merge Old with New in Their Information Systems, According to New Aberdeen Report BOSTON, October 6 /PRNewswire/ -- - Most Companies Represented in Benchmark Survey Choose to Pull 'Legacy' Applications into Newer Service- Oriented Architectures As businesses wade into a world of service-orient","","","","","","","","","","not_in_pdf"
"1121","","","IBM Hires Borman","AP","","","partners, this move is very sensible."" Levarditauro said IDC. Kastner of Aberdeen also stressed the validity of the Borman sector partners. ""His past experience in the field of partners will be essential to give the go-to marketing initiatives that are focused on new i5 server. However,from the outside, One has the im","partners, this move is very sensible."" Levarditauro said IDC. Kastner of Aberdeen also stressed the validity of the Borman sector partners. ""His past experience in the field of partners will be essential to give the go-to marketing initiatives that are focused on new i5 server. However,from the outside, One has the impression that IBM has decided to focus on a person with proven experience to give new impetus to the iSeries world. "" Bob Boyson, president of Common, the largest IBM user group, has expressed a positive opinion on the appointment of Borman. 'It is n","","","","","","","","","","not_in_pdf"
"1122","","","Navy Lands Supercomputer","E-Commerce Times","Keith Regan","","Keith Regan IBM Lands Navy Supercomputer Deal 07/27/04 9:57 AM PT | E-Commerce Times | 600 Words Aberdeen Group Chief Research Officer Peter Kastner told the E-Commerce Times that more companies these days can lash servers together to produce high-powered machines. ""It used to be if you needed a machine this powerful, you had only a handful of... Elizabeth Millard Hitachi, NEC Join To Challenge","Keith Regan IBM Lands Navy Supercomputer Deal 07/27/04 9:57 AM PT | E-Commerce Times | 600 Words Aberdeen Group Chief Research Officer Peter Kastner told the E-Commerce Times that more companies these days can lash servers together to produce high-powered machines. ""It used to be if you needed a machine this powerful, you had only a handful of... Elizabeth Millard Hitachi, NEC Join To Challenge Cisco 06/25/04 9:45 AM PT | E-Commerce Times | 661 Words Aberdeen analyst Peter Kastner told the E-Commerce Times: ""Cisco understands routers, and the problems that they solve. They have the market well","","","","","","","","","","not_in_pdf"
"1123","","","Navy Lands Supercomputer","E-Commerce Times","Keith Regan","","her to produce high-powered machines. ""It used to be if you needed a machine this powerful, you had only a handful of... Elizabeth Millard Hitachi, NEC Join To Challenge Cisco 06/25/04 9:45 AM PT | E-Commerce Times | 661 Words Aberdeen analyst Peter Kastner told the E-Commerce Times: ""Cisco understands routers, and the problems that they solve. They have the market well","Keith Regan IBM Lands Navy Supercomputer Deal 07/27/04 9:57 AM PT | E-Commerce Times | 600 Words Aberdeen Group Chief Research Officer Peter Kastner told the E-Commerce Times that more companies these days can lash servers together to produce high-powered machines. ""It used to be if you needed a machine this powerful, you had only a handful of... Elizabeth Millard Hitachi, NEC Join To Challenge Cisco 06/25/04 9:45 AM PT | E-Commerce Times | 661 Words Aberdeen analyst Peter Kastner told the E-Commerce Times: ""Cisco understands routers, and the problems that they solve. They have the market well","","","","","","","","","","not_in_pdf"
"1125","","","Computers bring productivity surge","","","","0 skilled employees to the payroll. And because these tasks are only a few of the total number of computer-based tasks the average employee performs in a day, the true productivity advantage could be much, much greater. Reasons to Upgrade: Peter S. Kastner, executive vice president and chief research officer for the Consumer Digital Technology Practice at Aberdeen Group, in his report titled, ‘Why You Need To Replace Those Windows* 98 And NT* Machines’ said, “Looking down the road, keeping Windows 98-","increase of 1.5 million employee work hours. That’s the equivalent of adding 750 skilled employees to the payroll. And because these tasks are only a few of the total number of computer-based tasks the average employee performs in a day, the true productivity advantage could be much, much greater. Reasons to Upgrade: Peter S. Kastner, executive vice president and chief research officer for the Consumer Digital Technology Practice at Aberdeen Group, in his report titled, ‘Why You Need To Replace Those Windows* 98 And NT* Machines’ said, “Looking down the road, keeping Windows 98-era PCs around","","","","","","","","","","not_in_pdf"
"1126","","","Worldwide IT spending increases","DC Velocity","","","4 percent in 2003, predicts the Aberdeen Group. Worldwide spending on IT products and services is expected to increase 4 percent in 2003, predicts the Aberdeen Group, a technology market analysis firm. That compares to growth of 1 percent last year. Aberdeen forecasts long-term growth in the 4-to 5-percent range. The firm expects that in the United States,IT purchases will increase 3.6 percent in 2003, with annual increases of between 5 and 6 per","February 2003 -- newsworthy soft growth seen for software By DC Velocity Staff Worldwide spending on IT products and services is expected to increase 4 percent in 2003, predicts the Aberdeen Group. Worldwide spending on IT products and services is expected to increase 4 percent in 2003, predicts the Aberdeen Group, a technology market analysis firm. That compares to growth of 1 percent last year. Aberdeen forecasts long-term growth in the 4-to 5-percent range. The firm expects that in the United States,IT purchases will increase 3.6 percent in 2003, with annual increases of between 5 and 6 per","","","","","","","","","","not_in_pdf"
"1139","","","Dell reports earnings","","","","""Dell's operating costs -- general, sales and administrative -- are under 10 percent now of sales,"" said Kastner. ""So it's a lean and mean, low-overhead operation."" Dell is ahead of schedule in its effort to save more than $1 billion in total costs this year, including cost cuts in product design Click here to get the Free Email Design No-No's Guide from Lyri","""Dell's operating costs -- general, sales and administrative -- are under 10 percent now of sales,"" said Kastner. ""So it's a lean and mean, low-overhead operation."" Dell is ahead of schedule in its effort to save more than $1 billion in total costs this year, including cost cuts in product design Click here to get the Free Email Design No-No's Guide from Lyris -- includes the top 10 things you need to know., manufacturing, logistics and warranties, according to Rollins. HP executives could not immediately be reached for comment. Hitachi, NEC Join To Challenge Cisco By Elizabeth Millard, E-C","","","","","","","","","","not_in_pdf"
"1142","","","States take on Microsoft anti-trust","E-Commerce Times","","","Analysts said they expect the states will not get exactly what they want. ""I don't believe the states will get Windows chopped up the way they have suggested,"" Peter Kastner, chief research officer at the Aberdeen Group, told the E-Commerce Times. ""But I do believe the judge will [do more than] simply reaffirm the agreement the Justice Department and Microsoft reached last November,"" he added. New Broadband Legislatio","Analysts said they expect the states will not get exactly what they want. ""I don't believe the states will get Windows chopped up the way they have suggested,"" Peter Kastner, chief research officer at the Aberdeen Group, told the E-Commerce Times. ""But I do believe the judge will [do more than] simply reaffirm the agreement the Justice Department and Microsoft reached last November,"" he added. New Broadband Legislation Revives Old Debate By Jennifer LeClaire, E-Commerce Times 05/03/02 10:53 AM PT Jim Cicconi, AT&T general counsel, said Breaux's bill would be 'a sledgehammer blow to a telec","","","","","","","","","","not_in_pdf"
"1143","","","Dell Gaining Ground","","","","Gaining Ground Analysts said they expected Dell to profit in the education market, thanks largely to its network of partners developed over the past few years. ""Many universities treat Dell as a preferred vendor,"" Kastner said. ""Students can purchase discounted Dells at the university book store and get free university desktop support."" But in addition to an uptick in education, government and business sales, Dell executives said the company believes it is gaining m","Gaining Ground Analysts said they expected Dell to profit in the education market, thanks largely to its network of partners developed over the past few years. ""Many universities treat Dell as a preferred vendor,"" Kastner said. ""Students can purchase discounted Dells at the university book store and get free university desktop support."" But in addition to an uptick in education, government and business sales, Dell executives said the company believes it is gaining market share from competitors in a climate of weak overall demand. Kastner agreed that Dell has been increasing its market shar","","","","","","","","","","not_in_pdf"
"1144","","","Dell Gaining Ground","","","","ok store and get free university desktop support."" But in addition to an uptick in education, government and business sales, Dell executives said the company believes it is gaining market share from competitors in a climate of weak overall demand. Kastner agreed that Dell has been increasing its market shar","ted Dell to profit in the education market, thanks largely to its network of partners developed over the past few years. ""Many universities treat Dell as a preferred vendor,"" Kastner said. ""Students can purchase discounted Dells at the university book store and get free university desktop support."" But in addition to an uptick in education, government and business sales, Dell executives said the company believes it is gaining market share from competitors in a climate of weak overall demand. Kastner agreed that Dell has been increasing its market shar","","","","","","","","","","not_in_pdf"
"1168","","","SARS in Hong Kong","AP","","","briefly shut their Hong Kong offices. Peter Kastner, an analyst at Aberdeen Group, told Dow Jones Newswires, ""At a minimum, the SARS epidemic will cause schedule slippages and disrupt the aggressive growth plans that global electronics companies have for the affected geographies . . .Worst case, it c","briefly shut their Hong Kong offices. Peter Kastner, an analyst at Aberdeen Group, told Dow Jones Newswires, ""At a minimum, the SARS epidemic will cause schedule slippages and disrupt the aggressive growth plans that global electronics companies have for the affected geographies . . .Worst case, it could result in major supply chain disruptions and another downdraft for an already challenged industry."" But it was not all bad news. Technology stocks really took off midweek on word that U.S.-led forces progressed closer to Baghdad. ""We're generall","","","","","","","","","","not_in_pdf"
"1182","","","GPS Firmware updates","AP","","","anuary 15th Good deal on a refurb iMac at Apple this week. But why jump now when it's very likely that the iMac and Mac Pro desktops will be refreshed during MacWorld next month? My bet is on a quad Core Duo 2 option for the iMac. Posted by Peter S Kastner","s a year late out of the gate. So much for partnerships. The Race for a New Game Machine looks like a fascinating winter read for technologists. Posted by Peter S Kastner at 3:59?PM 1 comment: Tuesday, December 30, 2008 Apple unloads iMacs Before January 15th Good deal on a refurb iMac at Apple this week. But why jump now when it's very likely that the iMac and Mac Pro desktops will be refreshed during MacWorld next month? My bet is on a quad Core Duo 2 option for the iMac. Posted by Peter S Kastner","","","","","","","","","","not_in_pdf"
"1184","","","Internet Winter?","","","","-- Peter S. Kastner Posted by Anonymous at 10:13?PM No comments: Email ThisBlogThis!Share to TwitterShare to FacebookShare to Pinterest Friday, July 08, 2005 Are We Headed for an Internet Winter? As I noted this week, a new trojan that mimics a Microsoft security bulle","-- Peter S. Kastner Posted by Anonymous at 10:13?PM No comments: Email ThisBlogThis!Share to TwitterShare to FacebookShare to Pinterest Friday, July 08, 2005 Are We Headed for an Internet Winter? As I noted this week, a new trojan that mimics a Microsoft security bulletin was squelched. This nefarious e-mail disguises itself as a Microsoft security bulletin and contains a link to malicious software that gives attackers complete access to the infected machine, security researchers are reporting. A couple of weeks a","","","","","","","","","","pdf_format_mismatch"
"1185","","","Apple on Intel","","","","an $5 an hour -- Internet cafes can fill the demand that libraries cannot. It will be interesting to see how Internet access supply and demand curves meet, and at what price. I'm not holding my breath expecting more seats in libraries. -- Peter S. Kastner Posted by Anonymous at 2:36?AM No comments: Email ThisBlogThis!Share to TwitterShare to FacebookShare to Pinterest Wednesday, June 15, 2005 IDC Q1 2005 Server Market Puts Unix and Windows in Dead Heat IDC and Gartner","rest-of-world places like China. For less than $5 an hour -- and there are few legal activities in the U.S. that cost less than $5 an hour -- Internet cafes can fill the demand that libraries cannot. It will be interesting to see how Internet access supply and demand curves meet, and at what price. I'm not holding my breath expecting more seats in libraries. -- Peter S. Kastner Posted by Anonymous at 2:36?AM No comments: Email ThisBlogThis!Share to TwitterShare to FacebookShare to Pinterest Wednesday, June 15, 2005 IDC Q1 2005 Server Market Puts Unix and Windows in Dead Heat IDC and Gartner","","","","","","","","","","headline_too_short_to_probe"
"1189","","","PC Recycling","AP","","","Peter S. Kastner Posted by Anonymous at 3:48?AM No comments: Email ThisBlogThis!Share to TwitterShare to FacebookShare to Pinterest Microsoft Xbox2 to Challenge Sony PS3 Ten days until the announcement of the second generation Xbox during an MTV special. Leaks says","Peter S. Kastner Posted by Anonymous at 3:48?AM No comments: Email ThisBlogThis!Share to TwitterShare to FacebookShare to Pinterest Microsoft Xbox2 to Challenge Sony PS3 Ten days until the announcement of the second generation Xbox during an MTV special. Leaks says it will be branded the Xbox360. And indications are that the graphics will support 720p HDTV (1280x720) using NEC embedded DRAM (eDRAM), which allows ant-aliasing with minimal frame rate loss in the ATI graphics processing unit. Samsung's HDTVs will","","","","","","","","","","headline_too_short_to_probe"
"1191","","","Dell XPS","","","","some short-term revenue -- and with the hope of future China market share -- is making a pact with the devil. A pity that many software firms will ignore my warning. Peter S. Kastner Posted by Anonymous at 8:59?PM No comments: Email ThisBlogThis!Share to TwitterShare to FacebookShare to Pinterest First Reviews: Dell Dual-Core XPS Gen5 Intel's dual-core launch is expected before Memorial Day. The first review of a production-read","some short-term revenue -- and with the hope of future China market share -- is making a pact with the devil. A pity that many software firms will ignore my warning. Peter S. Kastner Posted by Anonymous at 8:59?PM No comments: Email ThisBlogThis!Share to TwitterShare to FacebookShare to Pinterest First Reviews: Dell Dual-Core XPS Gen5 Intel's dual-core launch is expected before Memorial Day. The first review of a production-ready machine by PC Magazine confirms what we learned last week with the initial press publication of performance benchmarks. For $4,000, buyers of the Dell XPS Gen 5 wil","","","","","","","","","","headline_too_short_to_probe"
"1192","","","Consumer Dual-Core PCs Arrive","AP","","","versions of dual-cores for consumer and business desktops. Both companies will follow on next year with their respective desktop, server and mobile dual cores. Peter S. Kastner Posted by Anonymous at 7:48?PM No comments: Email ThisBlogThis!Share to TwitterShare to FacebookShare to Pinterest Thursday, April 07, 2005 iPod Sells Mac Mini at Best Buy As we have discussed on the On Computers radio show, Apple is on a renaissanc","versions of dual-cores for consumer and business desktops. Both companies will follow on next year with their respective desktop, server and mobile dual cores. Peter S. Kastner Posted by Anonymous at 7:48?PM No comments: Email ThisBlogThis!Share to TwitterShare to FacebookShare to Pinterest Thursday, April 07, 2005 iPod Sells Mac Mini at Best Buy As we have discussed on the On Computers radio show, Apple is on a renaissance roll, driven by the widespread adoption of the iPod. This week, Best Buy said it would give retail shelf space to Apple's Mac Mini -- the lowest priced model of the Macint","","","","","","","","","","not_in_pdf"
"1195","","","Dell Latitude X1","","","","bookShare to Pinterest Dell Launches Sweet Thin-and-Light Notebook As a road warrior, I am drooling over Dell's new 2.5 pound Latitude X1. The Latitude series are for managed enterprise PCs. Dell also has several other new notebooks here. Peter S. Kastner Posted by Anonymous at 1:13?AM No comments: Email ThisBlogThis!Share to TwitterShare to FacebookShare to Pinterest Xrackhosting debuts dedicated Mac Mini hosting You gotta love this. Xrackhosting debuts dedicated Mac Mini hosting. They ought to be a","Posted by Anonymous at 1:16?AM No comments: Email ThisBlogThis!Share to TwitterShare to FacebookShare to Pinterest Dell Launches Sweet Thin-and-Light Notebook As a road warrior, I am drooling over Dell's new 2.5 pound Latitude X1. The Latitude series are for managed enterprise PCs. Dell also has several other new notebooks here. Peter S. Kastner Posted by Anonymous at 1:13?AM No comments: Email ThisBlogThis!Share to TwitterShare to FacebookShare to Pinterest Xrackhosting debuts dedicated Mac Mini hosting You gotta love this. Xrackhosting debuts dedicated Mac Mini hosting. They ought to be ab","","","","","","","","","","not_in_pdf"
"1196","","","HP Telecomm with T-Mobile","","","","pull the product until HP fixes the software is not good news for HP's heretofore good reputation in the telecomm industry. As a T-Mobile customer for the 6315, I can see why T-Mobile went to the extraordinary step of pulling the product. Peter S. Kastner P","to spontaneously do a hard ""factory reboot"" while sitting idle, powered on, in the USB dock of my desktop PC. Factory reboot means all the data in the PDA becomes missing in action. Obviously, T-Mobile has had more than a few customer complaints. To pull the product until HP fixes the software is not good news for HP's heretofore good reputation in the telecomm industry. As a T-Mobile customer for the 6315, I can see why T-Mobile went to the extraordinary step of pulling the product. Peter S. Kastner P","","","","","","","","","","not_in_pdf"
"1197","","","Oracle Outbids SAP for Retek Retail Apps","AP","","","Apps SAP flinched at $11 and Oracle swooped in for the close. As we said yesterday, this is not the last of the Oracle-SAP vertical market fights. Expect Wall Street to turn its eyes onto Manhattan Associates as SAP's bridesmaid choice. Peter S. Kastner Posted by Anonymous at 1:18?AM No comments: Email ThisBlogThis!Share to TwitterShare to FacebookShare to Pinterest Tuesday, March 22, 2005 Sigh. Computers Make Kids Dumber With a quantitative study of 100,000 children worldwide, UK re","Email ThisBlogThis!Share to TwitterShare to FacebookShare to Pinterest Oracle Outbids SAP for Retek's Retail Apps SAP flinched at $11 and Oracle swooped in for the close. As we said yesterday, this is not the last of the Oracle-SAP vertical market fights. Expect Wall Street to turn its eyes onto Manhattan Associates as SAP's bridesmaid choice. Peter S. Kastner Posted by Anonymous at 1:18?AM No comments: Email ThisBlogThis!Share to TwitterShare to FacebookShare to Pinterest Tuesday, March 22, 2005 Sigh. Computers Make Kids Dumber With a quantitative study of 100,000 children worldwide, UK re","","","","","","","","","","not_in_pdf"
"1198","","","Mac Picks Up Market Share","","","","Another indicator that Mac is picking up market share: more hacking attacks on OS X. Peter S. Kastner Posted by Anonymous at 12:11?AM No comments: Email ThisBlogThis!Share to TwitterShare to FacebookShare to Pinterest Monday, March 21, 2005 Corporate Cyber Attacks Increase, Cost $2M Each ""Cyberintruders have stepped up their attacks on corporate com","Another indicator that Mac is picking up market share: more hacking attacks on OS X. Peter S. Kastner Posted by Anonymous at 12:11?AM No comments: Email ThisBlogThis!Share to TwitterShare to FacebookShare to Pinterest Monday, March 21, 2005 Corporate Cyber Attacks Increase, Cost $2M Each ""Cyberintruders have stepped up their attacks on corporate computer networks, according to two surveys released Monday. Symantec (SYMC) , the world's largest supplier of anti-virus software, reports a 332% spike in worms and viruses launched against Windows desktop computers and servers in the last half of 2","","","","","","","","","","not_in_pdf"
"1201","","","Microsoft Windows XP service pack 2 leaks","","","","Peter S. Kastner Posted by Anonymous at 11:04?PM No comments: Email ThisBlogThis!Share to TwitterShare to FacebookShare to Pinterest Internet Explorer 7.0 Details Start Leaking ""Internet Explorer 7.0 won't run just on Windows XP Service Pack 2, according to a new po","Peter S. Kastner Posted by Anonymous at 11:04?PM No comments: Email ThisBlogThis!Share to TwitterShare to FacebookShare to Pinterest Internet Explorer 7.0 Details Start Leaking ""Internet Explorer 7.0 won't run just on Windows XP Service Pack 2, according to a new posting on Microsoft's ""IE Blog."" It also will work on follow-ons to SP2, which include Windows XP Professional x64 and Windows Server 2003 Service Pack 1, both of which are due out in the next couple of months. Still no word on whether the updated ver","","","","","","","","","","not_in_pdf"
"1203","","","DDR2 Performance gains","AP","","","emory performance Game PC on DDR benchmark and tests of 3 high-end DDR2 memory products suggests DDR2 is starting to pull away in performance with DDR2-600. And the cost differential between premium DDR memory and DDR2 memory is not large. [Peter S. Kastner] Ways to tell what hardware you have Belarc and Everest Google Converts Your Phone Number Into a Map to Your House from the blog. Ageia Physics Processing Unit Improve Photo Realism of games! Interview with agei","Geekmeet What Memory is Best? DDR on Pentium4 (old) DDR versus DDR2 Anand Tech on DDR2 and X-Bit Labs also on DDR versus DDR2 memory performance Game PC on DDR benchmark and tests of 3 high-end DDR2 memory products suggests DDR2 is starting to pull away in performance with DDR2-600. And the cost differential between premium DDR memory and DDR2 memory is not large. [Peter S. Kastner] Ways to tell what hardware you have Belarc and Everest Google Converts Your Phone Number Into a Map to Your House from the blog. Ageia Physics Processing Unit Improve Photo Realism of games! Interview with agei","","","","","","","","","","not_in_pdf"
"1204","","","DRAM spot prices lower","","","","Spot prices for DRAM continue to drop, suggesting lower prices by OEMs -- or better deals for memory upgrades. Peter S. Kastner Posted by Anonymous at 11:04?PM No comments: Email ThisBlogThis!Share to TwitterShare to FacebookShare to Pinterest IT Holiday: No Microsoft Patches This Month Microsoft does not plan to release any security bulletins or patches this month. Last mon","Spot prices for DRAM continue to drop, suggesting lower prices by OEMs -- or better deals for memory upgrades. Peter S. Kastner Posted by Anonymous at 11:04?PM No comments: Email ThisBlogThis!Share to TwitterShare to FacebookShare to Pinterest IT Holiday: No Microsoft Patches This Month Microsoft does not plan to release any security bulletins or patches this month. Last month Microsoft issued 13 security bulletins covering 17 security flaws. Looks like IT (and consumers) get a holiday this month. Would that this is the start of a trend where Windows is more secure and fewer bugs need patch","","","","","","","","","","not_in_pdf"
"1205","","","Speed up Windows reboots","AP","","","Peter S. Kastner Posted by Anonymous at 6:31?PM No comments: Email ThisBlogThis!Share to TwitterShare to FacebookShare to Pinterest Tip: Faster Windows Startup Good article on how to systematically speed up your Windows XP re-boots. Peter S. Kastner Posted by Anony","Peter S. Kastner Posted by Anonymous at 6:31?PM No comments: Email ThisBlogThis!Share to TwitterShare to FacebookShare to Pinterest Tip: Faster Windows Startup Good article on how to systematically speed up your Windows XP re-boots. Peter S. Kastner Posted by Anonymous at 6:26?PM No comments: Email ThisBlogThis!Share to TwitterShare to FacebookShare to Pinterest Tips: iPod Without the iTunes Like 91% of all hard-disk music player owners, I have an iPod. It took a while -- months really -- to begin to appreciat","","","","","","","","","","not_in_pdf"
"1206","","","IBM and Apple talk cells","AP","","","dnesday, February 23, 2005 Eden Redux: IBM Offers Cell to Apple Interesting speculation on what Apple might be in for with a Cell-based machine running Mac OS X. Short answer: Lots of tuning and maybe not that much bang compared to the G5. Peter S. Kastner Posted by Anonymous at 9:05?PM No comments: Email ThisBlogThis!Share to TwitterShare to FacebookShare to Pinterest Google plans web page links. Good or bad? Google's plans to overlay its own links onto search-result web pages is in beta. Like Micros","Email ThisBlogThis!Share to TwitterShare to FacebookShare to Pinterest Wednesday, February 23, 2005 Eden Redux: IBM Offers Cell to Apple Interesting speculation on what Apple might be in for with a Cell-based machine running Mac OS X. Short answer: Lots of tuning and maybe not that much bang compared to the G5. Peter S. Kastner Posted by Anonymous at 9:05?PM No comments: Email ThisBlogThis!Share to TwitterShare to FacebookShare to Pinterest Google plans web page links. Good or bad? Google's plans to overlay its own links onto search-result web pages is in beta. Like Microsoft's aborted SmartL","","","","","","","","","","not_in_pdf"
"1207","","","Intel 90mm Prescott CPUs","","","","Peter S. Kastner Intel's 90 nm Prescott silicon specs. Posted by Anonymous at 4:12?AM No comments: Email ThisBlogThis!Share to TwitterShare to FacebookShare to Pinterest Monday, February 07, 2005 Blade Servers Begin to Catch On With 2004 sales north of $1 billion a","Peter S. Kastner Intel's 90 nm Prescott silicon specs. Posted by Anonymous at 4:12?AM No comments: Email ThisBlogThis!Share to TwitterShare to FacebookShare to Pinterest Monday, February 07, 2005 Blade Servers Begin to Catch On With 2004 sales north of $1 billion and a 5% market share, blade servers are accelerating up the adoption-curve hockey stick. Author of this link, Timothy Prickett Morgan, asks why the adoption rate isn't even faster? The answer is IT inertia. Even the next best thing -- virtualization,","","","","","","","","","","not_in_pdf"
