"obs_id","study_id","entity_id","tech_id","observation_type","year_observed","metric_name","metric_value","confidence","methodology_code","source_page","notes"
"cnbc-sars-electronics-supply-chain-impact-92deff-OBS-001","cnbc-sars-electronics-supply-chain-impact-92deff","","semiconductor-manufacturing","market-data","2003","Share of global chip production in Southeast Asia","approximately half of all chips made in Southeast Asia","medium","broadcast-archive","00:00:22","[SPEAKER: Leslie] anchor framing; ballpark figure not sourced on-air"
"cnbc-sars-electronics-supply-chain-impact-92deff-OBS-002","cnbc-sars-electronics-supply-chain-impact-92deff","","personal-computer","market-data","2003","Share of global PC/notebook assembly in Southeast Asia","almost all PCs and laptops made in the region","medium","broadcast-archive","00:00:22","[SPEAKER: Leslie] anchor framing"
"cnbc-sars-electronics-supply-chain-impact-92deff-OBS-003","cnbc-sars-electronics-supply-chain-impact-92deff","rbc","personal-computer","expert-opinion","2003","RBC equity-research action on PC/notebook demand","RBC cut PC and notebook demand projections citing health crisis","high","broadcast-archive","00:00:35","[SPEAKER: Leslie]; named action by named firm — quotable"
"cnbc-sars-electronics-supply-chain-impact-92deff-OBS-004","cnbc-sars-electronics-supply-chain-impact-92deff","","semiconductor-manufacturing","expert-opinion","2003","Electronics-industry sourcing rules","industry looks for low cost AND dependable supply; China has provided both","high","expert-opinion","00:02:09","Kastner first-person; Section 13.1 frames as expert-opinion"
"cnbc-sars-electronics-supply-chain-impact-92deff-OBS-005","cnbc-sars-electronics-supply-chain-impact-92deff","china-prc","semiconductor-manufacturing","viability-prediction","2003","Pandemic-quarantine supply-chain disruption thesis","if quarantine implemented in China, it would lead to massive supply-chain disruption","high","expert-opinion","00:02:09","Kastner first-person; PRESCIENCE ANCHOR — pattern reactivated by COVID-19 in 2020"
"cnbc-sars-electronics-supply-chain-impact-92deff-OBS-006","cnbc-sars-electronics-supply-chain-impact-92deff","china-prc","semiconductor-manufacturing","actual-outcome","[DEFERRED]","Pandemic-quarantine supply-chain disruption thesis (outcome)","[DEFERRED]","[DEFERRED]","expert-opinion","[DEFERRED]","Outcome placeholder for prediction OBS-005; Phase 3 web verification owns this"
"cnbc-sars-electronics-supply-chain-impact-92deff-OBS-007","cnbc-sars-electronics-supply-chain-impact-92deff","","semiconductor-manufacturing","market-data","2003","Global electronics industry size","approximately $1 trillion globally","high","expert-opinion","00:02:30","Kastner first-person; market-sizing claim"
"cnbc-sars-electronics-supply-chain-impact-92deff-OBS-008","cnbc-sars-electronics-supply-chain-impact-92deff","","personal-computer","market-data","2003","PCs assembled in Asia (annual volume)","115 million PCs assembled in Asia, many in China","high","expert-opinion","00:02:30","Kastner first-person; specific volume figure"
"cnbc-sars-electronics-supply-chain-impact-92deff-OBS-009","cnbc-sars-electronics-supply-chain-impact-92deff","","semiconductor-manufacturing","expert-opinion","2003","Exposed industry categories","major semiconductor mfrs, semi equipment mfrs, PC companies, HDD, communications","high","expert-opinion","00:02:51","Kastner first-person; exposure taxonomy"
"cnbc-sars-electronics-supply-chain-impact-92deff-OBS-010","cnbc-sars-electronics-supply-chain-impact-92deff","","semiconductor-manufacturing","expert-opinion","2003","China manufacturing footprint universality","every semiconductor/electronics firm either manufactures in China or plans/considers it","high","expert-opinion","00:03:04","Kastner first-person; strong claim about industry-wide China exposure"
"cnbc-sars-electronics-supply-chain-impact-92deff-OBS-011","cnbc-sars-electronics-supply-chain-impact-92deff","sony","","expert-opinion","2003","Sony exposure to SARS supply-chain risk","named by anchor (with Kastner concurrence) as potentially affected","medium","broadcast-archive","00:03:04","Names list co-authored by anchor reading Kastner's pre-interview notes"
"cnbc-sars-electronics-supply-chain-impact-92deff-OBS-012","cnbc-sars-electronics-supply-chain-impact-92deff","nec","","expert-opinion","2003","NEC exposure to SARS supply-chain risk","named as potentially affected semiconductor firm","medium","broadcast-archive","00:03:04",""
"cnbc-sars-electronics-supply-chain-impact-92deff-OBS-013","cnbc-sars-electronics-supply-chain-impact-92deff","philips","","expert-opinion","2003","Philips exposure to SARS supply-chain risk","named as potentially affected","medium","broadcast-archive","00:03:04",""
"cnbc-sars-electronics-supply-chain-impact-92deff-OBS-014","cnbc-sars-electronics-supply-chain-impact-92deff","oki-electric","","expert-opinion","2003","Oki exposure to SARS supply-chain risk","named as potentially affected semiconductor firm","medium","broadcast-archive","00:03:04",""
"cnbc-sars-electronics-supply-chain-impact-92deff-OBS-015","cnbc-sars-electronics-supply-chain-impact-92deff","elpida-memory","","expert-opinion","2003","Elpida exposure to SARS supply-chain risk","named as potentially affected (transcript 'Ellipta' — phonetic)","medium","broadcast-archive","00:03:04","[REVIEW] phonetic transcription"
"cnbc-sars-electronics-supply-chain-impact-92deff-OBS-016","cnbc-sars-electronics-supply-chain-impact-92deff","infineon","","expert-opinion","2003","Infineon exposure to SARS supply-chain risk","named as potentially affected semiconductor firm","medium","broadcast-archive","00:03:04",""
"cnbc-sars-electronics-supply-chain-impact-92deff-OBS-017","cnbc-sars-electronics-supply-chain-impact-92deff","broadcom","","expert-opinion","2003","Broadcom exposure to SARS supply-chain risk","named as potentially affected semiconductor firm","medium","broadcast-archive","00:03:04",""
"cnbc-sars-electronics-supply-chain-impact-92deff-OBS-018","cnbc-sars-electronics-supply-chain-impact-92deff","cirrus-logic","","expert-opinion","2003","Cirrus Logic exposure to SARS supply-chain risk","named (transcript 'Sirius Logic' — phonetic) as potentially affected","medium","broadcast-archive","00:03:04","[REVIEW] phonetic transcription"
"cnbc-sars-electronics-supply-chain-impact-92deff-OBS-019","cnbc-sars-electronics-supply-chain-impact-92deff","conexant","","expert-opinion","2003","Conexant exposure to SARS supply-chain risk","named (transcript 'Connexant' — phonetic) as potentially affected","medium","broadcast-archive","00:03:04","[REVIEW] phonetic transcription"
"cnbc-sars-electronics-supply-chain-impact-92deff-OBS-020","cnbc-sars-electronics-supply-chain-impact-92deff","national-semiconductor","","expert-opinion","2003","National Semiconductor exposure to SARS supply-chain risk","named as potentially affected semiconductor firm","medium","broadcast-archive","00:03:04",""
"cnbc-sars-electronics-supply-chain-impact-92deff-OBS-021","cnbc-sars-electronics-supply-chain-impact-92deff","motorola","cellular-handset","market-data","2003","Motorola Singapore cell-phone plant closure","Motorola had already closed a cell phone plant in Singapore due to SARS","high","broadcast-archive","00:03:28","Anchor cites Kastner notes; Kastner confirms"
"cnbc-sars-electronics-supply-chain-impact-92deff-OBS-022","cnbc-sars-electronics-supply-chain-impact-92deff","intel","intel-developer-forum","market-data","2003","Intel Developer Forum postponement","Intel postponed its developer forum due to SARS","high","expert-opinion","00:03:39","Kastner first-person; named corporate action"
"cnbc-sars-electronics-supply-chain-impact-92deff-OBS-023","cnbc-sars-electronics-supply-chain-impact-92deff","","","expert-opinion","2003","CEO travel cancellations across electronics industry","executives canceling trips broadly across the sector","medium","expert-opinion","00:03:39","Kastner first-person; pattern-level claim"
"cnbc-sars-electronics-supply-chain-impact-92deff-OBS-024","cnbc-sars-electronics-supply-chain-impact-92deff","","","viability-prediction","2003","Voluntary-quarantine effectiveness thesis","voluntary quarantines worldwide should reduce disease spread","medium","expert-opinion","00:03:50","Kastner first-person; modest-confidence prediction"
"cnbc-sars-electronics-supply-chain-impact-92deff-OBS-025","cnbc-sars-electronics-supply-chain-impact-92deff","","","actual-outcome","[DEFERRED]","Voluntary-quarantine effectiveness thesis (outcome)","[DEFERRED]","[DEFERRED]","expert-opinion","[DEFERRED]","Outcome placeholder for prediction OBS-024"
"cnbc-sars-electronics-supply-chain-impact-92deff-OBS-026","cnbc-sars-electronics-supply-chain-impact-92deff","us-cdc","","expert-opinion","2003","CDC director outlook on SARS trajectory","head of CDC: too early to tell exactly what will happen","high","broadcast-archive","00:03:55","Kastner paraphrasing CDC; secondary attribution"
"cnbc-sars-electronics-supply-chain-impact-92deff-OBS-027","cnbc-sars-electronics-supply-chain-impact-92deff","china-prc","","viability-prediction","2003","China commercial-damage thesis from delayed SARS disclosure","executives concerned PRC delay will cause lasting commercial damage","medium","expert-opinion","00:04:07","Kastner first-person; informed by executive conversations"
"cnbc-sars-electronics-supply-chain-impact-92deff-OBS-028","cnbc-sars-electronics-supply-chain-impact-92deff","china-prc","","actual-outcome","[DEFERRED]","China commercial-damage thesis (outcome)","[DEFERRED]","[DEFERRED]","expert-opinion","[DEFERRED]","Outcome placeholder for prediction OBS-027"
"cnbc-sars-electronics-supply-chain-impact-92deff-OBS-029","cnbc-sars-electronics-supply-chain-impact-92deff","taiwan","","expert-opinion","2003","Taiwan presidential criticism of PRC handling","Chen Shui-bian publicly criticized PRC for holding back SARS information","high","broadcast-archive","00:04:30","Kastner cites Chen Shui-bian as 'best comments I read'"
"cnbc-sars-electronics-supply-chain-impact-92deff-OBS-030","cnbc-sars-electronics-supply-chain-impact-92deff","china-prc","","expert-opinion","2003","Irony of PRC withholding strategy","PRC withheld info hoping to protect business; may have done opposite","medium","expert-opinion","00:04:50","Anchor + Kastner joint observation in closing exchange"
"cnbc-sars-electronics-supply-chain-impact-92deff-OBS-031","cnbc-sars-electronics-supply-chain-impact-92deff","peter-s-kastner","","personal-recollection","2003","Kastner's analytical timeline on SARS","began looking at SARS supply-chain implications one week prior to broadcast","high","expert-opinion","00:03:39","Kastner first-person; dates his own analytical onset"
"cnbc-sars-electronics-supply-chain-impact-92deff-OBS-032","cnbc-sars-electronics-supply-chain-impact-92deff","aberdeen-group","","expert-opinion","2003","Aberdeen Group role at broadcast date","Kastner identified on-air as Chief Research Officer, Aberdeen Group","verified","broadcast-archive","00:01:56","Anchor introduction; verifiable from broadcast itself"
"nbc-nightly-sars-economic-impact-electronics-39b4da-OBS-001","nbc-nightly-sars-economic-impact-electronics-39b4da","","","market-data","2003","US first-time jobless claims","significant spike in first-time jobless claims (specific number not given on-air)","medium","broadcast-archive","00:00:05","[SPEAKER: Tom Brokaw]"
"nbc-nightly-sars-economic-impact-electronics-39b4da-OBS-002","nbc-nightly-sars-economic-impact-electronics-39b4da","","","market-data","2003","US service sector activity","dramatic drop in US service sector activity","medium","broadcast-archive","00:00:05","[SPEAKER: Tom Brokaw]; macro context for SARS impact"
"nbc-nightly-sars-economic-impact-electronics-39b4da-OBS-003","nbc-nightly-sars-economic-impact-electronics-39b4da","","","viability-prediction","2003","Second-recession thesis from SARS","SARS could be tipping point taking world into second recession in three years","medium","broadcast-archive","00:00:50","[SPEAKER: Thompson narration]; macro prediction"
"nbc-nightly-sars-economic-impact-electronics-39b4da-OBS-004","nbc-nightly-sars-economic-impact-electronics-39b4da","","","actual-outcome","[DEFERRED]","Second-recession thesis (outcome)","[DEFERRED]","[DEFERRED]","broadcast-archive","[DEFERRED]","Outcome placeholder for OBS-003"
"nbc-nightly-sars-economic-impact-electronics-39b4da-OBS-005","nbc-nightly-sars-economic-impact-electronics-39b4da","raymond-seuss","","market-data","2003","SF Asia-specialist travel agent business decline","Raymond Seuss agency business down 90%; only half staff working","high","broadcast-archive","00:01:01","Named source quoted on-air"
"nbc-nightly-sars-economic-impact-electronics-39b4da-OBS-006","nbc-nightly-sars-economic-impact-electronics-39b4da","business-travel-coalition","","market-data","2003","Companies banning travel to Asia","27% of surveyed companies banning Asia travel","high","broadcast-archive","00:01:13","Business Travel Coalition national survey"
"nbc-nightly-sars-economic-impact-electronics-39b4da-OBS-007","nbc-nightly-sars-economic-impact-electronics-39b4da","business-travel-coalition","","market-data","2003","Asia airline ticket revenue at risk","$22 million per month in airline tickets to Asia from survey members","high","broadcast-archive","00:01:13","BTC survey aggregate"
"nbc-nightly-sars-economic-impact-electronics-39b4da-OBS-008","nbc-nightly-sars-economic-impact-electronics-39b4da","intel","intel-roadshow","market-data","2003","Intel road show cancellations","Intel cancelling road shows in China and Taiwan due to SARS","high","broadcast-archive","00:01:28","Named corporate action"
"nbc-nightly-sars-economic-impact-electronics-39b4da-OBS-009","nbc-nightly-sars-economic-impact-electronics-39b4da","","consumer-electronics","viability-prediction","2003","Factory-closure consumer-electronics availability thesis","If SARS forces Asia factories to close, US consumers unable to buy TVs/MP3/toys/PCs","high","expert-opinion","00:01:41","Kastner first-person; PRESCIENCE companion to OBS-005 of SARS CNBC same-day"
"nbc-nightly-sars-economic-impact-electronics-39b4da-OBS-010","nbc-nightly-sars-economic-impact-electronics-39b4da","","consumer-electronics","actual-outcome","[DEFERRED]","Factory-closure consumer-electronics availability thesis (outcome)","[DEFERRED]","[DEFERRED]","expert-opinion","[DEFERRED]","Outcome placeholder for OBS-009"
"nbc-nightly-sars-economic-impact-electronics-39b4da-OBS-011","nbc-nightly-sars-economic-impact-electronics-39b4da","peter-s-kastner","","expert-opinion","2003","Kastner identified product categories at risk","TVs, electronic toys, PCs, high-tech computers, MP3 players","high","expert-opinion","00:01:41","Verbatim list from Kastner segment"
"nbc-nightly-sars-economic-impact-electronics-39b4da-OBS-012","nbc-nightly-sars-economic-impact-electronics-39b4da","","","market-data","2003","Asian (ex-Japan) economic growth pre-SARS","Asian economies excluding Japan growing at 5% clip prior to SARS","high","broadcast-archive","00:02:00","Thompson narration; pre-SARS baseline"
"nbc-nightly-sars-economic-impact-electronics-39b4da-OBS-013","nbc-nightly-sars-economic-impact-electronics-39b4da","","","viability-prediction","2003","Asia weakness hurts US exports thesis","Weakened Asia would hurt US exports, stunt key source of growth US recovery needs","medium","broadcast-archive","00:02:10","Thompson narration citing economists"
"nbc-nightly-sars-economic-impact-electronics-39b4da-OBS-014","nbc-nightly-sars-economic-impact-electronics-39b4da","","","actual-outcome","[DEFERRED]","Asia weakness hurts US exports thesis (outcome)","[DEFERRED]","[DEFERRED]","broadcast-archive","[DEFERRED]","Outcome placeholder for OBS-013"
"nbc-nightly-sars-economic-impact-electronics-39b4da-OBS-015","nbc-nightly-sars-economic-impact-electronics-39b4da","pat-mccarrie","","personal-recollection","2003","Businessman cut Hong Kong trip short","Pat McCarrie cut trip short, came home five days early due to SARS","high","broadcast-archive","00:00:38","Named source in segment"
"nbc-nightly-sars-economic-impact-electronics-39b4da-OBS-016","nbc-nightly-sars-economic-impact-electronics-39b4da","peter-s-kastner","aberdeen-group","expert-opinion","2003","Kastner on-air title at NBC broadcast","Identified by NBC as 'high-tech consultant' (not 'Aberdeen Group CRO')","verified","broadcast-archive","00:01:41","Title-attribution divergence from CNBC same-day; methodology note"
"dec-blue-monday-internal-sales-training-dectp-vs-ibm-0021cc-OBS-001","dec-blue-monday-internal-sales-training-dectp-vs-ibm-0021cc","abc-news","","personal-recollection","1987","Black Monday opening clip","Ted Koppel/Nightline 19 Oct 1987 Black Monday excerpt used to set 'Blue Monday' theme for DEC TP event","high","oral-history","00:00:18","Opening montage; ties DEC's TP push to the post-crash demand for resilient systems."
"dec-blue-monday-internal-sales-training-dectp-vs-ibm-0021cc-OBS-002","dec-blue-monday-internal-sales-training-dectp-vs-ibm-0021cc","roper-organization","","market-data","1987","Consumer confidence post Black Monday","Roper poll: <30% of Americans felt economy was sound after Oct 1987 crash","medium","market-tracking","00:02:14","Cited as broader context for TP investment thesis. [REVIEW] exact polling figures."
"dec-blue-monday-internal-sales-training-dectp-vs-ibm-0021cc-OBS-003","dec-blue-monday-internal-sales-training-dectp-vs-ibm-0021cc","peter-s-kastner","oltp-systems","expert-opinion","1988","TP market size 1988","Kastner: TP market $21 billion/year, growing 2x rate of overall computer market","high","industry-analysis","00:03:51","Aberdeen Group TP market sizing baseline for Blue Monday."
"dec-blue-monday-internal-sales-training-dectp-vs-ibm-0021cc-OBS-004","dec-blue-monday-internal-sales-training-dectp-vs-ibm-0021cc","digital-equipment","oltp-systems","expert-opinion","1988","DEC TP market share 1988","Kastner: DEC has <5% of TP market today, projected to triple by 1990s","high","industry-analysis","00:04:22","Kastner share estimate + viability framing."
"dec-blue-monday-internal-sales-training-dectp-vs-ibm-0021cc-OBS-005","dec-blue-monday-internal-sales-training-dectp-vs-ibm-0021cc","digital-equipment","oltp-systems","viability-prediction","1990","DEC TP share triples by early 1990s","Kastner predicts DEC TP share will triple from <5% to ~15% by early 1990s on the strength of VAX/ACMS","medium","industry-analysis","00:04:22","Paired with actual-outcome OBS-006."
"dec-blue-monday-internal-sales-training-dectp-vs-ibm-0021cc-OBS-006","dec-blue-monday-internal-sales-training-dectp-vs-ibm-0021cc","digital-equipment","oltp-systems","actual-outcome","1995","DEC TP share triples by early 1990s","[DEFERRED]","[DEFERRED]","industry-analysis","00:04:22","Pairs with OBS-005. Phase 3 web verify against IDC/Aberdeen TP market shares 1990-1995."
"dec-blue-monday-internal-sales-training-dectp-vs-ibm-0021cc-OBS-007","dec-blue-monday-internal-sales-training-dectp-vs-ibm-0021cc","john-logan","oltp-systems","expert-opinion","1988","DEC TP vendor of choice 1990s","Logan (Aberdeen): 'Digital may well become the vendor of choice for transaction processing in the 1990s'","high","industry-analysis","00:18:40","Aberdeen's headline finding cited throughout the event."
"dec-blue-monday-internal-sales-training-dectp-vs-ibm-0021cc-OBS-008","dec-blue-monday-internal-sales-training-dectp-vs-ibm-0021cc","digital-equipment","oltp-systems","viability-prediction","1995","DEC TP vendor of choice 1990s","DEC becomes the preferred TP vendor in the 1990s (Aberdeen Group / Logan, 1988)","medium","industry-analysis","00:18:40","Paired with OBS-009."
"dec-blue-monday-internal-sales-training-dectp-vs-ibm-0021cc-OBS-009","dec-blue-monday-internal-sales-training-dectp-vs-ibm-0021cc","digital-equipment","oltp-systems","actual-outcome","1995","DEC TP vendor of choice 1990s","[DEFERRED]","[DEFERRED]","industry-analysis","00:18:40","Paired with OBS-008. Actual outcome: DEC continued losing TP share, acquired by Compaq 1998."
"dec-blue-monday-internal-sales-training-dectp-vs-ibm-0021cc-OBS-010","dec-blue-monday-internal-sales-training-dectp-vs-ibm-0021cc","digital-equipment","oltp-systems","market-data","1988","DEC TP revenue 1988","Rick Case (DEC): DEC TP revenue ~$1B/year, equal to Tandem's TP revenue","medium","industry-analysis","00:19:23","First-party DEC TP revenue claim; cross-references Aberdeen sizing."
"dec-blue-monday-internal-sales-training-dectp-vs-ibm-0021cc-OBS-011","dec-blue-monday-internal-sales-training-dectp-vs-ibm-0021cc","tandem-computers","oltp-systems","market-data","1988","Tandem TP revenue 1988","Tandem TP revenue ~$1B/year (Rick Case, DEC, comparing to DEC)","medium","industry-analysis","00:19:23","Comparison anchor for DEC's TP scale claim."
"dec-blue-monday-internal-sales-training-dectp-vs-ibm-0021cc-OBS-012","dec-blue-monday-internal-sales-training-dectp-vs-ibm-0021cc","steve-smith-payne-webber","digital-vax","expert-opinion","1988","DEC TP drives bigger-iron demand","Smith (Payne-Webber): 'DEC TP will drive demand for bigger computers' as VAX TP workloads scale","high","expert-opinion","00:23:50","Financial-services analyst thesis presented at Blue Monday."
"dec-blue-monday-internal-sales-training-dectp-vs-ibm-0021cc-OBS-013","dec-blue-monday-internal-sales-training-dectp-vs-ibm-0021cc","ibm","ibm-cics","expert-opinion","1988","Mainframe TP under challenge","Smith (Payne-Webber): 'the dinosaur mainframe approach is being challenged' by VAX-class distributed TP","high","expert-opinion","00:24:35","Strategic critique of IBM TP architecture."
"dec-blue-monday-internal-sales-training-dectp-vs-ibm-0021cc-OBS-014","dec-blue-monday-internal-sales-training-dectp-vs-ibm-0021cc","ibm","ibm-cics","viability-prediction","1995","Mainframe TP under challenge","IBM CICS/IMS mainframe TP loses share to VAX-class distributed TP through early 1990s","medium","expert-opinion","00:24:35","Paired with OBS-015."
"dec-blue-monday-internal-sales-training-dectp-vs-ibm-0021cc-OBS-015","dec-blue-monday-internal-sales-training-dectp-vs-ibm-0021cc","ibm","ibm-cics","actual-outcome","1995","Mainframe TP under challenge","[DEFERRED]","[DEFERRED]","expert-opinion","00:24:35","Paired with OBS-014. Phase 3 verify CICS market share 1988-1995."
"dec-blue-monday-internal-sales-training-dectp-vs-ibm-0021cc-OBS-016","dec-blue-monday-internal-sales-training-dectp-vs-ibm-0021cc","digital-equipment","digital-vax","market-data","1988","VAX 8830 vs IBM 3090-200E TP performance","Rick Case (DEC): VAX 8830 nearly matches IBM 3090 Model 200E TP throughput at ~1/5 the cost","medium","benchmarking","00:36:00","Centerpiece DEC TP claim; ramp-c-benchmark and debit-credit-benchmark used as the basis."
"dec-blue-monday-internal-sales-training-dectp-vs-ibm-0021cc-OBS-017","dec-blue-monday-internal-sales-training-dectp-vs-ibm-0021cc","digital-equipment","ramp-c-benchmark","market-data","1988","VAX 8830 RAMP-C performance","VAX 8830 SMP RAMP-C TP throughput approaches IBM 3090 Model 200E","medium","benchmarking","00:36:00","DEC self-reported RAMP-C; vendor source."
"dec-blue-monday-internal-sales-training-dectp-vs-ibm-0021cc-OBS-018","dec-blue-monday-internal-sales-training-dectp-vs-ibm-0021cc","digital-equipment","debit-credit-benchmark","market-data","1988","DEC cost per TP transaction","DEC debit-credit cost-per-transaction <1/3 IBM mainframe cost, ~2x Tandem cost","medium","benchmarking","00:38:12","Triangulates DEC TP price-performance positioning."
"dec-blue-monday-internal-sales-training-dectp-vs-ibm-0021cc-OBS-019","dec-blue-monday-internal-sales-training-dectp-vs-ibm-0021cc","ibm","ibm-cics","market-data","1988","IBM SAA conversion cost","Rick Case (DEC): IBM SAA conversion requires ~50,000 pages of documentation; 3-7 year customer conversion timeline","medium","industry-analysis","00:26:20","Used as DEC TP migration-advantage argument."
"dec-blue-monday-internal-sales-training-dectp-vs-ibm-0021cc-OBS-020","dec-blue-monday-internal-sales-training-dectp-vs-ibm-0021cc","digital-equipment","symmetric-multiprocessing","expert-opinion","1988","SMP central to DEC TP scaling","DEC SMP architecture (VAX 8800 series) cited as the key technical enabler for VAX-class TP at IBM 3090 throughput","high","industry-analysis","00:32:10","Architectural framing of VAX TP scaling story."
"dec-blue-monday-internal-sales-training-dectp-vs-ibm-0021cc-OBS-021","dec-blue-monday-internal-sales-training-dectp-vs-ibm-0021cc","digital-equipment","acms","expert-opinion","1988","ACMS as modern TP monitor","Rod Sutherland (DEC): ACMS provides modern transaction-control alternative to IBM CICS for VAX customers","high","industry-analysis","00:42:15","ACMS competitive positioning at Blue Monday."
"dec-blue-monday-internal-sales-training-dectp-vs-ibm-0021cc-OBS-022","dec-blue-monday-internal-sales-training-dectp-vs-ibm-0021cc","digital-equipment","acms","viability-prediction","1993","ACMS becomes a major TP monitor","ACMS captures meaningful TP monitor share in the 1990s as VAX TP workloads scale","low","industry-analysis","00:42:15","Paired with OBS-023."
"dec-blue-monday-internal-sales-training-dectp-vs-ibm-0021cc-OBS-023","dec-blue-monday-internal-sales-training-dectp-vs-ibm-0021cc","digital-equipment","acms","actual-outcome","1995","ACMS becomes a major TP monitor","[DEFERRED]","[DEFERRED]","industry-analysis","00:42:15","Paired with OBS-022. Phase 3: ACMS market position 1990s."
"dec-blue-monday-internal-sales-training-dectp-vs-ibm-0021cc-OBS-024","dec-blue-monday-internal-sales-training-dectp-vs-ibm-0021cc","digital-equipment","digital-rdb","expert-opinion","1988","Rdb as DEC TP database","DEC Rdb positioned as relational TP database for VAX, vs IBM DB2 on mainframe","medium","industry-analysis","00:46:30","Database story at Blue Monday."
"dec-blue-monday-internal-sales-training-dectp-vs-ibm-0021cc-OBS-025","dec-blue-monday-internal-sales-training-dectp-vs-ibm-0021cc","ibm","ibm-db2","expert-opinion","1988","DB2 still maturing for TP","Kastner: IBM DB2 for TP still maturing; many customers still on IMS/CICS-VSAM","medium","industry-analysis","00:47:05","Aberdeen view of IBM TP DB transition."
"dec-blue-monday-internal-sales-training-dectp-vs-ibm-0021cc-OBS-026","dec-blue-monday-internal-sales-training-dectp-vs-ibm-0021cc","digital-equipment","decnet","expert-opinion","1988","DECnet as TP networking advantage","DECnet's distributed peer model contrasted with SNA's hierarchical mainframe-centric model","high","industry-analysis","00:50:14","Networking architecture as TP competitive argument."
"dec-blue-monday-internal-sales-training-dectp-vs-ibm-0021cc-OBS-027","dec-blue-monday-internal-sales-training-dectp-vs-ibm-0021cc","ibm","sna","expert-opinion","1988","SNA hierarchical limitation","SNA architecture criticized as hierarchical and mainframe-centric, ill-suited to distributed TP","medium","industry-analysis","00:50:14","Counterpoint to DECnet pitch."
"dec-blue-monday-internal-sales-training-dectp-vs-ibm-0021cc-OBS-028","dec-blue-monday-internal-sales-training-dectp-vs-ibm-0021cc","ibm","ibm-as400","market-data","1988","AS/400 launched June 1988","IBM AS/400 announced 21 Jun 1988; cited at Blue Monday as IBM's midrange TP move","high","industry-analysis","00:53:40","AS/400 launch timing positions DEC as direct competitor for IBM midrange TP."
"dec-blue-monday-internal-sales-training-dectp-vs-ibm-0021cc-OBS-029","dec-blue-monday-internal-sales-training-dectp-vs-ibm-0021cc","ibm","ibm-as400","viability-prediction","1995","AS/400 captures IBM midrange TP","AS/400 becomes IBM's primary midrange TP platform through the 1990s","medium","industry-analysis","00:53:40","Paired with OBS-029. Note actual outcome: AS/400 was wildly successful."
"dec-blue-monday-internal-sales-training-dectp-vs-ibm-0021cc-OBS-030","dec-blue-monday-internal-sales-training-dectp-vs-ibm-0021cc","ibm","ibm-as400","actual-outcome","1995","AS/400 captures IBM midrange TP","[DEFERRED]","[DEFERRED]","industry-analysis","00:53:40","Paired with OBS-028. AS/400 became dominant IBM midrange TP platform — highly successful."
"dec-blue-monday-internal-sales-training-dectp-vs-ibm-0021cc-OBS-031","dec-blue-monday-internal-sales-training-dectp-vs-ibm-0021cc","ibm","ibm-9370","expert-opinion","1988","IBM 9370 as distributed TP play","Rick Case: IBM 9370 (1986) positions as IBM's distributed/departmental TP entry; underwhelming uptake","medium","industry-analysis","00:55:22","DEC takes shots at 9370's slow market traction."
"dec-blue-monday-internal-sales-training-dectp-vs-ibm-0021cc-OBS-032","dec-blue-monday-internal-sales-training-dectp-vs-ibm-0021cc","digital-equipment","dec-vaxlink","expert-opinion","1988","VAXlink IBM coexistence","VAXlink positioned as DEC-IBM coexistence path so customers don't need full rip-and-replace","medium","industry-analysis","01:01:30","Sales-objection-handling for mixed-shop customers."
"dec-blue-monday-internal-sales-training-dectp-vs-ibm-0021cc-OBS-033","dec-blue-monday-internal-sales-training-dectp-vs-ibm-0021cc","american-airlines","ibm-tpf","personal-recollection","1988","SABRE on TPF as TP ceiling","American Airlines SABRE on IBM TPF cited as the high-end TP ceiling case nobody else can yet match","high","industry-analysis","01:05:50","Conceded high-end TP territory IBM keeps."
"dec-blue-monday-internal-sales-training-dectp-vs-ibm-0021cc-OBS-034","dec-blue-monday-internal-sales-training-dectp-vs-ibm-0021cc","tandem-computers","oltp-systems","expert-opinion","1988","Tandem owns fault-tolerant TP","Kastner: Tandem retains fault-tolerant TP niche; DEC plays middle ground between IBM scale and Tandem availability","high","industry-analysis","01:09:15","Competitive landscape framing at Blue Monday."
"dec-blue-monday-internal-sales-training-dectp-vs-ibm-0021cc-OBS-035","dec-blue-monday-internal-sales-training-dectp-vs-ibm-0021cc","stratus-computer","oltp-systems","expert-opinion","1988","Stratus second-source fault-tolerance","Stratus cited as the other fault-tolerant TP option behind Tandem; smaller market","medium","industry-analysis","01:10:02","Brief Stratus mention."
"dec-blue-monday-internal-sales-training-dectp-vs-ibm-0021cc-OBS-036","dec-blue-monday-internal-sales-training-dectp-vs-ibm-0021cc","gary-hoppe","","expert-opinion","1988","AI/expert systems for TP","Hoppe (Applied Expert Systems): AI/expert-systems are next layer above TP for automated decision support","medium","expert-opinion","01:13:40","Forward-looking AI-in-TP framing; loose 1988 sense of 'AI'."
"dec-blue-monday-internal-sales-training-dectp-vs-ibm-0021cc-OBS-037","dec-blue-monday-internal-sales-training-dectp-vs-ibm-0021cc","gary-hoppe","","viability-prediction","1995","AI/expert systems for TP","Expert-systems integration becomes mainstream TP component in the 1990s","low","expert-opinion","01:13:40","Paired with OBS-036. The 1980s expert-systems wave largely flamed out."
"dec-blue-monday-internal-sales-training-dectp-vs-ibm-0021cc-OBS-038","dec-blue-monday-internal-sales-training-dectp-vs-ibm-0021cc","gary-hoppe","","actual-outcome","1995","AI/expert systems for TP","[DEFERRED]","[DEFERRED]","expert-opinion","01:13:40","Paired with OBS-035. The 1980s expert-systems wave largely failed."
"dec-blue-monday-internal-sales-training-dectp-vs-ibm-0021cc-OBS-039","dec-blue-monday-internal-sales-training-dectp-vs-ibm-0021cc","peter-s-kastner","oltp-systems","expert-opinion","1988","TP buying-decision framework","Kastner presents three-axis TP buyer framework: throughput, availability, cost-per-transaction","high","industry-analysis","00:55:00","Aberdeen's TP analytical framework used to rank IBM/Tandem/DEC."
"dec-blue-monday-internal-sales-training-dectp-vs-ibm-0021cc-OBS-040","dec-blue-monday-internal-sales-training-dectp-vs-ibm-0021cc","john-logan","digital-vax","expert-opinion","1988","VAX TP platform window of opportunity","Logan: DEC has a 2-3 year window to convert IBM TP customers before SAA matures","high","industry-analysis","01:02:48","Tactical timing argument for DEC sales force."
"dec-blue-monday-internal-sales-training-dectp-vs-ibm-0021cc-OBS-041","dec-blue-monday-internal-sales-training-dectp-vs-ibm-0021cc","rick-case-dec","digital-vax","personal-recollection","1988","DEC TP sales kit positioning","Rick Case closes with VAX/ACMS/Rdb/DECnet bundling as 'DECtp' integrated story","high","industry-analysis","01:00:30","DECtp brand wraps the day."
"dec-blue-monday-internal-sales-training-dectp-vs-ibm-0021cc-OBS-042","dec-blue-monday-internal-sales-training-dectp-vs-ibm-0021cc","harvard-business-school","","personal-recollection","1988","Academic positioning of TP shift","John Logan's HBS affiliation noted; ties Aberdeen analysis to academic distributed-computing literature","low","oral-history","00:17:50","Credentialing detail."
"informix-universal-server-launch-object-relational-fb2cd4-OBS-001","informix-universal-server-launch-object-relational-fb2cd4","phil-white-informix","TECH-INF-US-001","expert-opinion","1996","Phil White opening positioning","Phil White (CEO): 'Informix redefines database performance, extending it into new dimensions'","high","expert-opinion","00:00:18","Opening positioning line; signals the reinvention frame for Universal Server."
"informix-universal-server-launch-object-relational-fb2cd4-OBS-002","informix-universal-server-launch-object-relational-fb2cd4","informix-software","informix-dsa","personal-recollection","1994","DSA -> Universal Server arc","Phil White: 1994 DSA shared-nothing/shared-everything parallelism -> 1996 Universal Server with typed extensions","high","expert-opinion","00:01:34","Two-stage architecture story Informix tells about how it reached Universal Server."
"informix-universal-server-launch-object-relational-fb2cd4-OBS-003","informix-universal-server-launch-object-relational-fb2cd4","informix-software","TECH-INF-US-001","market-data","1996","Universal Server ship dates","Shipped to 20-30 customers Sept 30 1996; general availability today (Dec 1996); 'twelve to eighteen months ahead of anybody in the industry'","high","expert-opinion","00:10:17","Phil White's claim of 12-18 month lead -- recorded as expert claim; contested by Oracle's response timeline."
"informix-universal-server-launch-object-relational-fb2cd4-OBS-004","informix-universal-server-launch-object-relational-fb2cd4","informix-software","ordbms","market-data","1996","Database market size 1996","Phil White: $8-10B relational database market; only 15-20% of organizational data is numbers/characters; 70-80% is text/video/spatial/time-series; market growing 30-50%","high","industry-analysis","00:12:22","First-party market sizing used to justify the object-relational pivot."
"informix-universal-server-launch-object-relational-fb2cd4-OBS-005","informix-universal-server-launch-object-relational-fb2cd4","mike-stonebraker","ordbms","expert-opinion","1996","ORDBMS replaces relational","Stonebraker: 'object-relational... will replace relational databases as the mainstream database technology over the next few years'","high","expert-opinion","00:05:22","Central viability-prediction anchor of the entire transcript."
"informix-universal-server-launch-object-relational-fb2cd4-OBS-006","informix-universal-server-launch-object-relational-fb2cd4","mike-stonebraker","ordbms","viability-prediction","2001","ORDBMS replaces relational","Object-relational DBMS replaces pure relational as mainstream within 'the next few years' (Stonebraker, 1996)","medium","expert-opinion","00:05:22","Paired with OBS-006 (actual outcome). Directional verdict: idea won (modern PostgreSQL/Oracle/SQL Server are all object-relational), commercial verdict: Informix lost."
"informix-universal-server-launch-object-relational-fb2cd4-OBS-007","informix-universal-server-launch-object-relational-fb2cd4","mike-stonebraker","ordbms","actual-outcome","2001","ORDBMS replaces relational","[DEFERRED]","[DEFERRED]","expert-opinion","00:05:22","Pairs with OBS-005. Directional: validated. Commercial: Informix acquired by IBM 2001. Phase 3 to verify."
"informix-universal-server-launch-object-relational-fb2cd4-OBS-008","informix-universal-server-launch-object-relational-fb2cd4","mike-stonebraker","ordbms","expert-opinion","1996","Relational only handles numbers/chars","Stonebraker: pure relational works for numbers/character strings but 'laid an egg' for geographic info, mechanical CAD, document imaging, medical imaging","high","expert-opinion","00:05:22","Core rationale for object-relational extension model."
"informix-universal-server-launch-object-relational-fb2cd4-OBS-009","informix-universal-server-launch-object-relational-fb2cd4","mike-stonebraker","ordbms","personal-recollection","1996","Object Relational Databases book","Stonebraker authored 'Object Relational Databases, The Next Great Wave' ($29.95) summarizing the thesis","high","personal-recollection","00:06:30","Book referenced at launch as the canonical text of the thesis."
"informix-universal-server-launch-object-relational-fb2cd4-OBS-010","informix-universal-server-launch-object-relational-fb2cd4","mike-stonebraker","informix-datablade","personal-recollection","1995","Illustra-Informix merger timeline","Stonebraker / Mike Saranga began integration work May 1995; Illustra-Informix merger announced Dec 1995","high","personal-recollection","00:08:00","Origin story of the Universal Server architecture."
"informix-universal-server-launch-object-relational-fb2cd4-OBS-011","informix-universal-server-launch-object-relational-fb2cd4","informix-software","","market-data","1996","Informix stock performance","Phil White: stock $17 two weeks ago -> $27.50 in first 40 min of launch event; ~3M shares traded -- 'Thanks to Michelle from First Boston'","high","market-tracking","00:11:40","Captures Informix at apparent peak; in hindsight a bubble before 1997 collapse."
"informix-universal-server-launch-object-relational-fb2cd4-OBS-012","informix-universal-server-launch-object-relational-fb2cd4","informix-software","","personal-recollection","1996","Industry recognition","Database Programming and Design: Illustra Most Influential DB 1995, Informix Most Influential DB 1996 -- 'two consecutive years'","high","industry-analysis","00:14:00","Industry-press validation cited."
"informix-universal-server-launch-object-relational-fb2cd4-OBS-013","informix-universal-server-launch-object-relational-fb2cd4","edward-zander","java-platform","expert-opinion","1996","Three dislocations","Zander (Sun president): three industry dislocations -- internet/intranet, bandwidth, Java -- network is the computer","high","expert-opinion","00:14:41","Sun's network-computer thesis tied into the Universal Server launch."
"informix-universal-server-launch-object-relational-fb2cd4-OBS-014","informix-universal-server-launch-object-relational-fb2cd4","sun-microsystems","tech-nc-003","market-data","1996","JavaStation launch","Sun announced $750 JavaStation thin client ~1 month before Universal Server launch","high","market-tracking","00:15:20","Anchor for Zander's network-computer framing."
"informix-universal-server-launch-object-relational-fb2cd4-OBS-015","informix-universal-server-launch-object-relational-fb2cd4","sun-microsystems","java-platform","expert-opinion","1996","JVM in Universal Server","Sun and Informix embed JVM in Universal Server for stored procedures and DataBlades","high","industry-analysis","00:16:00","Architectural commitment to Java-in-the-database."
"informix-universal-server-launch-object-relational-fb2cd4-OBS-016","informix-universal-server-launch-object-relational-fb2cd4","sun-microsystems","sun-catalyst-isv-program","expert-opinion","1996","Catalyst on Universal Server","Sun runs Catalyst ISV program (10,000+ applications) on Universal Server","high","industry-analysis","00:16:30","Channel commitment from Sun."
"informix-universal-server-launch-object-relational-fb2cd4-OBS-017","informix-universal-server-launch-object-relational-fb2cd4","sun-microsystems","informix-datablade","personal-recollection","1996","Video DataBlade with Sun servers","Sun and Informix demonstrate Video DataBlade integrated with Sun video servers","medium","industry-analysis","00:17:10","Joint demo at launch."
"informix-universal-server-launch-object-relational-fb2cd4-OBS-018","informix-universal-server-launch-object-relational-fb2cd4","malcolm-colton","TECH-INF-US-001","market-data","1996","Universal Server vs middleware demo","Colton + Simmons: Universal Server completes telecom billing-discount query in 6 sec vs ~60 sec on middleware (~10x faster, 'not even using CORBA')","medium","benchmarking","00:24:00","Live demo benchmark; vendor self-report."
"informix-universal-server-launch-object-relational-fb2cd4-OBS-019","informix-universal-server-launch-object-relational-fb2cd4","informix-software","TECH-INF-US-001","expert-opinion","1996","10x to 1000x faster claim","Universal Server claimed 10x to 1000x faster than equivalent middleware approaches across workloads","low","benchmarking","00:24:30","Sweeping vendor claim; not independently verified."
"informix-universal-server-launch-object-relational-fb2cd4-OBS-020","informix-universal-server-launch-object-relational-fb2cd4","malcolm-colton","TECH-INF-US-001","personal-recollection","1996","Chess-by-mail analogy","Colton: middleware approach to ORDBMS is 'like playing chess by US mail' -- multiple round trips between app and DB","high","expert-opinion","00:23:00","Memorable analogy used to position Universal Server vs object-relational-on-top-of-relational."
"informix-universal-server-launch-object-relational-fb2cd4-OBS-021","informix-universal-server-launch-object-relational-fb2cd4","informix-software","TECH-INF-US-001","market-data","1996","Production app count","Universal Server in production in 1500+ applications at Dec 1996 launch","medium","industry-analysis","00:25:00","Beta deployment scale claim."
"informix-universal-server-launch-object-relational-fb2cd4-OBS-022","informix-universal-server-launch-object-relational-fb2cd4","informix-software","TECH-INF-US-001","market-data","1996","Platform GA timeline","End of December 1996: GA on Sun and SGI; mid-1997: Windows NT and other Unix","high","industry-analysis","00:26:00","Platform rollout schedule."
"informix-universal-server-launch-object-relational-fb2cd4-OBS-023","informix-universal-server-launch-object-relational-fb2cd4","informix-software","informix-datablade","market-data","1996","DataBlade count at launch","29 DataBlades available in Dec 1996; 51 additional announced at launch; 30 DataBlade partners demoing at DB Expo; hundreds more in development","high","industry-analysis","00:27:30","Ecosystem-scale claim; centerpiece of the launch narrative."
"informix-universal-server-launch-object-relational-fb2cd4-OBS-024","informix-universal-server-launch-object-relational-fb2cd4","tandem-computers","ordbms","market-data","1996","Tandem ORDBMS","Tandem announced ORDBMS based on DataBlades, shipping 1997","high","industry-analysis","00:28:00","Partner platform commitment."
"informix-universal-server-launch-object-relational-fb2cd4-OBS-025","informix-universal-server-launch-object-relational-fb2cd4","howard-bomsie","time-series-datablade","expert-opinion","1996","FAME TimeIQ DataBlade","Bomsie (FAME CTO): TimeIQ DataBlade adds time-series management, stats library, and 4GL on top of Universal Server","high","expert-opinion","00:40:00","FAME partner pitch."
"informix-universal-server-launch-object-relational-fb2cd4-OBS-026","informix-universal-server-launch-object-relational-fb2cd4","gail-goodman","internet-commerce-datablade","expert-opinion","1996","Open Market Internet Commerce DataBlade","Goodman (Open Market VP): Internet Commerce DataBlade brings e-commerce into Universal Server natively","high","expert-opinion","00:42:00","Open Market partner pitch."
"informix-universal-server-launch-object-relational-fb2cd4-OBS-027","informix-universal-server-launch-object-relational-fb2cd4","elizabeth-ireland","mapmarker-datablade","expert-opinion","1996","MapInfo geocoding claim","Ireland (MapInfo VP): '85% of databases have a geographic component'; MapMarker geocoding + SpatialWare DataBlades address it","medium","industry-analysis","00:44:00","MapInfo's market-justification stat for spatial DataBlades."
"informix-universal-server-launch-object-relational-fb2cd4-OBS-028","informix-universal-server-launch-object-relational-fb2cd4","ben-lamarca","kodak-pix-factory-datablade","expert-opinion","1996","Kodak FlashPIX DataBlade","Lamarca (Kodak VP): PIX Factory DataBlade uses FlashPIX format (Kodak-led standard) for multi-resolution image storage","high","expert-opinion","00:46:00","Kodak partner pitch."
"informix-universal-server-launch-object-relational-fb2cd4-OBS-029","informix-universal-server-launch-object-relational-fb2cd4","john-mcgrath-excalibur","excalibur-text-retrieval-datablade","expert-opinion","1996","Excalibur 5 DataBlades","McGrath (Excalibur VP OEM): 5 DataBlades shipping -- text retrieval, real-time profiling, image recognition, facial recognition, video scene detection","high","expert-opinion","00:48:00","Excalibur's content-recognition DataBlade portfolio."
"informix-universal-server-launch-object-relational-fb2cd4-OBS-030","informix-universal-server-launch-object-relational-fb2cd4","nec","digital-watermark-datablade","expert-opinion","1996","NEC Digital Watermark DataBlade","NEC: Digital Watermark DataBlade for DVD content-protection","high","industry-analysis","00:50:00","NEC partner DataBlade for emerging DVD market."
"informix-universal-server-launch-object-relational-fb2cd4-OBS-031","informix-universal-server-launch-object-relational-fb2cd4","bruce-chobnick","TECH-INF-US-001","expert-opinion","1996","GE Information Services use case","Chobnick (GE VP): GE Information Services builds e-commerce, photo finder app, and financial-transaction capture on Universal Server","high","expert-opinion","00:55:00","GE beta customer summary."
"informix-universal-server-launch-object-relational-fb2cd4-OBS-032","informix-universal-server-launch-object-relational-fb2cd4","terry-strader","spatial-3d-datablade","expert-opinion","1996","GDE Systems scale","Strader (GDE Systems): 25% intl, 42 countries, 33TB online, 2D + 3D spatial DataBlades for defense imagery mission planning","high","expert-opinion","00:57:00","Largest reported Universal Server deployment by data volume."
"informix-universal-server-launch-object-relational-fb2cd4-OBS-033","informix-universal-server-launch-object-relational-fb2cd4","michelle-kildun","web-datablade","expert-opinion","1996","CS First Boston Global Research Library","Kildun (CS First Boston Dir Fixed Income Trading Tech): Global Research Library built on Web DataBlade + PLS DataBlade full-text","high","expert-opinion","00:59:00","Financial-services research-content use case."
"informix-universal-server-launch-object-relational-fb2cd4-OBS-034","informix-universal-server-launch-object-relational-fb2cd4","jeffrey-brewer","TECH-INF-US-001","expert-opinion","1996","CitySearch architecture","Brewer (CitySearch VP Tech): www.citysearch.com built on text + 2D + custom temporal DataBlades for local city info","high","expert-opinion","01:01:00","Early consumer-internet on Universal Server."
"informix-universal-server-launch-object-relational-fb2cd4-OBS-035","informix-universal-server-launch-object-relational-fb2cd4","hassan-nied","TECH-INF-US-001","expert-opinion","1996","CAA + Planet Hollywood","Nied (CAA New Media): Independence Day, 101 Dalmatians, ER, 90210; Planet Hollywood Online JV (Informix + Tandem + Planet Hollywood) -- 20M visitors/yr; Intel media lab Beverly Hills Dec 12","high","expert-opinion","01:03:30","Entertainment-industry beta customer; Planet Hollywood Online architecture call-out."
"informix-universal-server-launch-object-relational-fb2cd4-OBS-036","informix-universal-server-launch-object-relational-fb2cd4","erin-kinneken","TECH-INF-US-001","personal-recollection","1996","Horizon Insurance demo","Kinneken (Dir Server Product Mgmt): Horizon Insurance demo uses web + text + 2D spatial DataBlades to drive insurance underwriting","high","industry-analysis","01:10:00","Vertical-industry DataBlade combo demo."
"informix-universal-server-launch-object-relational-fb2cd4-OBS-037","informix-universal-server-launch-object-relational-fb2cd4","scott-simmons-informix","TECH-INF-US-001","personal-recollection","1996","72-hour intranet app","Simmons + Itzkowitz: built DB Expo intranet app in 72 hours -- spatial, image, text, audio DataBlades + dynamic maps + Java integration","high","industry-analysis","01:13:00","Rapid-app-development demo using DataBlade stack."
"informix-universal-server-launch-object-relational-fb2cd4-OBS-038","informix-universal-server-launch-object-relational-fb2cd4","mike-stonebraker","TECH-INF-US-001","expert-opinion","1996","Architectural pattern -- types in the engine","Stonebraker: types (spatial, text, time-series) belong INSIDE the database engine, not in middleware -- query optimizer must see them","high","industry-analysis","00:35:00","Architectural argument for in-engine DataBlades."
"informix-universal-server-launch-object-relational-fb2cd4-OBS-039","informix-universal-server-launch-object-relational-fb2cd4","mike-olson","TECH-INF-US-001","expert-opinion","1996","Olson architecture detail","Olson explains Universal Server query optimizer reasons over DataBlade type predicates (e.g., spatial joins) natively","medium","industry-analysis","00:36:30","Olson technical follow-on. [REVIEW] exact role/quote."
"informix-universal-server-launch-object-relational-fb2cd4-OBS-040","informix-universal-server-launch-object-relational-fb2cd4","oracle-corporation","ordbms","viability-prediction","1998","Oracle adds ORDBMS","Implied prediction: Oracle will follow with object-relational features within 1-2 years (Stonebraker framing)","medium","industry-analysis","00:33:00","Paired with OBS-039. Actual: Oracle8 (1997) added ORDBMS extensions, validating direction; Informix did not benefit commercially."
"informix-universal-server-launch-object-relational-fb2cd4-OBS-041","informix-universal-server-launch-object-relational-fb2cd4","oracle-corporation","ordbms","actual-outcome","1998","Oracle adds ORDBMS","[DEFERRED]","[DEFERRED]","industry-analysis","00:33:00","Paired with OBS-038. Oracle8 (1997) added object-relational features; Stonebraker's directional thesis validated."
"informix-universal-server-launch-object-relational-fb2cd4-OBS-042","informix-universal-server-launch-object-relational-fb2cd4","ibm","ordbms","viability-prediction","1999","DB2 adds ORDBMS","Implied prediction: IBM DB2 will add object-relational extensions (DB2 UDB) within ~2 years","medium","industry-analysis","00:33:30","Paired with OBS-041. Validated by DB2 Universal Database 1996-1997 timeline."
"informix-universal-server-launch-object-relational-fb2cd4-OBS-043","informix-universal-server-launch-object-relational-fb2cd4","ibm","ordbms","actual-outcome","1999","DB2 adds ORDBMS","[DEFERRED]","[DEFERRED]","industry-analysis","00:33:30","Paired with OBS-040. IBM DB2 UDB (1996-1997) added object-relational; IBM later acquired Informix 2001."
"informix-universal-server-launch-object-relational-fb2cd4-OBS-044","informix-universal-server-launch-object-relational-fb2cd4","informix-software","ordbms","expert-opinion","1996","Lead claim","Phil White: Informix has '12 to 18 month' lead on relational competitors entering object-relational","medium","industry-analysis","00:32:00","Vendor lead claim; outcome: Oracle8 shipped within ~1 year erasing most of the gap."
"informix-universal-server-launch-object-relational-fb2cd4-OBS-045","informix-universal-server-launch-object-relational-fb2cd4","informix-software","informix-software","viability-prediction","2000","Informix gains DB market share","Implied: Informix grows database market share materially through late 1990s on Universal Server lead","low","industry-analysis","00:32:00","Paired with OBS-044. Actual outcome was catastrophic loss of share."
"informix-universal-server-launch-object-relational-fb2cd4-OBS-046","informix-universal-server-launch-object-relational-fb2cd4","informix-software","informix-software","actual-outcome","2001","Informix gains DB market share","[DEFERRED]","[DEFERRED]","industry-analysis","00:32:00","Paired with OBS-043. Informix 1997 accounting scandal, share collapse, acquired by IBM 2001."
"informix-universal-server-launch-object-relational-fb2cd4-OBS-047","informix-universal-server-launch-object-relational-fb2cd4","forte-software","TECH-INF-US-001","expert-opinion","1996","Forte re-engineering for Universal Server","Forte Software re-engineering its application platform for Universal Server","medium","industry-analysis","01:18:00","Tools partner commitment."
"informix-universal-server-launch-object-relational-fb2cd4-OBS-048","informix-universal-server-launch-object-relational-fb2cd4","verity-inc","text-datablade","expert-opinion","1996","Verity text DataBlade","Verity referenced as alternate text DataBlade provider","medium","industry-analysis","01:19:00","Text-retrieval competitive context."
"informix-universal-server-launch-object-relational-fb2cd4-OBS-049","informix-universal-server-launch-object-relational-fb2cd4","phil-white-informix","TECH-INF-US-001","expert-opinion","1996","Closing reinvention claim","Phil White closes: Universal Server is database reinvention from numbers-and-strings to all content types","high","expert-opinion","01:25:00","Event close."
"informix-universal-server-launch-object-relational-fb2cd4-OBS-050","informix-universal-server-launch-object-relational-fb2cd4","mike-stonebraker","ordbms","expert-opinion","1996","Two-DB world thesis","Stonebraker: world will not need separate OO DBs and relational DBs -- ORDBMS subsumes both","high","expert-opinion","00:34:00","Anti-OODBMS thesis; predicts the 1990s pure-OODBMS wave fades. Validated."
"informix-universal-server-launch-object-relational-fb2cd4-OBS-051","informix-universal-server-launch-object-relational-fb2cd4","mike-stonebraker","ordbms","viability-prediction","2000","OODBMS subsumed","Pure OODBMS vendors fade; ORDBMS absorbs object features within ~4 years","high","expert-opinion","00:34:00","Paired with OBS-049. Validated -- pure OODBMS (ObjectStore, O2, Versant) marginalized by 2000."
"informix-universal-server-launch-object-relational-fb2cd4-OBS-052","informix-universal-server-launch-object-relational-fb2cd4","mike-stonebraker","ordbms","actual-outcome","2000","OODBMS subsumed","[DEFERRED]","[DEFERRED]","expert-opinion","00:34:00","Paired with OBS-048. Validated: pure OODBMS market largely subsumed by ORDBMS extensions in mainstream DBs."
"informix-universal-server-launch-object-relational-fb2cd4-OBS-053","informix-universal-server-launch-object-relational-fb2cd4","peter-s-kastner","TECH-INF-US-001","personal-recollection","1996","Kastner curatorial note","Peter S. Kastner archived this transcript as documentation of the object-relational thesis at its commercial debut","high","personal-recollection","01:30:30","Archive provenance note."
"crossroads-ad-buy-vs-make-integration-fc4acd-OBS-001","crossroads-ad-buy-vs-make-integration-fc4acd","peter-s-kastner","enterprise-application-integration-eai","expert-opinion","1997","Buy-vs-make framing","Kastner: 'this is a clear buy versus make decision. You don't want to be making these complex collaborations. They break easily, they cost a fortune to build, and they're really hard to maintain.'","high","expert-opinion","00:00:08","Core thesis of the ad: in-house EAI is fragile and expensive."
"crossroads-ad-buy-vs-make-integration-fc4acd-OBS-002","crossroads-ad-buy-vs-make-integration-fc4acd","peter-s-kastner","crossroads-platform","market-data","1997","Integration cost per pair","Kastner: 'The typical costs to tie together two major applications are in the one and a half to four million dollar range.' ($1.5-4M)","high","industry-analysis","00:00:54","Vendor-channel claim of in-house integration cost."
"crossroads-ad-buy-vs-make-integration-fc4acd-OBS-003","crossroads-ad-buy-vs-make-integration-fc4acd","peter-s-kastner","crossroads-platform","market-data","1997","Maintenance savings claim","Kastner: 'You'll cut the cost down over the life of the application five to seven years through lower maintenance mostly by 40 to 60 percent, sometimes as much as 90 percent.'","medium","expert-opinion","00:01:00","Vendor-channel savings claim; specifics not independently verified."
"crossroads-ad-buy-vs-make-integration-fc4acd-OBS-004","crossroads-ad-buy-vs-make-integration-fc4acd","crossroads-software","crossroads-platform","expert-opinion","1997","Best-of-breed enabler positioning","Crossroads positioned as enabler for customers to mix Oracle apps + SAP financials + Vantive customer rather than locked-in single suite","high","industry-analysis","00:00:39","Marketing positioning around best-of-breed mix-and-match."
"crossroads-ad-buy-vs-make-integration-fc4acd-OBS-005","crossroads-ad-buy-vs-make-integration-fc4acd","crossroads-software","crossroads-platform","viability-prediction","2002","Crossroads delivers long-term EAI value","Crossroads claims long-term maintenance savings translate into competitive advantage via faster business-process and tech adoption","medium","expert-opinion","00:01:38","Paired with OBS-006. Actual: Crossroads acquired by webMethods 2001, before validation."
"crossroads-ad-buy-vs-make-integration-fc4acd-OBS-006","crossroads-ad-buy-vs-make-integration-fc4acd","crossroads-software","crossroads-platform","actual-outcome","2002","Crossroads delivers long-term EAI value","[DEFERRED]","[DEFERRED]","expert-opinion","00:01:38","Paired with OBS-005. Crossroads acquired by webMethods 2001; long-term savings outcome unverifiable."
"crossroads-ad-buy-vs-make-integration-fc4acd-OBS-007","crossroads-ad-buy-vs-make-integration-fc4acd","peter-s-kastner","enterprise-application-integration-eai","expert-opinion","1997","Custom integration fragility","Kastner: in-house integrations 'break easily' and require ongoing maintenance throughout system life","high","expert-opinion","00:00:10","Architectural argument against custom integration."
"crossroads-ad-buy-vs-make-integration-fc4acd-OBS-008","crossroads-ad-buy-vs-make-integration-fc4acd","peter-s-kastner","","personal-recollection","1997","Kastner spokesman role","Kastner appears as on-camera spokesman in Crossroads commercial -- analyst-as-vendor-validation pattern","high","personal-recollection","00:00:08","Archive provenance: Kastner as paid/credited industry expert in vendor marketing."
"crossroads-ad-process-wear-enterprise-apps-9c8527-OBS-001","crossroads-ad-process-wear-enterprise-apps-9c8527","peter-s-kastner","crossroads-platform","expert-opinion","1997","Crossroads uniqueness claim","Kastner: 'getting ahead has been almost impossible there is no other company doing exactly what Crossroads is doing.'","high","expert-opinion","00:00:11","Vendor-marketing uniqueness claim by Kastner."
"crossroads-ad-process-wear-enterprise-apps-9c8527-OBS-002","crossroads-ad-process-wear-enterprise-apps-9c8527","peter-s-kastner","crossroads-platform","expert-opinion","1997","Plug-and-play framing","Kastner: 'It's basically plug and play.'","high","expert-opinion","00:00:19","Plug-and-play positioning for EAI."
"crossroads-ad-process-wear-enterprise-apps-9c8527-OBS-003","crossroads-ad-process-wear-enterprise-apps-9c8527","crossroads-software","crossroads-platform","expert-opinion","1997","Process wear tagline","Crossroads tagline: 'process wear for enterprise applications'","high","expert-opinion","00:00:30","Distinctive but ultimately non-durable industry-vocabulary attempt."
"crossroads-ad-process-wear-enterprise-apps-9c8527-OBS-004","crossroads-ad-process-wear-enterprise-apps-9c8527","crossroads-software","crossroads-platform","expert-opinion","1997","CIO end-to-end pitch","Crossroads positioned to CIOs as 'complete end-to-end solution that wasn't possible before'","high","industry-analysis","00:00:21","Buyer-targeted positioning."
"crossroads-ad-process-wear-enterprise-apps-9c8527-OBS-005","crossroads-ad-process-wear-enterprise-apps-9c8527","crossroads-software","enterprise-application-integration-eai","expert-opinion","1997","Business complexity rationale","Premise: modern businesses are 'so complex' and customers demand more integrated functionality","high","industry-analysis","00:00:00","Macro premise driving the EAI category."
"sybase-xi-launch-boats-analogy-multiple-databases-79c9ee-OBS-001","sybase-xi-launch-boats-analogy-multiple-databases-79c9ee","peter-s-kastner","sybase-system-11","expert-opinion","1996","Boats analogy","Kastner: 'There are all kinds of boats. There's solings for Olympic class racing. There are tenders for moving people around. There are cruisers for people who want to sail, but then get somewhere. You know, that's a lot like Sybase's approach.'","high","expert-opinion","00:00:12","Memorable analogy framing Sybase's workload-specific portfolio."
"sybase-xi-launch-boats-analogy-multiple-databases-79c9ee-OBS-002","sybase-xi-launch-boats-analogy-multiple-databases-79c9ee","sybase-inc","sybase-system-11","expert-opinion","1996","Workload categories needed","Kastner: Sybase needs 'different databases, different capabilities, because people have different kinds of applications. Online transaction processing, data warehousing, disconnected users, and the mass distributed replicated systems that Aberdeen talks about.'","high","industry-analysis","00:00:25","Four-workload taxonomy: OLTP, data warehousing, disconnected, mass distributed replicated."
"sybase-xi-launch-boats-analogy-multiple-databases-79c9ee-OBS-003","sybase-xi-launch-boats-analogy-multiple-databases-79c9ee","peter-s-kastner","sybase-system-11","expert-opinion","1996","Sybase strategy endorsement","Kastner: 'Sybase has a very intelligent approach to what people actually need today. Different databases, different platforms for different applications.'","high","expert-opinion","00:00:39","Analyst endorsement of portfolio strategy."
"sybase-xi-launch-boats-analogy-multiple-databases-79c9ee-OBS-004","sybase-xi-launch-boats-analogy-multiple-databases-79c9ee","peter-s-kastner","data-warehousing","viability-prediction","2005","Workload-specialized DB endures","Implicit prediction: workload-specialized DB portfolios (OLTP, DW, edge, replicated) will continue to be the right architecture","high","expert-opinion","00:00:25","Paired with OBS-005. Strongly validated: modern stacks separate OLTP/OLAP/streaming/edge/distributed."
"sybase-xi-launch-boats-analogy-multiple-databases-79c9ee-OBS-005","sybase-xi-launch-boats-analogy-multiple-databases-79c9ee","peter-s-kastner","data-warehousing","actual-outcome","2005","Workload-specialized DB endures","[DEFERRED]","[DEFERRED]","expert-opinion","00:00:25","Paired with OBS-004. Validated: industry split into OLTP / data warehouse / lakehouse / NoSQL / streaming / edge engines."
"sybase-xi-launch-boats-analogy-multiple-databases-79c9ee-OBS-006","sybase-xi-launch-boats-analogy-multiple-databases-79c9ee","aberdeen-group","","personal-recollection","1996","Aberdeen 'mass distributed replicated' framing","Kastner credits 'the mass distributed replicated systems that Aberdeen talks about' -- Aberdeen-coined market category","medium","personal-recollection","00:00:33","Archive provenance: Aberdeen Group taxonomy for distributed DB workloads."
"oracle-data-warehousing-launch-multimedia-spatial-d63644-OBS-001","oracle-data-warehousing-launch-multimedia-spatial-d63644","oracle-corporation","oracle-warehouse","company-strategy","1996","warehouse positioning","Oracle presents complete-view warehouse: client tools, development, analysis, and population from production systems","high","expert-opinion","00:00:30","Oracle pitch."
"oracle-data-warehousing-launch-multimedia-spatial-d63644-OBS-002","oracle-data-warehousing-launch-multimedia-spatial-d63644","oracle-corporation","data-warehousing","company-strategy","1996","warehouse content expansion","Adds multimedia, spatial, and text data types to the warehouse","high","expert-opinion","00:01:00","Breadth play beyond structured data."
"oracle-data-warehousing-launch-multimedia-spatial-d63644-OBS-003","oracle-data-warehousing-launch-multimedia-spatial-d63644","","data-warehousing","expert-opinion","1996","warehouse-as-integration framing","Kastner: data warehousing is fundamentally systems integration","high","expert-opinion","00:01:30","Verbatim Kastner reframing."
"oracle-data-warehousing-launch-multimedia-spatial-d63644-OBS-004","oracle-data-warehousing-launch-multimedia-spatial-d63644","","data-warehousing","expert-opinion","1996","data cleansing back-pressure","Cleansing data for the warehouse forces operational systems to clean up their own data","high","expert-opinion","00:02:00","Kastner insight on operational-system spillover."
"oracle-data-warehousing-launch-multimedia-spatial-d63644-OBS-005","oracle-data-warehousing-launch-multimedia-spatial-d63644","oracle-corporation","oracle-warehouse","expert-opinion","1996","competitive advantage","Oracle one-stop-shop story is a key competitive advantage in warehouse market","high","expert-opinion","00:02:30","Kastner endorsement of Oracle's bundled approach."
"oracle-data-warehousing-launch-multimedia-spatial-d63644-OBS-006","oracle-data-warehousing-launch-multimedia-spatial-d63644","oracle-corporation","multimedia-data","viability-prediction","1996","multimedia/spatial warehouse adoption","Multimedia and spatial data will become standard warehouse content","medium","expert-opinion","00:01:00","Implicit prediction in Oracle pitch."
"oracle-data-warehousing-launch-multimedia-spatial-d63644-OBS-007","oracle-data-warehousing-launch-multimedia-spatial-d63644","oracle-corporation","multimedia-data","actual-outcome","1996","multimedia/spatial warehouse adoption outcome","[DEFERRED]","[DEFERRED]","expert-opinion","00:01:00","Phase 3 verification required."
"crossroads-launch-front-back-office-integration-508c58-OBS-001","crossroads-launch-front-back-office-integration-508c58","crossroads-software","crossroads-platform","company-strategy","1997","company stage","Three people in a phone booth a year ago — now launching a category","high","expert-opinion","00:00:30","Crossroads stage."
"crossroads-launch-front-back-office-integration-508c58-OBS-002","crossroads-launch-front-back-office-integration-508c58","","enterprise-application-integration-eai","market-data","1997","integration cost per pair","$1-5M per integration pair between front and back office apps","high","expert-opinion","00:01:00","Cost framing of integration burden."
"crossroads-launch-front-back-office-integration-508c58-OBS-003","crossroads-launch-front-back-office-integration-508c58","","enterprise-application-integration-eai","market-data","1997","US in-house programmer spend on integration","$50-100B annual US programmer spend on in-house integration","high","expert-opinion","00:01:30","Market sizing for in-house integration."
"crossroads-launch-front-back-office-integration-508c58-OBS-004","crossroads-launch-front-back-office-integration-508c58","crossroads-software","crossroads-platform","expert-opinion","1997","Kastner viability framing","Great idea — after market validation","high","expert-opinion","00:02:00","Verbatim Kastner conditional endorsement."
"crossroads-launch-front-back-office-integration-508c58-OBS-005","crossroads-launch-front-back-office-integration-508c58","crossroads-software","crossroads-platform","expert-opinion","1997","competitive uniqueness","No other company doing exactly what Crossroads is doing in plug-and-play integration","high","expert-opinion","00:02:30","Kastner endorsement of category novelty."
"crossroads-launch-front-back-office-integration-508c58-OBS-006","crossroads-launch-front-back-office-integration-508c58","","enterprise-application-integration-eai","expert-opinion","1997","industry-of-collaborations thesis","Future of integration is an industry of collaborations across software vendors","high","expert-opinion","00:03:00","Crossroads' market thesis."
"crossroads-launch-front-back-office-integration-508c58-OBS-007","crossroads-launch-front-back-office-integration-508c58","","enterprise-application-integration-eai","expert-opinion","1997","promised-land progress","Integration Promised Land is closer with Crossroads category emerging","medium","expert-opinion","00:03:30","Kastner framing."
"crossroads-launch-front-back-office-integration-508c58-OBS-008","crossroads-launch-front-back-office-integration-508c58","crossroads-software","crossroads-platform","viability-prediction","1997","category viability","Crossroads' plug-and-play integration category will succeed","medium","expert-opinion","00:02:30","Implicit endorsement prediction."
"crossroads-launch-front-back-office-integration-508c58-OBS-009","crossroads-launch-front-back-office-integration-508c58","crossroads-software","crossroads-platform","actual-outcome","1997","category viability outcome","[DEFERRED]","[DEFERRED]","expert-opinion","00:02:30","Phase 3 verification required."
"crossroads-june-1997-launch-variant-cut-caea12-OBS-001","crossroads-june-1997-launch-variant-cut-caea12","","enterprise-application-integration-eai","market-data","1997","front-back office integration state","No US company had fully integrated front-and-back-office applications as of mid-1997","high","expert-opinion","00:00:45","Variant phrasing of market gap."
"crossroads-june-1997-launch-variant-cut-caea12-OBS-002","crossroads-june-1997-launch-variant-cut-caea12","","enterprise-application-integration-eai","market-data","1997","integration cost per pair","$1-5M per integration pair (consistent with primary cut)","high","expert-opinion","00:01:15","Cost framing restated."
"crossroads-june-1997-launch-variant-cut-caea12-OBS-003","crossroads-june-1997-launch-variant-cut-caea12","","enterprise-application-integration-eai","expert-opinion","1997","industry-of-collaborations thesis","Future of integration is an industry of collaborations","high","expert-opinion","00:02:00","Thesis restated."
"crossroads-june-1997-launch-variant-cut-caea12-OBS-004","crossroads-june-1997-launch-variant-cut-caea12","crossroads-software","crossroads-platform","expert-opinion","1997","Kastner endorsement","Kastner endorses Crossroads' approach in alternate phrasing","high","expert-opinion","00:02:45","Variant cut commentary."
"crossroads-june-1997-launch-variant-cut-caea12-OBS-005","crossroads-june-1997-launch-variant-cut-caea12","","","expert-opinion","1997","cross-reference note","Variant cut of crossroads-launch-front-back-office-integration-508c58 — same launch event","high","expert-opinion","00:00:00","Linked to primary study."
"tandem-himalayan-airport-commercial-tpc-c-0b1c60-OBS-001","tandem-himalayan-airport-commercial-tpc-c-0b1c60","tandem-computers","tandem-himalaya-k10000","company-strategy","1995","platform positioning","Best open client-server platform for mission-critical workloads","high","expert-opinion","00:00:30","Commercial framing."
"tandem-himalayan-airport-commercial-tpc-c-0b1c60-OBS-002","tandem-himalayan-airport-commercial-tpc-c-0b1c60","ups","tandem-himalaya-k10000","market-data","1995","UPS volume scaling","K-10000 tripling mission-critical transaction volume at UPS","high","expert-opinion","00:01:30","R.J. Montoro testimonial."
"tandem-himalayan-airport-commercial-tpc-c-0b1c60-OBS-003","tandem-himalayan-airport-commercial-tpc-c-0b1c60","ent-diagnostic-systems","tandem-himalaya-k10000","market-data","1995","Diagnostic parallelism use case","Diagnostic uses K10000 Himalaya parallelism — Linda Fuhrer VP MIS testimonial","high","expert-opinion","00:02:30","Customer testimonial."
"tandem-himalayan-airport-commercial-tpc-c-0b1c60-OBS-004","tandem-himalayan-airport-commercial-tpc-c-0b1c60","tandem-computers","tpc-c","performance-claim","1995","TPC-C benchmark scale","TPC-C results published at 1.3TB database scale","high","expert-opinion","00:03:30","Benchmark scale claim."
"tandem-himalayan-airport-commercial-tpc-c-0b1c60-OBS-005","tandem-himalayan-airport-commercial-tpc-c-0b1c60","tandem-computers","mpp","performance-claim","1995","linear scalability","Doubling processors doubles TPM throughput — linear MPP scalability","high","expert-opinion","00:04:00","MPP scaling claim."
"tandem-himalayan-airport-commercial-tpc-c-0b1c60-OBS-006","tandem-himalayan-airport-commercial-tpc-c-0b1c60","tandem-computers","tandem-himalaya-k10000","expert-opinion","1995","Kastner endorsement (verbatim)","Scalability, high availability, absolute levels of performance without paying a price premium","high","expert-opinion","00:05:00","Kastner verbatim quote."
"tandem-himalayan-airport-commercial-tpc-c-0b1c60-OBS-007","tandem-himalayan-airport-commercial-tpc-c-0b1c60","tandem-computers","tandem-himalaya-k10000","expert-opinion","1995","Kastner price-per-TPS framing","On a dollars per transaction per second basis, Tandem is right up there with the leaders","high","expert-opinion","00:05:30","Kastner verbatim quote — competitive benchmark framing."
"tandem-himalayan-airport-commercial-tpc-c-0b1c60-OBS-008","tandem-himalayan-airport-commercial-tpc-c-0b1c60","ent-chris-christiansen","tandem-himalaya-k10000","expert-opinion","1995","IDC commentary","Chris Christiansen (IDC) on-camera endorsement alongside Kastner","medium","expert-opinion","00:04:30","Second analyst on-camera."
"tandem-himalayan-airport-commercial-tpc-c-0b1c60-OBS-009","tandem-himalayan-airport-commercial-tpc-c-0b1c60","tandem-computers","tandem-himalaya-k10000","viability-prediction","1995","Tandem competitive viability","Tandem will remain competitive in mission-critical OLTP via Himalaya scaling","medium","expert-opinion","00:06:00","Implicit prediction."
"tandem-himalayan-airport-commercial-tpc-c-0b1c60-OBS-010","tandem-himalayan-airport-commercial-tpc-c-0b1c60","tandem-computers","tandem-himalaya-k10000","actual-outcome","1995","Tandem competitive viability outcome","[DEFERRED]","[DEFERRED]","expert-opinion","00:06:00","Tandem acquired by Compaq 1997; Phase 3 to verify Himalaya legacy."
"informix-competitive-update-kastner-rdbms-jungle-25604a-OBS-001","informix-competitive-update-kastner-rdbms-jungle-25604a","peter-s-kastner","rdbms","expert-opinion","1994","Market characterization","RDBMS market is a 'jungle' with four vendors on a common playing field","high","expert-quote","00:00:00","Opening framing"
"informix-competitive-update-kastner-rdbms-jungle-25604a-OBS-002","informix-competitive-update-kastner-rdbms-jungle-25604a","informix-software","rdbms","market-data","1994","Revenue rank","Informix #4 in revenue among the big four RDBMS vendors","high","industry-analysis","00:00:00","Behind Oracle, Sybase, Ingres in revenue"
"informix-competitive-update-kastner-rdbms-jungle-25604a-OBS-003","informix-competitive-update-kastner-rdbms-jungle-25604a","informix-software","","market-data","1994","Operating margin","Informix 15.3% — best of the four","high","industry-analysis","00:00:00","Margin leader"
"informix-competitive-update-kastner-rdbms-jungle-25604a-OBS-004","informix-competitive-update-kastner-rdbms-jungle-25604a","oracle-corporation","","market-data","1994","Operating margin","Oracle 11%","high","industry-analysis","00:00:00",""
"informix-competitive-update-kastner-rdbms-jungle-25604a-OBS-005","informix-competitive-update-kastner-rdbms-jungle-25604a","sybase-inc","","market-data","1994","Operating margin","Sybase 10%","high","industry-analysis","00:00:00",""
"informix-competitive-update-kastner-rdbms-jungle-25604a-OBS-006","informix-competitive-update-kastner-rdbms-jungle-25604a","ingres-corporation","","market-data","1994","Operating margin","Ingres -4% (loss)","high","industry-analysis","00:00:00",""
"informix-competitive-update-kastner-rdbms-jungle-25604a-OBS-007","informix-competitive-update-kastner-rdbms-jungle-25604a","sybase-inc","","market-data","1994","Growth rate","Sybase +62%","high","industry-analysis","00:00:00","Fastest grower"
"informix-competitive-update-kastner-rdbms-jungle-25604a-OBS-008","informix-competitive-update-kastner-rdbms-jungle-25604a","oracle-corporation","","market-data","1994","Growth rate","Oracle +28%","high","industry-analysis","00:00:00",""
"informix-competitive-update-kastner-rdbms-jungle-25604a-OBS-009","informix-competitive-update-kastner-rdbms-jungle-25604a","informix-software","","market-data","1994","Growth rate","Informix +25%","high","industry-analysis","00:00:00",""
"informix-competitive-update-kastner-rdbms-jungle-25604a-OBS-010","informix-competitive-update-kastner-rdbms-jungle-25604a","ingres-corporation","","market-data","1994","Growth rate","Ingres -6% (contraction)","high","industry-analysis","00:00:00",""
"informix-competitive-update-kastner-rdbms-jungle-25604a-OBS-011","informix-competitive-update-kastner-rdbms-jungle-25604a","sybase-inc","","expert-opinion","1994","Vendor metaphor","Sybase = race car (fast, but not yet a daily driver)","high","expert-quote","00:00:00","Transport metaphor sequence"
"informix-competitive-update-kastner-rdbms-jungle-25604a-OBS-012","informix-competitive-update-kastner-rdbms-jungle-25604a","oracle-corporation","","expert-opinion","1994","Vendor metaphor","Oracle = car keys / next-year (1996) models — established, broad","high","expert-quote","00:00:00",""
"informix-competitive-update-kastner-rdbms-jungle-25604a-OBS-013","informix-competitive-update-kastner-rdbms-jungle-25604a","ingres-corporation","","expert-opinion","1994","Vendor metaphor","Ingres = slow / late vehicle — losing the race","high","expert-quote","00:00:00",""
"informix-competitive-update-kastner-rdbms-jungle-25604a-OBS-014","informix-competitive-update-kastner-rdbms-jungle-25604a","informix-software","","expert-opinion","1994","Vendor metaphor","Informix = Aerostar van — practical, profitable, room to grow","high","expert-quote","00:00:00","Kastner's preferred framing for Informix"
"informix-competitive-update-kastner-rdbms-jungle-25604a-OBS-015","informix-competitive-update-kastner-rdbms-jungle-25604a","informix-software","","viability-prediction","1994","Stock price","Informix stock to reach $44/share","medium","expert-quote","00:00:00","Specific price-target prediction"
"informix-competitive-update-kastner-rdbms-jungle-25604a-OBS-016","informix-competitive-update-kastner-rdbms-jungle-25604a","informix-software","","actual-outcome","1996","Stock price","[DEFERRED]","[DEFERRED]","expert-quote","00:00:00","Pair to prior prediction"
"informix-competitive-update-kastner-rdbms-jungle-25604a-OBS-017","informix-competitive-update-kastner-rdbms-jungle-25604a","informix-software","informix-dsa","viability-prediction","1994","Parallel DB roadmap","Informix will deliver parallel DB via Dynamic Scalable Architecture (DSA)","high","expert-quote","00:00:00","Roadmap prediction"
"informix-competitive-update-kastner-rdbms-jungle-25604a-OBS-018","informix-competitive-update-kastner-rdbms-jungle-25604a","informix-software","informix-dsa","actual-outcome","1996","Parallel DB delivery","[DEFERRED]","[DEFERRED]","expert-quote","00:00:00","Pair to prior prediction"
"informix-competitive-update-kastner-rdbms-jungle-25604a-OBS-019","informix-competitive-update-kastner-rdbms-jungle-25604a","informix-software","SYBASE-REPSERVER","viability-prediction","1994","Replication parity","Informix will catch up to Sybase Replication Server by late 1994","medium","expert-quote","00:00:00","Competitive parity prediction"
"informix-competitive-update-kastner-rdbms-jungle-25604a-OBS-020","informix-competitive-update-kastner-rdbms-jungle-25604a","informix-software","SYBASE-REPSERVER","actual-outcome","1994","Replication parity","[DEFERRED]","[DEFERRED]","expert-quote","00:00:00","Pair to prior prediction"
"informix-competitive-update-kastner-rdbms-jungle-25604a-OBS-021","informix-competitive-update-kastner-rdbms-jungle-25604a","","mpp","viability-prediction","1994","Mainframe displacement","Massively parallel RDBMS systems will eclipse mainframes for large workloads","high","expert-quote","00:00:00","Structural prediction"
"informix-competitive-update-kastner-rdbms-jungle-25604a-OBS-022","informix-competitive-update-kastner-rdbms-jungle-25604a","","mpp","actual-outcome","2000","Mainframe displacement","[DEFERRED]","[DEFERRED]","expert-quote","00:00:00","Pair to prior prediction"
"informix-competitive-update-kastner-rdbms-jungle-25604a-OBS-023","informix-competitive-update-kastner-rdbms-jungle-25604a","informix-software","4gl-plusplus","viability-prediction","1994","4GL evolution","Informix 4GL++ will deliver object-oriented development tools","medium","expert-quote","00:00:00","Tools roadmap prediction"
"informix-competitive-update-kastner-rdbms-jungle-25604a-OBS-024","informix-competitive-update-kastner-rdbms-jungle-25604a","informix-software","4gl-plusplus","actual-outcome","1996","4GL++ delivery","[DEFERRED]","[DEFERRED]","expert-quote","00:00:00","Pair to prior prediction"
"informix-competitive-update-kastner-rdbms-jungle-25604a-OBS-025","informix-competitive-update-kastner-rdbms-jungle-25604a","walmart","data-warehousing","market-data","1994","Database size benchmark","Walmart running terabyte-class RDBMS workloads (>100GB common; terabyte at Walmart)","high","industry-analysis","00:00:00","Reference customer for large-DB capability"
"informix-competitive-update-kastner-rdbms-jungle-25604a-OBS-026","informix-competitive-update-kastner-rdbms-jungle-25604a","ncr-corporation","mpp","expert-opinion","1994","Hardware platform reference","NCR 3600 cited as parallel hardware platform for large RDBMS workloads","high","industry-analysis","00:00:00",""
"informix-competitive-update-kastner-rdbms-jungle-25604a-OBS-027","informix-competitive-update-kastner-rdbms-jungle-25604a","sybase-inc","","personal-recollection","1994","M&A activity","Sybase acquired MDI (Micro Decisionware) for mainframe gateway","high","expert-quote","00:00:00","Competitive M&A note"
"cnbc-technology-edge-ibm-dec-hp-transitions-d4f84c-OBS-001","cnbc-technology-edge-ibm-dec-hp-transitions-d4f84c","peter-s-kastner","open-systems","expert-opinion","1994","HP transition assessment","HP has the highest score on visionary open-systems transition; started ~10 years ago","high","expert-quote","00:14:01","Kastner score for HP"
"cnbc-technology-edge-ibm-dec-hp-transitions-d4f84c-OBS-002","cnbc-technology-edge-ibm-dec-hp-transitions-d4f84c","peter-s-kastner","ibm-as400","expert-opinion","1994","IBM positioning","IBM has solid low-end AS/400 foundation; RISC chip planned for next year to accelerate","high","expert-quote","00:14:30","IBM recovery thesis"
"cnbc-technology-edge-ibm-dec-hp-transitions-d4f84c-OBS-003","cnbc-technology-edge-ibm-dec-hp-transitions-d4f84c","peter-s-kastner","dec-alpha","expert-opinion","1994","DEC Alpha critique","DEC introduced Alpha much too soon; no apps, third-party support absent, 64-bit unused","high","expert-quote","00:15:14","Alpha launched too early"
"cnbc-technology-edge-ibm-dec-hp-transitions-d4f84c-OBS-004","cnbc-technology-edge-ibm-dec-hp-transitions-d4f84c","peter-s-kastner","dec-ultrix","expert-opinion","1994","DEC migration confusion","Shift from Ultrix to OSF causes the same migration cost as moving to Sun, HP, or IBM — opens the door for competitors","high","expert-quote","00:16:00","Ultrix→OSF migration cost equals switching to a different vendor"
"cnbc-technology-edge-ibm-dec-hp-transitions-d4f84c-OBS-005","cnbc-technology-edge-ibm-dec-hp-transitions-d4f84c","peter-s-kastner","","expert-opinion","1994","DEC channel strategy critique","DEC will focus on a thousand companies and sell through channels — others must dial 1-800-DIGITAL","high","expert-quote","00:16:30","Critique of DEC indirect-sales pivot"
"cnbc-technology-edge-ibm-dec-hp-transitions-d4f84c-OBS-006","cnbc-technology-edge-ibm-dec-hp-transitions-d4f84c","dec","dec-vms","market-data","1994","VAX/VMS revenue decline","DEC's VAX/VMS business declining at 20-40% annually","high","industry-analysis","00:18:00",""
"cnbc-technology-edge-ibm-dec-hp-transitions-d4f84c-OBS-007","cnbc-technology-edge-ibm-dec-hp-transitions-d4f84c","dec","","market-data","1994","PC revenue share","DEC now ~40% of sales from PCs — company 'tearing itself apart internally'","high","industry-analysis","00:18:14",""
"cnbc-technology-edge-ibm-dec-hp-transitions-d4f84c-OBS-008","cnbc-technology-edge-ibm-dec-hp-transitions-d4f84c","peter-s-kastner","dec-vms","expert-opinion","1994","DEC customer guidance","DEC installed base will be there a long time, but company doesn't understand how important it is to re-satisfy VAX base","high","expert-quote","00:18:30","Kastner core advice on DEC"
"cnbc-technology-edge-ibm-dec-hp-transitions-d4f84c-OBS-009","cnbc-technology-edge-ibm-dec-hp-transitions-d4f84c","peter-s-kastner","dec","viability-prediction","1994","DEC acquisition","DEC could be sold way below book value to a cash-rich company, perhaps an RBOC","medium","expert-quote","00:26:03","DEC M&A prediction"
"cnbc-technology-edge-ibm-dec-hp-transitions-d4f84c-OBS-010","cnbc-technology-edge-ibm-dec-hp-transitions-d4f84c","peter-s-kastner","dec","actual-outcome","1998","DEC acquisition outcome","[DEFERRED]","[DEFERRED]","expert-quote","00:26:03","Pair to prior prediction"
"cnbc-technology-edge-ibm-dec-hp-transitions-d4f84c-OBS-011","cnbc-technology-edge-ibm-dec-hp-transitions-d4f84c","peter-s-kastner","mainframe","viability-prediction","1994","Mainframe longevity","Mainframes will be around for a long, long time because of installed software","high","expert-quote","00:24:34","Investment-protection thesis"
"cnbc-technology-edge-ibm-dec-hp-transitions-d4f84c-OBS-012","cnbc-technology-edge-ibm-dec-hp-transitions-d4f84c","peter-s-kastner","mainframe","actual-outcome","2010","Mainframe persistence","[DEFERRED]","[DEFERRED]","expert-quote","00:24:34","Pair to prior prediction"
"cnbc-technology-edge-ibm-dec-hp-transitions-d4f84c-OBS-013","cnbc-technology-edge-ibm-dec-hp-transitions-d4f84c","peter-s-kastner","intel-hp-alliance","expert-opinion","1994","Intel-HP alliance","HP-Intel alliance to build post-2000 chips says a lot to HP and Intel customers about direction","high","expert-quote","00:24:34","Itanium alliance recognition"
"cnbc-technology-edge-ibm-dec-hp-transitions-d4f84c-OBS-014","cnbc-technology-edge-ibm-dec-hp-transitions-d4f84c","peter-s-kastner","intel-hp-alliance","viability-prediction","1994","Post-2000 chip dominance","HP-Intel partnership will set the dominant chip architecture after 2000","medium","expert-quote","00:24:34","Predicting Itanium dominance"
"cnbc-technology-edge-ibm-dec-hp-transitions-d4f84c-OBS-015","cnbc-technology-edge-ibm-dec-hp-transitions-d4f84c","peter-s-kastner","intel-hp-alliance","actual-outcome","2010","Itanium outcome","[DEFERRED]","[DEFERRED]","expert-quote","00:24:34","Pair to prior prediction — partial failure (x86 won)"
"cnbc-technology-edge-ibm-dec-hp-transitions-d4f84c-OBS-016","cnbc-technology-edge-ibm-dec-hp-transitions-d4f84c","peter-s-kastner","ole-object-orientation","expert-opinion","1994","Apple-IBM-Motorola OLE","Apple, IBM, Motorola OLE and object-orientation will play significant role via embedded tech and faster apps","medium","expert-quote","00:25:30",""
"cnbc-technology-edge-ibm-dec-hp-transitions-d4f84c-OBS-017","cnbc-technology-edge-ibm-dec-hp-transitions-d4f84c","stephen-roach","client-server","expert-opinion","1994","Productivity-paybacks era","Open-ended technology acquisition is over; service sector now demands measurable productivity paybacks due to deregulation and globalization","high","expert-quote","00:11:53","Roach's central thesis"
"cnbc-technology-edge-ibm-dec-hp-transitions-d4f84c-OBS-018","cnbc-technology-edge-ibm-dec-hp-transitions-d4f84c","pat-sochi","","expert-opinion","1994","Customer-needs mandate","Hardware vendors must show how technology helps the business complete its mission faster, better, cheaper than competitors — a new computer is just a commodity","high","expert-quote","00:11:03","Sochi customer-needs framing"
"cnbc-technology-edge-ibm-dec-hp-transitions-d4f84c-OBS-019","cnbc-technology-edge-ibm-dec-hp-transitions-d4f84c","george-tabak","","expert-opinion","1994","Partner-with-third-parties advice","Vendors must partner with third parties to deliver integrated solutions rather than commodities","high","expert-quote","00:23:48","Tabak partnership thesis"
"cnbc-technology-edge-ibm-dec-hp-transitions-d4f84c-OBS-020","cnbc-technology-edge-ibm-dec-hp-transitions-d4f84c","bruce-francis","","expert-opinion","1994","Industry framing","IBM, DEC, HP are 'dinosaurs' that must metamorphose or face extinction","high","expert-quote","00:01:14","Jurassic Park framing"
"cnbc-technology-edge-ibm-dec-hp-transitions-d4f84c-OBS-021","cnbc-technology-edge-ibm-dec-hp-transitions-d4f84c","","client-server","expert-opinion","1994","Product cycle shift","Product introduction was measured in years; now every six months — no one is willing to wait","high","expert-quote","00:01:50","Pace of change observation"
"cnbc-technology-edge-ibm-dec-hp-transitions-d4f84c-OBS-022","cnbc-technology-edge-ibm-dec-hp-transitions-d4f84c","ncr-corporation","","personal-recollection","1991","NCR-AT&T acquisition","NCR was purchased by AT&T — example of consolidation Kastner expects to continue","high","expert-quote","00:26:10","Reference acquisition"
"cnbc-technology-edge-ibm-dec-hp-transitions-d4f84c-OBS-023","cnbc-technology-edge-ibm-dec-hp-transitions-d4f84c","stephen-roach","","viability-prediction","1994","Industry consolidation","Consolidation is a trend that will be with us for years, if not decades","high","expert-quote","00:22:21","Long-term consolidation prediction"
"cnbc-technology-edge-ibm-dec-hp-transitions-d4f84c-OBS-024","cnbc-technology-edge-ibm-dec-hp-transitions-d4f84c","stephen-roach","","actual-outcome","2010","Industry consolidation","[DEFERRED]","[DEFERRED]","expert-quote","00:22:21","Pair to prior prediction"
"cnbc-technology-edge-ibm-dec-hp-transitions-d4f84c-OBS-025","cnbc-technology-edge-ibm-dec-hp-transitions-d4f84c","ingersoll-rand","","market-data","1994","IT spending","Ingersoll Rand spends ~$70M/year on technology; buys from IBM, HP, and DEC","high","industry-analysis","00:04:19","Tabak customer context"
"msnbc-aol-modem-shortage-customer-refunds-189b41-OBS-001","msnbc-aol-modem-shortage-customer-refunds-189b41","aol","dial-up-modem","market-data","1997","Subscriber count","AOL has 8 million subscribers","high","industry-analysis","00:01:00",""
"msnbc-aol-modem-shortage-customer-refunds-189b41-OBS-002","msnbc-aol-modem-shortage-customer-refunds-189b41","aol","dial-up-modem","market-data","1997","Modem inventory","AOL has only ~250,000 modems serving 8M subscribers (~1:32 ratio)","high","industry-analysis","00:01:30","Core capacity-vs-demand mismatch"
"msnbc-aol-modem-shortage-customer-refunds-189b41-OBS-003","msnbc-aol-modem-shortage-customer-refunds-189b41","aol","flat-rate-pricing","market-data","1997","Pricing change","AOL moved to $19.95/month unlimited from prior metered pricing","high","industry-analysis","00:02:00",""
"msnbc-aol-modem-shortage-customer-refunds-189b41-OBS-004","msnbc-aol-modem-shortage-customer-refunds-189b41","aol","flat-rate-pricing","market-data","1997","Usage change","Average daily usage doubled from ~15 to ~30 minutes per subscriber after flat-rate launch","high","industry-analysis","00:02:30","Doubled per-user demand"
"msnbc-aol-modem-shortage-customer-refunds-189b41-OBS-005","msnbc-aol-modem-shortage-customer-refunds-189b41","peter-s-kastner","flat-rate-pricing","expert-opinion","1997","Strategic critique","AOL 'ignored the rules of economics' — flat-rate triggered demand that outstripped capacity","high","expert-quote","00:03:00","Kastner core critique"
"msnbc-aol-modem-shortage-customer-refunds-189b41-OBS-006","msnbc-aol-modem-shortage-customer-refunds-189b41","peter-s-kastner","aol","expert-opinion","1997","Crisis characterization","AOL situation is 'a catastrophic train wreck'","high","expert-quote","00:04:00",""
"msnbc-aol-modem-shortage-customer-refunds-189b41-OBS-007","msnbc-aol-modem-shortage-customer-refunds-189b41","peter-s-kastner","aol","viability-prediction","1997","Resolution timeline","This will 'sort itself out in a few weeks' as AOL adds capacity and some users churn","medium","expert-quote","00:05:30","Short-term resolution prediction"
"msnbc-aol-modem-shortage-customer-refunds-189b41-OBS-008","msnbc-aol-modem-shortage-customer-refunds-189b41","peter-s-kastner","aol","actual-outcome","1997","Resolution timeline","[DEFERRED]","[DEFERRED]","expert-quote","00:05:30","Pair to prior prediction"
"msnbc-aol-modem-shortage-customer-refunds-189b41-OBS-009","msnbc-aol-modem-shortage-customer-refunds-189b41","peter-s-kastner","aol","viability-prediction","1997","Customer attrition","Customers will defect to Microsoft (MSN), AT&T, CompuServe, and Prodigy","medium","expert-quote","00:06:30","Competitor attrition prediction"
"msnbc-aol-modem-shortage-customer-refunds-189b41-OBS-010","msnbc-aol-modem-shortage-customer-refunds-189b41","peter-s-kastner","aol","actual-outcome","1999","Customer attrition","[DEFERRED]","[DEFERRED]","expert-quote","00:06:30","Pair to prior prediction — partial outcome (AOL recovered)"
"msnbc-aol-modem-shortage-customer-refunds-189b41-OBS-011","msnbc-aol-modem-shortage-customer-refunds-189b41","peter-s-kastner","aol","viability-prediction","1997","Long-term service-quality scenario","Five-year scenario: customers may accept unreliability as the price of unlimited access","low","expert-quote","00:07:30","Long-term hedging scenario"
"msnbc-aol-modem-shortage-customer-refunds-189b41-OBS-012","msnbc-aol-modem-shortage-customer-refunds-189b41","peter-s-kastner","aol","actual-outcome","2002","Service-quality acceptance","[DEFERRED]","[DEFERRED]","expert-quote","00:07:30","Pair to prior prediction"
"msnbc-aol-modem-shortage-customer-refunds-189b41-OBS-013","msnbc-aol-modem-shortage-customer-refunds-189b41","aol","","market-data","1997","Customer refunds","AOL offered customer refunds and account credits to subscribers unable to connect","high","industry-analysis","00:08:00","Crisis response"
"msnbc-aol-modem-shortage-customer-refunds-189b41-OBS-014","msnbc-aol-modem-shortage-customer-refunds-189b41","","flat-rate-pricing","expert-opinion","1997","Filename note","Source filename dated 2001 but content describes 1996-1997 AOL flat-rate fiasco — date metadata corrected to 1997-01-01","high","expert-quote","00:00:00","Provenance note: filename mismatch"
"portal-software-infranet-real-time-billing-742af3-OBS-001","portal-software-infranet-real-time-billing-742af3","portal-software","portal-infranet","market-data","1999","Company founding","Portal Software founded in 1985, based in Cupertino, California","high","industry-analysis","00:00:30",""
"portal-software-infranet-real-time-billing-742af3-OBS-002","portal-software-infranet-real-time-billing-742af3","peter-s-kastner","internet-commerce","expert-opinion","1999","Market characterization","Internet is a 'truly dog-eat-dog competitive world' — survival requires real-time customer-engagement infrastructure","high","expert-quote","00:01:30","Core market thesis"
"portal-software-infranet-real-time-billing-742af3-OBS-003","portal-software-infranet-real-time-billing-742af3","peter-s-kastner","real-time-billing","expert-opinion","1999","Billing-cycle obsolescence","Traditional 30-45-day billing cycles don't work anymore for Internet services","high","expert-quote","00:02:00",""
"portal-software-infranet-real-time-billing-742af3-OBS-004","portal-software-infranet-real-time-billing-742af3","peter-s-kastner","portal-infranet","expert-opinion","1999","Architecture claim","Portal Infranet is the first product architected from the ground up with today's service-oriented Internet in mind","high","expert-quote","00:03:00","Architectural differentiation"
"portal-software-infranet-real-time-billing-742af3-OBS-005","portal-software-infranet-real-time-billing-742af3","peter-s-kastner","real-time-billing","expert-opinion","1999","Second-surgery framing","Companies are undergoing 'second surgery' — rebuilding billing systems after their first-generation Internet sites failed","high","expert-quote","00:04:00","Memorable framing"
"portal-software-infranet-real-time-billing-742af3-OBS-006","portal-software-infranet-real-time-billing-742af3","juno-online","portal-infranet","market-data","1999","Customer reference","Juno: 6 million free-email accounts using Portal for monetization and real-time billing","high","industry-analysis","00:05:00","Anchor customer"
"portal-software-infranet-real-time-billing-742af3-OBS-007","portal-software-infranet-real-time-billing-742af3","peter-s-kastner","real-time-billing","expert-opinion","1999","Use case","Real-time billing enables in-game ammunition upsell mid-game","high","expert-quote","00:06:00","Gaming upsell example"
"portal-software-infranet-real-time-billing-742af3-OBS-008","portal-software-infranet-real-time-billing-742af3","peter-s-kastner","real-time-billing","expert-opinion","1999","Use case","Real-time billing enables video-conference bandwidth metering and per-minute charging","high","expert-quote","00:06:30","Video conf example"
"portal-software-infranet-real-time-billing-742af3-OBS-009","portal-software-infranet-real-time-billing-742af3","peter-s-kastner","real-time-billing","expert-opinion","1999","Use case","Real-time billing enables fraud cutoff the moment a customer exceeds a threshold","high","expert-quote","00:07:00","Fraud-cutoff example"
"portal-software-infranet-real-time-billing-742af3-OBS-010","portal-software-infranet-real-time-billing-742af3","peter-s-kastner","brm","viability-prediction","1999","Real-time billing adoption","Real-time service-usage billing will become standard infrastructure for Internet services","high","expert-quote","00:07:30","Category prediction"
"portal-software-infranet-real-time-billing-742af3-OBS-011","portal-software-infranet-real-time-billing-742af3","peter-s-kastner","brm","actual-outcome","2010","Real-time billing adoption","[DEFERRED]","[DEFERRED]","expert-quote","00:07:30","Pair to prior prediction"
"portal-software-infranet-real-time-billing-742af3-OBS-012","portal-software-infranet-real-time-billing-742af3","portal-software","portal-infranet","viability-prediction","1999","Portal market position","Portal is positioned as the architectural leader; other vendors will retrofit legacy billing","medium","expert-quote","00:08:00","Portal positioning prediction"
"portal-software-infranet-real-time-billing-742af3-OBS-013","portal-software-infranet-real-time-billing-742af3","portal-software","portal-infranet","actual-outcome","2006","Portal exit","[DEFERRED]","[DEFERRED]","expert-quote","00:08:00","Pair to prior prediction — Portal acquired by Oracle for $220M (2006)"
"ingres-windows-4gl-1990-gui-development-tools-75ade0-OBS-001","ingres-windows-4gl-1990-gui-development-tools-75ade0","peter-s-kastner","gui-development","expert-opinion","1990","End-user demand","End users demand the 'intuitive learning and ease of use of intelligent workstations' (Mac-like GUIs)","high","expert-quote","00:00:30","Core market framing"
"ingres-windows-4gl-1990-gui-development-tools-75ade0-OBS-002","ingres-windows-4gl-1990-gui-development-tools-75ade0","peter-s-kastner","gui-development","expert-opinion","1990","Developer skill gap","Programming GUIs is exceedingly complex, beyond the knowledge base of most programmers","high","expert-quote","00:01:30","Skill-gap framing"
"ingres-windows-4gl-1990-gui-development-tools-75ade0-OBS-003","ingres-windows-4gl-1990-gui-development-tools-75ade0","peter-s-kastner","gui-development","expert-opinion","1990","Tool-vendor gap","Productivity tools for GUI development have not been provided by any software supplier to date","high","expert-quote","00:02:30","Opportunity statement"
"ingres-windows-4gl-1990-gui-development-tools-75ade0-OBS-004","ingres-windows-4gl-1990-gui-development-tools-75ade0","ingres-corporation","ingres-windows-4gl","expert-opinion","1990","Product positioning","Ingres Windows 4GL expands the population of who can develop applications","high","expert-quote","00:03:30","Product positioning"
"ingres-windows-4gl-1990-gui-development-tools-75ade0-OBS-005","ingres-windows-4gl-1990-gui-development-tools-75ade0","ingres-corporation","technical-workstations","expert-opinion","1990","Workstation commercialization","Ingres Windows 4GL brings technical workstations into commercial use","high","expert-quote","00:04:00","Workstation-into-commercial framing"
"ingres-windows-4gl-1990-gui-development-tools-75ade0-OBS-006","ingres-windows-4gl-1990-gui-development-tools-75ade0","peter-s-kastner","macintosh-gui","expert-opinion","1990","Mac-on-Vax comparison","'If we can do this with Macintosh, why not on the big Vax?' — commercial platforms need the same GUI productivity","high","expert-quote","00:05:00","Mac comparison quote"
"ingres-windows-4gl-1990-gui-development-tools-75ade0-OBS-007","ingres-windows-4gl-1990-gui-development-tools-75ade0","peter-s-kastner","gui-development","viability-prediction","1990","Developer population growth","GUI productivity tools will expand the developer population to include domain experts who don't fit traditional programmer profiles","high","expert-quote","00:06:00","Developer-democratization prediction"
"ingres-windows-4gl-1990-gui-development-tools-75ade0-OBS-008","ingres-windows-4gl-1990-gui-development-tools-75ade0","peter-s-kastner","gui-development","actual-outcome","1995","Developer population growth","[DEFERRED]","[DEFERRED]","expert-quote","00:06:00","Pair to prior prediction — Visual Basic, PowerBuilder verified"
"ingres-windows-4gl-1990-gui-development-tools-75ade0-OBS-009","ingres-windows-4gl-1990-gui-development-tools-75ade0","peter-s-kastner","gui-development","viability-prediction","1990","GUI standard convergence","Commercial server platforms (Vax, AS/400) will need to support GUI clients as standard, not exception","high","expert-quote","00:07:00","Platform-modernization prediction"
"ingres-windows-4gl-1990-gui-development-tools-75ade0-OBS-010","ingres-windows-4gl-1990-gui-development-tools-75ade0","peter-s-kastner","gui-development","actual-outcome","1995","GUI standard convergence","[DEFERRED]","[DEFERRED]","expert-quote","00:07:00","Pair to prior prediction"
"ingres-windows-4gl-1990-gui-development-tools-75ade0-OBS-011","ingres-windows-4gl-1990-gui-development-tools-75ade0","ingres-corporation","ingres-windows-4gl","viability-prediction","1990","Tool category leadership","Ingres can establish leadership in GUI dev tools for commercial platforms — first-mover advantage","medium","expert-quote","00:08:00","Ingres positioning prediction"
"ingres-windows-4gl-1990-gui-development-tools-75ade0-OBS-012","ingres-windows-4gl-1990-gui-development-tools-75ade0","ingres-corporation","ingres-windows-4gl","actual-outcome","1994","Ingres outcome","[DEFERRED]","[DEFERRED]","expert-quote","00:08:00","Pair to prior prediction — Ingres acquired by ASK 1990, CA 1994; 4GL Windows lost to PowerBuilder/VB"
"software-2000-it-paradigm-shift-client-server-9e9445-OBS-001","software-2000-it-paradigm-shift-client-server-9e9445","peter-s-kastner","client-server","expert-opinion","1994","Project-exhaustion metaphor","Multi-year IT projects are like a boxing match — by round 12, both sides are exhausted; paradigm shifts make this worse","high","expert-quote","00:01:00","Boxing metaphor"
"software-2000-it-paradigm-shift-client-server-9e9445-OBS-002","software-2000-it-paradigm-shift-client-server-9e9445","peter-s-kastner","client-server","expert-opinion","1994","Paradigm-shift implication","Companies must start over with some applications — incremental adaptation isn't enough across paradigm shifts","high","expert-quote","00:02:00","Start-over mandate"
"software-2000-it-paradigm-shift-client-server-9e9445-OBS-003","software-2000-it-paradigm-shift-client-server-9e9445","peter-s-kastner","mainframe","expert-opinion","1994","Mainframe future role","Mainframes aren't going away — role shifts to managing large-scale data networks","high","expert-quote","00:03:00","Mainframe persistence thesis"
"software-2000-it-paradigm-shift-client-server-9e9445-OBS-004","software-2000-it-paradigm-shift-client-server-9e9445","peter-s-kastner","mainframe","viability-prediction","1994","Mainframe longevity","Mainframes will remain in production indefinitely managing large-scale data networks","high","expert-quote","00:03:00","Mainframe persistence prediction"
"software-2000-it-paradigm-shift-client-server-9e9445-OBS-005","software-2000-it-paradigm-shift-client-server-9e9445","peter-s-kastner","mainframe","actual-outcome","2010","Mainframe persistence","[DEFERRED]","[DEFERRED]","expert-quote","00:03:00","Pair to prior prediction"
"software-2000-it-paradigm-shift-client-server-9e9445-OBS-006","software-2000-it-paradigm-shift-client-server-9e9445","peter-s-kastner","mis-organization","expert-opinion","1994","3-year planning mandate","If users don't figure out where they want to be in 3 years, they're in deep trouble","high","expert-quote","00:04:00","Planning-horizon framing"
"software-2000-it-paradigm-shift-client-server-9e9445-OBS-007","software-2000-it-paradigm-shift-client-server-9e9445","peter-s-kastner","mis-organization","expert-opinion","1994","MIS career fork","MIS organizations face a forking choice: technological-overlord roles (security, corporate comms, network, training) versus business-close roles delivering competitive advantage","high","expert-quote","00:05:00","MIS bifurcation"
"software-2000-it-paradigm-shift-client-server-9e9445-OBS-008","software-2000-it-paradigm-shift-client-server-9e9445","peter-s-kastner","mis-organization","viability-prediction","1994","MIS role bifurcation","MIS roles will increasingly bifurcate into infrastructure-overlord and business-partner tracks","high","expert-quote","00:05:30","Bifurcation prediction"
"software-2000-it-paradigm-shift-client-server-9e9445-OBS-009","software-2000-it-paradigm-shift-client-server-9e9445","peter-s-kastner","mis-organization","actual-outcome","2005","MIS role bifurcation","[DEFERRED]","[DEFERRED]","expert-quote","00:05:30","Pair to prior prediction"
"software-2000-it-paradigm-shift-client-server-9e9445-OBS-010","software-2000-it-paradigm-shift-client-server-9e9445","peter-s-kastner","mis-organization","expert-opinion","1994","Future MIS roles","Future MIS roles include security, corporate comms infrastructure, network management, and training","high","expert-quote","00:06:00","Future-role enumeration"
"software-2000-it-paradigm-shift-client-server-9e9445-OBS-011","software-2000-it-paradigm-shift-client-server-9e9445","peter-s-kastner","client-server","expert-opinion","1994","Competitive-advantage requirement","The MIS career choice between technological overlord and business-close role determines whether IT delivers competitive advantage","high","expert-quote","00:06:30","Competitive-advantage framing"
