"code_id","code_type","label","definition"
"3gl","technology-category","Third-Generation Language","Traditional procedural programming languages: COBOL, FORTRAN, C, BASIC."
"aberdeen-analysis","methodology","Aberdeen Analysis","Study-specific code: ABERDEEN-ANALYSIS"
"aberdeen-position","methodology","Aberdeen Position","Study-specific code: Aberdeen-position"
"aberdeen-research","methodology","Aberdeen Research","Study-specific code: Aberdeen-research"
"aberdeen-survey","methodology","Aberdeen Survey","Study-specific code: ABERDEEN-SURVEY"
"aberdeen_first_wsj","observation_type","Aberdeen_First_Wsj","Study-specific code: aberdeen_first_wsj"
"academic-commentary","methodology","Academic Commentary","Study-specific code: academic-commentary"
"academic-forecast","methodology","Academic Forecast","Study-specific code: academic-forecast"
"academic-research","methodology","Academic Research","Study-specific code: academic-research"
"acquired","entity_status","Acquired","Entity acquired by another company; brand may no longer exist independently"
"acquisition","observation_type","Acquisition","Study-specific code: acquisition"
"active","lifecycle","Active","Technology is currently actively maintained, developed, and commercially available"
"active-concept","lifecycle","Active Concept","Conceptual framework or metric that remains actively used."
"active-evolved","lifecycle_status","Active Evolved","Product line still active but has evolved significantly from the version referenced"
"active-niche","tech_lifecycle","Active (Niche)","Technology still actively used but in niche or legacy contexts"
"active-threat","lifecycle_status","Active Threat","Malware or vulnerability currently being exploited in the wild"
"actual-outcome","observation_type","Actual Outcome","Retrospective record of what actually happened to a company, product, or technology after the study date; used to assess prescience"
"ad_cycle_vision","observation_type","Ad_Cycle_Vision","Study-specific code: ad_cycle_vision"
"administrative-cost-model","observation_type","Administrative Cost Model","Study-specific code: administrative-cost-model"
"adoption","observation_type","Adoption","Study-specific code: adoption"
"adoption-rate","observation_type","Adoption Rate","Study-specific code: adoption-rate"
"adoption-trend","observation_type","Adoption Trend","Study-specific code: adoption-trend"
"advertised-contact","methodology","Advertised Contact","Study-specific code: advertised-contact"
"advertised-pricing","methodology","Advertised Pricing","Study-specific code: advertised-pricing"
"advertised-specs","methodology","Advertised Specs","Study-specific code: advertised-specs"
"advertisement","methodology","Advertisement","Study-specific code: advertisement"
"advertising-claim","methodology","Advertising Claim","Study-specific code: advertising-claim"
"advertising-data","methodology","Advertising Data","Study-specific code: advertising-data"
"advisory-report","study_type","Advisory Report","Strategic advisory report produced from vendor briefings and market analysis."
"affiliation","observation_type","Affiliation","Study-specific code: affiliation"
"ai-dialog","methodology","AI Dialog","Question-and-answer exchange between a human and an AI system"
"ai-essay","methodology","Ai Essay","Study-specific code: AI-ESSAY"
"ai-exchange","observation_type","AI Exchange","A question posed by Kastner and the AI response extracted as a structured observation"
"ai-summary","methodology","Ai Summary","Study-specific code: AI-summary"
"ai-synthesis","methodology","Ai Synthesis","Study-specific code: ai-synthesis"
"aix","platform","AIX","IBM AIX Unix"
"analysis","methodology","Analysis","Study-specific code: analysis"
"analyst","entity_type","Analyst","Research and advisory firm"
"analyst-assessment","methodology","Analyst Assessment","Analysis based on Aberdeen Group analyst evaluation and judgment"
"analyst-commentary","methodology","Analyst Commentary","Study-specific code: analyst-commentary"
"analyst-conduct","observation_type","Analyst Conduct","Study-specific code: analyst-conduct"
"analyst-derived","methodology","Analyst Derived","Study-specific code: analyst-derived"
"analyst-estimate","methodology","Analyst Estimate","Study-specific code: analyst-estimate"
"analyst-expert","methodology_code","Analyst Expert","Aberdeen analyst expert opinion or market assessment"
"analyst-finding","observation_type","Analyst Finding","Study-specific code: analyst-finding"
"analyst-firm","entity_type","Analyst Firm","Market research and analyst organization publishing industry reports"
"analyst-forecast","methodology","Analyst Forecast","Study-specific code: analyst-forecast"
"analyst-interview","methodology_code","Analyst Interview","Findings based on interviews with IS and Line of Business executives"
"analyst-judgment","observation_type","Analyst Judgment","Qualitative assessment based on analyst expertise and market observation"
"analyst-model","observation_type","Analyst Model","Study-specific code: analyst-model"
"analyst-observation","methodology","Analyst Observation","Study-specific code: analyst-observation"
"analyst-opinion","methodology_code","Analyst Opinion","Direct qualitative recommendation by Aberdeen analyst"
"analyst-prediction","observation_type","Analyst Prediction","Forward-looking prediction made by analyst"
"analyst-product","methodology_code","Analyst Product","Aberdeen product capability assessment"
"analyst-projection","methodology","Analyst Projection","Study-specific code: analyst-projection"
"analyst-quote","methodology","Analyst Quote","Study-specific code: analyst-quote"
"analyst-recommendation","observation_type","Analyst Recommendation","A strategic recommendation from Aberdeen to enterprise buyers"
"analyst-research","methodology","Analyst Research","Study-specific code: analyst-research"
"analyst-role","observation_type","Analyst Role","Study-specific code: analyst-role"
"analyst-skill","observation_type","Analyst Skill","Study-specific code: analyst-skill"
"analyst-speculation","methodology","Analyst Speculation","Study-specific code: analyst-speculation"
"analyst-support","observation_type","Analyst Support","Study-specific code: analyst-support"
"analytical-claim","observation_type","Analytical Claim","Study-specific code: analytical-claim"
"analytical-finding","observation_type","Analytical Finding","Archive-mining result: a count, rate, or pattern finding"
"analytical-judgment","observation_type","Analytical Judgment","Study-specific code: analytical-judgment"
"analytical-model","observation_type","Analytical Model","Study-specific code: analytical-model"
"analytical-modeling","methodology","Analytical Modeling","Study-specific code: analytical-modeling"
"anchor-summation","methodology","Anchor Summation","Study-specific code: anchor-summation"
"announcement-review","methodology","Announcement Review","Study-specific code: announcement-review"
"anonymous_analyst_doubt","observation_type","Anonymous_Analyst_Doubt","Study-specific code: anonymous_analyst_doubt"
"app-profile","observation_type","App Profile","Study-specific code: app-profile"
"application-classification","observation_type","Application Classification","Study-specific code: application-classification"
"application-partitioning","domain","Application Partitioning","Second-generation CADE capability to automatically repartition application components between client and server tiers without user disruption"
"application-profile","observation_type","Application Profile","Study-specific code: application-profile"
"approaches_triad","observation_type","Approaches_Triad","Study-specific code: approaches_triad"
"architecture","observation_category","Architecture","Technical architecture or design characteristic"
"architecture-decision","observation_type","Architecture Decision","Study-specific code: architecture-decision"
"archival-assessment","observation_type","Archival Assessment","Study-specific code: archival-assessment"
"archival-cross-reference","methodology","Archival Cross Reference","Study-specific code: archival-cross-reference"
"archival-inference","methodology","Archival Inference","Study-specific code: archival-inference"
"archival-inventory","methodology","Archival inventory","Counts or classifications computed from prior archive inventory tables."
"archival-methodology","methodology","Archival Methodology","Study-specific code: archival-methodology"
"archival-research","methodology","Archival Research","Study-specific code: archival-research"
"archive-mining","methodology","Archive Mining","Extraction of patterns and statistics from the master CSV corpus"
"archive-mining-methodology","methodology","Archive Mining Methodology","Study-specific code: archive-mining-methodology"
"archive-provenance","methodology","Archive Provenance","Study-specific code: archive-provenance"
"archive-quantification","methodology","Archive Quantification","Study-specific code: archive-quantification"
"article","study_type","Article","Published article or opinion piece"
"artifact-metadata","observation_type","Artifact Metadata","Study-specific code: artifact-metadata"
"assessment","observation_type","Assessment","Study-specific code: assessment"
"attribution-audit","methodology","Attribution audit","Explicit accounting for author/source attribution buckets."
"attribution-modeling","methodology","Attribution Modeling","Study-specific code: attribution-modeling"
"audience-education","observation_type","Audience Education","Study-specific code: audience-education"
"audit-observation","observation_type","Audit Observation","Study-specific code: audit-observation"
"audited-benchmark","methodology","Audited Benchmark","Study-specific code: audited-benchmark"
"author","role_in_study","Author","Organization that wrote and published the study"
"authored-column","methodology","Authored Column","Study-specific code: authored-column"
"authorship","observation_type","Authorship","Study-specific code: authorship"
"authorship_2","observation_type","Authorship_2","Study-specific code: authorship_2"
"automotive_case_history","observation_type","Automotive_Case_History","Study-specific code: automotive_case_history"
"awareness-building","observation_type","Awareness Building","Study-specific code: awareness-building"
"b2b-ecommerce","subject_domain","B2B Electronic Commerce","Domain covering Internet-enabled business-to-business transaction platforms for order management and sales channel automation"
"backup-restore","observation_type","Backup Restore","Study-specific code: backup-restore"
"backup_metric_intro","observation_type","Backup_Metric_Intro","Study-specific code: backup_metric_intro"
"banking_case_history","observation_type","Banking_Case_History","Study-specific code: banking_case_history"
"bench","methodology_code","Benchmarking","Comparative analysis using Aberdeen Competitive Framework to classify organizations as Laggard (30%), Industry Norm (50%), or Best in Class (20%)"
"benchmark","methodology","Benchmark","Performance benchmark result from standard industry test (e.g., TPC)"
"benchmark-analysis","methodology","Benchmark Analysis","Study-specific code: benchmark-analysis"
"benchmark-claim","observation_type","Benchmark Claim","Study-specific code: benchmark-claim"
"benchmark-cost","obs_type","Benchmark Price-Performance","Price-performance metric from a standardized benchmark"
"benchmark-data","methodology","Benchmark Data","Study-specific code: benchmark-data"
"benchmark-derivative","observation_type","Benchmark Derivative","Study-specific code: benchmark-derivative"
"benchmark-estimate","observation_type","Benchmark Estimate","Study-specific code: benchmark-estimate"
"benchmark-measurement","methodology","Benchmark Measurement","Study-specific code: benchmark-measurement"
"benchmark-pricing","observation_type","Benchmark Pricing","Study-specific code: benchmark-pricing"
"benchmark-report","study_type","Benchmark Report","Comparative study using standardized framework to evaluate organizational practices and performance across industry tiers"
"benchmark-result","observation_type","Benchmark Result","Quantitative or time-based measurement from testing; a specific metric value obtained through direct measurement or structured evaluation"
"benchmark-specification","methodology","Benchmark Specification","Study-specific code: benchmark-specification"
"benchmark-survey","methodology","Benchmark Survey","Study-specific code: benchmark-survey"
"benchmark_aliasing","observation_type","Benchmark_Aliasing","Study-specific code: benchmark_aliasing"
"benchmark_decomposition","observation_type","Benchmark_Decomposition","Study-specific code: benchmark_decomposition"
"benchmark_lineage","observation_type","Benchmark_Lineage","Study-specific code: benchmark_lineage"
"benchmark_origin","observation_type","Benchmark_Origin","Study-specific code: benchmark_origin"
"benchmarking","methodology_code","Benchmarking","Systematic measurement and comparison of performance using standardized test specifications with full-disclosure reporting"
"best-of-breed-integration","strategy_type","Best-of-Breed Integration Strategy","Strategy of combining best third-party components around a proprietary middleware anchor rather than building all components in-house"
"bibliographic","methodology","Bibliographic","Study-specific code: bibliographic"
"biographical","observation_type","Biographical","Study-specific code: biographical"
"biographical-archival","methodology","Biographical Archival","Study-specific code: biographical-archival"
"biography","observation_type","Biography","Study-specific code: biography"
"blade_density","observation_type","Blade_Density","Study-specific code: blade_density"
"blade_density_compaq","observation_type","Blade_Density_Compaq","Study-specific code: blade_density_compaq"
"blade_market_drivers","observation_type","Blade_Market_Drivers","Study-specific code: blade_market_drivers"
"blog-commentary","methodology","Blog Commentary","Study-specific code: blog-commentary"
"bm","methodology","Bm","Study-specific code: BM"
"brochure-attribution","methodology","Brochure Attribution","Study-specific code: brochure-attribution"
"brochure-body","methodology","Brochure Body","Study-specific code: brochure-body"
"brochure-footer","methodology","Brochure Footer","Study-specific code: brochure-footer"
"brochure-pull-quote","methodology","Brochure Pull Quote","Study-specific code: brochure-pull-quote"
"brochure-quote","methodology","Brochure Quote","Study-specific code: brochure-quote"
"brochure_print_code","observation_type","Brochure_Print_Code","Study-specific code: brochure_print_code"
"budget-constraint","observation_type","Budget Constraint","Study-specific code: budget-constraint"
"business-characteristic","observation_type","Business Characteristic","Study-specific code: business-characteristic"
"business-development","observation_type","Business Development","Study-specific code: business-development"
"business-driver","observation_type","Business Driver","Study-specific code: business-driver"
"business-finding","observation_type","Business Finding","Study-specific code: business-finding"
"business-framework","observation_type","Business Framework","Study-specific code: business-framework"
"business-model","observation_type","Business Model","Study-specific code: business-model"
"business-model-analysis","observation_type","Business Model Analysis","Study-specific code: business-model-analysis"
"business-planning","methodology","Business Planning","Study-specific code: business-planning"
"business-policy","observation_type","Business Policy","Study-specific code: business-policy"
"buyer-profile","observation_type","Buyer Profile","Description of target customer or buyer characteristics"
"byline","methodology","Byline","Study-specific code: byline"
"byline-error","observation_type","Byline Error","Study-specific code: byline-error"
"ca_era_context","observation_type","Ca_Era_Context","Study-specific code: ca_era_context"
"calc","methodology","Calculated/Derived","Value calculated or derived by the study authors from underlying data, cost models, or industry benchmarks"
"capability","observation_type","Capability","Study-specific code: capability"
"career-fact","observation_type","Career Fact","Study-specific code: career-fact"
"case","methodology_code","Case Study","Specific organizational example cited to illustrate a finding or trend (e.g., J.P. Morgan Chase/IBM)"
"case-analysis","methodology","Case Analysis","Study-specific code: case-analysis"
"case-study","methodology_code","Case Study","Anonymous enterprise case study from Aberdeen fieldwork"
"case-study-user","role_in_study","Case Study User","End-user organization cited as a real-world implementation example"
"category-creation","observation_type","Category Creation","Study-specific code: category-creation"
"category-creation-analogy","observation_type","Category Creation Analogy","Study-specific code: category-creation-analogy"
"category-creation-methodology","observation_type","Category Creation Methodology","Study-specific code: category-creation-methodology"
"category-creation-principle","observation_type","Category Creation Principle","Study-specific code: category-creation-principle"
"category-creation-strategy","observation_type","Category Creation Strategy","Study-specific code: category-creation-strategy"
"category-definition","observation_type","Category Definition","Study-specific code: category-definition"
"cdif","methodology_code","Cdif","Common Data Interchange Format standard"
"cf-001","confidence","high","Strong evidentiary basis; corroborated by multiple sources or direct measurement."
"cf-002","confidence","medium","Reasonable basis; single credible source or analyst judgment without full corroboration."
"cf-003","confidence","low","Speculative or limited evidential basis; noted uncertainty."
"cf-high","confidence","high","Strong evidentiary support from explicit data in the source; directly stated"
"cf-low","confidence","low","Weak inference; extrapolated from limited or ambiguous source data"
"cf-med","confidence","medium","Reasonable inference from source material; indirectly supported or partially stated"
"challenge","observation_type","Challenge","Study-specific code: challenge"
"channel-pricing","methodology","Channel Pricing","Study-specific code: channel-pricing"
"channel-quote","methodology","Channel Quote","Study-specific code: channel-quote"
"channel-strategy","observation_type","Channel Strategy","Study-specific code: channel-strategy"
"chipset","tech_category","Chipset","Set of integrated circuits managing data flow between processor and peripherals"
"cio_turnover","observation_type","Cio_Turnover","Study-specific code: cio_turnover"
"citation","observation_type","Citation","Study-specific code: citation"
"citation-listing","methodology","Citation Listing","Study-specific code: citation-listing"
"cited","methodology_code","Cited Data","Data explicitly stated or cited in the original study text."
"claim","observation_type","Claim","Study-specific code: claim"
"classification","observation_type","Classification","Study-specific code: classification"
"client-communication","observation_type","Client Communication","Study-specific code: client-communication"
"client-engagement","observation_type","Client Engagement","Study-specific code: client-engagement"
"client-management","observation_type","Client Management","Study-specific code: client-management"
"client-success","observation_type","Client Success","Study-specific code: client-success"
"client-types","observation_type","Client Types","Study-specific code: client-types"
"client-value-prop","observation_type","Client Value Prop","Study-specific code: client-value-prop"
"co-author-irving","observation_type","Co Author Irving","Study-specific code: co-author-irving"
"co-opetition","observation_type","Co-opetition","Competitive-cooperative relationship between parties"
"collaboration-deliverables","observation_type","Collaboration Deliverables","Study-specific code: collaboration-deliverables"
"collaboration-model","observation_type","Collaboration Model","Study-specific code: collaboration-model"
"collaboration_call","observation_type","Collaboration_Call","Study-specific code: collaboration_call"
"comm_line_asymmetry","observation_type","Comm_Line_Asymmetry","Study-specific code: comm_line_asymmetry"
"commentary","observation_type","Commentary","Study-specific code: commentary"
"commerce-service-provider","market_segment","Commerce Service Provider (CSP)","Early hosted e-commerce model where a third-party provider hosts and manages B2B e-commerce infrastructure for multiple sellers"
"commercial-profile","observation_type","Commercial Profile","Study-specific code: commercial-profile"
"commercial-proposal","observation_type","Commercial Proposal","Study-specific code: commercial-proposal"
"communication-protocol","tech_category","Communication Protocol","Standardized rules for data exchange between computing systems"
"community-forum","methodology","Community Forum","Study-specific code: community-forum"
"company","entity_type","Company","A commercial organization"
"company-announcement","methodology","Company Announcement","Study-specific code: company-announcement"
"company-data","methodology","Company Data","Study-specific code: company-data"
"company-disclosure","methodology","Company Disclosure","Study-specific code: company-disclosure"
"company-guidance","methodology","Company Guidance","Study-specific code: company-guidance"
"company-positioning","methodology","Company Positioning","Study-specific code: company-positioning"
"company-profile","observation_type","Company Profile","Study-specific code: company-profile"
"company-reported","methodology_code","Company Reported","Methodology: Data reported by company management"
"company-statement","methodology","Company Statement","Study-specific code: company-statement"
"company-trajectory","observation_type","Company Trajectory","Study-specific code: company-trajectory"
"comparative-analysis","observation_type","Comparative Analysis","Study-specific code: comparative-analysis"
"comparative-methodology","methodology","Comparative Methodology","Study-specific code: comparative-methodology"
"competitive","methodology","Competitive","Study-specific code: COMPETITIVE"
"competitive-advantage","observation_type","Competitive Advantage","Study-specific code: competitive-advantage"
"competitive-analysis","observation_type","Competitive Analysis","Assessment of competitive positioning between entities"
"competitive-architecture-frame","observation_type","Competitive Architecture Frame","Study-specific code: competitive-architecture-frame"
"competitive-assessment","observation_type","Competitive Assessment","Aberdeen's assessment of a named competitor or competitive product"
"competitive-benchmark","methodology","Competitive Benchmark","Study-specific code: competitive-benchmark"
"competitive-circular","methodology","Competitive Circular","Study-specific code: competitive-circular"
"competitive-claim","obs_type","Competitive Claim","Analyst assertion about competitive positioning"
"competitive-context","observation_type","Competitive Context","Study-specific code: competitive-context"
"competitive-differentiation","observation_type","Competitive Differentiation","Study-specific code: competitive-differentiation"
"competitive-estimate","methodology","Competitive Estimate","Study-specific code: competitive-estimate"
"competitive-framework","observation_type","Competitive Framework","Study-specific code: competitive-framework"
"competitive-gap","observation_type","Competitive Gap","Study-specific code: competitive-gap"
"competitive-intelligence","observation_type","Competitive Intelligence","Study-specific code: competitive-intelligence"
"competitive-landscape","observation_type","Competitive Landscape","Study-specific code: competitive-landscape"
"competitive-mapping","observation_type","Competitive Mapping","Study-specific code: competitive-mapping"
"competitive-position","observation_type","Competitive Position","Study-specific code: competitive-position"
"competitive-positioning","observation_type","Competitive Positioning","Study-specific code: competitive-positioning"
"competitive-posture","observation_type","Competitive Posture","Study-specific code: competitive-posture"
"competitive-profiling","methodology_code","Competitive Profiling","Structured analysis of specific vendor strategies, product positioning, and competitive strengths and weaknesses"
"competitive-quote","observation_type","Competitive Quote","Study-specific code: competitive-quote"
"competitive-threat","observation_type","Competitive Threat","Study-specific code: competitive-threat"
"competitive_metric_choice","observation_type","Competitive_Metric_Choice","Study-specific code: competitive_metric_choice"
"competitive_pressure_wang","observation_type","Competitive_Pressure_Wang","Study-specific code: competitive_pressure_wang"
"competitor","entity_role","Competitor","A competing company mentioned in a competitive context"
"competitor-benchmark","observation_type","Competitor Benchmark","Study-specific code: competitor-benchmark"
"competitor-pricing-cost","observation_type","Competitor Pricing Cost","Study-specific code: competitor-pricing-cost"
"competitor-profile","observation_type","Competitor Profile","Study-specific code: competitor-profile"
"competitor-quote","observation_type","Competitor Quote","Study-specific code: competitor-quote"
"competitor-referenced","entity_role","Competitor Referenced","A competitor referenced for comparison"
"compliance-observation","observation_type","Compliance Observation","Study-specific code: compliance-observation"
"compliance-profile","observation_type","Compliance Profile","Study-specific code: compliance-profile"
"conference-coverage","methodology","Conference Coverage","Study-specific code: conference-coverage"
"confidentiality-policy","observation_type","Confidentiality Policy","Study-specific code: confidentiality-policy"
"config_3_topology","observation_type","Config_3_Topology","Study-specific code: config_3_topology"
"conrades_quote","observation_type","Conrades_Quote","Study-specific code: conrades_quote"
"constraint","observation_type","Constraint","Study-specific code: constraint"
"constraint-observation","observation_type","Constraint Observation","Study-specific code: constraint-observation"
"consulting-description","observation_type","Consulting Description","Study-specific code: consulting-description"
"consulting-firm","entity_type","Consulting Firm","Professional services or consulting organization"
"consumer-advocacy","methodology","Consumer Advocacy","Study-specific code: consumer-advocacy"
"consumer-anecdote","methodology","Consumer Anecdote","Study-specific code: consumer-anecdote"
"consumer-it","subject_domain","Consumer IT","Products and services at the intersection of consumer electronics and information technology; includes PCs, cameras, and home networking aimed at mainstream consumers"
"consumer-research","methodology","Consumer Research","Study-specific code: consumer-research"
"contact-center-technology","subject_domain","Contact Center Technology","Domain covering integrated solutions for customer interaction: ACD"
"contact-info","observation_type","Contact Info","Study-specific code: contact-info"
"content-inference","observation_type","Content Inference","Study-specific code: content-inference"
"content-placement-model","observation_type","Content Placement Model","Study-specific code: content-placement-model"
"content-reuse","observation_type","Content Reuse","Study-specific code: content-reuse"
"content-taxonomy","observation_type","Content Taxonomy","Study-specific code: content-taxonomy"
"context-from-batch-23","methodology","Context From Batch 23","Study-specific code: context-from-batch-23"
"context-note","observation_type","Context Note","Study-specific code: context-note"
"contextual","observation_type","Contextual","Background contextual information relevant to understanding other observations."
"contextual-inference","methodology","Contextual Inference","Study-specific code: contextual-inference"
"contract-term","observation_type","Contract Term","Study-specific code: contract-term"
"corba","methodology_code","Corba","Common Object Request Broker Architecture"
"core-competency","observation_type","Core Competency","Study-specific code: core-competency"
"corporate-action","observation_type","Corporate Action","Study-specific code: corporate-action"
"corporate-announcement","methodology","Corporate Announcement","Study-specific code: corporate-announcement"
"corporate-boilerplate","methodology","Corporate Boilerplate","Study-specific code: corporate-boilerplate"
"corporate-cohort","entity_type","Corporate Cohort","Named group of companies used as reference class."
"corporate-disclosure","methodology","Corporate Disclosure","Study-specific code: corporate-disclosure"
"corporate-document","methodology","Corporate Document","Study-specific code: corporate-document"
"corporate-event","observation_type","Corporate Event","Study-specific code: corporate-event"
"corporate-financial","methodology","Corporate Financial","Study-specific code: corporate-financial"
"corporate-forecast","methodology","Corporate Forecast","Study-specific code: corporate-forecast"
"corporate-guidance","methodology","Corporate Guidance","Study-specific code: corporate-guidance"
"corporate-history","observation_type","Corporate History","Study-specific code: corporate-history"
"corporate-positioning","methodology","Corporate Positioning","Study-specific code: corporate-positioning"
"corporate-profile","observation_type","Corporate Profile","Study-specific code: corporate-profile"
"corporate-record","methodology","Corporate Record","Study-specific code: corporate-record"
"corporate-statement","methodology","Corporate Statement","Study-specific code: corporate-statement"
"corporation","entity_type","Corporation","Commercial business entity."
"corpus-profile","observation_type","Corpus Profile","Study-specific code: corpus-profile"
"corroborated-primary","methodology","Corroborated Primary","Study-specific code: corroborated-primary"
"cost-analysis","observation_type","Cost Analysis","Study-specific code: cost-analysis"
"cost-benchmark","observation_type","Cost Benchmark","Study-specific code: cost-benchmark"
"cost-estimate","observation_type","Cost Estimate","Study-specific code: cost-estimate"
"cost-model","methodology","Cost Model","Study-specific code: cost-model"
"cost-modeling","methodology","Cost Modeling","Study-specific code: cost-modeling"
"counter-quote","observation_type","Counter Quote","Study-specific code: counter-quote"
"coverage-analysis","observation_type","Coverage analysis","Observation documenting evidence coverage."
"coverage-taxonomy","observation_type","Coverage Taxonomy","Study-specific code: coverage-taxonomy"
"cp","methodology_code","Competitive Profiling","Structured comparison of vendor capabilities products and market positions"
"cross-group","observation_type","Cross Group","Study-specific code: cross-group"
"cross-reference","observation_type","Cross Reference","Study-specific code: cross-reference"
"cross_branch_pct","observation_type","Cross_Branch_Pct","Study-specific code: cross_branch_pct"
"current-generation","lifecycle_status","Current Generation","Product actively sold and fully supported by vendor at time of assessment"
"curriculum-design","observation_type","Curriculum Design","Study-specific code: curriculum-design"
"customer-data","obs_type","Customer Data","Customer counts, segments or behavior data"
"customer-disclosure","methodology","Customer Disclosure","Study-specific code: customer-disclosure"
"customer-feedback","observation_type","Customer Feedback","Study-specific code: customer-feedback"
"customer-interview","methodology","Customer Interview","Study-specific code: customer-interview"
"customer-interviews","methodology","Customer Interviews","Study-specific code: customer-interviews"
"customer-quote","methodology","Customer Quote","Study-specific code: customer-quote"
"customer-reported","methodology_code","Customer Reported","Methodology: Data reported by Nortel customers in interviews"
"customer-segment","observation_category","Customer Segment","Target customer or market segment description"
"customer-testimonial","methodology","Customer Testimonial","Study-specific code: customer-testimonial"
"customer_driven_definition","observation_type","Customer_Driven_Definition","Study-specific code: customer_driven_definition"
"data-classification","observation_type","Data Classification","Study-specific code: data-classification"
"data-copies","observation_type","Data Copies","Study-specific code: data-copies"
"data-mart","technology-category","Data Mart","Departmental subset of an enterprise data warehouse, typically 10-100GB in the 1990s."
"data-profile","observation_type","Data Profile","Study-specific code: data-profile"
"database","tech_category","Database","Software system for storing and managing structured data"
"database-architecture","tech_category","Database Architecture","Design patterns and structures for database storage and access"
"database-performance-technology","domain","Database Performance Technology","Domain covering database engines; hardware optimization; and performance measurement"
"database-software","tech_category","Database Software","Relational and other database management system software products"
"dataquest-via-trade-press","methodology","Dataquest Via Trade Press","Study-specific code: Dataquest-via-trade-press"
"dbs_standardization","observation_type","Dbs_Standardization","Study-specific code: dbs_standardization"
"dce_endorsement","observation_type","Dce_Endorsement","Study-specific code: dce_endorsement"
"dcom","methodology_code","Dcom","Distributed Component Object Model"
"dec_intact_constraint","observation_type","Dec_Intact_Constraint","Study-specific code: dec_intact_constraint"
"dec_truth_squads","observation_type","Dec_Truth_Squads","Study-specific code: dec_truth_squads"
"deck-bio","methodology","Deck Bio","Study-specific code: deck-bio"
"deck-case-history","methodology","Deck Case History","Study-specific code: deck-case-history"
"deck-case-study","methodology","Deck Case Study","Study-specific code: deck-case-study"
"deck-cover","methodology","Deck Cover","Study-specific code: deck-cover"
"deck-cover-tagline","methodology","Deck Cover Tagline","Study-specific code: deck-cover-tagline"
"deck-figure","methodology","Deck Figure","Study-specific code: deck-figure"
"deck-framework","methodology","Deck Framework","Study-specific code: deck-framework"
"deck-quotation","methodology","Deck Quotation","Study-specific code: deck-quotation"
"deck-statistic","methodology","Deck Statistic","Study-specific code: deck-statistic"
"deck-text","methodology","Deck Text","Study-specific code: deck-text"
"declining","lifecycle","Declining","Technology losing market position or being superseded at study time"
"definition","observation_type","Definition","Study-specific code: definition"
"definition-transparency","methodology","Definition Transparency","Study-specific code: definition-transparency"
"defunct","entity_status","Defunct","Entity is no longer operating and has no direct successor."
"deliverable","observation_type","Deliverable","Study-specific code: deliverable"
"deliverable-definition","observation_type","Deliverable Definition","Study-specific code: deliverable-definition"
"deliverable-format","observation_type","Deliverable Format","Study-specific code: deliverable-format"
"deliverable-specification","observation_type","Deliverable Specification","Study-specific code: deliverable-specification"
"deliverable-standards","observation_type","Deliverable Standards","Study-specific code: deliverable-standards"
"dell-statement","methodology","Dell Statement","Study-specific code: Dell-statement"
"dell_blades_per_rack","observation_type","Dell_Blades_Per_Rack","Study-specific code: dell_blades_per_rack"
"dell_brick_roadmap","observation_type","Dell_Brick_Roadmap","Study-specific code: dell_brick_roadmap"
"dell_intel_processor","observation_type","Dell_Intel_Processor","Study-specific code: dell_intel_processor"
"dell_microsoft_infiniband","observation_type","Dell_Microsoft_Infiniband","Study-specific code: dell_microsoft_infiniband"
"demand-driver","observation_type","Demand Driver","Study-specific code: demand-driver"
"demographic-finding","observation_type","Demographic Finding","Study-specific code: demographic-finding"
"deployment","observation_type","Deployment","Study-specific code: deployment"
"deployment-metric","observation_type","Deployment Metric","Metric related to product deployment or adoption"
"deployment-mode","observation_type","Deployment Mode","Mode or configuration of product deployment"
"desktop-lifecycle-management","subject_domain","Desktop Lifecycle Management","Management of enterprise desktop computing assets through procurement and retirement cycles"
"development-paradigm","tech_category","Development Paradigm","Software development methodology or architectural approach"
"development-tool","tech_category","Development Tool","Application development environment or language"
"digital-unix","platform","Digital UNIX","Digital's Unix operating system for Alpha hardware"
"diminished","entity_status","Diminished","Entity still exists but is dramatically reduced in scope or relevance"
"direct-measurement","methodology","Direct Measurement","Study-specific code: direct-measurement"
"direct-observation","methodology","Direct Observation","Study-specific code: direct-observation"
"direct-quote","methodology","Direct Quote","Study-specific code: direct-quote"
"directory-services","subject_domain","Directory Services","Enterprise directory services identity and access management"
"disaster-recovery","observation_type","Disaster Recovery","Study-specific code: disaster-recovery"
"dissolved","entity_status","Dissolved","Organization ceased operations"
"distributed-object-computing","domain","Distributed Object Computing","Technology domain covering object request brokers and distributed computing middleware"
"distribution-list","methodology","Distribution List","Study-specific code: distribution-list"
"distribution-model","observation_type","Distribution Model","Study-specific code: distribution-model"
"distribution_list","observation_type","Distribution_List","Study-specific code: distribution_list"
"dlm_obstacle","observation_type","Dlm_Obstacle","Study-specific code: dlm_obstacle"
"doc-review","methodology","Document Review","Observation extracted directly from the source document text through systematic review"
"document","methodology","Document","Factual data extracted directly from the study document"
"document-extraction","methodology","Document Extraction","Study-specific code: document-extraction"
"document-fact","methodology","Document Fact","Study-specific code: document-fact"
"document-header","methodology","Document Header","Study-specific code: document-header"
"document-record","methodology","Document Record","Study-specific code: document-record"
"document-review","methodology_code","Document Review","Assessment based on review of published documentation such as vendor support policies and threat databases"
"document-signature","methodology","Document Signature","Study-specific code: document-signature"
"document-structure","observation_type","Document Structure","Study-specific code: document-structure"
"dops_definition","observation_type","Dops_Definition","Study-specific code: dops_definition"
"dops_year","observation_type","Dops_Year","Study-specific code: dops_year"
"dors-criteria","obs_type","DORS Evaluation Criteria","Aberdeen's criteria framework for evaluating distributed open RDBMS products"
"dot","methodology_code","Dot","Distributed Object Technology"
"downsizing_definition","observation_type","Downsizing_Definition","Study-specific code: downsizing_definition"
"dr","methodology","Dr","Study-specific code: DR"
"dss","technology-category","Decision Support System","Large-scale analytical/reporting database workloads."
"dw","methodology_code","Dw","Data Warehousing analytical context"
"e_commerce_framing","observation_type","E_Commerce_Framing","Study-specific code: e_commerce_framing"
"ea","methodology","Ea","Study-specific code: EA"
"ec","methodology_code","Ec","Electronic Commerce analytical framework"
"ecosystem","obs_type","Ecosystem/Partnership","Description of partner products or ecosystem integrations"
"edi","methodology_code","Edi","Electronic Data Interchange legacy systems context"
"editorial","obs_type","Editorial Opinion","Analyst opinion or interpretive statement not directly sourced from vendor"
"editorial-assessment","methodology","Editorial Assessment","Study-specific code: editorial-assessment"
"editorial-opinion","methodology","Editorial Opinion","Study-specific code: editorial-opinion"
"editorial-policy","observation_type","Editorial Policy","Study-specific code: editorial-policy"
"editorial-prediction","methodology","Editorial Prediction","Study-specific code: editorial-prediction"
"educational-format","observation_type","Educational Format","Study-specific code: educational-format"
"email-server","tech_category","Email Server","Server software providing email messaging and collaboration services"
"emerging","lifecycle","Emerging","Technology was new and growing rapidly at time of study; limited market penetration"
"employer-record","observation_type","Employer Record","Study-specific code: employer-record"
"employer-record-inference","methodology","Employer Record Inference","Study-specific code: employer-record-inference"
"end-of-life","lifecycle_status","End of Life","Product no longer receiving vendor support or security updates"
"end-user","entity_type","End User","Organization that purchases and uses technology products"
"end-user-interviews","methodology","End User Interviews","Data gathered through interviews with end-user customers"
"engagement-model","observation_type","Engagement Model","Study-specific code: engagement-model"
"engagement-scope","observation_type","Engagement Scope","Study-specific code: engagement-scope"
"engagement-structure","observation_type","Engagement Structure","Study-specific code: engagement-structure"
"engagement-types","observation_type","Engagement Types","Study-specific code: engagement-types"
"engineering-data-from-dec","methodology","Engineering Data From Dec","Study-specific code: engineering-data-from-DEC"
"engineering-diagram","methodology","Engineering Diagram","Study-specific code: engineering-diagram"
"engineering-discussion","methodology","Engineering Discussion","Study-specific code: engineering-discussion"
"ent-001","entity_type","company","A for-profit commercial organization"
"ent-002","entity_type","research-firm","An organization providing market research, technology analysis, or consulting services"
"ent-003","entity_type","person","An individual human referenced in the study"
"enterprise-computing-erp","domain","Enterprise Computing - ERP","Enterprise resource planning and midrange commercial computing"
"enterprise-infrastructure","domain","Enterprise Infrastructure","Aberdeen Group concept: shared middleware foundation enabling location-independent distributed computing across all enterprise applications"
"enterprise-suite","tech_category","Enterprise Suite","Integrated multi-module enterprise application platform"
"entity-classification","observation_type","Entity Classification","Study-specific code: entity-classification"
"eo","methodology","Eo","Study-specific code: EO"
"erp-suite","tech_category","ERP Suite","Enterprise resource planning application suite"
"est","methodology","Estimated/Projected","Estimated or projected value based on trend analysis, market research, or forecasting models"
"estimated","methodology_code","Estimated","Methodology: Estimated from available data; not directly stated"
"etl","methodology_code","Etl","Extract Transform Load data integration paradigm"
"evangelization-channels","observation_type","Evangelization Channels","Study-specific code: evangelization-channels"
"evangelization-target","observation_type","Evangelization Target","Study-specific code: evangelization-target"
"event-coverage","methodology","Event Coverage","Study-specific code: event-coverage"
"event-driven-java","technology_type","Event-Driven Java Platform","Java-based software architecture using event-driven model for real-time network element coordination"
"event-program","observation_type","Event Program","Study-specific code: event-program"
"evidence-example","observation_type","Evidence example","Pointer to an exemplar source observation from the inventory."
"evolved","current_status","Evolved","Technology has transformed into or been succeeded by modern equivalent"
"executive-commentary","methodology","Executive Commentary","Study-specific code: executive-commentary"
"executive-quote","methodology","Executive Quote","Study-specific code: executive-quote"
"executive-statement","methodology","Executive Statement","Study-specific code: executive-statement"
"existing-market-approach","observation_type","Existing Market Approach","Study-specific code: existing-market-approach"
"expert-analysis","methodology","Expert Analysis","Study-specific code: expert-analysis"
"expert-assessment","methodology_code","Expert Assessment","Aberdeen analyst assessment based on product review and industry knowledge"
"expert-citation","methodology","Expert Citation","Study-specific code: expert-citation"
"expert-commentary","methodology","Expert Commentary","Study-specific code: expert-commentary"
"expert-forecast","methodology_code","Expert Forecast","Forward-looking prediction made by Aberdeen analysts"
"expert-interview","methodology","Expert Interview","Study-specific code: expert-interview"
"expert-judgment","methodology","Expert Judgment","Study-specific code: expert-judgment"
"expert-opinion","observation_type","Expert Opinion","Observation records an analyst judgment, interpretation, or recommendation that goes beyond raw data to offer evaluative conclusions"
"expert-opinion-method","methodology","Expert Opinion Method","Qualitative professional judgment documented as method"
"expert-panel","methodology","Expert Panel Assessment","Qualitative assessment based on expert panel discussion and professional judgment."
"expert-quote","methodology","Expert Quote","Study-specific code: expert-quote"
"expert-report","study_type","Expert Report","Expert analysis or testimony report based on primary research"
"expert-survey","methodology_code","Expert Survey","Aberdeen analyst field survey and expert interviews"
"expertise-claim","observation_type","Expertise Claim","Study-specific code: expertise-claim"
"ext-verify","methodology","External Verification","Observation verified through external sources, post-hoc research, or historical record to assess actual outcomes"
"external-analysis","methodology","External Analysis","Study-specific code: external-analysis"
"external-verification","methodology","External verification","Outcome endpoint validated against public web sources."
"face-to-face-interview","methodology","Face To Face Interview","Study-specific code: face-to-face-interview"
"fct","methodology","Fct","Study-specific code: FCT"
"feature","obs_type","Feature Description","Description of a specific technical feature or capability"
"field-observation","methodology","Field Observation","Study-specific code: field-observation"
"field-research","methodology_code","Field Research","Primary research conducted through direct interaction with products, services, or market participants in real-world settings"
"field-testing","methodology","Field Testing","Study-specific code: field-testing"
"financial-analysis","observation_type","Financial Analysis","Study-specific code: financial-analysis"
"financial-assumption","observation_type","Financial Assumption","Study-specific code: financial-assumption"
"financial-data","methodology","Financial Data","Study-specific code: financial-data"
"financial-metric","obs_type","Financial Metric","Revenue, profit or financial performance data"
"financial-model","observation_type","Financial Model","Study-specific code: financial-model"
"financial-modeling","methodology","Financial Modeling","Study-specific code: financial-modeling"
"financial-news","methodology","Financial News","Study-specific code: financial-news"
"financial-report","methodology","Financial Report","Study-specific code: financial-report"
"financial-reporting","methodology","Financial Reporting","Study-specific code: financial-reporting"
"financial-result","observation_type","Financial Result","Study-specific code: financial-result"
"financial-services","entity_type","Financial Services","Bank; brokerage; or financial institution"
"financial-target","observation_type","Financial Target","Study-specific code: financial-target"
"finding","observation_type","Finding","Study-specific code: finding"
"firmographic","observation_type","Firmographic","Study-specific code: firmographic"
"folded","entity_status","Folded","Division/unit folded into or merged with parent"
"forecast","observation_type","Forecast","Forward-looking prediction about technology or market"
"forecast-analysis","methodology","Forecast Analysis","Study-specific code: forecast-analysis"
"forecast-deadline","observation_type","Forecast Deadline","Study-specific code: forecast-deadline"
"forecast-failure-archive-note","observation_type","Forecast Failure Archive Note","Study-specific code: forecast-failure-archive-note"
"forecast-roadmap-coverage","observation_type","Forecast Roadmap Coverage","Study-specific code: forecast-roadmap-coverage"
"forecast-tpc-arrival","observation_type","Forecast Tpc Arrival","Study-specific code: forecast-tpc-arrival"
"fortune_1000_job_loss","observation_type","Fortune_1000_Job_Loss","Study-specific code: fortune_1000_job_loss"
"forum-synthesis","methodology","Forum Synthesis","Study-specific code: forum-synthesis"
"fr","methodology_code","Field Research","Primary research including customer interviews and vendor briefings"
"framework","methodology","Framework","Study-specific code: framework"
"framework-claim","observation_type","Framework Claim","Study-specific code: framework-claim"
"framework-component","observation_type","Framework Component","Study-specific code: framework-component"
"framework-concept","observation_type","Framework Concept","Study-specific code: framework-concept"
"framework-consistency","observation_type","Framework Consistency","Study-specific code: framework-consistency"
"framework-definition","observation_type","Framework Definition","Study-specific code: framework-definition"
"framework-design","methodology","Framework Design","Study-specific code: framework-design"
"framework-development","methodology","Framework Development","Study-specific code: framework-development"
"framework-exposition","methodology","Framework Exposition","Study-specific code: framework-exposition"
"framework-factor","observation_type","Framework Factor","A component or variable within an analytical framework or model used to structure the analysis; a dimension of a multi-factor evaluation scheme"
"framework-headline","observation_type","Framework Headline","Study-specific code: framework-headline"
"framework-prediction","methodology","Framework Prediction","Study-specific code: framework-prediction"
"framework-specification","methodology","Framework Specification","Study-specific code: framework-specification"
"framework-synthesis","methodology","Framework Synthesis","Study-specific code: framework-synthesis"
"funder","observation_type","Funder","Study-specific code: funder"
"funding","observation_type","Funding","Study-specific code: funding"
"funding-source","observation_type","Funding Source","Study-specific code: funding-source"
"future-acquirer","entity_role","Future Acquirer","Entity that later acquired the primary vendor"
"future-research","methodology","Future Research","Study-specific code: future-research"
"future-roadmap","observation_category","Future Roadmap","Planned product capability or enhancement"
"gap-analysis","observation_type","Gap Analysis","Identification of a gap in capabilities, products, or market coverage."
"gateway","obs_type","Gateway/Interoperability","Description of connectivity to external or competing systems"
"geo-profile","observation_type","Geo Profile","Study-specific code: geo-profile"
"geographic-mix","observation_type","Geographic Mix","Study-specific code: geographic-mix"
"giga-research","methodology","Giga Research","Study-specific code: giga-research"
"go-to-market-readiness","observation_type","Go To Market Readiness","Study-specific code: go-to-market-readiness"
"governance","observation_type","Governance","Study-specific code: governance"
"government-forecast","methodology","Government Forecast","Study-specific code: government-forecast"
"groupware-workflow","domain","Groupware & Workflow","Collaborative software, workflow automation, and enterprise groupware"
"groves_response","observation_type","Groves_Response","Study-specific code: groves_response"
"growth","lifecycle_at_study","Growth at Study Date","Technology was in growth phase at time of study"
"growth-metric","observation_type","Growth Metric","Study-specific code: growth-metric"
"growth-rate","methodology","Growth Rate Analysis","Year-over-year percentage change in revenue or units; used for comparison across platform categories"
"hade","technology-category","High-end App Dev Environment","Aberdeen term for enterprise-grade distributed application development environments."
"hands-on-review","methodology","Hands On Review","Study-specific code: hands-on-review"
"hardware-architecture","tech_category","Hardware Architecture","Physical computing system design and organization"
"hardware-interconnect","tech_category","Hardware Interconnect","Bus or network technology connecting hardware components"
"hardware-platform","tech_category","Hardware Platform","Server or computing hardware platform"
"hardware-spec","observation_type","Hardware Specification","Specific technical parameter of a hardware system"
"hardware-vendor","entity_type","Hardware Vendor","Company producing computer hardware (servers; processors; storage)"
"headcount-pressure","observation_type","Headcount Pressure","Study-specific code: headcount-pressure"
"heritage","obs_type","Heritage/Maturity","Reference to a product's historical pedigree or years of experience"
"high","confidence","High Confidence","Assessment or data point is well-supported by multiple sources, specific numbers, or direct document citations"
"high-availability","obs_type","High Availability","Description of fault tolerance and failover capabilities"
"hiring_dbs_perf","observation_type","Hiring_Dbs_Perf","Study-specific code: hiring_dbs_perf"
"historical-context","methodology","Historical Context","Study-specific code: historical-context"
"historical-fact","observation_type","Historical Fact","Study-specific code: historical-fact"
"historical-record","methodology","Historical Record","Outcome verified through historical public records, acquisitions, product launches, or market events."
"historical-review","methodology","Historical Review","Study-specific code: historical-review"
"historical-verification","methodology","Historical Verification","Study-specific code: historical-verification"
"hp-ux","platform","HP-UX","Hewlett-Packard Unix"
"hp_9000_node","observation_type","Hp_9000_Node","Study-specific code: hp_9000_node"
"hypothesis","methodology","Hypothesis","Study-specific code: hypothesis"
"ia","methodology_code","Industry Analysis","Analyst assessment and industry-level analysis based on market knowledge and expert opinion"
"ibm-mvs","platform","IBM MVS","IBM Mainframe MVS (forthcoming in v2.6)"
"ibm-strategy","observation_type","Ibm Strategy","Study-specific code: ibm-strategy"
"ibm_70pct_cpu_rule","observation_type","Ibm_70Pct_Cpu_Rule","Study-specific code: ibm_70pct_cpu_rule"
"ibm_audit_refusal","observation_type","Ibm_Audit_Refusal","Study-specific code: ibm_audit_refusal"
"ibm_s390_node","observation_type","Ibm_S390_Node","Study-specific code: ibm_s390_node"
"ic","methodology_code","Ic","Internet Commerce analytical framework"
"idc_endorsement","observation_type","Idc_Endorsement","Study-specific code: idc_endorsement"
"ieee-standard","methodology","Ieee Standard","Study-specific code: ieee-standard"
"imp-001","importance","high","Study provides foundational documentation of a significant market transition, category definition, or predictive insight with lasting historical value"
"imp-002","importance","medium","Study provides useful contemporary snapshot with moderate historical value; findings are well-represented in the broader literature"
"imp-003","importance","low","Study provides limited unique insight; findings are either trivial, widely duplicated, or poorly documented"
"in-place-upgrade","strategy_type","In-Place Upgrade Strategy","Strategy of web-enabling applications on existing mainframe hardware rather than migrating or rewriting"
"ind-analysis","methodology","Ind Analysis","Study-specific code: IND-ANALYSIS"
"industry-analysis","methodology_code","Industry Analysis","Qualitative and quantitative assessment of industry trends, competitive dynamics, and market conditions using publicly available information"
"industry-assessment","methodology","Industry Assessment","Study-specific code: industry-assessment"
"industry-claim","methodology","Industry Claim","Study-specific code: industry-claim"
"industry-commentary","methodology","Industry Commentary","Study-specific code: industry-commentary"
"industry-consensus","methodology","Industry Consensus","Study-specific code: industry-consensus"
"industry-context","observation_type","Industry Context","Study-specific code: industry-context"
"industry-data","methodology_code","Industry Data","Methodology: Third-party industry research or market data"
"industry-estimate","methodology","Industry Estimate","Study-specific code: industry-estimate"
"industry-forecast","methodology","Industry Forecast","Study-specific code: industry-forecast"
"industry-knowledge","methodology","Industry Knowledge","Study-specific code: industry-knowledge"
"industry-observation","methodology","Industry Observation","Study-specific code: industry-observation"
"industry-outcome","methodology","Industry Outcome","Study-specific code: industry-outcome"
"industry-profile-table","methodology","Industry Profile Table","Study-specific code: industry-profile-table"
"industry-report","methodology","Industry Report","Study-specific code: industry-report"
"industry-research","methodology","Industry Research","Study-specific code: industry-research"
"industry-survey","methodology","Industry Survey","Study-specific code: industry-survey"
"industry-vertical","observation_type","Industry Vertical","Study-specific code: industry-vertical"
"inferred","methodology_code","Inferred","Value inferred by the archivist from context in the original text."
"inflation-adjustment","methodology","Inflation Adjustment","Study-specific code: inflation-adjustment"
"influencer-strategy","observation_type","Influencer Strategy","Study-specific code: influencer-strategy"
"informix_role","observation_type","Informix_Role","Study-specific code: informix_role"
"infoworld-attribution","methodology","Infoworld Attribution","Study-specific code: InfoWorld-attribution"
"infoworld-comparison","methodology","Infoworld Comparison","Study-specific code: InfoWorld-comparison"
"infoworld-context","methodology","Infoworld Context","Study-specific code: InfoWorld-context"
"infoworld-feature","methodology","Infoworld Feature","Study-specific code: InfoWorld-feature"
"infoworld-quotation","methodology","Infoworld Quotation","Study-specific code: InfoWorld-quotation"
"infoworld_circulation","observation_type","Infoworld_Circulation","Study-specific code: infoworld_circulation"
"infra-profile","observation_type","Infra Profile","Study-specific code: infra-profile"
"infrastructure-event","observation_type","Infrastructure Event","Study-specific code: infrastructure-event"
"infrastructure-fragility","observation_type","Infrastructure Fragility","Study-specific code: infrastructure-fragility"
"innovation-assessment","observation_type","Innovation Assessment","Study-specific code: innovation-assessment"
"institutional-claim","observation_type","Institutional Claim","Study-specific code: institutional-claim"
"integration-technology","tech_category","Integration Technology","Technology or methodology for connecting disparate applications"
"intelligent_apps_def","observation_type","Intelligent_Apps_Def","Study-specific code: intelligent_apps_def"
"internal","methodology_code","Internal Research","Based on the author's or organization's internal research and benchmarking."
"internal-communication","observation_type","Internal Communication","Study-specific code: internal-communication"
"internal-correspondence","methodology","Internal Correspondence","Study-specific code: internal-correspondence"
"internal-dec-memo","methodology","Internal Dec Memo","Study-specific code: internal-DEC-memo"
"internal-engineering","methodology","Internal Engineering","Study-specific code: internal-engineering"
"internal-training","methodology","Internal Training","Study-specific code: internal-training"
"interview","methodology","Interview","Study-specific code: interview"
"interview-design","methodology","Interview Design","Study-specific code: interview-design"
"interview-research","methodology","Interview Research","Study-specific code: interview-research"
"investor-market","observation_type","Investor Market","Study-specific code: investor-market"
"io_per_transaction","observation_type","Io_Per_Transaction","Study-specific code: io_per_transaction"
"ip-assertion","observation_type","Ip Assertion","Study-specific code: ip-assertion"
"ip-ownership","observation_type","Ip Ownership","Study-specific code: ip-ownership"
"ip-term","observation_type","Ip Term","Study-specific code: ip-term"
"ip-usage-constraint","observation_type","Ip Usage Constraint","Study-specific code: ip-usage-constraint"
"is","methodology_code","Is","Information Systems/Information Services buyer perspective"
"is-reported","methodology_code","IS Reported","Methodology: Data reported by IS staff in on-site interviews"
"isp","methodology_code","Isp","Internet Service Provider industry context"
"isv","entity_type","Independent Software Vendor","Software company building applications on third-party platforms"
"it-budget-management","subject_domain","IT Budget Management","Domain covering IT spending governance, cost optimization, budget processes, and alignment of IT investment with business strategy"
"journalistic-analysis","methodology","Journalistic Analysis","Study-specific code: journalistic-analysis"
"kastner-analysis","methodology","Kastner Analysis","Study-specific code: KASTNER-ANALYSIS"
"kastner-coauthor-prior-batch-context","observation_type","Kastner Coauthor Prior Batch Context","Study-specific code: kastner-coauthor-prior-batch-context"
"kastner-collaborator","observation_type","Kastner Collaborator","Study-specific code: kastner-collaborator"
"kastner-coverage-scope-1997","observation_type","Kastner Coverage Scope 1997","Study-specific code: kastner-coverage-scope-1997"
"kastner-employer-transition","observation_type","Kastner Employer Transition","Study-specific code: kastner-employer-transition"
"kastner-internal-observation","observation_type","Kastner Internal Observation","Study-specific code: kastner-internal-observation"
"kastner-prediction-audit","methodology","Kastner Prediction Audit","Study-specific code: kastner-prediction-audit"
"kastner-title","observation_type","Kastner Title","Study-specific code: kastner-title"
"kastner_authorship","observation_type","Kastner_Authorship","Study-specific code: kastner_authorship"
"kastner_career_lineage","observation_type","Kastner_Career_Lineage","Study-specific code: kastner_career_lineage"
"kastner_endorsement","observation_type","Kastner_Endorsement","Study-specific code: kastner_endorsement"
"kastner_quote","observation_type","Kastner_Quote","Study-specific code: kastner_quote"
"kastner_role","observation_type","Kastner_Role","Study-specific code: kastner_role"
"kastner_title_evolution","observation_type","Kastner_Title_Evolution","Study-specific code: kastner_title_evolution"
"kittell_analogy","observation_type","Kittell_Analogy","Study-specific code: kittell_analogy"
"kpi","observation_type","Kpi","Study-specific code: kpi"
"lab-evaluation","methodology","Lab Evaluation","Study-specific code: lab-evaluation"
"lab-journal","study_type","Lab Journal","Aberdeen Group format for hands-on product evaluations; first-person account of researcher's direct experience with a specific product or technology"
"lc-001","lifecycle_at_study","emerging","Technology or category in early growth phase at study date; limited adoption; significant uncertainty about trajectory"
"lc-002","lifecycle_at_study","growth","Technology or category in rapid adoption phase at study date; expanding customer base; increasing investment"
"lc-003","lifecycle_at_study","mature","Technology or category with broad adoption and stable market at study date; incremental innovation; price competition"
"lc-004","lifecycle_current","active","Technology or category remains in active use and development as of knowledge cutoff"
"lc-005","lifecycle_current","evolved","Technology or category has transformed significantly from original form but core concept persists under different branding or architecture"
"lc-006","lifecycle_current","obsolete","Technology or category no longer in mainstream use; superseded by alternatives; legacy installations only"
"lc-007","lifecycle_current","discontinued","Technology or product formally ended; no active development or support; explicitly decommissioned"
"lc-008","lifecycle_current","dominant","Technology or category has become the primary standard or de facto approach in its domain"
"lc-009","lifecycle_current","subsumed","Technology or category absorbed into or replaced by a broader platform or successor technology"
"legacy","lifecycle_status","Legacy","Product no longer actively marketed but may still receive limited support"
"legacy-supported","lifecycle","Legacy Supported","Technology still maintained for existing users but no longer actively developed or sold"
"legal-action","methodology","Legal Action","Study-specific code: legal-action"
"legal-engagement","observation_type","Legal Engagement","Study-specific code: legal-engagement"
"legal-reporting","methodology","Legal Reporting","Study-specific code: legal-reporting"
"legal-settlement","methodology","Legal Settlement","Study-specific code: legal-settlement"
"lesson-learned","observation_type","Lesson Learned","Study-specific code: lesson-learned"
"lifecycle-model","observation_type","Lifecycle Model","Study-specific code: lifecycle-model"
"limitation","methodology","Limitation","Study-specific code: limitation"
"literature-citation","methodology","Literature Citation","Study-specific code: literature-citation"
"literature-context","methodology","Literature Context","Study-specific code: literature-context"
"local-data-point","observation_type","Local Data Point","Study-specific code: local-data-point"
"logan-title","observation_type","Logan Title","Study-specific code: logan-title"
"logan_aberdeen_quote","observation_type","Logan_Aberdeen_Quote","Study-specific code: logan_aberdeen_quote"
"logan_audit_principle","observation_type","Logan_Audit_Principle","Study-specific code: logan_audit_principle"
"longitudinal-analysis","methodology","Longitudinal analysis","Multi-period interpretation across technology and corporate lifecycle phases."
"longitudinal-decomposition","observation_type","Longitudinal Decomposition","Phase or period assignment in a single-entity longitudinal study"
"longitudinal-single-entity","methodology","Longitudinal Single-Entity","Deep-dive study of one firm across all archive decades"
"low","confidence","Low Confidence","Finding is inferred from limited evidence in the source text or involves significant extrapolation"
"mac-system7","platform","Macintosh System 7","Apple Macintosh System 7"
"magazine-imprint","methodology","Magazine Imprint","Study-specific code: magazine-imprint"
"mainframe-web-enablement","subject_domain","Mainframe Web Enablement","Domain covering tools and strategies for connecting legacy mainframe applications to the World Wide Web"
"mainstream","lifecycle","Mainstream","Technology has achieved mainstream adoption."
"malware","tech_category","Malware","Software designed to damage or gain unauthorized access to computer systems"
"manufacturing_case_history","observation_type","Manufacturing_Case_History","Study-specific code: manufacturing_case_history"
"map","framework","Manageability-Availability-Performance","HP framework for enterprise IT requirements: Manageability, Availability, Performance."
"market-analysis","methodology","Market Analysis","Estimation and segmentation of market size, growth, and competitive structure"
"market-assessment","obs_type","Market Assessment","Analyst evaluation of a product's or company's competitive standing in the market"
"market-assumption","observation_type","Market Assumption","Study-specific code: market-assumption"
"market-barrier","observation_type","Market Barrier","Study-specific code: market-barrier"
"market-building-channels","observation_type","Market Building Channels","Study-specific code: market-building-channels"
"market-building-strategy","observation_type","Market Building Strategy","Study-specific code: market-building-strategy"
"market-capability","observation_type","Market Capability","Study-specific code: market-capability"
"market-category-creation","observation_type","Market Category Creation","Study-specific code: market-category-creation"
"market-claim","observation_type","Market Claim","Study-specific code: market-claim"
"market-classification","observation_type","Market Classification","Study-specific code: market-classification"
"market-conclusion","observation_type","Market Conclusion","Study-specific code: market-conclusion"
"market-condition","observation_type","Market Condition","Study-specific code: market-condition"
"market-context","observation_category","Market Context","Broader market or industry context finding"
"market-data","observation_type","Market Data","Quantitative or qualitative data point about market size, pricing, cost structures, or commercial dynamics derived from research"
"market-definition","observation_type","Market Definition","Aberdeen defines a market category or concept"
"market-driver","observation_type","Market Driver","Identified force driving market growth or change"
"market-estimate","methodology","Market Estimate","Study-specific code: market-estimate"
"market-event","observation_type","Market Event","Study-specific code: market-event"
"market-expansion","obs_type","Market Expansion","Description of a vendor's strategy to expand into new market segments"
"market-finding","observation_type","Market Finding","An empirical or analytical finding about the market"
"market-forecast","observation_type","Market Forecast","Study-specific code: market-forecast"
"market-growth","observation_type","Market Growth","Study-specific code: market-growth"
"market-insight","observation_type","Market Insight","Study-specific code: market-insight"
"market-metric","observation_type","Market Metric","Study-specific code: market-metric"
"market-need","observation_type","Market Need","Identified unmet need in the market"
"market-observation","observation_type","Market Observation","Study-specific code: market-observation"
"market-opportunity","observation_type","Market Opportunity","Study-specific code: market-opportunity"
"market-overview","methodology","Market Overview","Study-specific code: market-overview"
"market-position","observation_type","Market Position","Study-specific code: market-position"
"market-positioning","observation_type","Market Positioning","Strategic market positioning information"
"market-quote","observation_type","Market Quote","Study-specific code: market-quote"
"market-reaction","observation_type","Market Reaction","Study-specific code: market-reaction"
"market-readiness","observation_type","Market Readiness","Study-specific code: market-readiness"
"market-requirement","observation_type","Market Requirement","Study-specific code: market-requirement"
"market-research","observation_type","Market Research","Observation derived from primary or secondary market research data."
"market-research-design","observation_type","Market Research Design","Study-specific code: market-research-design"
"market-research-method","observation_type","Market Research Method","Study-specific code: market-research-method"
"market-risk","observation_type","Market Risk","Study-specific code: market-risk"
"market-scope","observation_type","Market Scope","Definition of market boundaries, segments, channels, or verticals."
"market-segment","observation_type","Market Segment","Study-specific code: market-segment"
"market-segment-archetype","observation_type","Market Segment Archetype","Study-specific code: market-segment-archetype"
"market-share","methodology","Market Share Analysis","Calculation of entity revenue as percentage of total market revenue"
"market-size","observation_type","Market Size","Quantitative estimate of market value or volume"
"market-size-estimate","observation_type","Market Size Estimate","Study-specific code: market-size-estimate"
"market-sizing","observation_type","Market Sizing","Study-specific code: market-sizing"
"market-stat","observation_type","Market Statistic","Quantified market data point"
"market-strategy","observation_type","Market Strategy","Study-specific code: market-strategy"
"market-study","study_type","Market Study","Research publication analyzing market conditions and providing strategic recommendations"
"market-survey","methodology","Market Survey","Study-specific code: market-survey"
"market-timing","observation_type","Market Timing","Study-specific code: market-timing"
"market-tracking","methodology","Market Tracking","Study-specific code: market-tracking"
"market-trend","observation_type","Market Trend","Directional market movement or adoption pattern."
"marketing-asset","observation_type","Marketing Asset","Study-specific code: marketing-asset"
"marketing-channel","observation_type","Marketing Channel","Study-specific code: marketing-channel"
"marketing-claim","methodology","Marketing Claim","Study-specific code: marketing-claim"
"marketing-copy","observation_type","Marketing Copy","Study-specific code: marketing-copy"
"marketing-workshop","observation_type","Marketing Workshop","Study-specific code: marketing-workshop"
"mature","lifecycle","Mature","Technology fully developed with established market and widespread adoption"
"mc-001","methodology_code","industry-analysis","Analysis based on aggregate market data, competitive landscape, and published information."
"mc-002","methodology_code","benchmarking","Performance measurement using standardized test procedures."
"mc-003","methodology_code","user-interviews","Primary research via structured or semi-structured interviews with end-user practitioners."
"mc-004","methodology_code","expert-opinion","Qualitative assessment by domain expert based on accumulated experience."
"mc-005","methodology_code","comparative-analysis","Systematic comparison of two or more products, vendors, or strategies across defined dimensions."
"mc-006","methodology_code","market-sizing","Estimation of total addressable market size using top-down or bottom-up methods."
"mc-007","methodology_code","historical-record","Post-study documentation of actual outcomes drawn from public record or industry history."
"mc-008","methodology_code","competitive-analysis","Structured analysis of competing products or vendors across defined criteria."
"mc-anal","methodology_code","industry-analysis","Secondary analysis of market trends, competitive dynamics, and industry structure"
"mc-bench","methodology_code","benchmarking","Comparative analysis against defined performance standards or peer groups"
"mc-eo","methodology","Mc Eo","Study-specific code: MC-EO"
"mc-ia","methodology","Mc Ia","Study-specific code: MC-IA"
"mc-oh","methodology","Mc Oh","Study-specific code: MC-OH"
"mc-qual","methodology_code","qualitative-research","Interviews, focus groups, or case study methodology"
"mc-surv","methodology_code","survey-research","Primary data collection through structured questionnaires or polls"
"meas","methodology","Measured/Empirical","Directly measured or empirically observed value from testing or benchmarking"
"measurement-framework","observation_type","Measurement Framework","Study-specific code: measurement-framework"
"measurement-principle","observation_type","Measurement Principle","Study-specific code: measurement-principle"
"media-relations","observation_type","Media Relations","Study-specific code: media-relations"
"medium","confidence","Medium Confidence","Finding supported by qualitative analysis, expert interpretation, or retrospective assessment with reasonable evidence"
"memo-calculation","methodology","Memo Calculation","Study-specific code: memo-calculation"
"memo-conclusion","methodology","Memo Conclusion","Study-specific code: memo-conclusion"
"memo-header","methodology","Memo Header","Study-specific code: memo-header"
"memo-quotation","methodology","Memo Quotation","Study-specific code: memo-quotation"
"memo-spec","methodology","Memo Spec","Study-specific code: memo-spec"
"memo_author_location","observation_type","Memo_Author_Location","Study-specific code: memo_author_location"
"memo_classification","observation_type","Memo_Classification","Study-specific code: memo_classification"
"merged","entity_status","Merged","Organization merged with one or more entities to form new entity"
"messaging-framework","observation_type","Messaging Framework","Study-specific code: messaging-framework"
"meta","methodology_code","Meta","Metadata management and governance"
"meth-001","methodology_code","industry-analysis","Broad assessment of industry structure, competitive dynamics, and market trends based on secondary research and analyst synthesis"
"meth-002","methodology_code","competitive-profiling","Detailed examination of a specific company's products, strategy, infrastructure, and market position"
"meth-003","methodology_code","expert-opinion","Findings based primarily on analyst judgment, interviews, or qualitative assessment rather than systematic quantitative research"
"methodological-assessment","observation_type","Methodological Assessment","Study-specific code: methodological-assessment"
"methodology","observation_type","Methodology","Study-specific code: methodology"
"methodology-description","observation_type","Methodology Description","Study-specific code: methodology-description"
"methodology-note","observation_type","Methodology note","Observation documenting rules or method constraints."
"methodology-observation","observation_type","Methodology Observation","Study-specific code: methodology-observation"
"metric","observation_type","Metric","Study-specific code: metric"
"metric-value","observation_type","Metric Value","Study-specific code: metric-value"
"miami_dade_use_case","observation_type","Miami_Dade_Use_Case","Study-specific code: miami_dade_use_case"
"microsoft-collaborator","observation_type","Microsoft Collaborator","Study-specific code: microsoft-collaborator"
"midrange_market_size","observation_type","Midrange_Market_Size","Study-specific code: midrange_market_size"
"migration-complexity","observation_type","Migration Complexity","Study-specific code: migration-complexity"
"migration-profile","observation_type","Migration Profile","Study-specific code: migration-profile"
"migration-strategy","observation_type","Migration Strategy","Approach for technology migration or transition"
"missing_2pc","observation_type","Missing_2Pc","Study-specific code: missing_2pc"
"mission","observation_type","Mission","Study-specific code: mission"
"mktdata","methodology","Market Data","Published market data including pricing, volumes, and industry statistics"
"mobile-platform","tech_category","Mobile Platform","Integrated hardware and software platform for portable computing devices"
"multi-stage-model","observation_type","Multi Stage Model","Study-specific code: multi-stage-model"
"multi_vendor_diagram","observation_type","Multi_Vendor_Diagram","Study-specific code: multi_vendor_diagram"
"mw","methodology_code","Mw","Market/field research methodology used by Aberdeen"
"naming-critique","observation_type","Naming Critique","Study-specific code: naming-critique"
"negative","sentiment","Negative","Observation conveys an unfavorable or weak result"
"network-computing","technology-era","Network Computing","IBM term for distributed computing over networks; the 1997 successor to client-server paradigm."
"network-infrastructure","subject_domain","Network Infrastructure","Enterprise networking infrastructure including NOS VPN intranet"
"networking","tech_category","Networking","Network protocols and transmission technologies"
"neutral","sentiment","Neutral","Observation is factual with no evaluative tone"
"new-market-approach","observation_type","New Market Approach","Study-specific code: new-market-approach"
"news","methodology","News/Reported Event","Publicly reported incident or event cited as evidence in the study"
"news-report","methodology","News Report","Study-specific code: news-report"
"news-reporting","methodology","News Reporting","Study-specific code: news-reporting"
"newsletter-cross-reference","methodology","Newsletter Cross Reference","Study-specific code: newsletter-cross-reference"
"newsletter-direct-mention","methodology","Newsletter Direct Mention","Study-specific code: newsletter-direct-mention"
"newsletter-direct-quote","methodology","Newsletter Direct Quote","Study-specific code: newsletter-direct-quote"
"newsletter-vendor-supplied-data","methodology","Newsletter Vendor Supplied Data","Study-specific code: newsletter-vendor-supplied-data"
"niche","tech_lifecycle","Niche","Technology persists in specialized or niche markets"
"niche-production","lifecycle","Niche Production","Technology is in production but serving a niche market segment."
"normal_environment_factor","observation_type","Normal_Environment_Factor","Study-specific code: normal_environment_factor"
"not-applicable","importance","Not Applicable","Importance assessment is not applicable"
"nurture-strategy","observation_type","Nurture Strategy","Study-specific code: nurture-strategy"
"obsolete","lifecycle","Obsolete","Technology no longer in active use or commercial support; superseded by successor technologies"
"offer","observation_type","Offer","Study-specific code: offer"
"oh","methodology","Oh","Study-specific code: OH"
"olap","technology-category","Online Analytical Processing","Multi-dimensional analytical database operations: drill-down, roll-up, slicing."
"old_vs_new_role_of_it","observation_type","Old_Vs_New_Role_Of_It","Study-specific code: old_vs_new_role_of_it"
"oltp","technology-category","Online Transaction Processing","High-volume real-time database transaction workloads."
"open-standards","observation_type","Open Standards","Information about open standards compliance or API design"
"openvms-alpha","platform","OpenVMS Alpha","Digital's OpenVMS on Alpha architecture"
"openvms-vax","platform","OpenVMS VAX","Digital's OpenVMS on VAX architecture"
"operating-system","tech_category","Operating System","System software managing computer hardware and providing services for application software"
"operational-event","observation_type","Operational Event","Study-specific code: operational-event"
"operational-metric","observation_type","Operational Metric","Study-specific code: operational-metric"
"operational-threshold","observation_type","Operational Threshold","Study-specific code: operational-threshold"
"oral","methodology","Oral","Study-specific code: ORAL"
"oral-history","methodology","Oral History","First-person spoken or written recollection of events"
"org-attribute","observation_type","Organizational Attribute","Non-financial attribute of an organization"
"org-fact","observation_type","Org Fact","Study-specific code: org-fact"
"org-metric","observation_type","Organizational Metric","Metric about an organization such as headcount or revenue"
"org-profile","observation_type","Org Profile","Study-specific code: org-profile"
"org-role","observation_type","Org Role","Study-specific code: org-role"
"org-structure","observation_type","Org Structure","Study-specific code: org-structure"
"organization","entity_type","Organization","A company, consortium, or standards body"
"organizational","observation_type","Organizational","Study-specific code: organizational"
"organizational-characteristic","observation_type","Organizational Characteristic","Study-specific code: organizational-characteristic"
"organizational-fact","observation_type","Organizational Fact","Study-specific code: organizational-fact"
"os2","platform","OS/2","IBM OS/2"
"os400","platform","OS/400","IBM AS/400 OS/400 (forthcoming in v2.6)"
"ot-001","observation_type","strategy-classification","Classifies a company's strategic positioning, business model archetype, or competitive approach as observed or assessed by the analyst"
"ot-002","observation_type","viability-prediction","A forward-looking prediction made at time of study about future market direction, technology adoption, or company success; enables retrospective accuracy assessment"
"ot-003","observation_type","actual-outcome","A documented real-world outcome that occurred after the study's publication date; used to assess predictive accuracy and historical impact; sourced from post-publication record"
"ot-004","observation_type","technology-assessment","An evaluative statement about a specific technology's capabilities, limitations, architecture, or competitive differentiation based on research or analysis"
"ot-005","observation_type","benchmark-result","A quantitative or qualitative performance measurement result from a formal benchmark, test, or structured evaluation methodology"
"ot-006","observation_type","framework-factor","A component or level within an analytical framework, model, or taxonomy presented in the study; captures structured multi-part analytical constructs"
"ot-007","observation_type","market-data","Quantitative or factual market information including customer counts, growth rates, market share, pricing, adoption statistics, and competitive landscape facts"
"ot-008","observation_type","expert-opinion","An interpretive or evaluative statement representing the analyst's or a cited expert's informed judgment, not directly derived from quantitative data"
"ot-expt","observation_type","expert-opinion","An interpretive or analytical statement by the study author or research team"
"ot-frmk","observation_type","framework","A conceptual model, research framework, or analytical classification scheme"
"ot-kpi","observation_type","key-performance-indicator","A named metric used to evaluate organizational performance against benchmarks"
"ot-mrkt","observation_type","market-data","Quantitative data about market size, scope, or industry participation"
"ot-pred","observation_type","prediction","A forward-looking forecast or projection about future trends or adoption rates"
"ot-rank","observation_type","ranking","An ordered comparison or prioritized list of items by measured criteria"
"ot-stat","observation_type","statistic","A quantitative measurement or percentage derived from survey data or benchmark analysis"
"ot-surv","observation_type","survey-finding","A finding or data point derived from primary survey research"
"ot-tech","observation_type","technology-assessment","An evaluation of a technology's maturity, adoption, or strategic positioning"
"outcome","observation_type","Outcome","Study-specific code: outcome"
"outcome-assessment","observation_type","Outcome Assessment","Study-specific code: outcome-assessment"
"pain-point","observation_type","Pain Point","Study-specific code: pain-point"
"partner-profile","observation_type","Partner Profile","Study-specific code: partner-profile"
"partnership","obs_type","Partnership","Business partnership or alliance information"
"partnership-assessment","observation_type","Partnership Assessment","Evaluation of the importance or status of a vendor partnership or alliance."
"partnership-metric","observation_type","Partnership Metric","Information about partnerships or alliances"
"partnership-model","observation_type","Partnership Model","Study-specific code: partnership-model"
"partnership-observation","observation_type","Partnership Observation","Study-specific code: partnership-observation"
"partnership-type","observation_type","Partnership Type","Type and nature of a partnership arrangement"
"performance-assessment","observation_type","Performance Assessment","Subjective or qualitative evaluation of system performance."
"performance-claim","observation_type","Performance Claim","Assertion about technology performance improvement"
"performance-model","observation_type","Performance Model","Study-specific code: performance-model"
"performance-tuning-finding","observation_type","Performance Tuning Finding","Study-specific code: performance-tuning-finding"
"person","entity_type","Person","Individual contributor or author."
"personal-attribute","observation_type","Personal Attribute","Study-specific code: personal-attribute"
"personal-opinion","methodology","Personal Opinion","Study-specific code: personal-opinion"
"personal-recollection","observation_type","Personal Recollection","First-person memory or anecdote from Kastner"
"personal-statement","methodology","Personal Statement","Study-specific code: personal-statement"
"planned-feature","observation_type","Planned Feature","Announced but not yet available product feature"
"planning-parameter","observation_type","Planning Parameter","Organizational planning assumption or target."
"platform-support","obs_type","Platform Support","Description of supported operating systems, hardware platforms, or environments"
"platform-vendor-referenced","entity_role","Platform Vendor Referenced","Vendor whose platform is mentioned as supported"
"point-solution","tech_category","Point Solution","Standalone application addressing a single functional domain"
"policy-endorsement","observation_type","Policy Endorsement","Study-specific code: policy-endorsement"
"policy-recommendation","observation_type","Policy Recommendation","Study-specific code: policy-recommendation"
"political-statement","methodology","Political Statement","Study-specific code: political-statement"
"positioning-context","observation_type","Positioning Context","Study-specific code: positioning-context"
"positioning-recommendation","observation_type","Positioning Recommendation","Study-specific code: positioning-recommendation"
"positive","sentiment","Positive","Observation conveys a favorable or strong result"
"post-hoc","methodology","Post Hoc","Study-specific code: post-hoc"
"pr","methodology_code","Pr","Aberdeen Vendor Profile report methodology"
"practice-areas","observation_type","Practice Areas","Study-specific code: practice-areas"
"practice-attribution","observation_type","Practice Attribution","Study-specific code: practice-attribution"
"practice-framework","observation_type","Practice Framework","Study-specific code: practice-framework"
"practitioner-experience","methodology","Practitioner Experience","Study-specific code: practitioner-experience"
"pre-001","prescience","high","Study's predictions and assessments proved largely accurate; key forecasts confirmed by subsequent events"
"pre-002","prescience","medium","Study's predictions proved partially accurate; mixed record of confirmed and failed forecasts"
"pre-003","prescience","low","Study's key predictions proved inaccurate or the analysis fundamentally misread the market direction"
"pre-release","lifecycle_status","Pre-Release","Product announced but not yet commercially available at time of assessment"
"prediction","observation_type","Prediction","Study-specific code: prediction"
"prediction-audit","methodology","Prediction Audit","Study-specific code: prediction-audit"
"prediction-outcome-analysis","methodology","Prediction outcome analysis","Assessment of earlier strategic claims against later outcomes."
"prediction-verified","methodology","Prediction Verified","Study-specific code: prediction-verified"
"prediction-vs-outcome-scorecard","methodology","Prediction vs Outcome Scorecard","Tabulation of viability predictions against actual outcomes"
"predictive_agents_promise","observation_type","Predictive_Agents_Promise","Study-specific code: predictive_agents_promise"
"prescience-assessment","observation_type","Prescience Assessment","Study-specific code: prescience-assessment"
"prescience-retrospective","methodology","Prescience Retrospective","Study-specific code: prescience-retrospective"
"prescience-vindication","observation_type","Prescience Vindication","Retrospective evidence that an earlier prediction was borne out"
"prescriptive-framework","methodology","Prescriptive Framework","Study-specific code: prescriptive-framework"
"presentation","methodology","Presentation","Study-specific code: presentation"
"presentation-format","observation_type","Presentation Format","Study-specific code: presentation-format"
"preservation-note","observation_type","Preservation Note","Study-specific code: preservation-note"
"press-quote","methodology","Press Quote","Study-specific code: press-quote"
"press-relations","observation_type","Press Relations","Study-specific code: press-relations"
"press-release","methodology","Press Release","Study-specific code: press-release"
"previous-generation","lifecycle","Previous Generation","Technology was one generation behind at study time."
"price-point","observation_type","Price Point","Study-specific code: price-point"
"price-tracking","methodology","Price Tracking","Study-specific code: price-tracking"
"pricing","observation_type","Pricing","Product or service pricing information"
"pricing-data","observation_type","Pricing Data","Study-specific code: pricing-data"
"primary","methodology","Primary","Study-specific code: primary"
"primary-archival","methodology","Primary Archival","Study-specific code: primary-archival"
"primary-doc","methodology","Primary Doc","Study-specific code: primary-doc"
"primary-document","methodology","Primary Document","Study-specific code: primary-document"
"primary-observation","observation_type","Primary Observation","Study-specific code: primary-observation"
"primary-research","methodology","Primary Research","Study-specific code: primary-research"
"primary-source","methodology","Primary Source","Study-specific code: primary-source"
"primary-source-benchmark","methodology","Primary Source Benchmark","Study-specific code: primary-source-benchmark"
"primary-source-quote","methodology","Primary Source Quote","Study-specific code: primary-source-quote"
"primary-source-spec","methodology","Primary Source Spec","Study-specific code: primary-source-spec"
"primary-source-translation","methodology","Primary Source Translation","Study-specific code: primary-source-translation"
"primary-source-vendor","methodology","Primary Source Vendor","Study-specific code: primary-source-vendor"
"primary-survey","methodology","Primary Survey","Study-specific code: primary-survey"
"primary-vendor","entity_role","Primary Vendor","The vendor whose product is the subject of the study"
"primary-via-wsj-1993-01-18","methodology","Primary Via Wsj 1993 01 18","Study-specific code: primary-via-WSJ-1993-01-18"
"primary_drivers_europe","observation_type","Primary_Drivers_Europe","Study-specific code: primary_drivers_europe"
"primary_drivers_japan","observation_type","Primary_Drivers_Japan","Study-specific code: primary_drivers_japan"
"primary_drivers_us","observation_type","Primary_Drivers_Us","Study-specific code: primary_drivers_us"
"primer-text","methodology","Primer Text","Study-specific code: primer-text"
"process-record","observation_type","Process Record","Study-specific code: process-record"
"processor","tech_category","Processor","Central processing unit microchip executing computer program instructions"
"procurement","observation_type","Procurement","Study-specific code: procurement"
"procurement-behavior","observation_type","Procurement Behavior","Organizational purchasing decisions or patterns."
"product-analysis","methodology","Product Analysis","Study-specific code: product-analysis"
"product-announcement","methodology","Product Announcement","Study-specific code: product-announcement"
"product-comparison","methodology","Product Comparison","Side-by-side comparison of competing products"
"product-context","observation_type","Product Context","Contextual details about a product's positioning or presence"
"product-decision","methodology","Product Decision","Study-specific code: product-decision"
"product-demo","methodology_code","Product Demo","Findings based on direct product demonstration evaluation"
"product-description","obs_type","Product Description","Factual description of a product's features or capabilities"
"product-division","entity_type","Product Division","A business division focused on specific products"
"product-documentation","methodology","Product Documentation","Study-specific code: product-documentation"
"product-eval","methodology","Product Eval","Direct evaluation of vendor product capabilities"
"product-evaluation","observation_type","Product Evaluation","Analysis based on product feature assessment by Aberdeen analysts"
"product-fact","observation_type","Product Fact","Study-specific code: product-fact"
"product-feature","methodology_code","Product Feature","Methodology: Documented product feature from vendor materials"
"product-introduction","observation_type","Product Introduction","Study-specific code: product-introduction"
"product-launch","observation_type","Product Launch","Study-specific code: product-launch"
"product-module","obs_type","Product Module","Named functional module within a product suite"
"product-positioning","observation_type","Product Positioning","Study-specific code: product-positioning"
"product-profile","study_type","Product Profile","A detailed evaluation of a specific vendor's product, including features, competitive positioning, and buying recommendations"
"product-profiling","methodology","Product Profiling","In-depth examination of a specific product's features and positioning"
"product-reference","methodology","Product Reference","Study-specific code: product-reference"
"product-release","methodology","Product Release","Study-specific code: product-release"
"product-review","methodology_code","Product Review","Product capability assessment based on product evaluation"
"product-roadmap","observation_type","Product Roadmap","Study-specific code: product-roadmap"
"product-spec","observation_type","Product Specification","Technical specification or product capability detail"
"product-specification","methodology","Product Specification","Study-specific code: product-specification"
"product-testing","methodology_code","Product Testing","Hands-on evaluation of a specific product through direct use, installation, and functionality testing by the researcher"
"production","lifecycle","Production","Technology is in active production use."
"productivity","methodology","Productivity","Study-specific code: productivity"
"productivity-suite","tech_category","Productivity Suite","Bundled office application software for document creation and business tasks"
"profit","obs_type","Profit Data","Company financial profit figure"
"program-benefit","observation_type","Program Benefit","Articulated benefit of a program or initiative"
"project-assessment","observation_type","Project Assessment","Study-specific code: project-assessment"
"project-deliverable","observation_type","Project Deliverable","Study-specific code: project-deliverable"
"project-timeline","observation_type","Project Timeline","Study-specific code: project-timeline"
"protocol-support","obs_type","Protocol Support","Description of supported networking or communication protocols"
"ps2_lan_for_case","observation_type","Ps2_Lan_For_Case","Study-specific code: ps2_lan_for_case"
"psychometric-assessment","methodology","Psychometric Assessment","Study-specific code: psychometric-assessment"
"public-financials","methodology_code","Public Financials","Publicly available financial statements or SEC filings"
"public-health-data","methodology","Public Health Data","Study-specific code: public-health-data"
"public-record","methodology","Public Record","Fact verified from public records, press releases, or historical sources"
"public-statement","methodology","Public Statement","Study-specific code: public-statement"
"publication","observation_type","Publication","Study-specific code: publication"
"publication-metadata","methodology","Publication Metadata","Study-specific code: publication-metadata"
"publication-process","observation_type","Publication Process","Study-specific code: publication-process"
"publication-types","observation_type","Publication Types","Study-specific code: publication-types"
"published-data","methodology","Published Data","Study-specific code: published-data"
"publisher","role_in_study","Publisher","Organization responsible for distribution of the study"
"publishing-channels","observation_type","Publishing Channels","Study-specific code: publishing-channels"
"publishing-workflow","observation_type","Publishing Workflow","Study-specific code: publishing-workflow"
"purchase-intent","observation_type","Purchase Intent","Study-specific code: purchase-intent"
"qual","methodology_code","Qualitative Analysis","Expert judgment, interview-based findings, and qualitative interpretation of survey data and industry trends"
"qual-expert","methodology","Qualitative Expert Assessment","Observation derived from expert qualitative judgment, analyst opinion, or focus-group-informed estimates"
"qualitative","methodology","Qualitative","Study-specific code: qualitative"
"qualitative-analysis","methodology","Qualitative Analysis","Study-specific code: qualitative-analysis"
"qualitative-assessment","observation_type","Qualitative Assessment","Study-specific code: qualitative-assessment"
"qualitative-focus-group","methodology","Qualitative Focus Group","Study-specific code: qualitative-focus-group"
"qualitative-interviews","methodology","Qualitative Interviews","Study-specific code: qualitative-interviews"
"quality-standard","observation_type","Quality Standard","Study-specific code: quality-standard"
"quant-survey","methodology","Quantitative Survey","Observation derived from structured quantitative survey data or statistical analysis"
"quantitative-analysis","methodology","Quantitative Analysis","Study-specific code: quantitative-analysis"
"quantitative-survey","methodology","Quantitative Survey","Study-specific code: quantitative-survey"
"quantitative-tracking-2004-2006","methodology","Quantitative Tracking 2004 2006","Study-specific code: quantitative-tracking-2004-2006"
"queue-manager","domain","Queue Manager","Core Commercial Messaging component handling queues, connections between Queue Managers, and message routing across the enterprise network"
"ramp-interview","methodology","Ramp Interview","Study-specific code: ramp-interview"
"ramp-methodology","methodology","Ramp Methodology","Study-specific code: RAMP-methodology"
"ramp-survey-design","methodology","Ramp Survey Design","Study-specific code: ramp-survey-design"
"ranked-allocation","methodology","Ranked Allocation","Study-specific code: ranked-allocation"
"rdb_role","observation_type","Rdb_Role","Study-specific code: rdb_role"
"rebranded","entity_status","Rebranded","Company changed its name or was absorbed under a different brand"
"rec","methodology","Recommendation","Prescriptive recommendation from the study authors for enterprise strategy or process"
"recommendation","obs_type","Buying Recommendation","Advice to IS buyers on when or why to consider a product"
"red_dress_problem","observation_type","Red_Dress_Problem","Study-specific code: red_dress_problem"
"redundancy-framework","observation_type","Redundancy Framework","Study-specific code: redundancy-framework"
"refuted","confidence","Refuted","Contradicted by subsequent events or independent sources"
"reg","methodology","Regulatory/Legal","Information derived from legislation, regulation, or legal requirements"
"regulator-statistic","methodology","Regulator Statistic","Study-specific code: regulator-statistic"
"regulatory-action","methodology","Regulatory Action","Study-specific code: regulatory-action"
"regulatory-commentary","methodology","Regulatory Commentary","Study-specific code: regulatory-commentary"
"regulatory-disclosure","methodology","Regulatory Disclosure","Study-specific code: regulatory-disclosure"
"regulatory-framework","observation_type","Regulatory Framework","Study-specific code: regulatory-framework"
"regulatory-record","methodology","Regulatory Record","Study-specific code: regulatory-record"
"rel-001","relevance","high","Study addresses technologies or dynamics that are directly applicable to current practice or research questions"
"rel-002","relevance","medium","Study addresses technologies or dynamics with partial current applicability; significant historical context required to interpret"
"rel-003","relevance","low","Study addresses technologies or dynamics that are largely obsolete or superseded; primarily archival interest"
"relational-database-management","domain","Relational Database Management","Market domain covering relational database management systems (RDBMS) and related data management technologies"
"relationship","observation_type","Relationship","Study-specific code: relationship"
"renamed","entity_status","Renamed","Organization continues under different name"
"research-agenda","methodology","Research Agenda","Study-specific code: research-agenda"
"research-author","entity_role","Research Author","The organization that authored the study"
"research-design","methodology","Research Design","Study-specific code: research-design"
"research-firm","entity_type","Research Firm","Industry analyst and research organization"
"research-firm-finding","methodology","Research Firm Finding","Study-specific code: research-firm-finding"
"research-method","observation_type","Research Method","Study-specific code: research-method"
"research-methodology","observation_type","Research Methodology","Study-specific code: research-methodology"
"research-process","observation_type","Research Process","Study-specific code: research-process"
"research-publication","observation_type","Research Publication","Study-specific code: research-publication"
"resource-commitment","observation_type","Resource Commitment","Study-specific code: resource-commitment"
"resource-demand","observation_type","Resource Demand","Assessment of computing resource consumption trends."
"response_time_spec","observation_type","Response_Time_Spec","Study-specific code: response_time_spec"
"retro","methodology","Retrospective Validation","Post-hoc assessment of prediction accuracy performed during archival ingest, comparing study predictions to known outcomes"
"retrospective-analysis","methodology","Retrospective Analysis","Study-specific code: retrospective-analysis"
"retrospective-grading","methodology","Retrospective Grading","Study-specific code: retrospective-grading"
"revenue","obs_type","Revenue Data","Company financial revenue figure"
"revenue-benchmark","methodology","Revenue Benchmarking","Measurement and comparison of entity revenues against market total and peers; core methodology of Aberdeen's annual RISC/Unix survey"
"revenue-dependency","observation_type","Revenue Dependency","Study-specific code: revenue-dependency"
"revenue-estimate","observation_type","Revenue Estimate","Study-specific code: revenue-estimate"
"revenue-source","observation_type","Revenue Source","Study-specific code: revenue-source"
"risk-assessment","obs_type","Risk Assessment","Analyst evaluation of risks or challenges facing a company or product"
"roadmap","obs_type","Product Roadmap","Description of announced or upcoming product features"
"roi-finding","observation_type","Roi Finding","Study-specific code: roi-finding"
"role-definition","observation_type","Role Definition","Study-specific code: role-definition"
"sag_interoperability","observation_type","Sag_Interoperability","Study-specific code: sag_interoperability"
"sales-challenge","observation_type","Sales Challenge","Study-specific code: sales-challenge"
"sales-channel","obs_type","Sales Channel","Description of how a product is sold or distributed"
"sales-methodology","observation_type","Sales Methodology","Study-specific code: sales-methodology"
"scalability-claim","observation_type","Scalability Claim","Study-specific code: scalability-claim"
"scalability-improvements","methodology"," Scalability Improvements","Study-specific code:  scalability improvements"
"scd","data-warehousing","Slowly Changing Dimensions","Technique for tracking historical changes to dimension data in warehouses."
"scope-finding","observation_type","Scope Finding","Study-specific code: scope-finding"
"sec","strategy","Simplified Enterprise Computing","HP/Microsoft joint enterprise NT initiative announced March 1997."
"sec-filing","methodology","Sec Filing","Study-specific code: sec-filing"
"second-gen-cade","domain","Second-Generation CADE","Client-server application development environment with integrated Commercial Messaging, repository/directory, and application partitioning (e.g., Forte, Seer*HPS)"
"secondary-citation","methodology","Secondary Citation","Study-specific code: secondary-citation"
"secondary-data","methodology","Secondary Data","Study-specific code: secondary-data"
"secondary-source","methodology","Secondary Source","Study-specific code: secondary-source"
"secondary-via-stratus","methodology","Secondary Via Stratus","Study-specific code: secondary-via-stratus"
"secondary-via-wainhouse","methodology","Secondary Via Wainhouse","Study-specific code: secondary-via-Wainhouse"
"security-are-nos-strengths","methodology"," Security Are Nos Strengths","Study-specific code:  security are NOS strengths"
"security-assessment","observation_type","Security Assessment","Assessment of security vulnerabilities or threat landscape for specific technologies"
"security-feature","observation_type","Security Feature","Study-specific code: security-feature"
"self-report","methodology","Self Report","Study-specific code: self-report"
"self-reported","methodology","Self Reported","Study-specific code: self-reported"
"sell-side-forecast","methodology","Sell Side Forecast","Study-specific code: sell-side-forecast"
"seminar-event","observation_type","Seminar Event","Study-specific code: seminar-event"
"seminar_sponsorship","observation_type","Seminar_Sponsorship","Study-specific code: seminar_sponsorship"
"sensitivity-analysis","methodology","Sensitivity Analysis","Study-specific code: sensitivity-analysis"
"server-os","tech_category","Server Operating System","Operating system designed for server hardware and network service workloads"
"service-deliverables","observation_type","Service Deliverables","Study-specific code: service-deliverables"
"service-description","observation_type","Service Description","Study-specific code: service-description"
"service-model","observation_type","Service Model","Study-specific code: service-model"
"service-offering","observation_type","Service Offering","Study-specific code: service-offering"
"service-portfolio","observation_type","Service Portfolio","Study-specific code: service-portfolio"
"service-reference","observation_type","Service Reference","Study-specific code: service-reference"
"service-value","observation_type","Service Value","Study-specific code: service-value"
"services-list","observation_type","Services List","Study-specific code: services-list"
"sgi-irix","platform","Silicon Graphics IRIX","Silicon Graphics IRIX Unix (forthcoming in v2.6)"
"shareholder-claim","methodology","Shareholder Claim","Study-specific code: shareholder-claim"
"shareholder-proposal","methodology","Shareholder Proposal","Study-specific code: shareholder-proposal"
"si-partner","entity_type","Systems Integrator / Partner","Professional services or systems integration firm"
"six_tech_combinations","observation_type","Six_Tech_Combinations","Study-specific code: six_tech_combinations"
"sla-profile","observation_type","Sla Profile","Study-specific code: sla-profile"
"smart-contact-components","observation_type","Smart ContAct Components","Components of HP Smart ContAct program"
"smp","technology-category","Symmetric Multiprocessing","Multi-processor architecture with shared memory."
"snr_first_appearance","observation_type","Snr_First_Appearance","Study-specific code: snr_first_appearance"
"software-vendor","entity_type","Software Vendor","Company producing software products (databases; operating systems; middleware)"
"solaris","platform","Solaris","Sun Microsystems Solaris Unix"
"speaking-engagement","observation_type","Speaking Engagement","Study-specific code: speaking-engagement"
"spec-and-memo","methodology","Spec And Memo","Study-specific code: spec-and-memo"
"spec-discussion","methodology","Spec Discussion","Study-specific code: spec-discussion"
"spec-quotation","methodology","Spec Quotation","Study-specific code: spec-quotation"
"spec_ambiguity_warning","observation_type","Spec_Ambiguity_Warning","Study-specific code: spec_ambiguity_warning"
"specification","observation_type","Specification","Industry specification or standard."
"split","entity_status","Split","Entity was split into two or more successor organizations."
"sr","methodology_code","Secondary Research","Analysis based on publicly available information and secondary sources"
"standard","obs_type","Standards Compliance","Description of compliance with industry or de facto standards"
"standard-adoption","observation_type","Standard Adoption","Status of technology standard adoption"
"standard-definition","methodology","Standard Definition","Study-specific code: standard-definition"
"standards-alignment","observation_type","Standards Alignment","Study-specific code: standards-alignment"
"standards-body","entity_type","Standards Body","Industry consortium or organization developing technical standards"
"standards-insight","observation_type","Standards Insight","Study-specific code: standards-insight"
"statistical-analysis","methodology","Statistical Analysis","Quantitative analysis of survey data including frequency distributions, cross-tabulations, and trend analysis"
"storage-architecture","observation_type","Storage Architecture","Study-specific code: storage-architecture"
"storage-buying-framework","observation_type","Storage Buying Framework","Study-specific code: storage-buying-framework"
"storage-capacity","observation_type","Storage Capacity","Study-specific code: storage-capacity"
"storage-growth-projection","observation_type","Storage Growth Projection","Study-specific code: storage-growth-projection"
"storage-staffing","observation_type","Storage Staffing","Study-specific code: storage-staffing"
"storage-utilization","observation_type","Storage Utilization","Study-specific code: storage-utilization"
"store-and-forward","domain","Store-and-Forward","Messaging paradigm where data is stored at intermediate nodes until recipient is available; key to robust distributed computing"
"strategic-analogy","observation_type","Strategic Analogy","Study-specific code: strategic-analogy"
"strategic-assessment","observation_type","Strategic Assessment","Qualitative evaluation of a strategic position, capability, or initiative."
"strategic-claim","observation_type","Strategic Claim","Study-specific code: strategic-claim"
"strategic-decision","observation_type","Strategic Decision","Study-specific code: strategic-decision"
"strategic-direction","observation_type","Strategic Direction","Study-specific code: strategic-direction"
"strategic-finding","observation_type","Strategic Finding","Study-specific code: strategic-finding"
"strategic-frame","observation_type","Strategic Frame","Study-specific code: strategic-frame"
"strategic-framework","observation_type","Strategic Framework","Study-specific code: strategic-framework"
"strategic-framing","observation_type","Strategic Framing","Study-specific code: strategic-framing"
"strategic-imperative","observation_type","Strategic Imperative","Study-specific code: strategic-imperative"
"strategic-insight","observation_type","Strategic Insight","Study-specific code: strategic-insight"
"strategic-objective","observation_type","Strategic Objective","Study-specific code: strategic-objective"
"strategic-positioning","observation_type","Strategic Positioning","Study-specific code: strategic-positioning"
"strategic-priority","observation_type","Strategic Priority","Study-specific code: strategic-priority"
"strategic-question","observation_type","Strategic Question","Study-specific code: strategic-question"
"strategic-recommendation","observation_type","Strategic Recommendation","Advisory recommendation for a specific strategic action."
"strategy-assessment","observation_type","Strategy Assessment","Assessment of strategic approach or direction"
"strategy-classification","observation_type","Strategy Classification","Categorization of organizational approach within the Aberdeen Competitive Framework tiers (Laggard, Industry Norm, Best in Class)"
"strategy-observation","observation_type","Strategy Observation","Study-specific code: strategy-observation"
"strategy-recommendation","observation_type","Strategy Recommendation","Study-specific code: strategy-recommendation"
"stratus_120_estimate","observation_type","Stratus_120_Estimate","Study-specific code: stratus_120_estimate"
"stratus_encina_node","observation_type","Stratus_Encina_Node","Study-specific code: stratus_encina_node"
"stratus_journaling_cap","observation_type","Stratus_Journaling_Cap","Study-specific code: stratus_journaling_cap"
"study-design","observation_type","Study Design","Study-specific code: study-design"
"study-summary","observation_type","Study Summary","Study-specific code: study-summary"
"style_1_definition","observation_type","Style_1_Definition","Study-specific code: style_1_definition"
"style_3_recommended","observation_type","Style_3_Recommended","Study-specific code: style_3_recommended"
"style_3_routing","observation_type","Style_3_Routing","Study-specific code: style_3_routing"
"subject","role_in_study","Subject","Entity discussed in the study without specific leadership designation"
"subject-leader","role_in_study","Subject Leader","Entity identified as a market leader in the study"
"subsidiary","entity_type","Subsidiary","Corporate subsidiary organization"
"success-rate","observation_type","Success Rate","Study-specific code: success-rate"
"sunos","platform","SunOS","Sun Microsystems SunOS Unix"
"superseded","tech_lifecycle","Superseded","Technology replaced by alternative approaches; original largely unused"
"supplier-alliance-taxonomy","observation_type","Supplier Alliance Taxonomy","Study-specific code: supplier-alliance-taxonomy"
"supplier-context","observation_type","Supplier Context","Study-specific code: supplier-context"
"supplier-market","observation_type","Supplier Market","Study-specific code: supplier-market"
"surv","methodology_code","Survey Research","Primary data collected via structured online survey instrument distributed to target population"
"survey","observation_type","Survey","Data from structured survey of enterprises or users"
"survey-98-users","methodology","Survey 98 Users","Study-specific code: survey-98-users"
"survey-based","methodology","Survey Based","Study-specific code: SURVEY-BASED"
"survey-benchmarking","methodology","Survey Benchmarking","Study-specific code: survey-benchmarking"
"survey-data","observation_type","Survey Data","Study-specific code: survey-data"
"survey-finding","observation_type","Survey Finding","Study-specific code: survey-finding"
"survey-instrument","observation_type","Survey Instrument","Study-specific code: survey-instrument"
"survey-research","methodology","Survey Research","Primary research methodology using structured questionnaires distributed to a defined population"
"survey-result","observation_type","Survey Result","Study-specific code: survey-result"
"survey-statistic","observation_type","Survey Statistic","Study-specific code: survey-statistic"
"survey/qualitative","methodology","Survey/Qualitative","Study-specific code: survey/qualitative"
"systems-integrator","entity_type","Systems Integrator","Professional services firm specializing in technology implementation"
"systems-management","methodology"," Systems Management","Study-specific code:  systems management"
"ta","methodology","Ta","Study-specific code: TA"
"tandem-integrity","platform","Tandem Integrity","Tandem Computers Integrity series (MIPS-based)"
"tandem-nsk","platform","Tandem NonStop Kernel","Tandem Computers NonStop Kernel fault-tolerant OS"
"tandem-white-paper","methodology","Tandem White Paper","Study-specific code: tandem-white-paper"
"tandem_clx_per_proc","observation_type","Tandem_Clx_Per_Proc","Study-specific code: tandem_clx_per_proc"
"tandem_response_time","observation_type","Tandem_Response_Time","Study-specific code: tandem_response_time"
"tandem_teller_undercount","observation_type","Tandem_Teller_Undercount","Study-specific code: tandem_teller_undercount"
"tandem_vlx_per_proc","observation_type","Tandem_Vlx_Per_Proc","Study-specific code: tandem_vlx_per_proc"
"taxonomy","observation_type","Taxonomy","Study-specific code: taxonomy"
"tco","framework","Total Cost of Ownership","Total cost metric for enterprise computing systems including acquisition, management, and support."
"team-composition","observation_type","Team Composition","Study-specific code: team-composition"
"tech-analysis","methodology","Tech Analysis","Study-specific code: TECH-ANALYSIS"
"tech-emergence-decline","methodology","Tech Emergence Decline","Study-specific code: tech-emergence-decline"
"technical-claim","observation_type","Technical Claim","Study-specific code: technical-claim"
"technical-spec","observation_type","Technical Spec","Study-specific code: technical-spec"
"technical-specification","methodology","Technical Specification","Study-specific code: technical-specification"
"technology-adoption","observation_type","Technology Adoption","Study-specific code: technology-adoption"
"technology-analysis","methodology","Technology Analysis","Study-specific code: technology-analysis"
"technology-assessment","observation_type","Technology Assessment","Empirical evaluation of a specific technology product or system based on hands-on testing, performance measurement, or documented behavior"
"technology-benchmark","observation_type","Technology Benchmark","Study-specific code: technology-benchmark"
"technology-comparison","observation_type","Technology Comparison","Study-specific code: technology-comparison"
"technology-context","observation_type","Technology Context","Background or contextual information about a technology"
"technology-definition","observation_type","Technology Definition","Formal or working definition of a technology concept"
"technology-landscape","observation_type","Technology Landscape","Characterization of the broader technology environment"
"technology-lifecycle","observation_type","Technology lifecycle","Observation documenting lifecycle state of a technology."
"technology-lifecycle-analysis","methodology","Technology lifecycle analysis","Classification of technology lifecycle state across eras."
"technology-mix","observation_type","Technology Mix","Study-specific code: technology-mix"
"technology-partner","entity_role","Technology Partner","A vendor whose technology the primary product integrates with"
"technology-partner-planned","entity_role","Planned Technology Partner","Integration planned but not yet available at time of study"
"telecom-middleware","subject_domain","Telecom Middleware","Domain covering software for integrating heterogeneous telecom network elements and services"
"telecommunications","entity_type","Telecommunications Carrier","Telecommunications service provider or equipment vendor"
"teradata_ownership_context","observation_type","Teradata_Ownership_Context","Study-specific code: teradata_ownership_context"
"terminology-awareness","observation_type","Terminology Awareness","Study-specific code: terminology-awareness"
"terminology-recommendation","observation_type","Terminology Recommendation","Study-specific code: terminology-recommendation"
"tertiary-source","methodology","Tertiary Source","Study-specific code: tertiary-source"
"thematic-thread-decomposition","observation_type","Thematic Thread Decomposition","Thread-level claim, population count, or named exemplar in a longitudinal study"
"theme-classification","methodology","Theme Classification","Study-specific code: theme-classification"
"third-party-endorsement","methodology","Third Party Endorsement","Study-specific code: third-party-endorsement"
"third-party-forecast","methodology","Third Party Forecast","Study-specific code: third-party-forecast"
"third-party-press","methodology","Third Party Press","Study-specific code: third-party-press"
"third-party-quote","methodology","Third Party Quote","Study-specific code: third-party-quote"
"third-party-report","methodology","Third-Party Report","Finding sourced from an independent third-party report or white paper."
"third-party-research","methodology","Third Party Research","Study-specific code: third-party-research"
"third-party-survey","methodology","Third Party Survey","Study-specific code: third-party-survey"
"thread-density","observation_type","Thread density","Observation documenting frequency of evidence in a thematic thread."
"thread-quotation","methodology","Thread Quotation","Study-specific code: thread-quotation"
"three-is-framework","observation_type","Three-Is Framework","Aberdeen's Interface/Integration/Innovation evaluation framework for ERP vertical capabilities"
"tier-recommendation","observation_type","Tier Recommendation","Study-specific code: tier-recommendation"
"timeline","observation_type","Timeline","Study-specific code: timeline"
"timeline-milestone","observation_type","Timeline Milestone","Study-specific code: timeline-milestone"
"topic-insight","observation_type","Topic Insight","An analytical claim or framework point within a technology topic deep-dive"
"tp-monitor-support","obs_type","TP Monitor Support","Description of supported transaction processing monitors"
"tpc-benchmark-analysis","methodology","Tpc Benchmark Analysis","Study-specific code: tpc-benchmark-analysis"
"tpc_anticipation","observation_type","Tpc_Anticipation","Study-specific code: tpc_anticipation"
"tps_definition_format","observation_type","Tps_Definition_Format","Study-specific code: tps_definition_format"
"trade-press","methodology","Trade Press","Study-specific code: trade-press"
"trade-press-estimate","methodology","Trade Press Estimate","Study-specific code: trade-press-estimate"
"trade-show","observation_type","Trade Show","Study-specific code: trade-show"
"training-content","observation_type","Training Content","Study-specific code: training-content"
"training-format","observation_type","Training Format","Study-specific code: training-format"
"training-objective","observation_type","Training Objective","Study-specific code: training-objective"
"trend-analysis","observation_type","Trend Analysis","Study-specific code: trend-analysis"
"trend-forecast","methodology","Trend Forecast","Study-specific code: trend-forecast"
"tvp","methodology_code","Tvp","Technology Viewpoint report type"
"two_member_cluster_cross_node","observation_type","Two_Member_Cluster_Cross_Node","Study-specific code: two_member_cluster_cross_node"
"ubiquitous","current_status","Ubiquitous","Technology has become universal/standard"
"ultrix","platform","ULTRIX","Digital's older Unix variant for VAX hardware"
"unknown","entity_status","Unknown","Current status of entity is not determined."
"unknown-code","methodology","[Deferred]","Study-specific code: [UNVERIFIED]"
"use-case","observation_type","Use Case","Description of a real or hypothetical application scenario"
"use-case-classification","observation_type","Use Case Classification","Study-specific code: use-case-classification"
"user-interview","methodology","User Interview","Study-specific code: user-interview"
"user-interviews","methodology","User Interviews","Interviews with IS buyers and users conducted by Aberdeen analysts"
"user-research","methodology","User Research","Research based on interviews with product users or customers"
"validation-claim","observation_type","Validation Claim","Study-specific code: validation-claim"
"value-proposition","observation_type","Value Proposition","Study-specific code: value-proposition"
"vaxcluster_lock_constraint","observation_type","Vaxcluster_Lock_Constraint","Study-specific code: vaxcluster_lock_constraint"
"vendor","methodology","Vendor-Provided","Data provided by the vendor (Dell) including pricing, service specifications, and program details"
"vendor-action","observation_type","Vendor Action","Study-specific code: vendor-action"
"vendor-analysis","methodology_code","Vendor Analysis","Structured analysis of vendor product strategy"
"vendor-announcement","methodology","Vendor Announcement","Study-specific code: vendor-announcement"
"vendor-assessment","methodology","Vendor Assessment","Study-specific code: vendor-assessment"
"vendor-briefing","observation_type","Vendor Briefing","Data derived from vendor-provided briefings and documentation"
"vendor-claim","methodology_code","Vendor Claim","Claim made by IBM or Lotus in product documentation or briefings"
"vendor-claimed","methodology_code","Vendor Claimed","Methodology: Data claimed by vendor without independent verification"
"vendor-collateral","methodology","Vendor Collateral","Study-specific code: vendor-collateral"
"vendor-commentary","methodology","Vendor Commentary","Study-specific code: vendor-commentary"
"vendor-confirmed","methodology","Vendor Confirmed","Information confirmed directly by the vendor's own team."
"vendor-data","observation_type","Vendor Data","Data sourced directly from vendor disclosures or press releases"
"vendor-disclosure","methodology","Vendor Disclosure","Study-specific code: vendor-disclosure"
"vendor-engagement","observation_type","Vendor Engagement","Study-specific code: vendor-engagement"
"vendor-framing","methodology","Vendor Framing","Study-specific code: vendor-framing"
"vendor-marketing","methodology","Vendor Marketing","Study-specific code: vendor-marketing"
"vendor-positioning","methodology","Vendor Positioning","Study-specific code: vendor-positioning"
"vendor-prescription","methodology","Vendor Prescription","Study-specific code: vendor-prescription"
"vendor-profile","observation_type","Vendor Profile","Study-specific code: vendor-profile"
"vendor-profiling","methodology","Vendor Profiling","Study-specific code: vendor-profiling"
"vendor-provided","methodology_code","Vendor Provided","Methodology: Data provided by the profiled vendor"
"vendor-published-analyst-content","methodology","Vendor Published Analyst Content","Study-specific code: vendor-published-analyst-content"
"vendor-quote","methodology","Vendor Quote","Study-specific code: vendor-quote"
"vendor-relationship","observation_type","Vendor Relationship","Study-specific code: vendor-relationship"
"vendor-reported","methodology","Vendor Reported","Study-specific code: vendor-reported"
"vendor-roadmap","methodology","Vendor Roadmap","Study-specific code: vendor-roadmap"
"vendor-spec","methodology","Vendor Spec","Study-specific code: vendor-spec"
"vendor-specification","methodology","Vendor Specification","Study-specific code: vendor-specification"
"vendor-sponsored-conclusion","methodology","Vendor Sponsored Conclusion","Study-specific code: vendor-sponsored-conclusion"
"vendor-statement","obs_type","Vendor Statement","Direct quote or paraphrase of a vendor's stated strategy or goal"
"vendor-stmt","methodology","Vendor Stmt","Study-specific code: vendor-stmt"
"vendor-strategy","observation_type","Vendor Strategy","Study-specific code: vendor-strategy"
"vendor-submission","methodology","Vendor Submission","Study-specific code: vendor-submission"
"vendor-survey","methodology","Vendor Survey","Study-specific code: vendor-survey"
"vendor-weakness","observation_type","Vendor Weakness","Study-specific code: vendor-weakness"
"vendor-whitepaper","methodology","Vendor Whitepaper","Study-specific code: vendor-whitepaper"
"verified","confidence","Verified","Confirmed by subsequent events or independent sources; applied to actual-outcome observations"
"viability-prediction","observation_type","Viability Prediction","Observation is a forward-looking prediction about future market conditions, technology adoption, or business outcomes made at time of study"
"vpe","technology-category","Visual Programming Environment","Point-and-click/drag-drop application development environment; predecessor to modern visual IDEs."
"vups_consumption","observation_type","Vups_Consumption","Study-specific code: vups_consumption"
"web-research","observation_type","Web Research","Outcome determined through post-hoc web research and secondary sources"
"web-verification","methodology","Web Verification","Study-specific code: web-verification"
"web-verify","methodology","Web Verify","Study-specific code: WEB-VERIFY"
"webcasting","observation_type","Webcasting","Study-specific code: webcasting"
"weiss_desperation_quote","observation_type","Weiss_Desperation_Quote","Study-specific code: weiss_desperation_quote"
"white-paper","study-type","White Paper","Aberdeen strategic analysis/opinion paper; longer-form than product profile."
"white-paper-quotation","methodology","White Paper Quotation","Study-specific code: white-paper-quotation"
"wiki-driven-replication","methodology","Wiki Driven Replication","Study-specific code: wiki-driven-replication"
"willingness-to-adopt","observation_type","Willingness To Adopt","Study-specific code: willingness-to-adopt"
"windows-31","platform","Windows 3.1","Microsoft Windows 3.1 on Intel"
"windows-95","platform","Windows 95","Microsoft Windows 95 (forthcoming in v2.6)"
"windows-nt-alpha","platform","Windows NT Alpha","Microsoft Windows NT on Alpha architecture"
"windows-nt-intel","platform","Windows NT Intel","Microsoft Windows NT on Intel architecture"
"workload-inventory","observation_type","Workload Inventory","Enumeration of software or services running on a system."
"workload-measurement","observation_type","Workload Measurement","Measured resource consumption or utilization."
"workshop-deliverable","observation_type","Workshop Deliverable","Study-specific code: workshop-deliverable"
"workshop-description","observation_type","Workshop Description","Study-specific code: workshop-description"
"workshop-type","observation_type","Workshop Type","Study-specific code: workshop-type"
"wp","methodology_code","Wp","Aberdeen Executive White Paper report type"
"writing-standard","observation_type","Writing Standard","Study-specific code: writing-standard"
"wsj-feature","methodology","Wsj Feature","Study-specific code: WSJ-feature"
"wsj-quotation","methodology","Wsj Quotation","Study-specific code: WSJ-quotation"
"wv","methodology","Wv","Study-specific code: WV"
"secondary","methodology","Secondary","(placeholder restored by fix_v2_residuals_v1; please populate definition for code: secondary)"
"expert","methodology","Expert","(placeholder restored by fix_v2_residuals_v1; please populate definition for code: expert)"
"vendor-financials","methodology","Vendor Financials","(placeholder restored by fix_v2_residuals_v1; please populate definition for code: vendor-financials)"
"analyst-framework","methodology","Analyst Framework","(placeholder restored by fix_v2_residuals_v1; please populate definition for code: analyst-framework)"
"is-exec-survey","methodology","Is Exec Survey","(placeholder restored by fix_v2_residuals_v1; please populate definition for code: is-exec-survey)"
"customer-reference","methodology","Customer Reference","(placeholder restored by fix_v2_residuals_v1; please populate definition for code: customer-reference)"
